#TIME             VMEM_MAX          VMEM              RMEM_MAX          RMEM              SHMEM             MEM_FREE          TMEM_MAX         
1717837435        0.439911          0.439911          0.012047          0.012047          0.000000          144.617000        0.012047         
1717837446        3.408600          3.408600          0.147301          0.147301          0.000000          144.408000        0.147301         
1717837456        6.358000          6.358000          0.479164          0.479164          0.000000          143.984000        0.479164         
1717837466        9.571170          9.571170          1.385390          1.385390          0.000000          143.102000        1.385390         
1717837476        11.339800         11.339800         2.213720          2.213720          0.000000          141.537000        2.213720         
1717837487        11.339800         10.543200         2.213720          1.924720          0.000000          141.671000        2.213720         
1717837497        21.362600         21.362600         9.553050          9.553050          0.000100          132.978000        9.553150         
1717837507        26.860900         26.860900         12.348300         12.348300         0.000100          129.480000        12.348400        
1717837517        26.860900         26.842500         12.628400         12.628400         0.000100          128.956000        12.628500        
1717837528        28.717300         28.717300         13.382500         13.382500         0.000100          128.235000        13.382600        
1717837538        28.717300         27.627100         13.382500         12.568400         0.000100          128.972000        13.382600        
1717837548        33.391100         33.391100         17.947000         17.947000         0.000100          123.587000        17.947100        
1717837559        34.161500         34.161500         18.903000         18.903000         0.000100          122.659000        18.903100        
1717837569        34.161500         33.582500         18.903000         18.814400         0.000100          122.718000        18.903100        
1717837579        34.163100         34.163100         18.904500         18.904500         0.000100          122.651000        18.904600        
1717837590        34.992700         34.992700         19.734500         19.734500         0.000100          121.789000        19.734600        
1717837600        34.992700         34.992700         19.734500         19.733700         0.000100          121.733000        19.734600        
1717837610        34.992700         33.593700         19.734500         18.356200         0.000100          122.352000        19.734600        
1717837623        46.036900         46.036900         30.801000         30.801000         0.000100          110.128000        30.801100        
1717837633        46.036900         45.547000         30.801000         30.719100         0.000100          109.331000        30.801100        
1717837643        46.036900         25.090500         30.801000         10.166500         0.000100          131.227000        30.801100        
1717837653        46.036900         27.062500         30.801000         10.666000         0.000100          130.821000        30.801100        
1717837664        46.036900         26.800000         30.801000         11.082300         0.000100          130.150000        30.801100        
1717837674        46.036900         26.929800         30.801000         11.392800         0.000100          129.727000        30.801100        
1717837684        46.036900         28.513300         30.801000         11.980700         0.000100          129.193000        30.801100        
1717837695        46.036900         27.823400         30.801000         11.735300         0.000100          129.322000        30.801100        
1717837707        46.036900         27.273100         30.801000         11.823700         0.000100          129.302000        30.801100        
1717837718        46.036900         27.370200         30.801000         11.542900         0.000100          129.618000        30.801100        
1717837728        46.036900         27.355300         30.801000         11.530800         0.000100          129.581000        30.801100        
1717837738        46.036900         26.943000         30.801000         11.492800         0.000100          129.621000        30.801100        
1717837749        46.036900         27.531200         30.801000         11.632300         0.000100          129.542000        30.801100        
1717837759        46.036900         27.242700         30.801000         11.391200         0.000100          129.453000        30.801100        
1717837769        46.036900         26.854700         30.801000         11.491900         0.000100          129.286000        30.801100        
1717837780        46.036900         26.929600         30.801000         11.480000         0.000100          129.445000        30.801100        
1717837790        46.036900         27.807100         30.801000         11.818500         0.000100          129.130000        30.801100        
1717837800        46.036900         27.868500         30.801000         11.880700         0.000100          129.069000        30.801100        
1717837811        46.036900         26.942500         30.801000         11.498500         0.000100          129.406000        30.801100        
1717837821        46.036900         27.825600         30.801000         12.015100         0.000200          128.935000        30.801100        
1717837831        46.036900         27.327600         30.801000         11.627000         0.000200          129.294000        30.801100        
1717837842        46.036900         27.327600         30.801000         11.629000         0.000200          129.292000        30.801100        
1717837852        46.036900         27.995600         30.801000         12.228700         0.000200          128.714000        30.801100        
1717837862        46.036900         27.558700         30.801000         11.760400         0.000100          129.068000        30.801100        
1717837873        46.036900         29.484500         30.801000         12.035200         0.000100          128.505000        30.801100        
1717837883        46.036900         28.017000         30.801000         11.787200         0.000100          128.307000        30.801100        
1717837893        46.036900         27.923800         30.801000         11.687100         0.000100          128.672000        30.801100        
1717837903        46.036900         27.933000         30.801000         12.018200         0.000100          128.288000        30.801100        
1717837914        46.036900         28.375300         30.801000         12.034200         0.000100          128.229000        30.801100        
1717837924        46.036900         27.509600         30.801000         11.689700         0.000100          128.503000        30.801100        
1717837934        46.036900         27.506800         30.801000         11.672000         0.000100          128.530000        30.801100        
1717837945        46.036900         28.004000         30.801000         12.062700         0.000100          128.165000        30.801100        
1717837955        46.036900         27.526800         30.801000         11.695000         0.000100          128.506000        30.801100        
1717837965        46.036900         27.557400         30.801000         11.708500         0.000100          128.440000        30.801100        
1717837976        46.036900         28.231700         30.801000         11.631000         0.000100          128.511000        30.801100        
1717837986        46.036900         29.054300         30.801000         11.957400         0.000100          128.193000        30.801100        
1717837996        46.036900         28.803500         30.801000         12.000700         0.000100          128.100000        30.801100        
1717838006        46.036900         28.602500         30.801000         11.840100         0.000100          128.194000        30.801100        
1717838017        46.036900         28.602900         30.801000         11.840300         0.000100          128.194000        30.801100        
1717838027        46.036900         28.666400         30.801000         11.903700         0.000100          128.131000        30.801100        
1717838037        46.036900         28.666400         30.801000         11.903700         0.000100          128.132000        30.801100        
1717838048        46.036900         28.744500         30.801000         11.982200         0.000100          128.054000        30.801100        
1717838058        46.036900         28.739600         30.801000         11.976900         0.000100          128.058000        30.801100        
1717838068        46.036900         28.680200         30.801000         11.917800         0.000100          128.119000        30.801100        
1717838079        46.036900         28.743500         30.801000         11.981900         0.000100          128.055000        30.801100        
1717838089        46.036900         29.732800         30.801000         12.221600         0.000100          127.811000        30.801100        
1717838099        46.036900         30.853200         30.801000         12.422900         0.000100          127.600000        30.801100        
1717838109        46.036900         32.445400         30.801000         13.095700         0.000100          126.860000        30.801100        
1717838120        46.036900         32.891100         30.801000         13.331400         0.000100          126.623000        30.801100        
1717838130        46.036900         33.025600         30.801000         13.682900         0.000100          126.272000        30.801100        
1717838140        46.036900         32.067200         30.801000         12.736600         0.000100          127.216000        30.801100        
1717838151        46.036900         32.207800         30.801000         12.877500         0.000100          127.076000        30.801100        
1717838161        46.036900         32.270300         30.801000         12.940200         0.000100          127.012000        30.801100        
1717838171        46.036900         32.145300         30.801000         12.814900         0.000100          127.139000        30.801100        
1717838182        46.036900         32.270300         30.801000         12.940000         0.000100          127.009000        30.801100        
1717838192        46.036900         32.207800         30.801000         12.877500         0.000100          127.076000        30.801100        
1717838202        46.036900         31.178600         30.801000         12.623200         0.000100          127.321000        30.801100        
1717838213        46.036900         32.363900         30.801000         13.428300         0.000100          126.478000        30.801100        
1717838223        46.036900         33.185500         30.801000         13.954500         0.000100          125.881000        30.801100        
1717838233        46.036900         34.400800         30.801000         14.877200         0.000100          124.911000        30.801100        
1717838244        46.036900         35.158400         30.801000         14.549700         0.000100          125.242000        30.801100        
1717838254        46.036900         34.716000         30.801000         14.213200         0.000100          131.135000        30.801100        
1717838264        46.036900         33.992400         30.801000         13.575600         0.000100          134.283000        30.801100        
1717838274        46.036900         34.023600         30.801000         13.577700         0.000100          134.491000        30.801100        
1717838285        46.036900         34.000400         30.801000         13.650200         0.000100          134.419000        30.801100        
1717838295        46.036900         33.937900         30.801000         13.593800         0.000100          135.223000        30.801100        
1717838305        46.036900         34.801700         30.801000         13.991600         0.000100          139.947000        30.801100        
1717838316        46.036900         34.841000         30.801000         14.057300         0.000100          145.057000        30.801100        
1717838326        46.036900         34.721600         30.801000         14.076700         0.000100          145.041000        30.801100        
1717838336        46.036900         34.467000         30.801000         14.081700         0.000100          145.056000        30.801100        
1717838346        46.036900         35.411300         30.801000         14.225300         0.000100          144.919000        30.801100        
1717838357        46.036900         35.897900         30.801000         14.498000         0.000100          144.650000        30.801100        
1717838367        46.036900         36.019300         30.801000         14.803100         0.000100          144.344000        30.801100        
1717838377        46.036900         36.079500         30.801000         15.025800         0.000100          144.122000        30.801100        
1717838388        46.036900         36.043300         30.801000         15.141700         0.000100          144.004000        30.801100        
1717838398        46.036900         35.893100         30.801000         14.574400         0.000100          144.569000        30.801100        
1717838408        46.036900         37.438600         30.801000         15.618700         0.000100          143.827000        30.801100        
1717838419        46.036900         38.351300         30.801000         16.116700         0.000100          144.493000        30.801100        
1717838429        46.036900         38.582100         30.801000         16.383700         0.000100          144.226000        30.801100        
1717838439        46.036900         38.582100         30.801000         16.383700         0.000100          144.695000        30.801100        
1717838453        46.036900         38.582100         30.801000         16.384200         0.000100          145.001000        30.801100        
1717838464        46.036900         38.582100         30.801000         16.384400         0.000100          144.998000        30.801100        
1717838475        46.036900         38.582100         30.801000         16.384500         0.000100          144.997000        30.801100        
1717838485        46.036900         38.582100         30.801000         16.384500         0.000100          144.998000        30.801100        
1717838495        46.036900         38.582100         30.801000         16.384600         0.000100          144.997000        30.801100        
1717838505        46.036900         38.582100         30.801000         16.384600         0.000100          144.999000        30.801100        
1717838516        46.036900         38.582100         30.801000         16.384600         0.000100          144.997000        30.801100        
1717838526        46.036900         38.582100         30.801000         16.384600         0.000100          144.996000        30.801100        
1717838536        46.036900         38.582100         30.801000         16.384600         0.000100          144.995000        30.801100        
1717838547        46.036900         38.582100         30.801000         16.386700         0.000100          144.993000        30.801100        
1717838557        46.036900         38.582100         30.801000         16.386800         0.000100          144.996000        30.801100        
1717838567        46.036900         38.582100         30.801000         16.387100         0.000100          144.995000        30.801100        
1717838577        46.036900         38.582100         30.801000         16.387300         0.000100          144.995000        30.801100        
1717838588        46.036900         38.582100         30.801000         16.387500         0.000100          145.000000        30.801100        
1717838599        46.036900         38.582100         30.801000         16.387500         0.000100          145.000000        30.801100        
1717838609        46.036900         38.582100         30.801000         16.387600         0.000100          144.994000        30.801100        
1717838619        46.036900         38.582100         30.801000         16.387600         0.000100          144.995000        30.801100        
1717838630        46.036900         38.582100         30.801000         16.387600         0.000100          144.999000        30.801100        
1717838640        46.036900         38.582100         30.801000         16.387600         0.000100          144.999000        30.801100        
1717838653        46.036900         38.582100         30.801000         16.387600         0.000100          144.999000        30.801100        
1717838664        46.036900         38.582100         30.801000         16.387600         0.000100          144.995000        30.801100        
1717838675        46.036900         38.582100         30.801000         16.387600         0.000100          144.993000        30.801100        
1717838685        46.036900         38.582100         30.801000         16.387600         0.000100          144.995000        30.801100        
1717838695        46.036900         38.582100         30.801000         16.387600         0.000100          144.995000        30.801100        
1717838705        46.036900         38.582100         30.801000         16.387800         0.000100          144.995000        30.801100        
1717838716        46.036900         38.582100         30.801000         16.388000         0.000100          144.994000        30.801100        
1717838726        46.036900         38.582100         30.801000         16.388200         0.000100          144.993000        30.801100        
1717838736        46.036900         38.582100         30.801000         16.388400         0.000100          144.996000        30.801100        
1717838747        46.036900         38.582100         30.801000         16.388400         0.000100          144.994000        30.801100        
1717838757        46.036900         38.582100         30.801000         16.388400         0.000100          144.995000        30.801100        
1717838767        46.036900         38.582100         30.801000         16.388400         0.000100          144.994000        30.801100        
1717838777        46.036900         38.558600         30.801000         16.361100         0.000100          145.022000        30.801100        
1717838788        46.036900         38.606000         30.801000         16.393000         0.000100          144.988000        30.801100        
1717838798        46.036900         38.606000         30.801000         16.393300         0.000100          144.995000        30.801100        
1717838808        46.036900         38.606000         30.801000         16.393500         0.000100          145.006000        30.801100        
1717838819        46.036900         38.606000         30.801000         16.393600         0.000100          145.004000        30.801100        
1717838829        46.036900         38.613900         30.801000         16.401500         0.000100          145.000000        30.801100        
1717838839        46.036900         38.630100         30.801000         16.388100         0.000100          145.013000        30.801100        
1717838849        46.036900         38.664300         30.801000         16.400900         0.000100          145.001000        30.801100        
1717838860        46.036900         38.680000         30.801000         16.428600         0.000100          144.972000        30.801100        
1717838870        46.036900         38.680500         30.801000         16.429400         0.000100          145.118000        30.801100        
1717838880        46.036900         38.680500         30.801000         16.429700         0.000100          145.123000        30.801100        
1717838891        46.036900         38.700400         30.801000         16.449200         0.000100          145.098000        30.801100        
1717838901        46.036900         38.724500         30.801000         16.473300         0.000100          145.076000        30.801100        
1717838911        46.036900         38.728700         30.801000         16.477700         0.000100          145.073000        30.801100        
1717838921        46.036900         38.736000         30.801000         16.484900         0.000100          145.064000        30.801100        
1717838932        46.036900         38.736000         30.801000         16.485000         0.000100          145.064000        30.801100        
1717838942        46.036900         38.759500         30.801000         16.489600         0.000100          145.063000        30.801100        
1717838952        46.036900         38.759500         30.801000         16.489600         0.000100          145.061000        30.801100        
1717838962        46.036900         38.759500         30.801000         16.489600         0.000100          145.063000        30.801100        
1717838973        46.036900         38.759500         30.801000         16.489600         0.000100          145.064000        30.801100        
1717838983        46.036900         38.771500         30.801000         16.502700         0.000100          145.051000        30.801100        
1717838993        46.036900         38.794500         30.801000         16.525600         0.000100          145.027000        30.801100        
1717839004        46.036900         38.825800         30.801000         16.556900         0.000100          144.998000        30.801100        
1717839014        46.036900         38.794500         30.801000         16.526400         0.000100          145.030000        30.801100        
1717839024        46.036900         38.794500         30.801000         16.526600         0.000100          145.028000        30.801100        
1717839035        46.036900         38.794500         30.801000         16.526600         0.000100          145.028000        30.801100        
1717839045        46.036900         38.802400         30.801000         16.534900         0.000100          145.022000        30.801100        
1717839055        46.036900         38.802400         30.801000         16.535000         0.000100          145.020000        30.801100        
1717839065        46.036900         38.810200         30.801000         16.542800         0.000100          145.011000        30.801100        
1717839076        46.036900         38.810200         30.801000         16.542800         0.000100          145.011000        30.801100        
1717839086        46.036900         38.810200         30.801000         16.543000         0.000100          145.008000        30.801100        
1717839096        46.036900         38.810200         30.801000         16.543100         0.000100          145.010000        30.801100        
1717839107        46.036900         38.810200         30.801000         16.543400         0.000100          145.011000        30.801100        
1717839117        46.036900         38.810200         30.801000         16.543600         0.000100          145.011000        30.801100        
1717839127        46.036900         38.810200         30.801000         16.543600         0.000100          145.009000        30.801100        
1717839137        46.036900         38.810200         30.801000         16.543600         0.000100          145.009000        30.801100        
1717839148        46.036900         38.810200         30.801000         16.543600         0.000100          145.011000        30.801100        
1717839158        46.036900         38.818100         30.801000         16.551500         0.000100          145.006000        30.801100        
1717839168        46.036900         38.818100         30.801000         16.551500         0.000100          145.018000        30.801100        
1717839179        46.036900         38.818100         30.801000         16.551500         0.000100          145.015000        30.801100        
1717839189        46.036900         38.818100         30.801000         16.551500         0.000100          145.016000        30.801100        
1717839199        46.036900         38.818100         30.801000         16.551500         0.000100          145.018000        30.801100        
1717839209        46.036900         38.818100         30.801000         16.551800         0.000100          145.018000        30.801100        
1717839220        46.036900         38.818100         30.801000         16.552000         0.000100          145.019000        30.801100        
1717839230        46.036900         38.818100         30.801000         16.552000         0.000100          145.017000        30.801100        
1717839240        46.036900         38.818100         30.801000         16.552000         0.000100          145.024000        30.801100        
1717839251        46.036900         38.818100         30.801000         16.552300         0.000100          145.024000        30.801100        
1717839261        46.036900         38.818100         30.801000         16.552500         0.000100          145.028000        30.801100        
1717839271        46.036900         38.818100         30.801000         16.552500         0.000100          145.032000        30.801100        
1717839281        46.036900         38.818100         30.801000         16.552500         0.000100          145.031000        30.801100        
1717839292        46.036900         38.818100         30.801000         16.552500         0.000100          145.030000        30.801100        
1717839302        46.036900         38.818100         30.801000         16.552500         0.000100          145.030000        30.801100        
1717839312        46.036900         38.818100         30.801000         16.552500         0.000100          145.030000        30.801100        
1717839322        46.036900         38.818100         30.801000         16.552500         0.000100          145.032000        30.801100        
1717839333        46.036900         38.818100         30.801000         16.552500         0.000100          145.031000        30.801100        
1717839343        46.036900         38.818100         30.801000         16.552500         0.000100          145.033000        30.801100        
1717839353        46.036900         38.818100         30.801000         16.552500         0.000100          145.031000        30.801100        
1717839364        46.036900         38.818100         30.801000         16.552500         0.000100          145.032000        30.801100        
1717839374        46.036900         38.818100         30.801000         16.552500         0.000100          145.030000        30.801100        
1717839384        46.036900         38.818100         30.801000         16.552500         0.000100          145.030000        30.801100        
1717839394        46.036900         38.818100         30.801000         16.552700         0.000100          145.032000        30.801100        
1717839405        46.036900         38.818100         30.801000         16.553000         0.000100          145.029000        30.801100        
1717839415        46.036900         38.818100         30.801000         16.553200         0.000100          145.031000        30.801100        
1717839425        46.036900         38.818100         30.801000         16.553400         0.000100          145.030000        30.801100        
1717839436        46.036900         38.818100         30.801000         16.553500         0.000100          145.032000        30.801100        
1717839446        46.036900         38.818100         30.801000         16.553500         0.000100          145.032000        30.801100        
1717839456        46.036900         38.818100         30.801000         16.553500         0.000100          145.032000        30.801100        
1717839467        46.036900         38.818100         30.801000         16.553500         0.000100          145.033000        30.801100        
1717839477        46.036900         38.818100         30.801000         16.553500         0.000100          145.031000        30.801100        
1717839487        46.036900         38.818100         30.801000         16.553700         0.000100          145.032000        30.801100        
1717839497        46.036900         38.818100         30.801000         16.554000         0.000100          145.033000        30.801100        
1717839508        46.036900         38.818100         30.801000         16.554200         0.000100          145.030000        30.801100        
1717839518        46.036900         38.818100         30.801000         16.554300         0.000100          145.031000        30.801100        
1717839528        46.036900         38.818100         30.801000         16.554300         0.000100          145.031000        30.801100        
1717839539        46.036900         38.818100         30.801000         16.554300         0.000100          145.031000        30.801100        
1717839549        46.036900         38.818100         30.801000         16.554300         0.000100          145.028000        30.801100        
1717839559        46.036900         38.818100         30.801000         16.554300         0.000100          145.028000        30.801100        
1717839569        46.036900         38.818100         30.801000         16.554500         0.000100          145.028000        30.801100        
1717839580        46.036900         38.818100         30.801000         16.554800         0.000100          145.029000        30.801100        
1717839590        46.036900         38.818100         30.801000         16.554900         0.000100          145.029000        30.801100        
1717839600        46.036900         38.818100         30.801000         16.554900         0.000100          145.029000        30.801100        
1717839610        46.036900         38.818100         30.801000         16.555100         0.000100          145.033000        30.801100        
1717839621        46.036900         38.818100         30.801000         16.555100         0.000100          145.031000        30.801100        
1717839631        46.036900         38.818100         30.801000         16.555100         0.000100          145.031000        30.801100        
1717839641        46.036900         38.818100         30.801000         16.555100         0.000100          145.030000        30.801100        
1717839652        46.036900         38.818100         30.801000         16.555300         0.000100          145.028000        30.801100        
1717839662        46.036900         38.818100         30.801000         16.555500         0.000100          145.028000        30.801100        
1717839672        46.036900         38.818100         30.801000         16.555700         0.000100          145.028000        30.801100        
1717839682        46.036900         38.818100         30.801000         16.555700         0.000100          145.028000        30.801100        
1717839693        46.036900         38.818100         30.801000         16.555800         0.000100          145.025000        30.801100        
1717839703        46.036900         38.818100         30.801000         16.556000         0.000100          145.028000        30.801100        
1717839713        46.036900         38.818100         30.801000         16.556100         0.000100          145.027000        30.801100        
1717839724        46.036900         38.818100         30.801000         16.556100         0.000100          145.026000        30.801100        
1717839734        46.036900         38.818100         30.801000         16.556100         0.000100          145.030000        30.801100        
1717839744        46.036900         38.818100         30.801000         16.556100         0.000100          145.030000        30.801100        
1717839754        46.036900         38.818100         30.801000         16.556300         0.000100          145.028000        30.801100        
1717839765        46.036900         38.818100         30.801000         16.556500         0.000100          145.028000        30.801100        
1717839775        46.036900         38.818100         30.801000         16.556700         0.000100          145.031000        30.801100        
1717839785        46.036900         38.818100         30.801000         16.556700         0.000100          145.027000        30.801100        
1717839796        46.036900         38.818100         30.801000         16.556700         0.000100          145.026000        30.801100        
1717839806        46.036900         38.818100         30.801000         16.556800         0.000100          145.030000        30.801100        
1717839816        46.036900         38.818100         30.801000         16.556800         0.000100          145.029000        30.801100        
1717839826        46.036900         38.818100         30.801000         16.556800         0.000100          145.028000        30.801100        
1717839837        46.036900         38.818100         30.801000         16.556800         0.000100          145.028000        30.801100        
1717839847        46.036900         38.818100         30.801000         16.556800         0.000100          145.029000        30.801100        
1717839857        46.036900         38.818100         30.801000         16.557000         0.000100          145.030000        30.801100        
1717839868        46.036900         38.818100         30.801000         16.557200         0.000100          145.029000        30.801100        
1717839878        46.036900         38.818100         30.801000         16.557400         0.000100          145.029000        30.801100        
1717839888        46.036900         38.818100         30.801000         16.557400         0.000100          145.029000        30.801100        
1717839899        46.036900         38.818100         30.801000         16.557400         0.000100          145.030000        30.801100        
1717839909        46.036900         38.818100         30.801000         16.557400         0.000100          145.030000        30.801100        
1717839919        46.036900         38.818100         30.801000         16.557400         0.000100          145.029000        30.801100        
1717839929        46.036900         38.818100         30.801000         16.557400         0.000100          145.028000        30.801100        
1717839940        46.036900         38.818100         30.801000         16.557500         0.000100          145.025000        30.801100        
1717839950        46.036900         38.818100         30.801000         16.557700         0.000100          145.028000        30.801100        
1717839960        46.036900         38.818100         30.801000         16.558000         0.000100          145.028000        30.801100        
1717839971        46.036900         38.818100         30.801000         16.558200         0.000100          145.028000        30.801100        
1717839981        46.036900         38.818100         30.801000         16.558200         0.000100          145.027000        30.801100        
1717839991        46.036900         38.818100         30.801000         16.558200         0.000100          145.025000        30.801100        
1717840001        46.036900         38.818100         30.801000         16.558300         0.000100          145.026000        30.801100        
1717840012        46.036900         38.818100         30.801000         16.558600         0.000100          145.026000        30.801100        
1717840022        46.036900         38.818100         30.801000         16.558700         0.000100          145.026000        30.801100        
1717840032        46.036900         38.818100         30.801000         16.558700         0.000100          145.028000        30.801100        
1717840043        46.036900         38.818100         30.801000         16.559000         0.000100          145.026000        30.801100        
1717840053        46.036900         38.818100         30.801000         16.559000         0.000100          145.027000        30.801100        
1717840063        46.036900         38.818100         30.801000         16.559000         0.000100          145.026000        30.801100        
1717840073        46.036900         38.818100         30.801000         16.559000         0.000100          145.026000        30.801100        
1717840084        46.036900         38.818100         30.801000         16.559000         0.000100          145.026000        30.801100        
1717840094        46.036900         38.818100         30.801000         16.559200         0.000100          145.025000        30.801100        
1717840104        46.036900         38.818100         30.801000         16.559400         0.000100          145.025000        30.801100        
1717840115        46.036900         38.818100         30.801000         16.559600         0.000100          145.025000        30.801100        
1717840125        46.036900         38.818100         30.801000         16.559600         0.000100          145.025000        30.801100        
1717840135        46.036900         38.818100         30.801000         16.559600         0.000100          145.026000        30.801100        
1717840145        46.036900         38.818100         30.801000         16.559900         0.000100          145.026000        30.801100        
1717840156        46.036900         38.818100         30.801000         16.560000         0.000100          145.024000        30.801100        
1717840166        46.036900         38.818100         30.801000         16.560000         0.000100          145.025000        30.801100        
1717840176        46.036900         38.818100         30.801000         16.560000         0.000100          145.024000        30.801100        
1717840187        46.036900         38.818100         30.801000         16.560000         0.000100          145.024000        30.801100        
1717840197        46.036900         38.818100         30.801000         16.560000         0.000100          145.026000        30.801100        
1717840207        46.036900         38.818100         30.801000         16.560000         0.000100          145.025000        30.801100        
1717840217        46.036900         38.818100         30.801000         16.560000         0.000100          145.023000        30.801100        
1717840228        46.036900         38.818100         30.801000         16.560000         0.000100          145.021000        30.801100        
1717840238        46.036900         38.818100         30.801000         16.560000         0.000100          145.024000        30.801100        
1717840249        46.036900         38.818100         30.801000         16.560000         0.000100          145.025000        30.801100        
1717840260        46.036900         38.818100         30.801000         16.560000         0.000100          145.025000        30.801100        
1717840271        46.036900         38.818100         30.801000         16.560000         0.000100          145.027000        30.801100        
1717840281        46.036900         38.818100         30.801000         16.560000         0.000100          145.025000        30.801100        
1717840291        46.036900         38.818100         30.801000         16.560200         0.000100          145.022000        30.801100        
1717840302        46.036900         38.818100         30.801000         16.560500         0.000100          145.024000        30.801100        
1717840312        46.036900         38.818100         30.801000         16.560500         0.000100          145.023000        30.801100        
1717840322        46.036900         38.818100         30.801000         16.560500         0.000100          145.027000        30.801100        
1717840333        46.036900         38.818100         30.801000         16.560700         0.000100          145.026000        30.801100        
1717840343        46.036900         38.818100         30.801000         16.561000         0.000100          145.022000        30.801100        
1717840353        46.036900         38.818100         30.801000         16.561000         0.000100          145.021000        30.801100        
1717840363        46.036900         38.818100         30.801000         16.561000         0.000100          145.020000        30.801100        
1717840374        46.036900         38.818100         30.801000         16.561000         0.000100          145.021000        30.801100        
1717840384        46.036900         38.818100         30.801000         16.563500         0.000100          145.021000        30.801100        
1717840394        46.036900         38.818100         30.801000         16.563600         0.000100          145.022000        30.801100        
1717840405        46.036900         38.818100         30.801000         16.563900         0.000100          145.023000        30.801100        
1717840415        46.036900         38.818100         30.801000         16.564100         0.000100          145.020000        30.801100        
1717840425        46.036900         38.818100         30.801000         16.564200         0.000100          145.022000        30.801100        
1717840435        46.036900         38.818100         30.801000         16.564200         0.000100          145.018000        30.801100        
1717840446        46.036900         38.818100         30.801000         16.564200         0.000100          145.021000        30.801100        
1717840456        46.036900         38.818100         30.801000         16.564200         0.000100          145.021000        30.801100        
1717840466        46.036900         38.818100         30.801000         16.564200         0.000100          145.017000        30.801100        
1717840477        46.036900         38.818100         30.801000         16.564200         0.000100          145.018000        30.801100        
1717840487        46.036900         38.818100         30.801000         16.566000         0.000100          145.021000        30.801100        
1717840497        46.036900         38.818100         30.801000         16.566100         0.000100          145.018000        30.801100        
1717840508        46.036900         38.818100         30.801000         16.566400         0.000100          145.018000        30.801100        
1717840518        46.036900         38.818100         30.801000         16.566700         0.000100          145.015000        30.801100        
1717840528        46.036900         38.818100         30.801000         16.566700         0.000100          145.019000        30.801100        
1717840538        46.036900         38.818100         30.801000         16.566700         0.000100          145.019000        30.801100        
1717840549        46.036900         38.818100         30.801000         16.566700         0.000100          145.019000        30.801100        
1717840559        46.036900         38.818100         30.801000         16.566600         0.000100          145.020000        30.801100        
1717840569        46.036900         38.818100         30.801000         16.570000         0.000100          145.015000        30.801100        
1717840580        46.036900         38.818100         30.801000         16.570100         0.000100          145.016000        30.801100        
1717840590        46.036900         38.818100         30.801000         16.570300         0.000100          145.020000        30.801100        
1717840600        46.036900         38.818100         30.801000         16.570500         0.000100          145.019000        30.801100        
1717840610        46.036900         38.818100         30.801000         16.570700         0.000100          145.017000        30.801100        
1717840621        46.036900         38.818100         30.801000         16.570900         0.000100          145.015000        30.801100        
1717840631        46.036900         38.876700         30.801000         16.617900         0.000100          144.970000        30.801100        
1717840641        46.036900         38.876700         30.801000         16.615700         0.000100          144.972000        30.801100        
1717840652        46.036900         38.933300         30.801000         16.666700         0.000100          144.921000        30.801100        
1717840662        46.036900         38.818100         30.801000         16.572300         0.000100          145.014000        30.801100        
1717840672        46.036900         38.876700         30.801000         16.621000         0.000100          144.965000        30.801100        
1717840682        46.036900         38.876700         30.801000         16.621200         0.000100          144.963000        30.801100        
1717840693        46.036900         38.851300         30.801000         16.592100         0.000100          144.996000        30.801100        
1717840703        46.036900         38.876700         30.801000         16.621600         0.000100          144.963000        30.801100        
1717840713        46.036900         38.818100         30.801000         16.574700         0.000100          145.010000        30.801100        
1717840724        46.036900         38.876700         30.801000         16.619800         0.000100          144.966000        30.801100        
1717840734        46.036900         38.818100         30.801000         16.574900         0.000100          145.009000        30.801100        
1717840744        46.036900         38.874700         30.801000         16.625600         0.000100          144.959000        30.801100        
1717840754        46.036900         38.818100         30.801000         16.574900         0.000100          145.012000        30.801100        
1717840765        46.036900         38.874700         30.801000         16.625500         0.000100          144.963000        30.801100        
1717840775        46.036900         38.874700         30.801000         16.623900         0.000100          144.963000        30.801100        
1717840786        46.036900         38.818100         30.801000         16.575300         0.000100          145.012000        30.801100        
1717840796        46.036900         38.874700         30.801000         16.622300         0.000100          144.960000        30.801100        
1717840806        46.036900         38.818100         30.801000         16.575400         0.000100          145.011000        30.801100        
1717840817        46.036900         38.874700         30.801000         16.618200         0.000100          144.968000        30.801100        
1717840827        46.036900         38.818100         30.801000         16.575400         0.000100          145.010000        30.801100        
1717840837        46.036900         38.818100         30.801000         16.575400         0.000100          145.012000        30.801100        
1717840848        46.036900         38.876700         30.801000         16.618700         0.000100          144.965000        30.801100        
1717840858        46.036900         38.876700         30.801000         16.620300         0.000100          144.966000        30.801100        
1717840868        46.036900         38.818100         30.801000         16.575400         0.000100          145.013000        30.801100        
1717840879        46.036900         38.818100         30.801000         16.575600         0.000100          145.011000        30.801100        
1717840889        46.036900         38.818100         30.801000         16.575800         0.000100          145.012000        30.801100        
1717840899        46.036900         38.876700         30.801000         16.630800         0.000100          144.957000        30.801100        
1717840909        46.036900         38.814600         30.801000         16.572300         0.000100          145.015000        30.801100        
1717840920        46.036900         38.814600         30.801000         16.572500         0.000100          145.015000        30.801100        
1717840930        46.036900         38.814600         30.801000         16.572500         0.000100          145.015000        30.801100        
1717840940        46.036900         38.818200         30.801000         16.576100         0.000100          145.015000        30.801100        
1717840950        46.036900         38.818200         30.801000         16.576100         0.000100          145.013000        30.801100        
1717840961        46.036900         38.818200         30.801000         16.576100         0.000100          145.015000        30.801100        
1717840971        46.036900         38.818200         30.801000         16.577700         0.000100          145.013000        30.801100        
1717840981        46.036900         38.818200         30.801000         16.577700         0.000100          145.012000        30.801100        
1717840992        46.036900         38.874900         30.801000         16.630500         0.000100          144.962000        30.801100        
1717841002        46.036900         38.876800         30.801000         16.625300         0.000100          144.966000        30.801100        
1717841012        46.036900         38.810400         30.801000         16.571100         0.000100          145.021000        30.801100        
1717841022        46.036900         38.876800         30.801000         16.629500         0.000100          144.961000        30.801100        
1717841033        46.036900         38.818200         30.801000         16.578700         0.000100          145.012000        30.801100        
1717841043        46.036900         38.869000         30.801000         16.616400         0.000100          144.972000        30.801100        
1717841053        46.036900         38.935400         30.801000         16.672600         0.000100          144.919000        30.801100        
1717841064        46.036900         38.869000         30.801000         16.621700         0.000100          144.970000        30.801100        
1717841074        46.036900         38.818200         30.801000         16.578600         0.000100          145.011000        30.801100        
1717841084        46.036900         38.876800         30.801000         16.629400         0.000100          144.962000        30.801100        
1717841094        46.036900         38.818200         30.801000         16.578600         0.000100          145.012000        30.801100        
1717841105        46.036900         38.874900         30.801000         16.625600         0.000100          144.965000        30.801100        
1717841115        46.036900         38.810400         30.801000         16.571100         0.000100          145.018000        30.801100        
1717841126        46.036900         38.925700         30.801000         16.663200         0.000100          144.927000        30.801100        
1717841136        46.036900         38.874900         30.801000         16.629500         0.000100          144.962000        30.801100        
1717841146        46.036900         38.874900         30.801000         16.630000         0.000100          144.959000        30.801100        
1717841157        46.036900         38.818200         30.801000         16.579300         0.000100          145.012000        30.801100        
1717841167        46.036900         38.873300         30.801000         16.626500         0.000100          144.965000        30.801100        
1717841177        46.036900         38.871400         30.801000         16.618800         0.000100          144.974000        30.801100        
1717841187        46.036900         38.871400         30.801000         16.622500         0.000100          144.967000        30.801100        
1717841198        46.036900         37.257600         30.801000         15.747400         0.000100          145.815000        30.801100        
1717841208        46.036900         38.538900         30.801000         16.285300         0.000100          145.273000        30.801100        
1717841218        46.036900         38.760300         30.801000         16.506700         0.000100          145.051000        30.801100        
1717841229        46.036900         38.834500         30.801000         16.575000         0.000100          144.983000        30.801100        
1717841239        46.036900         38.775900         30.801000         16.522700         0.000100          145.035000        30.801100        
1717841249        46.036900         38.838400         30.801000         16.585300         0.000100          144.972000        30.801100        
1717841259        46.036900         38.838400         30.801000         16.585500         0.000100          144.970000        30.801100        
1717841270        46.036900         39.051400         30.801000         16.714400         0.000100          144.844000        30.801100        
1717841280        46.036900         38.994800         30.801000         16.663900         0.000100          144.891000        30.801100        
1717841291        46.036900         37.436000         30.801000         15.835700         0.000100          145.691000        30.801100        
1717841301        46.036900         38.717300         30.801000         16.373700         0.000100          145.149000        30.801100        
1717841311        46.036900         38.938400         30.801000         16.595000         0.000100          144.928000        30.801100        
1717841322        46.036900         38.954000         30.801000         16.610700         0.000100          144.913000        30.801100        
1717841332        46.036900         39.128100         30.801000         16.779200         0.000100          144.745000        30.801100        
1717841342        46.036900         39.133900         30.801000         16.728400         0.000100          144.746000        30.801100        
1717841352        46.036900         39.133900         30.801000         16.791100         0.000100          144.732000        30.801100        
1717841363        46.036900         39.290300         30.801000         16.869500         0.000100          144.655000        30.801100        
1717841373        46.036900         39.321600         30.801000         16.885500         0.000100          144.648000        30.801100        
1717841383        46.036900         37.788400         30.801000         16.088500         0.000100          145.417000        30.801100        
1717841394        46.036900         39.069700         30.801000         16.626400         0.000100          144.875000        30.801100        
1717841404        46.036900         39.353600         30.801000         16.908300         0.000100          144.596000        30.801100        
1717841414        46.036900         39.250100         30.801000         16.814600         0.000100          144.692000        30.801100        
1717841424        46.036900         39.302800         30.801000         16.867600         0.000100          144.637000        30.801100        
1717841435        46.036900         39.365300         30.801000         16.931900         0.000100          144.573000        30.801100        
1717841445        46.036900         39.506100         30.801000         16.994700         0.000100          144.511000        30.801100        
1717841455        46.036900         39.521700         30.801000         17.010500         0.000100          144.494000        30.801100        
1717841465        46.036900         39.521700         30.801000         17.010700         0.000100          144.494000        30.801100        
1717841476        46.036900         39.521800         30.801000         17.010900         0.000100          144.494000        30.801100        
1717841486        46.036900         39.521800         30.801000         17.010900         0.000100          144.497000        30.801100        
1717841496        46.036900         39.521800         30.801000         17.010800         0.000100          144.494000        30.801100        
1717841507        46.036900         39.617200         30.801000         17.105100         0.000100          144.400000        30.801100        
1717841517        46.036900         39.651300         30.801000         17.139600         0.000100          144.369000        30.801100        
1717841527        46.036900         39.638200         30.801000         17.128200         0.000100          144.378000        30.801100        
1717841537        46.036900         39.720100         30.801000         17.208900         0.000100          144.298000        30.801100        
1717841548        46.036900         39.720100         30.801000         17.208900         0.000100          144.299000        30.801100        
1717841558        46.036900         39.720100         30.801000         17.209000         0.000100          144.294000        30.801100        
1717841568        46.036900         39.720100         30.801000         17.210600         0.000100          144.297000        30.801100        
1717841579        46.036900         39.720100         30.801000         17.210600         0.000100          144.295000        30.801100        
1717841589        46.036900         39.720100         30.801000         17.210600         0.000100          144.291000        30.801100        
1717841599        46.036900         39.720100         30.801000         17.210800         0.000100          144.296000        30.801100        
1717841609        46.036900         39.718800         30.801000         17.209800         0.000100          144.297000        30.801100        
1717841620        46.036900         39.718800         30.801000         17.210000         0.000100          144.299000        30.801100        
1717841630        46.036900         39.832100         30.801000         17.311400         0.000100          144.199000        30.801100        
1717841640        46.036900         39.775500         30.801000         17.266600         0.000100          144.241000        30.801100        
1717841651        46.036900         39.775600         30.801000         17.266700         0.000100          144.241000        30.801100        
1717841661        46.036900         39.775600         30.801000         17.266700         0.000100          144.242000        30.801100        
1717841671        46.036900         39.775600         30.801000         17.266700         0.000100          144.243000        30.801100        
1717841682        46.036900         39.775600         30.801000         17.267300         0.000100          144.241000        30.801100        
1717841692        46.036900         39.931900         30.801000         17.423600         0.000100          144.084000        30.801100        
1717841702        46.036900         39.930600         30.801000         17.424200         0.000100          144.086000        30.801100        
1717841713        46.036900         40.000400         30.801000         17.493100         0.000100          144.016000        30.801100        
1717841723        46.036900         40.000400         30.801000         17.493100         0.000100          144.016000        30.801100        
1717841733        46.036900         40.000400         30.801000         17.493100         0.000100          144.017000        30.801100        
1717841744        46.036900         40.057100         30.801000         17.537900         0.000100          143.967000        30.801100        
1717841754        46.036900         40.000400         30.801000         17.493900         0.000100          144.015000        30.801100        
1717841764        46.036900         40.000400         30.801000         17.493900         0.000100          144.014000        30.801100        
1717841776        46.036900         40.000500         30.801000         17.494100         0.000100          144.018000        30.801100        
1717841787        46.036900         40.219200         30.801000         17.713200         0.000100          143.750000        30.801100        
1717841797        46.036900         40.219200         30.801000         17.713400         0.000100          143.796000        30.801100        
1717841808        46.036900         40.219200         30.801000         17.713400         0.000100          143.795000        30.801100        
1717841818        46.036900         40.219200         30.801000         17.713500         0.000100          143.794000        30.801100        
1717841828        46.036900         40.219200         30.801000         17.713500         0.000100          143.797000        30.801100        
1717841839        46.036900         40.219200         30.801000         17.713500         0.000100          143.796000        30.801100        
1717841849        46.036900         40.219200         30.801000         17.713500         0.000100          143.798000        30.801100        
1717841859        46.036900         40.275900         30.801000         17.760900         0.000100          143.794000        30.801100        
1717841870        46.036900         40.344300         30.801000         17.839400         0.000100          143.670000        30.801100        
1717841880        46.036900         40.400900         30.801000         17.890300         0.000100          143.616000        30.801100        
1717841890        46.036900         40.400900         30.801000         17.888500         0.000100          143.619000        30.801100        
1717841900        46.036900         40.344300         30.801000         17.840000         0.000100          143.669000        30.801100        
1717841911        46.036900         40.400900         30.801000         17.890700         0.000100          143.617000        30.801100        
1717841921        46.036900         40.344300         30.801000         17.840000         0.000100          143.667000        30.801100        
1717841931        46.036900         40.344300         30.801000         17.840000         0.000100          143.669000        30.801100        
1717841942        46.036900         40.344300         30.801000         17.840000         0.000100          143.669000        30.801100        
1717841952        46.036900         40.344300         30.801000         17.841300         0.000100          143.668000        30.801100        
1717841962        46.036900         40.344300         30.801000         17.843100         0.000100          143.667000        30.801100        
1717841973        46.036900         40.400900         30.801000         17.898100         0.000100          143.612000        30.801100        
1717841983        46.036900         40.344300         30.801000         17.843600         0.000100          143.664000        30.801100        
1717841993        46.036900         40.344300         30.801000         17.843600         0.000100          143.667000        30.801100        
1717842003        46.036900         40.344300         30.801000         17.843800         0.000100          143.632000        30.801100        
1717842014        46.036900         38.785600         30.801000         17.008100         0.000100          144.463000        30.801100        
1717842024        46.036900         40.288200         30.801000         17.765500         0.000100          143.702000        30.801100        
1717842034        46.036900         40.303900         30.801000         17.781100         0.000100          143.685000        30.801100        
1717842045        46.036900         40.303900         30.801000         17.781100         0.000100          143.687000        30.801100        
1717842055        46.036900         40.366400         30.801000         17.843700         0.000100          143.627000        30.801100        
1717842065        46.036900         40.507100         30.801000         17.906500         0.000100          143.562000        30.801100        
1717842076        46.036900         40.522700         30.801000         17.922000         0.000100          143.546000        30.801100        
1717842086        46.036900         40.522700         30.801000         17.922000         0.000100          143.546000        30.801100        
1717842096        46.036900         40.522700         30.801000         17.922000         0.000100          143.546000        30.801100        
1717842106        46.036900         40.522700         30.801000         17.922000         0.000100          143.549000        30.801100        
1717842117        46.036900         40.522700         30.801000         17.922100         0.000100          143.640000        30.801100        
1717842127        46.036900         40.522700         30.801000         17.922000         0.000100          143.641000        30.801100        
1717842137        46.036900         40.522700         30.801000         17.922100         0.000100          143.641000        30.801100        
1717842148        46.036900         40.522700         30.801000         17.922100         0.000100          143.639000        30.801100        
1717842158        46.036900         40.522700         30.801000         17.922300         0.000100          143.640000        30.801100        
1717842168        46.036900         40.522700         30.801000         17.922500         0.000100          143.642000        30.801100        
1717842178        46.036900         40.522700         30.801000         17.922800         0.000100          143.641000        30.801100        
1717842189        46.036900         40.522700         30.801000         17.922800         0.000100          143.642000        30.801100        
1717842199        46.036900         40.522700         30.801000         17.922800         0.000100          143.644000        30.801100        
1717842209        46.036900         40.522700         30.801000         17.922800         0.000100          143.674000        30.801100        
1717842220        46.036900         40.522700         30.801000         17.922800         0.000100          143.675000        30.801100        
1717842230        46.036900         40.522700         30.801000         17.926400         0.000100          143.675000        30.801100        
1717842240        46.036900         40.522700         30.801000         17.926600         0.000100          143.673000        30.801100        
1717842251        46.036900         40.522700         30.801000         17.926900         0.000100          143.671000        30.801100        
1717842261        46.036900         40.563100         30.801000         17.967700         0.000100          143.631000        30.801100        
1717842272        46.036900         40.564100         30.801000         17.968600         0.000100          143.630000        30.801100        
1717842282        46.036900         40.564200         30.801000         17.968700         0.000100          143.630000        30.801100        
1717842292        46.036900         40.565500         30.801000         17.970000         0.000100          143.627000        30.801100        
1717842303        46.036900         40.566200         30.801000         17.970900         0.000100          143.627000        30.801100        
1717842313        46.036900         40.569000         30.801000         17.973500         0.000100          143.626000        30.801100        
1717842323        46.036900         40.572600         30.801000         17.977200         0.000100          143.622000        30.801100        
1717842333        46.036900         40.572600         30.801000         17.977200         0.000100          143.622000        30.801100        
1717842344        46.036900         40.510100         30.801000         17.893300         0.000100          143.705000        30.801100        
1717842354        46.036900         40.510100         30.801000         17.915000         0.000100          143.682000        30.801100        
1717842364        46.036900         40.510100         30.801000         17.915300         0.000100          143.683000        30.801100        
1717842375        46.036900         40.510100         30.801000         17.917300         0.000100          143.680000        30.801100        
1717842385        46.036900         40.510100         30.801000         17.917300         0.000100          143.682000        30.801100        
1717842395        46.036900         40.447600         30.801000         17.853000         0.000100          143.745000        30.801100        
1717842405        46.036900         40.385100         30.801000         17.853200         0.000100          143.744000        30.801100        
1717842416        46.036900         40.385100         30.801000         17.853200         0.000100          143.744000        30.801100        
1717842426        46.036900         40.416700         30.801000         17.855600         0.000100          143.741000        30.801100        
1717842436        46.036900         40.447900         30.801000         17.918000         0.000100          143.678000        30.801100        
1717842447        46.036900         40.635500         30.801000         18.013100         0.000100          143.581000        30.801100        
1717842457        46.036900         40.754700         30.801000         18.252900         0.000100          143.338000        30.801100        
1717842467        46.036900         40.785900         30.801000         18.364500         0.000100          143.230000        30.801100        
1717842477        46.036900         40.785900         30.801000         18.364700         0.000100          143.230000        30.801100        
1717842488        46.036900         40.785900         30.801000         18.364900         0.000100          143.231000        30.801100        
1717842498        46.036900         40.785900         30.801000         18.365000         0.000100          143.231000        30.801100        
1717842508        46.036900         40.785900         30.801000         18.365000         0.000100          143.230000        30.801100        
1717842519        46.036900         40.785900         30.801000         18.365200         0.000100          143.228000        30.801100        
1717842529        46.036900         40.910900         30.801000         18.491100         0.000100          143.107000        30.801100        
1717842539        46.036900         40.910900         30.801000         18.491100         0.000100          143.105000        30.801100        
1717842549        46.036900         40.910900         30.801000         18.491100         0.000100          143.106000        30.801100        
1717842560        46.036900         40.910900         30.801000         18.491200         0.000100          143.106000        30.801100        
1717842570        46.036900         40.910900         30.801000         18.494500         0.000100          143.103000        30.801100        
1717842580        46.036900         40.910900         30.801000         18.494700         0.000100          143.099000        30.801100        
1717842591        46.036900         40.910900         30.801000         18.495000         0.000100          143.100000        30.801100        
1717842601        46.036900         40.910900         30.801000         18.495200         0.000100          143.098000        30.801100        
1717842611        46.036900         40.910900         30.801000         18.495400         0.000100          143.097000        30.801100        
1717842622        46.036900         40.910900         30.801000         18.495600         0.000100          143.098000        30.801100        
1717842632        46.036900         40.910900         30.801000         18.495600         0.000100          143.099000        30.801100        
1717842642        46.036900         40.910900         30.801000         18.495600         0.000100          143.096000        30.801100        
1717842653        46.036900         40.910900         30.801000         18.495600         0.000100          143.097000        30.801100        
1717842663        46.036900         40.910900         30.801000         18.495600         0.000100          143.097000        30.801100        
1717842673        46.036900         40.910900         30.801000         18.497600         0.000100          143.093000        30.801100        
1717842684        46.036900         40.910900         30.801000         18.497900         0.000100          143.096000        30.801100        
1717842694        46.036900         40.910900         30.801000         18.498100         0.000100          143.096000        30.801100        
1717842704        46.036900         40.910900         30.801000         18.498300         0.000100          143.096000        30.801100        
1717842714        46.036900         40.910900         30.801000         18.498300         0.000100          143.093000        30.801100        
1717842725        46.036900         40.910900         30.801000         18.498300         0.000100          143.095000        30.801100        
1717842735        46.036900         40.910900         30.801000         18.498300         0.000100          143.094000        30.801100        
1717842745        46.036900         40.910900         30.801000         18.498300         0.000100          143.094000        30.801100        
1717842756        46.036900         40.910900         30.801000         18.498300         0.000100          143.093000        30.801100        
1717842766        46.036900         40.910900         30.801000         18.499500         0.000100          143.094000        30.801100        
1717842776        46.036900         40.910900         30.801000         18.499800         0.000100          143.093000        30.801100        
1717842787        46.036900         40.910900         30.801000         18.500100         0.000100          143.092000        30.801100        
1717842797        46.036900         40.910900         30.801000         18.500200         0.000100          143.092000        30.801100        
1717842807        46.036900         40.910900         30.801000         18.500200         0.000100          143.094000        30.801100        
1717842817        46.036900         40.910900         30.801000         18.515600         0.000100          143.078000        30.801100        
1717842828        46.036900         40.910900         30.801000         18.515700         0.000100          143.079000        30.801100        
1717842838        46.036900         40.910900         30.801000         18.515700         0.000100          143.077000        30.801100        
1717842848        46.036900         40.910900         30.801000         18.515700         0.000100          143.076000        30.801100        
1717842859        46.036900         40.910900         30.801000         18.515800         0.000100          143.077000        30.801100        
1717842869        46.036900         40.910900         30.801000         18.515800         0.000100          143.078000        30.801100        
1717842879        46.036900         40.910900         30.801000         18.515800         0.000100          143.078000        30.801100        
1717842889        46.036900         40.910900         30.801000         18.515800         0.000100          143.078000        30.801100        
1717842900        46.036900         40.910900         30.801000         18.515800         0.000100          143.076000        30.801100        
1717842910        46.036900         40.910900         30.801000         18.515900         0.000100          143.078000        30.801100        
1717842920        46.036900         40.910900         30.801000         18.516100         0.000100          143.077000        30.801100        
1717842931        46.036900         40.910900         30.801000         18.516300         0.000100          143.076000        30.801100        
1717842941        46.036900         40.910900         30.801000         18.516600         0.000100          143.078000        30.801100        
1717842951        46.036900         40.910900         30.801000         18.516600         0.000100          143.077000        30.801100        
1717842962        46.036900         40.910900         30.801000         18.516600         0.000100          143.078000        30.801100        
1717842972        46.036900         40.910900         30.801000         18.516900         0.000100          143.077000        30.801100        
1717842982        46.036900         40.910900         30.801000         18.517100         0.000100          143.076000        30.801100        
1717842992        46.036900         41.004700         30.801000         18.610800         0.000100          142.984000        30.801100        
1717843003        46.036900         41.004700         30.801000         18.610800         0.000100          142.980000        30.801100        
1717843013        46.036900         41.004700         30.801000         18.610800         0.000100          142.980000        30.801100        
1717843023        46.036900         41.004700         30.801000         18.612500         0.000100          142.979000        30.801100        
1717843034        46.036900         41.004700         30.801000         18.613000         0.000100          142.980000        30.801100        
1717843044        46.036900         41.004700         30.801000         18.613100         0.000100          142.976000        30.801100        
1717843054        46.036900         41.098400         30.801000         18.706900         0.000100          142.882000        30.801100        
1717843065        46.036900         41.098400         30.801000         18.707000         0.000100          142.887000        30.801100        
1717843075        46.036900         41.004700         30.801000         18.597800         0.000100          142.993000        30.801100        
1717843085        46.036900         41.004700         30.801000         18.613400         0.000100          142.977000        30.801100        
1717843095        46.036900         41.036000         30.801000         18.615400         0.000100          142.974000        30.801100        
1717843106        46.036900         41.036000         30.801000         18.615400         0.000100          142.976000        30.801100        
1717843116        46.036900         41.051600         30.801000         18.722900         0.000100          142.866000        30.801100        
1717843126        46.036900         41.051600         30.801000         18.723100         0.000100          142.863000        30.801100        
1717843137        46.036900         41.114100         30.801000         18.746400         0.000100          142.844000        30.801100        
1717843147        46.036900         41.051600         30.801000         18.723300         0.000100          142.866000        30.801100        
1717843157        46.036900         41.051600         30.801000         18.723300         0.000100          142.867000        30.801100        
1717843167        46.036900         41.051600         30.801000         18.723200         0.000100          142.865000        30.801100        
1717843178        46.036900         41.035900         30.801000         18.692100         0.000100          142.899000        30.801100        
1717843188        46.036900         41.223500         30.801000         18.879700         0.000100          142.710000        30.801100        
1717843198        46.036900         41.223500         30.801000         18.879700         0.000100          142.708000        30.801100        
1717843209        46.036900         41.317200         30.801000         18.973400         0.000100          142.615000        30.801100        
1717843219        46.036900         41.317200         30.801000         18.973600         0.000100          142.617000        30.801100        
1717843229        46.036900         41.317200         30.801000         18.973800         0.000100          142.616000        30.801100        
1717843240        46.036900         41.411000         30.801000         19.067800         0.000100          142.523000        30.801100        
1717843250        46.036900         41.411000         30.801000         19.067800         0.000100          142.520000        30.801100        
1717843260        46.036900         41.504800         30.801000         19.161600         0.000100          142.427000        30.801100        
1717843270        46.036900         41.504800         30.801000         19.161600         0.000100          142.429000        30.801100        
1717843281        46.036900         41.442200         30.801000         19.099100         0.000100          142.490000        30.801100        
1717843291        46.036900         38.897200         30.801000         17.204800         0.000100          144.373000        30.801100        
1717843301        46.036900         39.106000         30.801000         17.325500         0.000100          144.265000        30.801100        
1717843312        46.036900         39.043400         30.801000         17.289400         0.000100          144.298000        30.801100        
1717843322        46.036900         39.186000         30.801000         17.495000         0.000100          144.093000        30.801100        
1717843332        46.036900         39.806500         30.801000         18.081100         0.000100          143.498000        30.801100        
1717843342        46.036900         39.232800         30.801000         17.534400         0.000100          144.052000        30.801100        
1717843353        46.036900         36.846600         30.801000         15.742300         0.000100          145.844000        30.801100        
1717843363        46.036900         37.038700         30.801000         15.913200         0.000100          145.673000        30.801100        
1717843373        46.036900         36.851200         30.801000         15.745500         0.000100          145.839000        30.801100        
1717843384        46.036900         36.851200         30.801000         15.745600         0.000100          145.840000        30.801100        
1717843394        46.036900         36.993900         30.801000         15.949300         0.000100          145.668000        30.801100        
1717843404        46.036900         37.753100         30.801000         16.683600         0.000100          144.888000        30.801100        
1717843414        46.036900         37.130300         30.801000         16.081700         0.000100          145.501000        30.801100        
1717843425        46.036900         37.067800         30.801000         16.019700         0.000100          145.564000        30.801100        
1717843435        46.036900         37.067800         30.801000         16.019400         0.000100          145.562000        30.801100        
1717843445        46.036900         37.224000         30.801000         16.175900         0.000100          145.403000        30.801100        
1717843456        46.036900         37.099000         30.801000         16.052200         0.000100          145.532000        30.801100        
1717843466        46.036900         37.121400         30.801000         16.080500         0.000100          145.499000        30.801100        
1717843476        46.036900         37.183900         30.801000         16.143000         0.000100          145.437000        30.801100        
1717843487        46.036900         37.183900         30.801000         16.143000         0.000100          145.437000        30.801100        
1717843497        46.036900         36.856900         30.801000         15.795300         0.000100          145.786000        30.801100        
1717843507        46.036900         36.935600         30.801000         15.882000         0.000100          145.699000        30.801100        
1717843517        46.036900         36.935600         30.801000         15.882100         0.000100          145.698000        30.801100        
1717843528        46.036900         37.045600         30.801000         15.992000         0.000100          145.548000        30.801100        
1717843538        46.036900         36.916800         30.801000         15.865900         0.000100          145.685000        30.801100        
1717843548        46.036900         36.900600         30.801000         15.880800         0.000100          145.691000        30.801100        
1717843559        46.036900         36.839200         30.801000         15.807400         0.000100          145.788000        30.801100        
1717843569        46.036900         36.590600         30.801000         15.490600         0.000100          146.076000        30.801100        
1717843579        46.036900         34.547700         30.801000         14.069900         0.000100          147.506000        30.801100        
1717843590        46.036900         34.485200         30.801000         14.034800         0.000100          147.539000        30.801100        
1717843600        46.036900         34.177900         30.801000         13.672700         0.000100          147.891000        30.801100        
1717843610        46.036900         34.740400         30.801000         14.343000         0.000100          147.223000        30.801100        
1717843620        46.036900         35.791700         30.801000         15.394800         0.000100          146.154000        30.801100        
1717843631        46.036900         34.431400         30.801000         14.060600         0.000100          147.510000        30.801100        
1717843641        46.036900         34.766900         30.801000         14.273500         0.000100          147.295000        30.801100        
1717843651        46.036900         34.718500         30.801000         14.339900         0.000100          147.228000        30.801100        
1717843662        46.036900         33.775800         30.801000         14.161400         0.000100          147.396000        30.801100        
1717843672        46.036900         35.620100         30.801000         14.475500         0.000100          147.076000        30.801100        
1717843682        46.036900         36.063500         30.801000         14.475000         0.000100          147.074000        30.801100        
1717843692        46.036900         36.778300         30.801000         15.188000         0.000100          146.341000        30.801100        
1717843703        46.036900         36.008600         30.801000         14.422600         0.000100          147.110000        30.801100        
1717843713        46.036900         35.961900         30.801000         14.376500         0.000100          147.169000        30.801100        
1717843723        46.036900         36.088300         30.801000         14.501700         0.000100          147.058000        30.801100        
1717843734        46.036900         35.077400         30.801000         14.253100         0.000100          147.274000        30.801100        
1717843744        46.036900         39.059900         30.801000         14.588000         0.000100          146.917000        30.801100        
1717843754        46.036900         38.226900         30.801000         15.876600         0.000100          145.649000        30.801100        
1717843765        46.036900         38.249100         30.801000         15.899500         0.000100          145.626000        30.801100        
1717843775        46.036900         38.241800         30.801000         15.887700         0.000100          145.623000        30.801100        
1717843785        46.036900         38.061900         30.801000         15.685500         0.000100          145.828000        30.801100        
1717843795        46.036900         37.508200         30.801000         15.123400         0.000100          146.344000        30.801100        
1717843806        46.036900         37.464900         30.801000         15.089500         0.000100          146.428000        30.801100        
1717843816        46.036900         37.697300         30.801000         15.288400         0.000100          146.193000        30.801100        
1717843826        46.036900         38.087500         30.801000         15.895200         0.000100          145.589000        30.801100        
1717843837        46.036900         38.398000         30.801000         16.459300         0.000100          145.330000        30.801100        
1717843847        46.036900         38.384100         30.801000         16.260100         0.000100          145.230000        30.801100        
1717843858        46.036900         38.900600         30.801000         16.787600         0.000100          144.677000        30.801100        
1717843868        46.036900         39.536400         30.801000         17.325000         0.000100          144.139000        30.801100        
1717843878        46.036900         39.570500         30.801000         17.403600         0.000100          144.057000        30.801100        
1717843889        46.036900         37.821400         30.801000         16.452200         0.000100          144.930000        30.801100        
1717843899        46.036900         38.894600         30.801000         16.596500         0.000100          144.853000        30.801100        
1717843909        46.036900         40.675300         30.801000         18.346800         0.000100          143.103000        30.801100        
1717843919        46.036900         40.798900         30.801000         18.465300         0.000100          142.970000        30.801100        
1717843930        46.036900         39.915100         30.801000         17.626900         0.000100          143.787000        30.801100        
1717843940        46.036900         39.789400         30.801000         17.303000         0.000100          144.087000        30.801100        
1717843950        46.036900         40.357600         30.801000         17.917700         0.000100          143.480000        30.801100        
1717843960        46.036900         39.899100         30.801000         18.194400         0.000100          143.238000        30.801100        
1717843971        46.036900         44.995300         30.801000         18.484300         0.000100          142.937000        30.801100        
1717843981        46.036900         42.749400         30.801000         19.064900         0.000100          142.349000        30.801100        
1717843991        46.036900         42.548000         30.801000         18.689000         0.000100          142.590000        30.801100        
1717844002        46.036900         43.427300         30.801000         19.556400         0.000100          141.782000        30.801100        
1717844012        46.036900         43.867100         30.801000         20.027800         0.000100          141.328000        30.801100        
1717844022        46.036900         43.995400         30.801000         20.161400         0.000100          141.204000        30.801100        
1717844032        46.036900         44.164400         30.801000         20.329700         0.000100          141.054000        30.801100        
1717844043        46.036900         42.576400         30.801000         18.934000         0.000100          142.455000        30.801100        
1717844053        46.036900         42.973400         30.801000         19.534600         0.000100          141.848000        30.801100        
1717844064        46.036900         42.539700         30.801000         20.079500         0.000100          141.187000        30.801100        
1717844074        46.036900         43.983200         30.801000         20.554900         0.000100          140.799000        30.801100        
1717844084        46.036900         42.424200         30.801000         19.328200         0.000100          142.020000        30.801100        
1717844095        46.036900         42.533600         30.801000         19.517800         0.000100          142.028000        30.801100        
1717844105        46.036900         42.712600         30.801000         19.725800         0.000100          141.614000        30.801100        
1717844115        46.036900         42.843300         30.801000         19.624000         0.000100          141.677000        30.801100        
1717844125        46.036900         42.832300         30.801000         19.561500         0.000100          141.754000        30.801100        
1717844136        46.036900         39.020600         30.801000         16.503300         0.000100          144.809000        30.801100        
1717844146        46.036900         39.049900         30.801000         16.606700         0.000100          144.741000        30.801100        
1717844156        46.036900         39.098400         30.801000         16.671900         0.000100          144.627000        30.801100        
1717844167        46.036900         39.290000         30.801000         16.542100         0.000100          144.724000        30.801100        
1717844177        46.036900         39.545800         30.801000         16.698300         0.000100          144.639000        30.801100        
1717844187        46.036900         39.912000         30.801000         17.259200         0.000100          144.024000        30.801100        
1717844197        46.036900         39.629700         30.801000         17.004900         0.000100          144.276000        30.801100        
1717844208        46.036900         37.786500         30.801000         15.357200         0.000100          145.926000        30.801100        
1717844218        46.036900         37.763300         30.801000         15.347300         0.000100          145.955000        30.801100        
1717844228        46.036900         37.863700         30.801000         15.457600         0.000100          145.869000        30.801100        
1717844239        46.036900         37.875200         30.801000         15.196600         0.000100          146.132000        30.801100        
1717844249        46.036900         38.201600         30.801000         15.301700         0.000100          146.041000        30.801100        
1717844259        46.036900         38.000200         30.801000         15.291000         0.000100          146.009000        30.801100        
1717844270        46.036900         38.079600         30.801000         15.406900         0.000100          145.918000        30.801100        
1717844280        46.036900         38.046700         30.801000         15.394600         0.000100          145.939000        30.801100        
1717844290        46.036900         38.072900         30.801000         15.428600         0.000100          145.914000        30.801100        
1717844301        46.036900         38.242700         30.801000         15.327800         0.000100          146.023000        30.801100        
1717844311        46.036900         38.271700         30.801000         15.362600         0.000100          145.977000        30.801100        
1717844321        46.036900         38.106000         30.801000         15.166900         0.000100          146.119000        30.801100        
1717844331        46.036900         38.109900         30.801000         15.218500         0.000100          146.096000        30.801100        
1717844342        46.036900         38.138900         30.801000         15.244100         0.000100          146.077000        30.801100        
1717844352        46.036900         37.904800         30.801000         14.996300         0.000100          146.361000        30.801100        
1717844362        46.036900         37.806700         30.801000         14.922000         0.000100          146.404000        30.801100        
1717844373        46.036900         37.875100         30.801000         14.965600         0.000100          146.333000        30.801100        
1717844383        46.036900         37.180500         30.801000         14.282200         0.000100          147.026000        30.801100        
1717844393        46.036900         37.245500         30.801000         14.351800         0.000100          146.964000        30.801100        
1717844404        46.036900         37.158000         30.801000         14.257300         0.000100          146.908000        30.801100        
1717844414        46.036900         37.493500         30.801000         14.573100         0.000100          146.694000        30.801100        
1717844424        46.036900         37.506800         30.801000         14.583700         0.000100          146.701000        30.801100        
1717844435        46.036900         38.079700         30.801000         15.153700         0.000100          146.147000        30.801100        
1717844445        46.036900         38.137000         30.801000         15.204000         0.000100          146.039000        30.801100        
1717844455        46.036900         37.902100         30.801000         15.218900         0.000100          146.007000        30.801100        
1717844466        46.036900         38.686400         30.801000         15.812300         0.000100          145.418000        30.801100        
1717844476        46.036900         39.265900         30.801000         16.391800         0.000100          144.847000        30.801100        
1717844486        46.036900         38.376500         30.801000         15.532600         0.000100          145.708000        30.801100        
1717844496        46.036900         38.447400         30.801000         15.578100         0.000100          145.685000        30.801100        
1717844507        46.036900         38.564400         30.801000         15.723700         0.000100          145.553000        30.801100        
1717844517        46.036900         38.593900         30.801000         15.754400         0.000100          145.500000        30.801100        
1717844527        46.036900         42.852600         30.801000         15.707600         0.000100          145.570000        30.801100        
1717844538        46.036900         40.561100         30.801000         16.487800         0.000100          144.766000        30.801100        
1717844548        46.036900         40.682400         30.801000         16.411400         0.000100          144.780000        30.801100        
1717844558        46.036900         41.246400         30.801000         16.988200         0.000100          144.224000        30.801100        
1717844569        46.036900         41.307800         30.801000         17.064300         0.000100          144.197000        30.801100        
1717844579        46.036900         41.437700         30.801000         17.199000         0.000100          144.077000        30.801100        
1717844589        46.036900         41.484300         30.801000         17.246300         0.000100          144.064000        30.801100        
1717844599        46.036900         41.563000         30.801000         17.324000         0.000100          143.975000        30.801100        
1717844610        46.036900         42.167300         30.801000         18.333000         0.000100          142.953000        30.801100        
1717844620        46.036900         42.076500         30.801000         18.512500         0.000100          142.748000        30.801100        
1717844630        46.036900         42.254900         30.801000         18.461800         0.000100          142.746000        30.801100        
1717844641        46.036900         43.037900         30.801000         19.259600         0.000100          141.965000        30.801100        
1717844651        46.036900         42.443200         30.801000         18.645500         0.000100          142.536000        30.801100        
1717844661        46.036900         42.630800         30.801000         18.827700         0.000100          142.445000        30.801100        
1717844672        46.036900         43.303500         30.801000         19.779000         0.000100          141.447000        30.801100        
1717844682        46.036900         43.803900         30.801000         19.849100         0.000100          141.236000        30.801100        
1717844692        46.036900         44.871800         30.801000         21.014700         0.000100          140.146000        30.801100        
1717844702        46.036900         45.660900         30.801000         21.819600         0.000100          139.401000        30.801100        
1717844713        46.036900         45.898900         30.801000         22.060000         0.000100          139.158000        30.801100        
1717844723        46.048000         46.048000         30.801000         22.204200         0.000100          139.012000        30.801100        
1717844733        46.048000         45.110900         30.801000         21.243400         0.000100          139.970000        30.801100        
1717844744        46.048000         45.465900         30.801000         21.603800         0.000100          139.605000        30.801100        
1717844754        46.048000         45.696500         30.801000         21.836300         0.000100          139.376000        30.801100        
1717844764        46.048000         45.834400         30.801000         21.974300         0.000100          139.237000        30.801100        
1717844774        46.048000         45.976700         30.801000         22.116800         0.000100          139.095000        30.801100        
1717844785        46.093500         46.093500         30.801000         22.233400         0.000100          138.978000        30.801100        
1717844795        46.197700         46.197700         30.801000         22.337800         0.000100          138.878000        30.801100        
1717844805        46.197700         45.450900         30.801000         21.572300         0.000100          139.628000        30.801100        
1717844816        46.197700         45.680300         30.801000         21.808500         0.000100          139.394000        30.801100        
1717844826        46.197700         45.840500         30.801000         21.969700         0.000100          139.234000        30.801100        
1717844836        46.197700         45.079100         30.801000         21.174400         0.000100          140.022000        30.801100        
1717844847        46.197700         45.154100         30.801000         21.249400         0.000100          139.947000        30.801100        
1717844857        46.197700         45.208500         30.801000         21.303900         0.000100          139.891000        30.801100        
1717844867        46.197700         45.691900         30.801000         22.008700         0.000100          139.161000        30.801100        
1717844877        46.197700         44.519800         30.801000         20.786500         0.000100          140.313000        30.801100        
1717844888        46.197700         43.485100         30.801000         20.539800         0.000100          140.612000        30.801100        
1717844898        46.197700         43.520500         30.801000         20.581200         0.000100          140.569000        30.801100        
1717844908        46.197700         41.788200         30.801000         19.027300         0.000100          142.121000        30.801100        
1717844919        46.197700         41.740900         30.801000         18.980400         0.000100          142.170000        30.801100        
1717844929        46.197700         41.043000         30.801000         18.281300         0.000100          142.844000        30.801100        
1717844939        46.197700         39.503600         30.801000         17.449600         0.000100          143.658000        30.801100        
1717844949        46.197700         40.723500         30.801000         17.670600         0.000100          143.441000        30.801100        
1717844960        46.197700         40.549700         30.801000         17.733100         0.000100          143.372000        30.801100        
1717844970        46.197700         38.433300         30.801000         16.021200         0.000100          145.262000        30.801100        
1717844980        46.197700         38.433600         30.801000         16.047500         0.000100          145.069000        30.801100        
1717844991        46.197700         38.040500         30.801000         15.716900         0.000100          145.354000        30.801100        
1717845001        46.197700         37.489800         30.801000         15.707600         0.000100          145.345000        30.801100        
1717845011        46.197700         38.807500         30.801000         16.063200         0.000100          144.951000        30.801100        
1717845021        46.197700         38.661900         30.801000         16.184600         0.000100          144.857000        30.801100        
1717845032        46.197700         38.253900         30.801000         15.797000         0.000100          145.116000        30.801100        
1717845042        46.197700         39.310600         30.801000         16.921800         0.000100          144.053000        30.801100        
1717845052        46.197700         40.078600         30.801000         17.705300         0.000100          143.164000        30.801100        
1717845063        46.197700         40.167900         30.801000         17.748700         0.000100          143.228000        30.801100        
1717845073        46.197700         39.039800         30.801000         17.169400         0.000100          143.792000        30.801100        
1717845083        46.197700         39.160200         30.801000         17.303000         0.000100          143.676000        30.801100        
1717845094        46.197700         38.369300         30.801000         16.473700         0.000100          144.497000        30.801100        
1717845104        46.197700         38.386700         30.801000         16.485100         0.000100          144.496000        30.801100        
1717845114        46.197700         38.405400         30.801000         16.510400         0.000100          144.457000        30.801100        
1717845124        46.197700         38.244400         30.801000         16.486800         0.000100          144.434000        30.801100        
1717845135        46.197700         38.739000         30.801000         17.068600         0.000100          143.880000        30.801100        
1717845145        46.197700         38.845000         30.801000         17.172100         0.000100          143.763000        30.801100        
1717845155        46.197700         37.464900         30.801000         16.548600         0.000100          144.384000        30.801100        
1717845166        46.197700         38.747800         30.801000         17.330500         0.000100          143.604000        30.801100        
1717845176        46.197700         38.925300         30.801000         17.592200         0.000100          143.354000        30.801100        
1717845186        46.197700         38.925700         30.801000         17.597700         0.000100          143.315000        30.801100        
1717845196        46.197700         38.994400         30.801000         17.610300         0.000100          143.325000        30.801100        
1717845207        46.197700         39.102500         30.801000         17.776300         0.000100          143.182000        30.801100        
1717845217        46.197700         39.176700         30.801000         17.860500         0.000100          143.110000        30.801100        
1717845227        46.197700         38.802500         30.801000         17.793100         0.000100          145.130000        30.801100        
1717845238        46.197700         37.466400         30.801000         16.327100         0.000100          144.658000        30.801100        
1717845248        46.197700         36.420500         30.801000         16.019300         0.000100          144.811000        30.801100        
1717845258        46.197700         37.470200         30.801000         16.335600         0.000100          144.603000        30.801100        
1717845269        46.197700         37.435500         30.801000         16.293000         0.000100          144.695000        30.801100        
1717845279        46.197700         35.759000         30.801000         14.550000         0.000100          146.369000        30.801100        
1717845289        46.197700         34.312700         30.801000         13.764000         0.000100          147.072000        30.801100        
1717845300        46.197700         36.385800         30.801000         14.350000         0.000100          146.586000        30.801100        
1717845310        46.197700         36.484200         30.801000         14.420400         0.000100          146.427000        30.801100        
1717845320        46.197700         35.634400         30.801000         14.102300         0.000100          146.860000        30.801100        
1717845330        46.197700         36.618100         30.801000         14.396000         0.000100          146.587000        30.801100        
1717845341        46.197700         36.457600         30.801000         14.194800         0.000100          146.677000        30.801100        
1717845351        46.197700         36.698100         30.801000         14.405800         0.000100          146.492000        30.801100        
1717845361        46.197700         35.986300         30.801000         14.384000         0.000100          146.527000        30.801100        
1717845372        46.197700         36.969400         30.801000         14.750900         0.000100          146.532000        30.801100        
1717845382        46.197700         36.961000         30.801000         14.715600         0.000100          146.230000        30.801100        
1717845392        46.197700         37.000000         30.801000         14.472400         0.000100          146.480000        30.801100        
1717845403        46.197700         35.939500         30.801000         14.140800         0.000100          146.706000        30.801100        
1717845413        46.197700         37.393200         30.801000         14.920400         0.000100          146.215000        30.801100        
1717845423        46.197700         37.015200         30.801000         14.520300         0.000100          146.330000        30.801100        
1717845433        46.197700         37.197200         30.801000         14.725400         0.000100          146.566000        30.801100        
1717845444        46.197700         35.716600         30.801000         13.600900         0.000100          147.367000        30.801100        
1717845454        46.197700         38.213900         30.801000         14.679700         0.000100          146.316000        30.801100        
1717845464        46.197700         37.911800         30.801000         14.343100         0.000100          146.584000        30.801100        
1717845475        46.197700         38.169300         30.801000         14.582900         0.000100          146.425000        30.801100        
1717845485        46.197700         37.956000         30.801000         14.364900         0.000100          146.843000        30.801100        
1717845495        46.197700         38.010200         30.801000         14.399300         0.000100          146.826000        30.801100        
1717845506        46.197700         36.846400         30.801000         13.993500         0.000100          146.956000        30.801100        
1717845516        46.197700         36.807500         30.801000         13.882200         0.000100          147.035000        30.801100        
1717845526        46.197700         37.108900         30.801000         14.183600         0.000100          146.704000        30.801100        
1717845537        46.197700         37.269600         30.801000         14.302000         0.000100          146.545000        30.801100        
1717845547        46.197700         37.670300         30.801000         14.754900         0.000100          146.159000        30.801100        
1717845557        46.197700         37.331400         30.801000         14.419300         0.000100          146.524000        30.801100        
1717845567        46.197700         37.398800         30.801000         14.501600         0.000100          146.413000        30.801100        
1717845578        46.197700         37.751200         30.801000         14.896500         0.000100          146.075000        30.801100        
1717845588        46.197700         37.530500         30.801000         14.661000         0.000100          146.289000        30.801100        
1717845598        46.197700         37.431500         30.801000         14.535800         0.000100          146.442000        30.801100        
1717845609        46.197700         37.586000         30.801000         14.688100         0.000100          146.301000        30.801100        
1717845619        46.197700         37.861000         30.801000         15.227200         0.000100          145.714000        30.801100        
1717845629        46.197700         37.710900         30.801000         14.812000         0.000100          146.056000        30.801100        
1717845640        46.197700         37.986700         30.801000         15.141400         0.000100          145.831000        30.801100        
1717845650        46.197700         38.568700         30.801000         15.711000         0.000100          145.146000        30.801100        
1717845660        46.197700         38.745000         30.801000         15.929600         0.000100          144.979000        30.801100        
1717845671        46.197700         38.833500         30.801000         16.037900         0.000100          144.860000        30.801100        
1717845681        46.197700         37.749400         30.801000         15.631900         0.000100          145.261000        30.801100        
1717845691        46.197700         37.412500         30.801000         15.268700         0.000100          145.550000        30.801100        
1717845701        46.197700         36.493600         30.801000         15.089600         0.000100          145.799000        30.801100        
1717845712        46.197700         37.549300         30.801000         15.029800         0.000100          145.833000        30.801100        
1717845722        46.197700         36.245700         30.801000         14.724300         0.000100          146.144000        30.801100        
1717845732        46.197700         37.972900         30.801000         15.884000         0.000100          144.927000        30.801100        
1717845743        46.197700         38.188900         30.801000         15.941400         0.000100          144.874000        30.801100        
1717845753        46.197700         38.886700         30.801000         16.567000         0.000100          144.262000        30.801100        
1717845763        46.197700         38.959700         30.801000         16.645600         0.000100          144.148000        30.801100        
1717845774        46.197700         39.013800         30.801000         16.759600         0.000100          144.088000        30.801100        
1717845784        46.197700         39.028200         30.801000         16.783800         0.000100          144.024000        30.801100        
1717845794        46.197700         39.051300         30.801000         16.840300         0.000100          143.983000        30.801100        
1717845804        46.197700         39.128400         30.801000         16.876600         0.000100          143.903000        30.801100        
1717845815        46.197700         39.169700         30.801000         16.898200         0.000100          143.899000        30.801100        
1717845825        46.197700         39.111100         30.801000         17.014800         0.000100          143.797000        30.801100        
1717845835        46.197700         39.243000         30.801000         17.095500         0.000100          143.753000        30.801100        
1717845846        46.197700         37.992700         30.801000         15.867200         0.000100          144.900000        30.801100        
1717845856        46.197700         37.998100         30.801000         15.746600         0.000100          145.090000        30.801100        
1717845866        46.197700         38.423400         30.801000         16.260000         0.000100          144.575000        30.801100        
1717845876        46.197700         38.870500         30.801000         16.348500         0.000100          144.501000        30.801100        
1717845887        46.197700         38.370300         30.801000         16.274600         0.000100          144.509000        30.801100        
1717845897        46.197700         38.838900         30.801000         16.358400         0.000100          144.430000        30.801100        
1717845907        46.197700         39.287000         30.801000         16.807300         0.000100          144.011000        30.801100        
1717845918        46.197700         38.133400         30.801000         17.001800         0.000100          143.757000        30.801100        
1717845928        46.197700         42.791400         30.801000         18.979400         0.000100          141.771000        30.801100        
1717845938        46.197700         42.989200         30.801000         18.903600         0.000100          141.849000        30.801100        
1717845949        46.197700         43.284700         30.801000         19.248700         0.000100          141.503000        30.801100        
1717845959        46.197700         41.982200         30.801000         17.922100         0.000100          142.832000        30.801100        
1717845969        46.197700         42.405600         30.801000         18.364700         0.000100          142.390000        30.801100        
1717845979        46.197700         42.343700         30.801000         18.352600         0.000100          142.401000        30.801100        
1717845990        46.197700         42.755200         30.801000         18.738000         0.000100          142.026000        30.801100        
1717846000        46.197700         43.394600         30.801000         19.427700         0.000100          141.337000        30.801100        
1717846010        46.197700         43.488100         30.801000         19.551600         0.000100          141.214000        30.801100        
1717846020        46.197700         43.568600         30.801000         19.593200         0.000100          141.166000        30.801100        
1717846031        46.197700         43.666000         30.801000         19.703900         0.000100          141.059000        30.801100        
1717846041        46.197700         43.632100         30.801000         19.707600         0.000100          141.054000        30.801100        
1717846051        46.197700         43.735100         30.801000         19.880600         0.000100          140.882000        30.801100        
1717846062        46.197700         43.829500         30.801000         19.965800         0.000100          140.795000        30.801100        
1717846072        46.197700         43.907000         30.801000         20.105800         0.000100          140.655000        30.801100        
1717846082        46.197700         43.086300         30.801000         19.197600         0.000100          141.555000        30.801100        
1717846092        46.197700         43.176100         30.801000         19.285500         0.000100          141.470000        30.801100        
1717846103        46.197700         43.228200         30.801000         19.391900         0.000100          141.356000        30.801100        
1717846113        46.197700         42.551500         30.801000         19.329100         0.000100          141.403000        30.801100        
1717846123        46.197700         43.982100         30.801000         20.174600         0.000100          140.539000        30.801100        
1717846134        46.197700         42.948900         30.801000         18.987700         0.000100          141.703000        30.801100        
1717846144        46.197700         41.524600         30.801000         18.603100         0.000100          142.077000        30.801100        
1717846154        46.197700         45.106700         30.801000         20.332700         0.000100          140.343000        30.801100        
1717846164        46.197700         45.233700         30.801000         20.613400         0.000100          140.066000        30.801100        
1717846175        46.197700         45.330300         30.801000         20.710000         0.000100          139.976000        30.801100        
1717846185        46.197700         45.355800         30.801000         20.735900         0.000100          139.950000        30.801100        
1717846195        46.197700         44.431300         30.801000         19.766500         0.000100          140.913000        30.801100        
1717846205        46.197700         44.489900         30.801000         19.824700         0.000100          140.869000        30.801100        
1717846216        46.197700         44.515400         30.801000         19.850600         0.000100          140.842000        30.801100        
1717846226        46.197700         44.321900         30.801000         19.875700         0.000100          140.835000        30.801100        
1717846236        46.197700         44.921900         30.801000         20.496600         0.000100          140.191000        30.801100        
1717846247        46.197700         44.967300         30.801000         20.541800         0.000100          140.124000        30.801100        
1717846257        46.197700         43.598400         30.801000         19.927100         0.000100          140.720000        30.801100        
1717846267        46.197700         43.655600         30.801000         19.984300         0.000100          140.665000        30.801100        
1717846277        46.197700         43.728200         30.801000         20.057800         0.000100          140.591000        30.801100        
1717846288        46.197700         43.781800         30.801000         20.111000         0.000100          140.536000        30.801100        
1717846298        46.197700         43.831500         30.801000         20.160700         0.000100          140.487000        30.801100        
1717846308        46.197700         42.495400         30.801000         18.771900         0.000100          141.872000        30.801100        
1717846319        46.197700         42.562300         30.801000         18.839800         0.000100          141.800000        30.801100        
1717846329        46.197700         42.662500         30.801000         18.939700         0.000100          141.702000        30.801100        
1717846339        46.197700         41.790900         30.801000         18.018700         0.000100          142.618000        30.801100        
1717846349        46.197700         41.821400         30.801000         18.049100         0.000100          142.588000        30.801100        
1717846360        46.197700         41.894300         30.801000         18.121800         0.000100          142.515000        30.801100        
1717846370        46.197700         41.874700         30.801000         18.348500         0.000100          142.290000        30.801100        
1717846380        46.197700         42.312700         30.801000         18.766300         0.000100          141.846000        30.801100        
1717846390        46.197700         42.371300         30.801000         18.819100         0.000100          141.768000        30.801100        
1717846401        46.197700         41.210600         30.801000         18.384300         0.000100          142.220000        30.801100        
1717846411        46.197700         41.984400         30.801000         18.799300         0.000100          141.814000        30.801100        
1717846421        46.197700         42.674900         30.801000         19.487100         0.000100          141.136000        30.801100        
1717846432        46.197700         42.954200         30.801000         19.771700         0.000100          140.857000        30.801100        
1717846442        46.197700         43.008600         30.801000         19.826700         0.000100          140.811000        30.801100        
1717846452        46.197700         43.090600         30.801000         19.910400         0.000100          140.727000        30.801100        
1717846462        46.197700         43.177200         30.801000         19.995900         0.000100          140.642000        30.801100        
1717846473        46.197700         43.234000         30.801000         20.053000         0.000100          140.586000        30.801100        
1717846483        46.197700         43.276800         30.801000         20.095900         0.000100          140.542000        30.801100        
1717846493        46.197700         43.323900         30.801000         20.143000         0.000100          140.492000        30.801100        
1717846503        46.197700         43.403900         30.801000         20.221100         0.000100          140.415000        30.801100        
1717846514        46.197700         43.457500         30.801000         20.274900         0.000100          140.361000        30.801100        
1717846524        46.197700         43.540200         30.801000         20.357100         0.000100          140.276000        30.801100        
1717846534        46.197700         43.586900         30.801000         20.404200         0.000100          140.230000        30.801100        
1717846544        46.197700         43.640500         30.801000         20.457400         0.000100          140.177000        30.801100        
1717846555        46.197700         43.694000         30.801000         20.511600         0.000100          140.133000        30.801100        
1717846565        46.197700         43.734100         30.801000         20.552300         0.000100          140.093000        30.801100        
1717846575        46.197700         43.787700         30.801000         20.605600         0.000100          140.040000        30.801100        
1717846586        46.197700         43.864100         30.801000         20.681400         0.000100          139.966000        30.801100        
1717846596        46.197700         43.832600         30.801000         20.649800         0.000100          139.997000        30.801100        
1717846606        46.197700         43.879100         30.801000         20.697000         0.000100          139.980000        30.801100        
1717846616        46.197700         43.932700         30.801000         20.750700         0.000100          139.949000        30.801100        
1717846627        46.197700         43.989500         30.801000         20.806600         0.000100          139.889000        30.801100        
1717846637        46.197700         44.043100         30.801000         20.859800         0.000100          139.838000        30.801100        
1717846647        46.197700         41.097700         30.801000         19.156100         0.000100          141.536000        30.801100        
1717846657        46.197700         38.108500         30.801000         17.408300         0.000100          143.272000        30.801100        
1717846668        46.197700         40.413700         30.801000         18.788100         0.000100          141.879000        30.801100        
1717846678        46.197700         40.056700         30.801000         18.300700         0.000100          142.307000        30.801100        
1717846688        46.197700         41.162100         30.801000         19.072400         0.000100          141.535000        30.801100        
1717846698        46.197700         41.463000         30.801000         19.491400         0.000100          141.073000        30.801100        
1717846709        46.197700         42.073700         30.801000         20.077300         0.000100          140.476000        30.801100        
1717846719        46.197700         42.170800         30.801000         20.175300         0.000100          140.367000        30.801100        
1717846729        46.197700         42.276300         30.801000         20.269900         0.000100          140.234000        30.801100        
1717846740        46.197700         41.338400         30.801000         19.449300         0.000100          141.008000        30.801100        
1717846750        46.197700         42.184900         30.801000         20.040000         0.000100          140.417000        30.801100        
1717846760        46.197700         41.606400         30.801000         19.401600         0.000100          141.066000        30.801100        
1717846770        46.197700         40.699600         30.801000         18.558200         0.000100          141.885000        30.801100        
1717846781        46.197700         40.444800         30.801000         18.260300         0.000100          142.197000        30.801100        
1717846791        46.197700         41.013300         30.801000         18.822400         0.000100          141.648000        30.801100        
1717846801        46.197700         42.072300         30.801000         19.534800         0.000100          140.937000        30.801100        
1717846812        46.197700         41.130800         30.801000         18.953100         0.000100          141.504000        30.801100        
1717846822        46.197700         42.503700         30.801000         19.400100         0.000100          141.041000        30.801100        
1717846832        46.197700         40.012300         30.801000         18.278500         0.000100          142.114000        30.801100        
1717846842        46.197700         42.320500         30.801000         19.769000         0.000100          140.669000        30.801100        
1717846853        46.197700         42.670100         30.801000         20.110900         0.000100          140.362000        30.801100        
1717846863        46.197700         42.588700         30.801000         20.082400         0.000100          140.390000        30.801100        
1717846873        46.197700         41.862700         30.801000         19.376900         0.000100          141.090000        30.801100        
1717846884        46.197700         41.877100         30.801000         19.391600         0.000100          141.075000        30.801100        
1717846894        46.197700         43.220200         30.801000         20.149100         0.000100          140.318000        30.801100        
1717846904        46.197700         43.170300         30.801000         20.097800         0.000100          140.396000        30.801100        
1717846914        46.197700         42.722600         30.801000         20.178400         0.000100          140.301000        30.801100        
1717846925        46.197700         42.408100         30.801000         19.833400         0.000100          140.615000        30.801100        
1717846935        46.197700         39.610700         30.801000         18.314500         0.000100          142.130000        30.801100        
1717846945        46.197700         39.582500         30.801000         18.282000         0.000100          142.160000        30.801100        
1717846956        46.197700         36.374700         30.801000         16.302700         0.000100          143.758000        30.801100        
1717846966        46.197700         37.907900         30.801000         17.071600         0.000100          143.360000        30.801100        
1717846976        46.197700         38.137300         30.801000         17.246700         0.000100          143.093000        30.801100        
1717846986        46.197700         38.426400         30.801000         17.258800         0.000100          143.082000        30.801100        
1717846997        46.197700         39.489100         30.801000         18.169100         0.000100          142.114000        30.801100        
1717847007        46.197700         38.757000         30.801000         18.077200         0.000100          142.200000        30.801100        
1717847017        46.197700         40.415200         30.801000         19.014200         0.000100          141.258000        30.801100        
1717847028        46.197700         40.346600         30.801000         18.917600         0.000100          141.344000        30.801100        
1717847038        46.197700         40.750300         30.801000         19.329700         0.000100          140.887000        30.801100        
1717847048        46.197700         40.065400         30.801000         18.711400         0.000100          141.470000        30.801100        
1717847058        46.197700         39.110200         30.801000         18.261900         0.000100          141.904000        30.801100        
1717847069        46.197700         39.434900         30.801000         18.541100         0.000100          141.620000        30.801100        
1717847079        46.197700         39.773100         30.801000         18.830200         0.000100          141.309000        30.801100        
1717847089        46.197700         38.199900         30.801000         17.377200         0.000100          142.836000        30.801100        
1717847100        46.197700         39.807600         30.801000         18.372200         0.000100          141.801000        30.801100        
1717847110        46.197700         40.504400         30.801000         19.120200         0.000100          141.065000        30.801100        
1717847120        46.197700         40.014500         30.801000         19.117900         0.000100          141.052000        30.801100        
1717847130        46.197700         40.073900         30.801000         19.145300         0.000100          141.040000        30.801100        
1717847141        46.197700         38.593700         30.801000         18.429300         0.000100          141.739000        30.801100        
1717847151        46.197700         40.019700         30.801000         19.361200         0.000100          140.829000        30.801100        
1717847161        46.197700         38.709800         30.801000         18.387500         0.000100          141.791000        30.801100        
1717847172        46.197700         38.969100         30.801000         18.665700         0.000100          141.533000        30.801100        
1717847182        46.197700         40.356700         30.801000         18.640500         0.000100          141.560000        30.801100        
1717847192        46.197700         40.702600         30.801000         18.910300         0.000100          141.319000        30.801100        
1717847202        46.197700         41.306500         30.801000         18.960200         0.000100          141.265000        30.801100        
1717847213        46.197700         40.757600         30.801000         18.933100         0.000100          141.282000        30.801100        
1717847223        46.197700         40.566900         30.801000         18.712000         0.000100          141.500000        30.801100        
1717847233        46.197700         40.370300         30.801000         18.611000         0.000100          141.603000        30.801100        
1717847244        46.197700         40.815800         30.801000         18.992400         0.000100          141.215000        30.801100        
1717847254        46.197700         40.825100         30.801000         18.983800         0.000100          141.220000        30.801100        
1717847264        46.197700         40.915600         30.801000         19.110300         0.000100          141.093000        30.801100        
1717847275        46.197700         41.023900         30.801000         19.242800         0.000100          140.956000        30.801100        
1717847285        46.197700         39.663900         30.801000         18.565100         0.000100          141.512000        30.801100        
1717847295        46.197700         40.024600         30.801000         18.640000         0.000100          141.553000        30.801100        
1717847305        46.197700         41.428600         30.801000         19.304500         0.000100          140.888000        30.801100        
1717847316        46.197700         40.962000         30.801000         18.867700         0.000100          141.345000        30.801100        
1717847326        46.197700         42.033600         30.801000         19.986700         0.000100          140.227000        30.801100        
1717847336        46.197700         39.790800         30.801000         18.457200         0.000100          141.748000        30.801100        
1717847347        46.197700         41.196100         30.801000         19.242600         0.000100          140.956000        30.801100        
1717847357        46.197700         40.732700         30.801000         18.699300         0.000100          141.502000        30.801100        
1717847367        46.197700         41.518700         30.801000         19.626200         0.000100          140.762000        30.801100        
1717847377        46.197700         40.862000         30.801000         18.781500         0.000100          141.389000        30.801100        
1717847388        46.197700         41.179500         30.801000         19.137200         0.000100          141.061000        30.801100        
1717847398        46.197700         40.856500         30.801000         18.794600         0.000100          141.407000        30.801100        
1717847408        46.197700         39.702500         30.801000         18.501900         0.000100          141.683000        30.801100        
1717847418        46.197700         38.722900         30.801000         18.213800         0.000100          141.970000        30.801100        
1717847429        46.197700         39.941300         30.801000         18.675800         0.000100          141.512000        30.801100        
1717847439        46.197700         39.949600         30.801000         18.728700         0.000100          141.451000        30.801100        
1717847449        46.197700         39.955900         30.801000         18.674800         0.000100          141.509000        30.801100        
1717847460        46.197700         40.911200         30.801000         19.421600         0.000100          140.812000        30.801100        
1717847470        46.197700         40.739800         30.801000         19.308900         0.000100          140.853000        30.801100        
1717847480        46.197700         41.013500         30.801000         19.488900         0.000100          140.678000        30.801100        
1717847491        46.197700         40.826000         30.801000         19.444000         0.000100          140.724000        30.801100        
1717847501        46.197700         42.934300         30.801000         19.895000         0.000100          140.262000        30.801100        
1717847511        46.197700         42.505600         30.801000         20.294200         0.000100          139.823000        30.801100        
1717847521        46.197700         44.163500         30.801000         21.266900         0.000100          138.886000        30.801100        
1717847532        46.197700         44.163500         30.801000         21.267200         0.000100          138.883000        30.801100        
1717847542        46.197700         44.068100         30.801000         21.172900         0.000100          138.983000        30.801100        
1717847552        46.197700         44.068100         30.801000         21.172100         0.000100          138.982000        30.801100        
1717847562        46.197700         44.163500         30.801000         21.267500         0.000100          138.953000        30.801100        
1717847573        46.197700         44.163400         30.801000         21.269100         0.000100          139.009000        30.801100        
1717847583        46.197700         44.068000         30.801000         21.173800         0.000100          139.105000        30.801100        
1717847593        46.197700         44.113600         30.801000         21.233500         0.000100          139.047000        30.801100        
1717847604        46.197700         44.888000         30.801000         22.008800         0.000100          138.270000        30.801100        
1717847614        46.197700         44.904400         30.801000         22.028100         0.000100          138.257000        30.801100        
1717847624        46.197700         44.929400         30.801000         22.050900         0.000100          138.236000        30.801100        
1717847634        46.197700         44.950200         30.801000         22.071700         0.000100          138.212000        30.801100        
1717847645        46.197700         44.975300         30.801000         22.097600         0.000100          138.188000        30.801100        
1717847655        46.197700         44.559100         30.801000         21.414800         0.000100          138.870000        30.801100        
1717847665        46.197700         44.453700         30.801000         21.404100         0.000100          138.885000        30.801100        
1717847675        46.197700         44.545500         30.801000         21.465300         0.000100          138.830000        30.801100        
1717847686        46.197700         44.634200         30.801000         21.500200         0.000100          138.797000        30.801100        
1717847696        46.197700         44.654900         30.801000         21.490800         0.000100          138.808000        30.801100        
1717847706        46.197700         44.617500         30.801000         21.560000         0.000100          138.760000        30.801100        
1717847717        46.197700         44.644700         30.801000         21.560000         0.000100          138.757000        30.801100        
1717847727        46.197700         44.666000         30.801000         21.567500         0.000100          138.763000        30.801100        
1717847737        46.197700         44.693300         30.801000         21.613300         0.000100          138.711000        30.801100        
1717847747        46.197700         44.718300         30.801000         21.644600         0.000100          138.684000        30.801100        
1717847758        46.197700         44.614100         30.801000         21.626000         0.000100          138.713000        30.801100        
1717847768        46.197700         44.636900         30.801000         21.648500         0.000100          138.690000        30.801100        
1717847778        46.197700         44.662000         30.801000         21.686900         0.000100          138.658000        30.801100        
1717847788        46.197700         44.681800         30.801000         21.703200         0.000100          138.644000        30.801100        
1717847799        46.197700         44.670900         30.801000         21.744100         0.000100          138.598000        30.801100        
1717847809        46.197700         45.071000         30.801000         21.835000         0.000100          138.501000        30.801100        
1717847819        46.197700         45.160800         30.801000         21.874000         0.000100          138.464000        30.801100        
1717847829        46.197700         45.117900         30.801000         21.870100         0.000100          138.470000        30.801100        
1717847840        46.197700         43.880000         30.801000         21.702400         0.000100          138.634000        30.801100        
1717847850        48.393600         48.393600         30.801000         23.721400         0.000100          136.604000        30.801100        
1717847860        48.420400         48.420400         30.801000         23.749200         0.000100          136.573000        30.801100        
1717847871        48.454900         48.454900         30.801000         23.784100         0.000100          136.605000        30.801100        
1717847881        48.482200         48.482200         30.801000         23.811800         0.000100          136.613000        30.801100        
1717847891        48.498500         48.498500         30.801000         23.828300         0.000100          136.624000        30.801100        
1717847901        48.523600         48.523600         30.801000         23.853500         0.000100          136.602000        30.801100        
1717847912        48.550900         48.550900         30.801000         23.880200         0.000100          136.576000        30.801100        
1717847922        48.566600         48.566600         30.801000         23.894700         0.000100          136.562000        30.801100        
1717847932        48.677800         48.677800         30.801000         24.023900         0.000100          136.458000        30.801100        
1717847942        48.721100         48.721100         30.801000         24.067700         0.000100          136.414000        30.801100        
1717847953        48.768700         48.768700         30.801000         24.115800         0.000100          136.365000        30.801100        
1717847963        48.818400         48.818400         30.801000         24.164800         0.000100          136.311000        30.801100        
1717847973        48.860500         48.860500         30.801000         24.207000         0.000100          136.275000        30.801100        
1717847984        48.909200         48.909200         30.801000         24.257400         0.000100          136.232000        30.801100        
1717847994        48.957900         48.957900         30.801000         24.305200         0.000100          136.187000        30.801100        
1717848004        49.001100         49.001100         30.801000         24.348500         0.000100          136.143000        30.801100        
1717848014        49.048700         49.048700         30.801000         24.394800         0.000100          136.098000        30.801100        
1717848025        49.098400         49.098400         30.801000         24.446300         0.000100          136.048000        30.801100        
1717848035        49.134100         49.134100         30.801000         24.481500         0.000100          136.014000        30.801100        
1717848045        49.195300         49.195300         30.801000         24.541200         0.000100          135.951000        30.801100        
1717848055        49.243500         49.243500         30.801000         24.591400         0.000100          135.904000        30.801100        
1717848066        49.292800         49.292800         30.801000         24.639600         0.000100          135.857000        30.801100        
1717848076        49.346800         49.346800         30.801000         24.694100         0.000100          135.807000        30.801100        
1717848086        49.396600         49.396600         30.801000         24.742900         0.000100          135.771000        30.801100        
1717848097        49.438700         49.438700         30.801000         24.785600         0.000100          135.729000        30.801100        
1717848107        49.487400         49.487400         30.801000         24.834400         0.000100          135.680000        30.801100        
1717848117        49.487400         49.037400         30.801000         24.385100         0.000100          136.132000        30.801100        
1717848127        49.487400         49.180300         30.801000         24.528200         0.000100          135.818000        30.801100        
1717848138        49.487400         48.470500         30.801000         23.820400         0.000100          136.508000        30.801100        
1717848148        49.487400         48.512600         30.801000         23.863800         0.000100          136.474000        30.801100        
1717848158        49.487400         48.657700         30.801000         24.008600         0.000100          136.329000        30.801100        
1717848169        49.487400         48.706300         30.801000         24.057000         0.000100          136.294000        30.801100        
1717848179        49.487400         48.659600         30.801000         24.010500         0.000100          136.346000        30.801100        
1717848189        49.487400         48.878900         30.801000         24.214600         0.000100          136.133000        30.801100        
1717848199        49.487400         49.022900         30.801000         24.358800         0.000100          135.992000        30.801100        
1717848210        49.487400         49.019000         30.801000         24.363800         0.000100          135.989000        30.801100        
1717848220        49.487400         49.055100         30.801000         24.401600         0.000100          135.952000        30.801100        
1717848230        49.487400         49.130500         30.801000         24.477300         0.000100          135.881000        30.801100        
1717848241        49.487400         49.281400         30.801000         24.626900         0.000100          135.729000        30.801100        
1717848251        49.487400         49.330000         30.801000         24.677400         0.000100          135.677000        30.801100        
1717848261        49.487400         49.305700         30.801000         24.652000         0.000100          135.705000        30.801100        
1717848271        49.487400         49.455100         30.801000         24.800400         0.000100          135.551000        30.801100        
1717848282        49.660700         49.660700         30.801000         25.008200         0.000100          135.358000        30.801100        
1717848292        49.709400         49.709400         30.801000         25.054500         0.000100          135.307000        30.801100        
1717848302        49.709400         49.669900         30.801000         25.016600         0.000100          135.355000        30.801100        
1717848313        49.718500         49.718500         30.801000         25.065500         0.000100          135.306000        30.801100        
1717848323        49.863600         49.863600         30.801000         25.211600         0.000100          135.171000        30.801100        
1717848333        49.863600         46.730000         30.801000         23.314700         0.000100          137.100000        30.801100        
1717848343        49.863600         46.670400         30.801000         23.254200         0.000100          137.164000        30.801100        
1717848354        49.863600         46.708300         30.801000         23.293400         0.000100          137.125000        30.801100        
1717848364        49.863600         46.844600         30.801000         23.429500         0.000100          136.987000        30.801100        
1717848374        49.863600         46.879200         30.801000         23.463600         0.000100          136.954000        30.801100        
1717848385        49.863600         46.818600         30.801000         23.401700         0.000100          137.014000        30.801100        
1717848395        49.863600         46.859700         30.801000         23.443100         0.000100          136.976000        30.801100        
1717848405        49.863600         46.999300         30.801000         23.581000         0.000100          136.950000        30.801100        
1717848416        49.863600         47.033900         30.801000         23.617800         0.000100          136.917000        30.801100        
1717848426        49.863600         43.219300         30.801000         21.073000         0.000100          139.448000        30.801100        
1717848436        49.863600         44.207900         30.801000         21.147600         0.000100          139.136000        30.801100        
1717848446        49.863600         45.091000         30.801000         21.732500         0.000100          138.497000        30.801100        
1717848457        49.863600         45.983500         30.801000         22.332400         0.000100          137.908000        30.801100        
1717848467        49.863600         46.240600         30.801000         22.653300         0.000100          137.527000        30.801100        
1717848477        49.863600         46.755500         30.801000         23.152300         0.000100          137.017000        30.801100        
1717848487        49.863600         47.033300         30.801000         23.431100         0.000100          136.711000        30.801100        
1717848498        49.863600         47.569100         30.801000         23.887800         0.000100          136.249000        30.801100        
1717848508        49.863600         47.444600         30.801000         23.695300         0.000100          136.406000        30.801100        
1717848518        49.863600         45.960400         30.801000         22.955500         0.000100          137.100000        30.801100        
1717848529        49.863600         48.102100         30.801000         24.322000         0.000100          135.735000        30.801100        
1717848539        49.863600         48.297600         30.801000         24.516400         0.000100          135.536000        30.801100        
1717848549        49.863600         48.345900         30.801000         24.565000         0.000100          135.490000        30.801100        
1717848559        49.863600         46.361800         30.801000         23.364600         0.000100          136.680000        30.801100        
1717848570        49.863600         47.388100         30.801000         23.627900         0.000100          136.424000        30.801100        
1717848580        49.863600         47.727400         30.801000         23.970100         0.000100          136.073000        30.801100        
1717848590        49.863600         47.934300         30.801000         24.123600         0.000100          135.941000        30.801100        
1717848601        49.863600         47.297600         30.801000         23.471300         0.000100          136.607000        30.801100        
1717848611        49.863600         47.551300         30.801000         23.884300         0.000100          136.216000        30.801100        
1717848621        49.863600         48.237200         30.801000         24.589400         0.000100          135.456000        30.801100        
1717848631        49.863600         47.983500         30.801000         24.391200         0.000100          135.676000        30.801100        
1717848642        49.863600         47.485100         30.801000         23.914400         0.000100          136.143000        30.801100        
1717848652        49.863600         47.541200         30.801000         23.971100         0.000100          136.067000        30.801100        
1717848662        49.863600         47.604900         30.801000         24.015100         0.000100          136.047000        30.801100        
1717848673        49.863600         44.661500         30.801000         22.272200         0.000100          137.790000        30.801100        
1717848683        49.863600         44.756900         30.801000         22.368500         0.000100          137.691000        30.801100        
1717848693        49.863600         44.708100         30.801000         22.327800         0.000100          137.732000        30.801100        
1717848703        49.863600         44.476500         30.801000         22.106200         0.000100          137.956000        30.801100        
1717848714        49.863600         41.278100         30.801000         20.163000         0.000100          139.881000        30.801100        
1717848724        49.863600         43.946700         30.801000         21.935200         0.000100          138.141000        30.801100        
1717848734        49.863600         43.507000         30.801000         21.345600         0.000100          138.582000        30.801100        
1717848744        49.863600         44.277100         30.801000         21.862600         0.000100          138.070000        30.801100        
1717848755        49.863600         44.950900         30.801000         22.501000         0.000100          137.383000        30.801100        
1717848765        49.863600         45.733100         30.801000         23.266800         0.000100          136.604000        30.801100        
1717848775        49.863600         45.572700         30.801000         23.105600         0.000100          136.767000        30.801100        
1717848786        49.863600         45.797400         30.801000         23.278400         0.000100          136.584000        30.801100        
1717848796        49.863600         44.998900         30.801000         22.536000         0.000100          137.290000        30.801100        
1717848806        49.863600         45.634200         30.801000         23.048800         0.000100          136.750000        30.801100        
1717848816        49.863600         45.994600         30.801000         23.349100         0.000100          136.420000        30.801100        
1717848827        49.863600         45.828400         30.801000         23.362600         0.000100          136.405000        30.801100        
1717848837        49.863600         46.069600         30.801000         23.594300         0.000100          136.168000        30.801100        
1717848847        49.863600         45.053100         30.801000         22.580700         0.000100          137.172000        30.801100        
1717848858        49.863600         45.255600         30.801000         22.742900         0.000100          137.028000        30.801100        
1717848868        49.863600         46.162100         30.801000         23.068300         0.000100          136.729000        30.801100        
1717848878        49.863600         45.826300         30.801000         23.220000         0.000100          136.570000        30.801100        
1717848888        49.863600         44.666200         30.801000         22.496400         0.000100          137.301000        30.801100        
1717848899        49.863600         44.959600         30.801000         22.714800         0.000100          137.102000        30.801100        
1717848909        49.863600         45.018500         30.801000         22.848300         0.000100          136.940000        30.801100        
1717848919        49.863600         44.361600         30.801000         22.132900         0.000100          137.585000        30.801100        
1717848929        49.863600         45.441400         30.801000         23.158400         0.000100          136.658000        30.801100        
1717848940        49.863600         44.665400         30.801000         22.421000         0.000100          137.374000        30.801100        
1717848950        49.863600         44.884100         30.801000         22.579800         0.000100          137.225000        30.801100        
1717848960        49.863600         44.803400         30.801000         22.498800         0.000100          137.309000        30.801100        
1717848971        49.863600         44.676600         30.801000         22.375300         0.000100          137.428000        30.801100        
1717848981        49.863600         44.757300         30.801000         22.457100         0.000100          137.344000        30.801100        
1717848991        49.863600         44.805300         30.801000         22.529400         0.000100          137.276000        30.801100        
1717849001        49.863600         44.723800         30.801000         22.447900         0.000100          137.357000        30.801100        
1717849012        49.863600         44.723800         30.801000         22.447900         0.000100          137.356000        30.801100        
1717849022        49.863600         44.729700         30.801000         22.454200         0.000100          137.348000        30.801100        
1717849032        49.863600         44.761700         30.801000         22.471200         0.000100          137.331000        30.801100        
1717849042        49.863600         44.641900         30.801000         22.366200         0.000100          137.440000        30.801100        
1717849053        49.863600         44.816600         30.801000         22.540500         0.000100          137.264000        30.801100        
1717849063        49.863600         44.979500         30.801000         22.704100         0.000100          137.100000        30.801100        
1717849073        49.863600         45.450100         30.801000         23.174600         0.000100          136.632000        30.801100        
1717849083        49.863600         45.416400         30.801000         23.140500         0.000100          136.664000        30.801100        
1717849094        49.863600         45.624200         30.801000         23.348400         0.000100          136.460000        30.801100        
1717849104        49.863600         46.431200         30.801000         24.155700         0.000100          136.050000        30.801100        
1717849114        49.863600         45.739200         30.801000         23.382800         0.000100          136.360000        30.801100        
1717849125        49.863600         45.497100         30.801000         23.221300         0.000100          136.584000        30.801100        
1717849135        49.863600         45.704900         30.801000         23.437200         0.000100          136.371000        30.801100        
1717849145        49.863600         45.643700         30.801000         23.374700         0.000100          136.433000        30.801100        
1717849155        49.863600         45.449400         30.801000         23.180100         0.000100          136.627000        30.801100        
1717849166        49.863600         45.642200         30.801000         23.365400         0.000100          136.440000        30.801100        
1717849176        49.863600         45.802100         30.801000         23.532900         0.000100          136.270000        30.801100        
1717849186        49.863600         45.893400         30.801000         23.618500         0.000100          136.184000        30.801100        
1717849196        49.863600         44.863900         30.801000         22.767800         0.000100          137.029000        30.801100        
1717849207        49.863600         44.983300         30.801000         22.889600         0.000100          136.908000        30.801100        
1717849217        49.863600         45.219500         30.801000         23.116000         0.000100          136.676000        30.801100        
1717849227        49.863600         45.176500         30.801000         23.096100         0.000100          137.301000        30.801100        
1717849237        49.863600         44.350400         30.801000         22.444600         0.000100          137.340000        30.801100        
1717849248        49.863600         44.431100         30.801000         22.525200         0.000100          137.258000        30.801100        
1717849259        49.863600         44.235400         30.801000         22.330400         0.000100          137.430000        30.801100        
1717849269        49.863600         42.667800         30.801000         21.261200         0.000100          138.357000        30.801100        
1717849279        49.863600         43.519400         30.801000         21.730000         0.000100          137.623000        30.801100        
1717849289        49.863600         43.282500         30.801000         21.670500         0.000100          137.685000        30.801100        
1717849300        49.863600         43.732400         30.801000         22.096600         0.000100          137.195000        30.801100        
1717849310        49.863600         43.328900         30.801000         21.746100         0.000100          137.611000        30.801100        
1717849320        49.863600         42.960800         30.801000         21.463500         0.000100          137.857000        30.801100        
1717849330        49.863600         42.960800         30.801000         21.468700         0.000100          137.865000        30.801100        
1717849341        49.863600         42.824600         30.801000         21.419800         0.000100          137.962000        30.801100        
1717849351        49.863600         42.871000         30.801000         21.471600         0.000100          137.900000        30.801100        
1717849361        49.863600         43.185700         30.801000         21.786500         0.000100          137.602000        30.801100        
1717849371        49.863600         34.539400         30.801000         17.800700         0.000100          143.148000        30.801100        
1717849382        49.863600         34.681100         30.801000         17.941900         0.000100          143.019000        30.801100        
1717849392        49.863600         34.681100         30.801000         17.941900         0.000100          143.018000        30.801100        
1717849402        49.863600         34.539400         30.801000         17.800100         0.000100          143.163000        30.801100        
1717849412        49.863600         34.458700         30.801000         17.719600         0.000100          143.244000        30.801100        
1717849423        49.863600         34.681100         30.801000         17.942100         0.000100          143.024000        30.801100        
1717849433        49.863600         34.766900         30.801000         18.027900         0.000100          142.940000        30.801100        
1717849443        49.863600         34.544400         30.801000         17.805100         0.000100          143.161000        30.801100        
1717849453        49.863600         34.463700         30.801000         17.724000         0.000100          143.240000        30.801100        
1717849464        49.863600         34.686200         30.801000         17.947000         0.000100          143.041000        30.801100        
1717849474        49.863600         34.766900         30.801000         18.028200         0.000100          142.972000        30.801100        
1717849484        49.863600         34.544400         30.801000         17.805000         0.000100          143.194000        30.801100        
1717849494        49.863600         34.463700         30.801000         17.724600         0.000100          143.276000        30.801100        
1717849505        49.863600         34.766900         30.801000         17.991300         0.000100          143.041000        30.801100        
1717849515        49.863600         34.766900         30.801000         18.028200         0.000100          142.972000        30.801100        
1717849525        49.863600         34.465200         30.801000         17.726300         0.000100          143.276000        30.801100        
1717849535        49.863600         34.471200         30.801000         17.732200         0.000100          143.271000        30.801100        
1717849546        49.863600         34.774300         30.801000         18.035800         0.000100          142.967000        30.801100        
1717849556        49.863600         34.774300         30.801000         18.035800         0.000100          142.969000        30.801100        
1717849566        49.863600         34.152800         30.801000         17.414200         0.000100          143.587000        30.801100        
1717849576        49.863600         32.746500         30.801000         16.506700         0.000100          144.331000        30.801100        
1717849586        49.863600         32.969000         30.801000         16.729200         0.000100          142.950000        30.801100        
1717849597        49.863600         33.629000         30.801000         17.181600         0.000100          143.385000        30.801100        
1717849607        49.863600         33.406600         30.801000         16.974200         0.000100          143.590000        30.801100        
1717849617        49.863600         33.406600         30.801000         16.988000         0.000100          143.576000        30.801100        
1717849627        49.863600         33.304100         30.801000         16.971800         0.000100          143.991000        30.801100        
1717849638        49.863600         33.304100         30.801000         16.976200         0.000100          143.986000        30.801100        
1717849648        49.863600         33.081700         30.801000         16.759500         0.000100          144.205000        30.801100        
1717849658        49.863600         32.981700         30.801000         16.745600         0.000100          144.176000        30.801100        
1717849668        49.863600         33.245800         30.801000         17.009700         0.000100          143.912000        30.801100        
1717849679        49.863600         24.297000         30.801000         12.684900         0.000000          149.395000        30.801100        
1717849689        49.863600         24.074600         30.801000         12.461700         0.000000          149.626000        30.801100        
1717849699        49.863600         24.074600         30.801000         12.461900         0.000000          149.626000        30.801100        
1717849709        49.863600         24.297000         30.801000         12.684800         0.000000          149.405000        30.801100        
1717849720        49.863600         24.302900         30.801000         12.690700         0.000000          149.403000        30.801100        
1717849730        49.863600         24.080500         30.801000         12.407400         0.000000          149.655000        30.801100        
1717849740        49.863600         24.086500         30.801000         12.474100         0.000000          149.615000        30.801100        
1717849750        49.863600         24.309000         30.801000         12.696800         0.000000          149.399000        30.801100        
1717849760        49.863600         24.314900         30.801000         12.702900         0.000000          149.389000        30.801100        
1717849771        49.863600         25.045800         30.801000         13.275800         0.000000          148.799000        30.801100        
1717849781        49.863600         24.092500         30.801000         12.480500         0.000000          149.619000        30.801100        
1717849791        49.863600         24.314900         30.801000         12.695700         0.000000          149.483000        30.801100        
1717849801        49.863600         24.314900         30.801000         12.702800         0.000000          149.475000        30.801100        
1717849812        49.863600         24.473800         30.801000         12.861700         0.000000          149.319000        30.801100        
1717849822        49.863600         24.098500         30.801000         12.486500         0.000000          149.704000        30.801100        
1717849832        49.863600         24.225600         30.801000         12.613500         0.000000          149.580000        30.801100        
1717849842        49.863600         24.320900         30.801000         12.708900         0.000000          149.483000        30.801100        
1717849852        49.863600         24.193800         30.801000         12.581600         0.000000          149.611000        30.801100        
1717849863        49.863600         24.098500         30.801000         12.486300         0.000000          149.704000        30.801100        
1717849873        49.863600         24.225600         30.801000         12.613500         0.000000          149.578000        30.801100        
1717849883        49.863600         24.320900         30.801000         12.708800         0.000000          149.488000        30.801100        
1717849893        49.863600         23.679100         30.801000         12.067000         0.000000          150.129000        30.801100        
1717849904        49.863600         23.685100         30.801000         12.073700         0.000000          149.975000        30.801100        
1717849914        49.863600         23.026400         30.801000         11.417700         0.000000          150.595000        30.801100        
1717849924        49.863600         23.121700         30.801000         11.513000         0.000000          150.500000        30.801100        
1717849935        49.863600         23.121700         30.801000         11.513000         0.000000          150.500000        30.801100        
1717849945        49.863600         23.032300         30.801000         11.423600         0.000000          150.590000        30.801100        
1717849955        49.863600         22.201500         30.801000         11.087500         0.000000          150.898000        30.801100        
1717849965        49.863600         23.304500         30.801000         11.682100         0.000000          150.333000        30.801100        
1717849976        49.863600         23.250700         30.801000         11.633500         0.000000          150.380000        30.801100        
1717849986        49.863600         23.237200         30.801000         11.623800         0.000000          150.392000        30.801100        
1717849996        49.863600         23.257500         30.801000         11.644100         0.000000          150.370000        30.801100        
1717850006        49.863600         23.352900         30.801000         11.740500         0.000000          150.275000        30.801100        
1717850016        49.863600         23.358800         30.801000         11.746600         0.000000          150.269000        30.801100        
1717850027        49.863600         23.263500         30.801000         11.651300         0.000000          150.365000        30.801100        
1717850037        49.863600         23.443100         30.801000         11.830000         0.000000          150.186000        30.801100        
1717850047        49.863600         23.535100         30.801000         11.922000         0.000000          150.095000        30.801100        
1717850057        49.863600         23.535100         30.801000         11.922900         0.000000          150.094000        30.801100        
1717850068        49.863600         23.439700         30.801000         11.827400         0.000000          150.191000        30.801100        
1717850078        49.863600         23.439700         30.801000         11.827500         0.000000          150.189000        30.801100        
1717850088        49.863600         23.535100         30.801000         11.922700         0.000000          150.094000        30.801100        
1717850098        49.863600         23.541000         30.801000         11.928800         0.000000          150.089000        30.801100        
1717850108        49.863600         23.445700         30.801000         11.833300         0.000000          150.186000        30.801100        
1717850119        49.863600         23.445700         30.801000         11.833500         0.000000          150.185000        30.801100        
1717850129        49.863600         23.541000         30.801000         11.928700         0.000000          150.090000        30.801100        
1717850139        49.863600         23.541000         30.801000         11.928700         0.000000          150.087000        30.801100        
1717850149        49.863600         23.451600         30.801000         11.839200         0.000000          150.187000        30.801100        
1717850159        49.863600         23.457500         30.801000         11.846000         0.000000          150.180000        30.801100        
1717850170        49.863600         23.552800         30.801000         11.941500         0.000000          150.084000        30.801100        
1717850180        49.863600         23.552800         30.801000         11.941500         0.000000          150.084000        30.801100        
1717850190        49.863600         22.910500         30.801000         11.330900         0.000000          150.696000        30.801100        
1717850200        49.863600         23.005900         30.801000         11.427300         0.000000          150.454000        30.801100        
1717850211        49.863600         22.365600         30.801000         10.782300         0.000000          151.073000        30.801100        
1717850221        49.863600         22.365600         30.801000         10.782300         0.000000          151.071000        30.801100        
1717850231        49.863600         22.365600         30.801000         10.782300         0.000000          151.069000        30.801100        
1717850241        49.863600         22.365600         30.801000         10.782300         0.000000          151.068000        30.801100        
1717850251        49.863600         22.365600         30.801000         10.782300         0.000000          151.065000        30.801100        
1717850262        49.863600         22.535200         30.801000         10.940000         0.000000          150.912000        30.801100        
1717850272        49.863600         22.482600         30.801000         10.895500         0.000000          151.038000        30.801100        
1717850282        49.863600         22.987000         30.801000         11.400000         0.000000          150.536000        30.801100        
1717850292        49.863600         23.095500         30.801000         11.510700         0.000000          150.428000        30.801100        
1717850303        49.863600         23.188000         30.801000         11.603200         0.000000          150.332000        30.801100        
1717850313        49.863600         23.833700         30.801000         12.144200         0.000000          149.767000        30.801100        
1717850323        49.863600         23.040100         30.801000         11.456200         0.000000          150.477000        30.801100        
1717850333        49.863600         23.273900         30.801000         11.689800         0.000000          150.247000        30.801100        
1717850343        49.863600         23.290700         30.801000         11.707000         0.000000          150.228000        30.801100        
1717850354        49.863600         23.276500         30.801000         11.692400         0.000000          150.241000        30.801100        
1717850364        49.863600         23.276500         30.801000         11.692700         0.000000          150.242000        30.801100        
1717850374        49.863600         23.363100         30.801000         11.779300         0.000000          150.154000        30.801100        
1717850384        49.863600         23.363100         30.801000         11.779300         0.000000          150.154000        30.801100        
1717850395        49.863600         23.282400         30.801000         11.698400         0.000000          150.236000        30.801100        
1717850405        49.863600         23.282400         30.801000         11.698400         0.000000          150.236000        30.801100        
1717850415        49.863600         23.369000         30.801000         11.785200         0.000000          150.152000        30.801100        
1717850425        49.863600         23.288300         30.801000         11.704300         0.000000          150.232000        30.801100        
1717850435        49.863600         23.288300         30.801000         11.704500         0.000000          150.232000        30.801100        
1717850446        49.863600         23.369000         30.801000         11.785200         0.000000          150.151000        30.801100        
1717850456        49.863600         23.369000         30.801000         11.785200         0.000000          150.151000        30.801100        
1717850466        49.863600         23.288300         30.801000         11.704500         0.000000          150.233000        30.801100        
1717850476        49.863600         23.294200         30.801000         11.710400         0.000000          150.224000        30.801100        
1717850486        49.863600         23.374900         30.801000         11.791100         0.000000          150.143000        30.801100        
1717850497        49.863600         23.374900         30.801000         11.791200         0.000000          150.143000        30.801100        
1717850507        49.863600         23.294200         30.801000         11.710300         0.000000          150.223000        30.801100        
1717850517        49.863600         23.374900         30.801000         11.791200         0.000000          150.144000        30.801100        
1717850527        49.863600         23.374900         30.801000         11.791200         0.000000          150.239000        30.801100        
1717850537        49.863600         23.294200         30.801000         11.710500         0.000000          150.316000        30.801100        
1717850548        49.863600         23.300300         30.801000         11.716600         0.000000          150.312000        30.801100        
1717850558        49.863600         23.381000         30.801000         11.797300         0.000000          150.233000        30.801100        
1717850568        49.863600         23.381000         30.801000         11.797300         0.000000          150.231000        30.801100        
1717850578        49.863600         23.306200         30.801000         11.722300         0.000000          150.305000        30.801100        
1717850589        49.863600         23.810600         30.801000         12.226800         0.000000          149.803000        30.801100        
1717850599        49.863600         23.891300         30.801000         12.307700         0.000000          149.722000        30.801100        
1717850609        49.863600         24.634600         30.801000         12.911200         0.000000          149.084000        30.801100        
1717850619        49.863600         23.760300         30.801000         12.176500         0.000000          149.853000        30.801100        
1717850629        49.863600         23.841000         30.801000         12.257400         0.000000          149.772000        30.801100        
1717850640        49.863600         23.975500         30.801000         12.391700         0.000000          149.638000        30.801100        
1717850650        49.863600         23.894800         30.801000         12.310800         0.000000          149.718000        30.801100        
1717850660        49.863600         23.814100         30.801000         12.230200         0.000000          149.801000        30.801100        
1717850670        49.863600         23.894800         30.801000         12.311100         0.000000          149.714000        30.801100        
1717850680        49.863600         24.145000         30.801000         12.547100         0.000000          149.479000        30.801100        
1717850691        49.863600         23.211700         30.801000         11.809100         0.000000          150.211000        30.801100        
1717850701        49.863600         23.130900         30.801000         11.728200         0.000000          150.295000        30.801100        
1717850711        49.863600         23.211700         30.801000         11.809100         0.000000          150.215000        30.801100        
1717850721        49.863600         23.211700         30.801000         11.808700         0.000000          150.213000        30.801100        
1717850732        49.863600         23.130900         30.801000         11.728000         0.000000          150.294000        30.801100        
1717850742        49.863600         23.211700         30.801000         11.808900         0.000000          150.208000        30.801100        
1717850752        49.863600         23.441400         30.801000         12.027500         0.000000          149.988000        30.801100        
1717850763        49.863600         22.530400         30.801000         11.307900         0.000000          150.697000        30.801100        
1717850773        49.863600         22.455700         30.801000         11.233300         0.000000          150.770000        30.801100        
1717850783        49.863600         22.536400         30.801000         11.314300         0.000000          150.689000        30.801100        
1717850793        49.863600         22.617100         30.801000         11.395100         0.000000          150.608000        30.801100        
1717850803        49.863600         23.107400         30.801000         11.885000         0.000000          150.117000        30.801100        
1717850814        49.863600         22.542500         30.801000         11.320500         0.000000          150.683000        30.801100        
1717850824        49.863600         22.623200         30.801000         11.401200         0.000000          150.603000        30.801100        
1717850834        49.863600         22.542500         30.801000         11.320500         0.000000          150.685000        30.801100        
1717850844        49.863600         22.461800         30.801000         11.239500         0.000000          150.762000        30.801100        
1717850854        49.863600         22.542500         30.801000         11.320200         0.000000          150.682000        30.801100        
1717850865        49.863600         22.623200         30.801000         11.400900         0.000000          150.600000        30.801100        
1717850875        49.863600         22.542500         30.801000         11.320300         0.000000          150.682000        30.801100        
1717850885        49.863600         22.461800         30.801000         11.239600         0.000000          150.766000        30.801100        
1717850895        49.863600         22.542500         30.801000         11.320300         0.000000          150.685000        30.801100        
1717850905        49.863600         22.865300         30.801000         11.641800         0.000000          150.360000        30.801100        
1717850916        49.863600         22.461800         30.801000         11.239400         0.000000          150.765000        30.801100        
1717850926        49.863600         22.542500         30.801000         11.320300         0.000000          150.683000        30.801100        
1717850936        49.863600         22.623200         30.801000         11.401200         0.000000          150.604000        30.801100        
1717850946        49.863600         22.542500         30.801000         11.320500         0.000000          150.687000        30.801100        
1717850957        49.863600         22.461800         30.801000         11.241100         0.000000          150.761000        30.801100        
1717850967        49.863600         22.542500         30.801000         11.321800         0.000000          150.677000        30.801100        
1717850977        49.863600         22.800400         30.801000         11.572700         0.000000          150.423000        30.801100        
1717850987        49.863600         21.860800         30.801000         10.814700         0.000000          151.178000        30.801100        
1717850997        49.863600         21.780100         30.801000         10.734000         0.000000          151.255000        30.801100        
1717851008        49.863600         22.163600         30.801000         11.108100         0.000000          150.880000        30.801100        
1717851018        49.863600         21.501900         30.801000         10.638700         0.000000          151.341000        30.801100        
1717851028        49.863600         20.856200         30.801000         9.994140          0.000000          151.899000        30.801100        
1717851038        49.863600         19.369300         30.801000         9.006460          0.000000          152.276000        30.801100        
1717851049        49.863600         20.110000         30.801000         9.531840          0.000000          152.020000        30.801100        
1717851059        49.863600         20.110000         30.801000         9.546130          0.000000          152.004000        30.801100        
1717851069        49.863600         20.029300         30.801000         9.479100          0.000000          152.072000        30.801100        
1717851079        49.863600         20.029300         30.801000         9.495220          0.000000          152.022000        30.801100        
1717851089        49.863600         19.772600         30.801000         9.317410          0.000000          152.196000        30.801100        
1717851100        49.863600         19.772600         30.801000         9.321400          0.000000          152.193000        30.801100        
1717851110        49.863600         19.538700         30.801000         9.160290          0.000000          152.318000        30.801100        
1717851120        49.863600         20.283500         30.801000         9.368340          0.000000          152.128000        30.801100        
1717851130        49.863600         19.410300         30.801000         9.047980          0.000000          152.427000        30.801100        
1717851140        49.863600         11.202100         30.801000         5.309090          0.000000          157.259000        30.801100        
1717851151        49.863600         11.202100         30.801000         5.309090          0.000000          157.260000        30.801100        
1717851161        49.863600         11.282800         30.801000         5.389790          0.000000          157.184000        30.801100        
1717851171        49.863600         11.282800         30.801000         5.389790          0.000000          157.185000        30.801100        
1717851181        49.863600         11.202100         30.801000         5.309090          0.000000          157.267000        30.801100        
1717851191        49.863600         11.202100         30.801000         5.309090          0.000000          157.267000        30.801100        
1717851202        49.863600         11.282800         30.801000         5.389790          0.000000          157.188000        30.801100        
1717851212        49.863600         11.282800         30.801000         5.389790          0.000000          157.186000        30.801100        
1717851222        49.863600         11.202100         30.801000         5.309090          0.000000          157.268000        30.801100        
1717851232        49.863600         11.202100         30.801000         5.309010          0.000000          157.270000        30.801100        
1717851242        49.863600         11.282800         30.801000         5.389710          0.000000          157.188000        30.801100        
1717851252        49.863600         11.202100         30.801000         5.308860          0.000000          157.269000        30.801100        
1717851263        49.863600         11.202100         30.801000         5.309090          0.000000          157.268000        30.801100        
1717851273        49.863600         11.282800         30.801000         5.389790          0.000000          157.187000        30.801100        
1717851283        49.863600         11.282800         30.801000         5.389790          0.000000          157.188000        30.801100        
1717851293        49.863600         11.202100         30.801000         5.309090          0.000000          157.269000        30.801100        
1717851303        49.863600         11.202100         30.801000         5.309090          0.000000          157.270000        30.801100        
1717851314        49.863600         11.282800         30.801000         5.389790          0.000000          157.189000        30.801100        
1717851324        49.863600         11.282800         30.801000         5.389790          0.000000          157.189000        30.801100        
1717851334        49.863600         10.960000         30.801000         5.067780          0.000000          157.459000        30.801100        
1717851344        49.863600         9.473080          30.801000         4.076950          0.000000          158.341000        30.801100        
1717851354        49.863600         10.133100         30.801000         4.518080          0.000000          157.217000        30.801100        
1717851365        49.863600         10.133100         30.801000         4.536020          0.000000          157.622000        30.801100        
1717851375        49.863600         10.133100         30.801000         4.547740          0.000000          157.611000        30.801100        
1717851385        49.863600         10.133100         30.801000         4.563360          0.000000          157.596000        30.801100        
1717851395        49.863600         9.811450          30.801000         4.328850          0.000000          157.796000        30.801100        
1717851405        49.863600         9.811450          30.801000         4.334710          0.000000          157.788000        30.801100        
1717851415        49.863600         9.489880          30.801000         4.100640          0.000000          157.987000        30.801100        
1717851426        49.863600         9.663470          30.801000         4.282940          0.000000          157.798000        30.801100        
1717851436        49.863600         9.394490          30.801000         4.014230          0.000000          158.063000        30.801100        
1717851446        49.863600         0.109676          30.801000         0.003216          0.000000          163.140000        30.801100        
1717851456        49.863600         0.109676          30.801000         0.003216          0.000000          163.155000        30.801100        
1717851466        49.863600         0.109676          30.801000         0.003216          0.000000          163.156000        30.801100        
1717851477        49.863600         0.109676          30.801000         0.003216          0.000000          163.157000        30.801100        
1717851487        49.863600         0.109676          30.801000         0.003216          0.000000          163.159000        30.801100        
1717851497        49.863600         0.109676          30.801000         0.003216          0.000000          163.159000        30.801100        
1717851507        49.863600         0.109676          30.801000         0.003216          0.000000          163.158000        30.801100        
1717851517        49.863600         0.109676          30.801000         0.003216          0.000000          163.160000        30.801100        
1717851527        49.863600         0.109676          30.801000         0.003216          0.000000          163.158000        30.801100        
1717851538        49.863600         0.109676          30.801000         0.003216          0.000000          163.159000        30.801100        
1717851548        49.863600         0.109676          30.801000         0.003216          0.000000          163.158000        30.801100        
1717851558        49.863600         0.109676          30.801000         0.003216          0.000000          163.160000        30.801100        
1717851568        49.863600         0.109676          30.801000         0.003216          0.000000          163.159000        30.801100        
1717851578        49.863600         0.109676          30.801000         0.003216          0.000000          163.160000        30.801100        
1717851588        49.863600         0.109676          30.801000         0.003216          0.000000          163.160000        30.801100        
1717851599        49.863600         0.109676          30.801000         0.003216          0.000000          163.160000        30.801100        
1717851609        49.863600         0.109676          30.801000         0.003216          0.000000          163.159000        30.801100        
1717851619        49.863600         0.109676          30.801000         0.003216          0.000000          163.161000        30.801100        
1717851629        49.863600         0.109676          30.801000         0.003216          0.000000          163.160000        30.801100        
1717851639        49.863600         0.109676          30.801000         0.003216          0.000000          163.160000        30.801100        
1717851649        49.863600         0.109676          30.801000         0.003216          0.000000          163.162000        30.801100        
1717851659        49.863600         0.109676          30.801000         0.003216          0.000000          163.160000        30.801100        
1717851670        49.863600         0.109676          30.801000         0.003216          0.000000          163.161000        30.801100        
1717851680        49.863600         0.109676          30.801000         0.003216          0.000000          163.158000        30.801100        
1717851690        49.863600         0.109676          30.801000         0.003216          0.000000          163.166000        30.801100        
1717851700        49.863600         0.109676          30.801000         0.003216          0.000000          163.166000        30.801100        
1717851710        49.863600         0.109676          30.801000         0.003216          0.000000          163.167000        30.801100        
1717851721        49.863600         0.109676          30.801000         0.003216          0.000000          163.166000        30.801100        
1717851731        49.863600         0.109676          30.801000         0.003216          0.000000          163.165000        30.801100        
1717851741        49.863600         0.109676          30.801000         0.003216          0.000000          163.166000        30.801100        
1717851751        49.863600         0.109676          30.801000         0.003216          0.000000          163.167000        30.801100        
1717851761        49.863600         0.109676          30.801000         0.003216          0.000000          163.168000        30.801100        
1717851771        49.863600         0.109676          30.801000         0.003216          0.000000          163.165000        30.801100        
1717851782        49.863600         0.109676          30.801000         0.003216          0.000000          163.166000        30.801100        
1717851792        49.863600         0.109676          30.801000         0.003216          0.000000          163.166000        30.801100        
1717851802        49.863600         0.109676          30.801000         0.003216          0.000000          163.167000        30.801100        
1717851812        49.863600         0.109676          30.801000         0.003216          0.000000          163.167000        30.801100        
1717851822        49.863600         0.109676          30.801000         0.003216          0.000000          163.168000        30.801100        
1717851832        49.863600         0.109676          30.801000         0.003216          0.000000          163.166000        30.801100        
1717851843        49.863600         0.109676          30.801000         0.003216          0.000000          163.167000        30.801100        
1717851853        49.863600         0.109676          30.801000         0.003216          0.000000          163.167000        30.801100        
1717851863        49.863600         0.109676          30.801000         0.003216          0.000000          163.167000        30.801100        
1717851873        49.863600         0.109676          30.801000         0.003216          0.000000          163.168000        30.801100        
1717851883        49.863600         0.109676          30.801000         0.003216          0.000000          163.167000        30.801100        
1717851893        49.863600         0.109676          30.801000         0.003216          0.000000          163.168000        30.801100        
1717851904        49.863600         0.109676          30.801000         0.003216          0.000000          163.167000        30.801100        
1717851914        49.863600         0.109676          30.801000         0.003216          0.000000          163.167000        30.801100        
1717851924        49.863600         0.109676          30.801000         0.003216          0.000000          163.166000        30.801100        
1717851934        49.863600         0.109676          30.801000         0.003216          0.000000          163.264000        30.801100        
1717851944        49.863600         0.109676          30.801000         0.003216          0.000000          163.265000        30.801100        
1717851954        49.863600         0.109676          30.801000         0.003216          0.000000          163.349000        30.801100        
1717851964        49.863600         0.109676          30.801000         0.003216          0.000000          163.350000        30.801100        
1717851975        49.863600         0.109676          30.801000         0.003216          0.000000          163.435000        30.801100        
1717851985        49.863600         0.109676          30.801000         0.003216          0.000000          163.667000        30.801100        
1717851995        49.863600         0.109676          30.801000         0.003216          0.000000          163.667000        30.801100        
1717852005        49.863600         0.109676          30.801000         0.003216          0.000000          163.667000        30.801100        
1717852015        49.863600         0.109676          30.801000         0.003216          0.000000          163.667000        30.801100        
1717852026        49.863600         0.109676          30.801000         0.003216          0.000000          163.666000        30.801100        
1717852036        49.863600         0.109676          30.801000         0.003216          0.000000          163.825000        30.801100        
1717852046        49.863600         0.109676          30.801000         0.003216          0.000000          163.842000        30.801100        
1717852056        49.863600         0.109676          30.801000         0.003216          0.000000          163.840000        30.801100        
1717852066        49.863600         0.109676          30.801000         0.003216          0.000000          163.840000        30.801100        
1717852076        49.863600         0.109676          30.801000         0.003216          0.000000          163.840000        30.801100        
1717852087        49.863600         0.109676          30.801000         0.003216          0.000000          163.839000        30.801100        
1717852097        49.863600         0.109676          30.801000         0.003216          0.000000          163.840000        30.801100        
1717852107        49.863600         0.109676          30.801000         0.003216          0.000000          163.841000        30.801100        
1717852117        49.863600         0.109676          30.801000         0.003216          0.000000          163.840000        30.801100        
1717852127        49.863600         0.109676          30.801000         0.003216          0.000000          163.839000        30.801100        
1717852137        49.863600         0.109676          30.801000         0.003216          0.000000          163.839000        30.801100        
1717852147        49.863600         0.109676          30.801000         0.003216          0.000000          163.841000        30.801100        
1717852158        49.863600         0.109676          30.801000         0.003216          0.000000          163.840000        30.801100        
1717852168        49.863600         0.109676          30.801000         0.003216          0.000000          163.841000        30.801100        
1717852178        49.863600         0.109676          30.801000         0.003216          0.000000          163.841000        30.801100        
1717852188        49.863600         0.109676          30.801000         0.003216          0.000000          163.840000        30.801100        
1717852198        49.863600         0.109676          30.801000         0.003216          0.000000          163.842000        30.801100        
1717852209        49.863600         0.109676          30.801000         0.003216          0.000000          163.841000        30.801100        
1717852219        49.863600         0.109676          30.801000         0.003216          0.000000          163.841000        30.801100        
1717852229        49.863600         0.109676          30.801000         0.003216          0.000000          163.841000        30.801100        
1717852239        49.863600         0.109676          30.801000         0.003216          0.000000          163.841000        30.801100        
1717852250        49.863600         0.109676          30.801000         0.003216          0.000000          163.840000        30.801100        
1717852260        49.863600         0.109676          30.801000         0.003216          0.000000          163.843000        30.801100        
1717852270        49.863600         0.109676          30.801000         0.003216          0.000000          163.841000        30.801100        
1717852280        49.863600         0.109676          30.801000         0.003216          0.000000          163.841000        30.801100        
1717852290        49.863600         0.109676          30.801000         0.003216          0.000000          163.840000        30.801100        
1717852301        49.863600         0.109676          30.801000         0.003216          0.000000          163.841000        30.801100        
1717852311        49.863600         0.109676          30.801000         0.003216          0.000000          163.842000        30.801100        
1717852321        49.863600         0.109676          30.801000         0.003216          0.000000          163.841000        30.801100        
1717852331        49.863600         0.109676          30.801000         0.003216          0.000000          163.841000        30.801100        
1717852341        49.863600         0.109676          30.801000         0.003216          0.000000          163.842000        30.801100        
1717852351        49.863600         0.109676          30.801000         0.003216          0.000000          163.840000        30.801100        
1717852362        49.863600         0.109676          30.801000         0.003216          0.000000          163.841000        30.801100        
1717852372        49.863600         0.109676          30.801000         0.003216          0.000000          163.842000        30.801100        
1717852382        49.863600         0.109676          30.801000         0.003216          0.000000          163.841000        30.801100        
1717852392        49.863600         0.109676          30.801000         0.003216          0.000000          163.840000        30.801100        
1717852402        49.863600         0.109676          30.801000         0.003216          0.000000          163.841000        30.801100        
1717852413        49.863600         0.109676          30.801000         0.003216          0.000000          163.843000        30.801100        
1717852423        49.863600         0.109676          30.801000         0.003216          0.000000          163.841000        30.801100        
1717852433        49.863600         0.109676          30.801000         0.003216          0.000000          163.841000        30.801100        
1717852443        49.863600         0.109676          30.801000         0.003216          0.000000          163.841000        30.801100        
1717852453        49.863600         0.109676          30.801000         0.003216          0.000000          163.842000        30.801100        
1717852463        49.863600         0.109676          30.801000         0.003216          0.000000          163.842000        30.801100        
1717852474        49.863600         0.109676          30.801000         0.003216          0.000000          163.843000        30.801100        
1717852484        49.863600         0.109676          30.801000         0.003216          0.000000          163.842000        30.801100        
1717852494        49.863600         0.109676          30.801000         0.003216          0.000000          163.842000        30.801100        
1717852504        49.863600         0.109676          30.801000         0.003216          0.000000          163.844000        30.801100        
1717852514        49.863600         0.109676          30.801000         0.003216          0.000000          163.842000        30.801100        
1717852524        49.863600         0.109676          30.801000         0.003216          0.000000          163.841000        30.801100        
1717852534        49.863600         0.109676          30.801000         0.003216          0.000000          163.842000        30.801100        
1717852545        49.863600         0.109676          30.801000         0.003216          0.000000          163.844000        30.801100        
1717852555        49.863600         0.109676          30.801000         0.003216          0.000000          163.842000        30.801100        
1717852565        49.863600         0.109676          30.801000         0.003216          0.000000          163.843000        30.801100        
1717852575        49.863600         0.109676          30.801000         0.003216          0.000000          163.841000        30.801100        
1717852585        49.863600         0.109676          30.801000         0.003216          0.000000          163.844000        30.801100        
1717852595        49.863600         0.109676          30.801000         0.003216          0.000000          163.843000        30.801100        
1717852606        49.863600         0.109676          30.801000         0.003216          0.000000          163.843000        30.801100        
1717852616        49.863600         0.109676          30.801000         0.003216          0.000000          163.843000        30.801100        
1717852626        49.863600         0.109676          30.801000         0.003216          0.000000          163.843000        30.801100        
1717852636        49.863600         0.109676          30.801000         0.003216          0.000000          163.844000        30.801100        
1717852646        49.863600         0.109676          30.801000         0.003216          0.000000          163.842000        30.801100        
1717852656        49.863600         0.109676          30.801000         0.003216          0.000000          163.842000        30.801100        
1717852667        49.863600         0.109676          30.801000         0.003216          0.000000          163.843000        30.801100        
1717852677        49.863600         0.109676          30.801000         0.003216          0.000000          163.843000        30.801100        
1717852687        49.863600         0.109676          30.801000         0.003216          0.000000          163.844000        30.801100        
1717852697        49.863600         0.109676          30.801000         0.003216          0.000000          163.843000        30.801100        
1717852707        49.863600         0.109676          30.801000         0.003216          0.000000          163.843000        30.801100        
1717852717        49.863600         0.109676          30.801000         0.003216          0.000000          163.844000        30.801100        
1717852728        49.863600         0.109676          30.801000         0.003216          0.000000          163.843000        30.801100        
1717852738        49.863600         0.109676          30.801000         0.003216          0.000000          163.844000        30.801100        
1717852748        49.863600         0.109676          30.801000         0.003216          0.000000          163.844000        30.801100        
1717852758        49.863600         0.109676          30.801000         0.003216          0.000000          163.845000        30.801100        
1717852768        49.863600         0.109676          30.801000         0.003216          0.000000          163.845000        30.801100        
1717852779        49.863600         0.109676          30.801000         0.003216          0.000000          163.843000        30.801100        
1717852789        49.863600         0.109676          30.801000         0.003216          0.000000          163.844000        30.801100        
1717852799        49.863600         0.109676          30.801000         0.003216          0.000000          163.845000        30.801100        
1717852809        49.863600         0.109676          30.801000         0.003216          0.000000          163.844000        30.801100        
1717852819        49.863600         0.109676          30.801000         0.003216          0.000000          163.844000        30.801100        
1717852829        49.863600         0.109676          30.801000         0.003216          0.000000          163.844000        30.801100        
1717852840        49.863600         0.109676          30.801000         0.003216          0.000000          163.844000        30.801100        
1717852850        49.863600         0.109676          30.801000         0.003216          0.000000          163.846000        30.801100        
1717852860        49.863600         0.109676          30.801000         0.003216          0.000000          163.846000        30.801100        
1717852870        49.863600         0.109676          30.801000         0.003216          0.000000          163.845000        30.801100        
1717852880        49.863600         0.109676          30.801000         0.003216          0.000000          163.846000        30.801100        
1717852890        49.863600         0.109676          30.801000         0.003216          0.000000          163.846000        30.801100        
1717852901        49.863600         0.109676          30.801000         0.003216          0.000000          163.846000        30.801100        
1717852911        49.863600         0.109676          30.801000         0.003216          0.000000          163.846000        30.801100        
1717852921        49.863600         0.109676          30.801000         0.003216          0.000000          163.848000        30.801100        
1717852931        49.863600         0.109676          30.801000         0.003216          0.000000          163.845000        30.801100        
1717852941        49.863600         0.109676          30.801000         0.003216          0.000000          163.847000        30.801100        
1717852951        49.863600         0.109676          30.801000         0.003216          0.000000          163.846000        30.801100        
1717852962        49.863600         0.109676          30.801000         0.003216          0.000000          163.845000        30.801100        
1717852972        49.863600         0.109676          30.801000         0.003216          0.000000          163.845000        30.801100        
1717852982        49.863600         0.109676          30.801000         0.003216          0.000000          163.846000        30.801100        
1717852992        49.863600         0.109676          30.801000         0.003216          0.000000          163.846000        30.801100        
1717853002        49.863600         0.109676          30.801000         0.003216          0.000000          163.847000        30.801100        
1717853013        49.863600         0.109676          30.801000         0.003216          0.000000          163.845000        30.801100        
1717853023        49.863600         0.109676          30.801000         0.003216          0.000000          163.845000        30.801100        
1717853033        49.863600         0.109676          30.801000         0.003216          0.000000          163.846000        30.801100        
1717853043        49.863600         0.109676          30.801000         0.003216          0.000000          163.844000        30.801100        
1717853053        49.863600         0.109676          30.801000         0.003216          0.000000          163.846000        30.801100        
1717853063        49.863600         0.109676          30.801000         0.003216          0.000000          163.846000        30.801100        
1717853074        49.863600         0.109676          30.801000         0.003216          0.000000          163.845000        30.801100        
1717853084        49.863600         0.109676          30.801000         0.003216          0.000000          163.846000        30.801100        
1717853094        49.863600         0.109676          30.801000         0.003216          0.000000          163.846000        30.801100        
1717853104        49.863600         0.109676          30.801000         0.003216          0.000000          163.845000        30.801100        
1717853114        49.863600         0.109676          30.801000         0.003216          0.000000          163.846000        30.801100        
1717853124        49.863600         0.109676          30.801000         0.003216          0.000000          163.846000        30.801100        
1717853135        49.863600         0.109676          30.801000         0.003216          0.000000          163.847000        30.801100        
1717853145        49.863600         0.109676          30.801000         0.003216          0.000000          163.846000        30.801100        
1717853155        49.863600         0.109676          30.801000         0.003216          0.000000          163.849000        30.801100        
1717853165        49.863600         0.109676          30.801000         0.003216          0.000000          163.847000        30.801100        
1717853175        49.863600         0.109676          30.801000         0.003216          0.000000          163.847000        30.801100        
1717853185        49.863600         0.109676          30.801000         0.003216          0.000000          163.847000        30.801100        
1717853196        49.863600         0.109676          30.801000         0.003216          0.000000          163.847000        30.801100        
1717853206        49.863600         0.109676          30.801000         0.003216          0.000000          163.848000        30.801100        
1717853216        49.863600         0.109676          30.801000         0.003216          0.000000          163.848000        30.801100        
1717853226        49.863600         0.109676          30.801000         0.003216          0.000000          163.847000        30.801100        
1717853236        49.863600         0.109676          30.801000         0.003216          0.000000          163.847000        30.801100        
1717853246        49.863600         0.109676          30.801000         0.003216          0.000000          163.848000        30.801100        
1717853257        49.863600         0.109676          30.801000         0.003216          0.000000          163.849000        30.801100        
1717853267        49.863600         0.109676          30.801000         0.003216          0.000000          163.850000        30.801100        
1717853277        49.863600         0.109676          30.801000         0.003216          0.000000          163.848000        30.801100        
1717853287        49.863600         0.109676          30.801000         0.003216          0.000000          163.847000        30.801100        
1717853297        49.863600         0.109676          30.801000         0.003216          0.000000          163.848000        30.801100        
1717853308        49.863600         0.109676          30.801000         0.003216          0.000000          163.849000        30.801100        
1717853318        49.863600         0.109676          30.801000         0.003216          0.000000          163.848000        30.801100        
1717853328        49.863600         0.109676          30.801000         0.003216          0.000000          163.850000        30.801100        
1717853338        49.863600         0.109676          30.801000         0.003216          0.000000          163.848000        30.801100        
1717853348        49.863600         0.109676          30.801000         0.003216          0.000000          163.850000        30.801100        
1717853358        49.863600         0.109676          30.801000         0.003216          0.000000          163.848000        30.801100        
1717853369        49.863600         0.109676          30.801000         0.003216          0.000000          163.849000        30.801100        
1717853379        49.863600         0.109676          30.801000         0.003216          0.000000          163.849000        30.801100        
1717853389        49.863600         0.109676          30.801000         0.003216          0.000000          163.849000        30.801100        
1717853399        49.863600         0.109676          30.801000         0.003216          0.000000          163.849000        30.801100        
1717853409        49.863600         0.109676          30.801000         0.003216          0.000000          163.849000        30.801100        
1717853419        49.863600         0.109676          30.801000         0.003216          0.000000          163.850000        30.801100        
1717853430        49.863600         0.109676          30.801000         0.003216          0.000000          163.849000        30.801100        
1717853440        49.863600         0.109676          30.801000         0.003216          0.000000          163.850000        30.801100        
1717853450        49.863600         0.109676          30.801000         0.003216          0.000000          163.851000        30.801100        
1717853460        49.863600         0.109676          30.801000         0.003216          0.000000          163.850000        30.801100        
1717853470        49.863600         0.109676          30.801000         0.003216          0.000000          163.849000        30.801100        
1717853480        49.863600         0.109676          30.801000         0.003216          0.000000          163.850000        30.801100        
1717853491        49.863600         0.109676          30.801000         0.003216          0.000000          163.850000        30.801100        
1717853501        49.863600         0.109676          30.801000         0.003216          0.000000          163.850000        30.801100        
1717853511        49.863600         0.109676          30.801000         0.003216          0.000000          163.848000        30.801100        
1717853521        49.863600         0.109676          30.801000         0.003216          0.000000          163.849000        30.801100        
1717853532        49.863600         0.109676          30.801000         0.003216          0.000000          163.850000        30.801100        
