#TIME             VMEM_MAX          VMEM              RMEM_MAX          RMEM              SHMEM             MEM_FREE          TMEM_MAX         
1717837436        0.439911          0.439911          0.012047          0.012047          0.000000          144.631000        0.012047         
1717837446        5.107030          5.107030          0.314186          0.314186          0.000000          144.219000        0.314186         
1717837457        6.648270          6.648270          0.506977          0.506977          0.000000          143.963000        0.506977         
1717837467        8.548820          8.548820          0.907768          0.907768          0.000000          143.545000        0.907768         
1717837477        11.313600         11.313600         2.080780          2.080780          0.000000          142.094000        2.080780         
1717837487        11.313600         10.006500         2.080780          1.619750          0.000000          141.937000        2.080780         
1717837497        12.450700         12.450700         2.951870          2.951870          0.000100          140.764000        2.951970         
1717837507        26.967900         26.967900         12.371600         12.371600         0.000100          129.924000        12.371700        
1717837518        26.967900         25.689500         12.371600         11.987200         0.000100          130.083000        12.371700        
1717837528        27.810600         27.810600         12.846000         12.846000         0.000100          129.247000        12.846100        
1717837538        28.607900         28.607900         13.131600         13.131600         0.000100          128.968000        13.131700        
1717837549        32.111600         32.111600         16.826900         16.826900         0.000100          125.322000        16.827000        
1717837559        34.376000         34.376000         18.551300         18.551300         0.000100          123.650000        18.551400        
1717837569        34.376000         34.376000         18.551600         18.551600         0.000100          123.646000        18.551700        
1717837580        34.376000         33.796500         18.551600         18.463200         0.000100          123.692000        18.551700        
1717837590        34.377200         34.377200         18.554600         18.554600         0.000100          123.624000        18.554700        
1717837601        34.377200         34.377200         18.554600         18.550400         0.000100          123.620000        18.554700        
1717837612        34.377200         34.371000         18.554600         18.548500         0.000100          123.627000        18.554700        
1717837622        45.984600         45.984600         30.071800         30.071800         0.000100          111.626000        30.071900        
1717837632        47.644700         47.644700         31.821900         31.821900         0.000100          109.019000        31.822000        
1717837643        47.644700         32.206100         31.821900         16.610700         0.000100          124.945000        31.822000        
1717837653        47.644700         26.459100         31.821900         9.899810          0.000100          132.311000        31.822000        
1717837663        47.644700         26.627400         31.821900         10.041500         0.000100          131.922000        31.822000        
1717837675        47.644700         28.360800         31.821900         10.958700         0.000100          130.713000        31.822000        
1717837685        47.644700         29.867000         31.821900         12.160400         0.000100          129.540000        31.822000        
1717837698        47.644700         28.896400         31.821900         11.835300         0.000100          129.865000        31.822000        
1717837708        47.644700         28.280100         31.821900         12.074400         0.000100          129.507000        31.822000        
1717837718        47.644700         27.891600         31.821900         11.789800         0.000200          129.469000        31.822000        
1717837729        47.644700         27.656300         31.821900         11.599400         0.000200          129.847000        31.822000        
1717837740        47.644700         28.483900         31.821900         12.284600         0.000200          129.320000        31.822000        
1717837750        47.644700         27.634300         31.821900         11.598900         0.000200          129.936000        31.822000        
1717837760        47.644700         27.486100         31.821900         11.475100         0.000200          130.034000        31.822000        
1717837771        47.644700         27.486100         31.821900         11.476400         0.000200          130.030000        31.822000        
1717837781        47.644700         27.486100         31.821900         11.477500         0.000200          130.029000        31.822000        
1717837791        47.644700         27.486100         31.821900         11.478300         0.000200          130.028000        31.822000        
1717837802        47.644700         27.486100         31.821900         11.479200         0.000200          130.029000        31.822000        
1717837812        47.644700         27.486100         31.821900         11.480500         0.000200          130.026000        31.822000        
1717837822        47.644700         27.486100         31.821900         11.481200         0.000200          130.029000        31.822000        
1717837833        47.644700         27.486100         31.821900         11.482000         0.000200          130.029000        31.822000        
1717837843        47.644700         27.486100         31.821900         11.483700         0.000200          130.029000        31.822000        
1717837853        47.644700         27.486100         31.821900         11.485100         0.000200          130.028000        31.822000        
1717837864        47.644700         27.486100         31.821900         11.486600         0.000200          130.026000        31.822000        
1717837874        47.644700         28.214200         31.821900         11.627400         0.000100          129.725000        31.822000        
1717837884        47.644700         26.922300         31.821900         10.934500         0.000100          129.381000        31.822000        
1717837895        47.644700         28.875500         31.821900         11.899100         0.000100          128.476000        31.822000        
1717837905        47.644700         27.444100         31.821900         11.393500         0.000100          129.246000        31.822000        
1717837915        47.644700         27.583700         31.821900         11.398100         0.000100          129.148000        31.822000        
1717837926        47.644700         27.583700         31.821900         11.398300         0.000100          129.145000        31.822000        
1717837936        47.644700         27.584000         31.821900         11.398700         0.000100          129.148000        31.822000        
1717837946        47.644700         27.585900         31.821900         11.400200         0.000100          129.144000        31.822000        
1717837957        47.644700         27.585900         31.821900         11.400600         0.000100          129.144000        31.822000        
1717837967        47.644700         27.585900         31.821900         11.400700         0.000100          129.143000        31.822000        
1717837977        47.644700         27.585900         31.821900         11.400700         0.000100          129.144000        31.822000        
1717837987        47.644700         27.585900         31.821900         11.400700         0.000100          129.142000        31.822000        
1717837998        47.644700         27.586900         31.821900         11.401700         0.000100          129.138000        31.822000        
1717838008        47.644700         27.587800         31.821900         11.402400         0.000100          129.139000        31.822000        
1717838018        47.644700         27.587800         31.821900         11.402500         0.000100          129.139000        31.822000        
1717838029        47.644700         27.586900         31.821900         11.401400         0.000100          129.139000        31.822000        
1717838039        47.644700         27.588700         31.821900         11.403100         0.000100          129.141000        31.822000        
1717838049        47.644700         27.588700         31.821900         11.403700         0.000100          129.141000        31.822000        
1717838059        47.644700         27.588000         31.821900         11.403000         0.000100          129.141000        31.822000        
1717838070        47.644700         27.585100         31.821900         11.400000         0.000100          129.144000        31.822000        
1717838080        47.644700         27.585700         31.821900         11.400500         0.000100          129.144000        31.822000        
1717838090        47.644700         28.261200         31.821900         11.324100         0.000100          129.216000        31.822000        
1717838101        47.644700         30.323200         31.821900         11.138100         0.000100          129.388000        31.822000        
1717838111        47.644700         30.499900         31.821900         11.324400         0.000100          129.186000        31.822000        
1717838121        47.644700         31.077100         31.821900         11.909900         0.000100          128.593000        31.822000        
1717838132        47.644700         31.139600         31.821900         11.972700         0.000100          128.536000        31.822000        
1717838142        47.644700         31.327700         31.821900         12.160600         0.000100          128.349000        31.822000        
1717838152        47.644700         31.500100         31.821900         12.334000         0.000100          128.172000        31.822000        
1717838162        47.644700         31.625100         31.821900         12.459200         0.000100          128.046000        31.822000        
1717838173        47.644700         31.500100         31.821900         12.334000         0.000100          128.170000        31.822000        
1717838183        47.644700         31.562600         31.821900         12.395900         0.000100          128.106000        31.822000        
1717838193        47.644700         31.687600         31.821900         12.520500         0.000100          127.981000        31.822000        
1717838204        47.644700         30.296800         31.821900         12.433300         0.000100          128.169000        31.822000        
1717838214        47.644700         32.399300         31.821900         13.233300         0.000100          127.172000        31.822000        
1717838224        47.644700         33.767500         31.821900         14.280300         0.000100          126.043000        31.822000        
1717838234        47.644700         35.720600         31.821900         15.192600         0.000100          125.078000        31.822000        
1717838245        47.644700         35.734500         31.821900         15.118200         0.000100          125.752000        31.822000        
1717838255        47.644700         34.165000         31.821900         13.695800         0.000100          132.150000        31.822000        
1717838265        47.644700         34.540000         31.821900         13.816900         0.000100          132.028000        31.822000        
1717838276        47.644700         33.502100         31.821900         13.044800         0.000100          135.520000        31.822000        
1717838286        47.644700         33.502100         31.821900         13.045100         0.000100          135.519000        31.822000        
1717838296        47.644700         33.502100         31.821900         13.045300         0.000100          135.519000        31.822000        
1717838306        47.644700         33.502100         31.821900         13.045400         0.000100          141.391000        31.822000        
1717838317        47.644700         33.122500         31.821900         13.081200         0.000100          141.355000        31.822000        
1717838327        47.644700         32.395500         31.821900         12.682000         0.000100          146.921000        31.822000        
1717838337        47.644700         34.637800         31.821900         13.357200         0.000100          146.257000        31.822000        
1717838347        47.644700         34.768400         31.821900         13.791200         0.000100          145.851000        31.822000        
1717838358        47.644700         34.657000         31.821900         13.880700         0.000100          145.758000        31.822000        
1717838368        47.644700         33.488100         31.821900         13.710200         0.000100          145.931000        31.822000        
1717838378        47.644700         35.169400         31.821900         14.404200         0.000100          145.242000        31.822000        
1717838389        47.644700         35.769000         31.821900         14.598400         0.000100          145.043000        31.822000        
1717838399        47.644700         37.483700         31.821900         15.429600         0.000100          144.206000        31.822000        
1717838409        47.644700         37.749800         31.821900         15.755600         0.000100          143.882000        31.822000        
1717838419        47.644700         37.756300         31.821900         15.841200         0.000100          144.591000        31.822000        
1717838430        47.644700         37.469100         31.821900         15.078100         0.000100          145.352000        31.822000        
1717838440        47.644700         38.563000         31.821900         16.172500         0.000100          144.251000        31.822000        
1717838451        47.644700         38.602300         31.821900         16.237900         0.000100          144.497000        31.822000        
1717838461        47.644700         38.602300         31.821900         16.238000         0.000100          144.653000        31.822000        
1717838472        47.644700         38.602300         31.821900         16.238000         0.000100          144.650000        31.822000        
1717838482        47.644700         38.602300         31.821900         16.238000         0.000100          144.649000        31.822000        
1717838492        47.644700         38.602300         31.821900         16.238000         0.000100          144.644000        31.822000        
1717838502        47.644700         38.602300         31.821900         16.240600         0.000100          144.646000        31.822000        
1717838513        47.644700         38.602300         31.821900         16.240900         0.000100          144.648000        31.822000        
1717838523        47.644700         38.602300         31.821900         16.241000         0.000100          144.648000        31.822000        
1717838533        47.644700         38.602300         31.821900         16.241000         0.000100          144.644000        31.822000        
1717838544        47.644700         38.602300         31.821900         16.243000         0.000100          144.642000        31.822000        
1717838554        47.644700         38.602300         31.821900         16.243100         0.000100          144.641000        31.822000        
1717838564        47.644700         38.602300         31.821900         16.243400         0.000100          144.644000        31.822000        
1717838574        47.644700         38.602300         31.821900         16.243600         0.000100          145.113000        31.822000        
1717838585        47.644700         38.602300         31.821900         16.243600         0.000100          145.116000        31.822000        
1717838596        47.644700         38.602300         31.821900         16.243600         0.000100          145.114000        31.822000        
1717838606        47.644700         38.602300         31.821900         16.243800         0.000100          145.118000        31.822000        
1717838617        47.644700         38.602300         31.821900         16.244000         0.000100          145.120000        31.822000        
1717838627        47.644700         38.602300         31.821900         16.244000         0.000100          145.121000        31.822000        
1717838637        47.644700         38.602300         31.821900         16.244000         0.000100          145.420000        31.822000        
1717838651        47.644700         38.602300         31.821900         16.244000         0.000100          145.424000        31.822000        
1717838662        47.644700         38.602300         31.821900         16.244000         0.000100          145.421000        31.822000        
1717838673        47.644700         38.602300         31.821900         16.244000         0.000100          145.417000        31.822000        
1717838683        47.644700         38.602300         31.821900         16.244000         0.000100          145.423000        31.822000        
1717838693        47.644700         38.602300         31.821900         16.244000         0.000100          145.419000        31.822000        
1717838704        47.644700         38.602300         31.821900         16.244000         0.000100          145.420000        31.822000        
1717838714        47.644700         38.602300         31.821900         16.244000         0.000100          145.420000        31.822000        
1717838724        47.644700         38.602300         31.821900         16.244000         0.000100          145.419000        31.822000        
1717838736        47.644700         38.602300         31.821900         16.244000         0.000100          145.419000        31.822000        
1717838746        47.644700         38.602300         31.821900         16.245900         0.000100          145.417000        31.822000        
1717838757        47.644700         38.602300         31.821900         16.246200         0.000100          145.417000        31.822000        
1717838767        47.644700         38.602300         31.821900         16.246400         0.000100          145.416000        31.822000        
1717838777        47.644700         38.602300         31.821900         16.246500         0.000100          145.416000        31.822000        
1717838788        47.644700         38.602300         31.821900         16.246500         0.000100          145.417000        31.822000        
1717838798        47.644700         38.602300         31.821900         16.246500         0.000100          145.415000        31.822000        
1717838808        47.644700         38.602300         31.821900         16.246600         0.000100          145.417000        31.822000        
1717838819        47.644700         38.602300         31.821900         16.247000         0.000100          145.569000        31.822000        
1717838829        47.644700         38.602300         31.821900         16.247000         0.000100          145.567000        31.822000        
1717838839        47.644700         38.602300         31.821900         16.247000         0.000100          145.569000        31.822000        
1717838849        47.644700         38.602300         31.821900         16.249000         0.000100          145.568000        31.822000        
1717838860        47.644700         38.602300         31.821900         16.249300         0.000100          145.565000        31.822000        
1717838870        47.644700         38.641300         31.821900         16.225500         0.000100          145.591000        31.822000        
1717838880        47.644700         38.673100         31.821900         16.266200         0.000100          145.548000        31.822000        
1717838891        47.644700         38.673100         31.821900         16.266200         0.000100          145.549000        31.822000        
1717838901        47.644700         38.673100         31.821900         16.266300         0.000100          145.547000        31.822000        
1717838911        47.644700         38.692300         31.821900         16.285600         0.000100          145.530000        31.822000        
1717838921        47.644700         38.729300         31.821900         16.322500         0.000100          145.491000        31.822000        
1717838932        47.644700         38.746400         31.821900         16.339100         0.000100          145.478000        31.822000        
1717838942        47.644700         38.746400         31.821900         16.339300         0.000100          145.477000        31.822000        
1717838952        47.644700         38.746400         31.821900         16.339300         0.000100          145.474000        31.822000        
1717838963        47.644700         38.746400         31.821900         16.342900         0.000100          145.470000        31.822000        
1717838973        47.644700         38.746400         31.821900         16.343200         0.000100          145.471000        31.822000        
1717838983        47.644700         38.746400         31.821900         16.343200         0.000100          145.467000        31.822000        
1717838993        47.644700         38.746400         31.821900         16.344000         0.000100          145.467000        31.822000        
1717839004        47.644700         38.722900         31.821900         16.316800         0.000100          145.493000        31.822000        
1717839014        47.644700         38.769800         31.821900         16.348300         0.000100          145.463000        31.822000        
1717839024        47.644700         38.770300         31.821900         16.348700         0.000100          145.469000        31.822000        
1717839035        47.644700         38.770300         31.821900         16.350000         0.000100          145.469000        31.822000        
1717839045        47.644700         38.770300         31.821900         16.352000         0.000100          145.468000        31.822000        
1717839055        47.644700         38.787200         31.821900         16.368600         0.000100          145.452000        31.822000        
1717839066        47.644700         38.799900         31.821900         16.382100         0.000100          145.442000        31.822000        
1717839076        47.644700         38.807700         31.821900         16.390700         0.000100          145.434000        31.822000        
1717839086        47.644700         38.815600         31.821900         16.398700         0.000100          145.425000        31.822000        
1717839096        47.644700         38.815600         31.821900         16.398700         0.000100          145.426000        31.822000        
1717839107        47.644700         38.815600         31.821900         16.398700         0.000100          145.424000        31.822000        
1717839117        47.644700         38.815600         31.821900         16.398700         0.000100          145.425000        31.822000        
1717839127        47.644700         38.815600         31.821900         16.398700         0.000100          145.425000        31.822000        
1717839138        47.644700         38.815600         31.821900         16.398700         0.000100          145.425000        31.822000        
1717839148        47.644700         38.815600         31.821900         16.399300         0.000100          145.575000        31.822000        
1717839158        47.644700         38.815600         31.821900         16.400500         0.000100          145.574000        31.822000        
1717839168        47.644700         38.815600         31.821900         16.402600         0.000100          145.573000        31.822000        
1717839179        47.644700         38.815600         31.821900         16.402800         0.000100          145.575000        31.822000        
1717839189        47.644700         38.815600         31.821900         16.403100         0.000100          145.575000        31.822000        
1717839199        47.644700         38.815600         31.821900         16.403100         0.000100          145.571000        31.822000        
1717839210        47.644700         38.815600         31.821900         16.403100         0.000100          145.575000        31.822000        
1717839220        47.644700         38.823400         31.821900         16.410900         0.000100          145.565000        31.822000        
1717839230        47.644700         38.823400         31.821900         16.410900         0.000100          145.576000        31.822000        
1717839240        47.644700         38.823400         31.821900         16.411700         0.000100          145.576000        31.822000        
1717839251        47.644700         38.823400         31.821900         16.414600         0.000100          145.574000        31.822000        
1717839261        47.644700         38.823400         31.821900         16.414800         0.000100          145.730000        31.822000        
1717839271        47.644700         38.823400         31.821900         16.415100         0.000100          145.736000        31.822000        
1717839282        47.644700         38.823400         31.821900         16.415200         0.000100          145.737000        31.822000        
1717839292        47.644700         38.823400         31.821900         16.415200         0.000100          145.732000        31.822000        
1717839303        47.644700         38.823400         31.821900         16.415200         0.000100          145.736000        31.822000        
1717839314        47.644700         38.823400         31.821900         16.415200         0.000100          145.734000        31.822000        
1717839324        47.644700         38.823400         31.821900         16.415200         0.000100          145.737000        31.822000        
1717839334        47.644700         38.823400         31.821900         16.415200         0.000100          145.735000        31.822000        
1717839344        47.644700         38.823400         31.821900         16.415200         0.000100          145.739000        31.822000        
1717839355        47.644700         38.823400         31.821900         16.417200         0.000100          145.734000        31.822000        
1717839365        47.644700         38.823400         31.821900         16.417400         0.000100          145.737000        31.822000        
1717839375        47.644700         38.823400         31.821900         16.417700         0.000100          145.733000        31.822000        
1717839386        47.644700         38.823400         31.821900         16.417800         0.000100          145.734000        31.822000        
1717839396        47.644700         38.823400         31.821900         16.417800         0.000100          145.734000        31.822000        
1717839406        47.644700         38.823400         31.821900         16.417800         0.000100          145.734000        31.822000        
1717839416        47.644700         38.823400         31.821900         16.417800         0.000100          145.731000        31.822000        
1717839427        47.644700         38.823400         31.821900         16.417800         0.000100          145.734000        31.822000        
1717839437        47.644700         38.823400         31.821900         16.417800         0.000100          145.732000        31.822000        
1717839447        47.644700         38.823400         31.821900         16.420600         0.000100          145.729000        31.822000        
1717839458        47.644700         38.823400         31.821900         16.420900         0.000100          145.727000        31.822000        
1717839468        47.644700         38.823400         31.821900         16.421100         0.000100          145.728000        31.822000        
1717839478        47.644700         38.823400         31.821900         16.421200         0.000100          145.730000        31.822000        
1717839488        47.644700         38.823400         31.821900         16.421200         0.000100          145.730000        31.822000        
1717839499        47.644700         38.823400         31.821900         16.421300         0.000100          145.730000        31.822000        
1717839509        47.644700         38.823400         31.821900         16.421300         0.000100          145.730000        31.822000        
1717839519        47.644700         38.823400         31.821900         16.421300         0.000100          145.731000        31.822000        
1717839530        47.644700         38.823400         31.821900         16.421300         0.000100          145.729000        31.822000        
1717839540        47.644700         38.823400         31.821900         16.421300         0.000100          145.731000        31.822000        
1717839550        47.644700         38.823400         31.821900         16.424600         0.000100          145.729000        31.822000        
1717839560        47.644700         38.823400         31.821900         16.424800         0.000100          145.723000        31.822000        
1717839571        47.644700         38.823400         31.821900         16.425000         0.000100          145.723000        31.822000        
1717839581        47.644700         38.823400         31.821900         16.425200         0.000100          145.727000        31.822000        
1717839591        47.644700         38.823400         31.821900         16.425200         0.000100          145.724000        31.822000        
1717839602        47.644700         38.823400         31.821900         16.425300         0.000100          145.723000        31.822000        
1717839612        47.644700         38.823400         31.821900         16.425400         0.000100          145.724000        31.822000        
1717839622        47.644700         38.823400         31.821900         16.425400         0.000100          145.724000        31.822000        
1717839632        47.644700         38.823400         31.821900         16.425400         0.000100          145.725000        31.822000        
1717839643        47.644700         38.823400         31.821900         16.425400         0.000100          145.727000        31.822000        
1717839653        47.644700         38.823400         31.821900         16.428300         0.000100          145.722000        31.822000        
1717839663        47.644700         38.823400         31.821900         16.428500         0.000100          145.719000        31.822000        
1717839674        47.644700         38.823400         31.821900         16.428800         0.000100          145.721000        31.822000        
1717839684        47.644700         38.823400         31.821900         16.429000         0.000100          145.723000        31.822000        
1717839694        47.644700         38.823400         31.821900         16.429300         0.000100          145.719000        31.822000        
1717839704        47.644700         38.823400         31.821900         16.429300         0.000100          145.719000        31.822000        
1717839715        47.644700         38.823400         31.821900         16.429300         0.000100          145.723000        31.822000        
1717839725        47.644700         38.823400         31.821900         16.429300         0.000100          145.723000        31.822000        
1717839735        47.644700         38.823400         31.821900         16.429300         0.000100          145.722000        31.822000        
1717839746        47.644700         38.823400         31.821900         16.429300         0.000100          145.724000        31.822000        
1717839756        47.644700         38.823400         31.821900         16.429400         0.000100          145.721000        31.822000        
1717839766        47.644700         38.823400         31.821900         16.429700         0.000100          145.717000        31.822000        
1717839776        47.644700         38.823400         31.821900         16.429900         0.000100          145.720000        31.822000        
1717839787        47.644700         38.823400         31.821900         16.430000         0.000100          145.716000        31.822000        
1717839797        47.644700         38.823400         31.821900         16.430000         0.000100          145.717000        31.822000        
1717839807        47.644700         38.823400         31.821900         16.430100         0.000100          145.721000        31.822000        
1717839818        47.644700         38.823400         31.821900         16.430100         0.000100          145.723000        31.822000        
1717839828        47.644700         38.823400         31.821900         16.430100         0.000100          145.722000        31.822000        
1717839838        47.644700         38.823400         31.821900         16.430100         0.000100          145.719000        31.822000        
1717839848        47.644700         38.823400         31.821900         16.430100         0.000100          145.718000        31.822000        
1717839859        47.644700         38.823400         31.821900         16.430100         0.000100          145.717000        31.822000        
1717839869        47.644700         38.823400         31.821900         16.430100         0.000100          145.720000        31.822000        
1717839879        47.644700         38.823400         31.821900         16.430100         0.000100          145.721000        31.822000        
1717839890        47.644700         38.823400         31.821900         16.430100         0.000100          145.721000        31.822000        
1717839900        47.644700         38.823400         31.821900         16.430100         0.000100          145.722000        31.822000        
1717839910        47.644700         38.823400         31.821900         16.430100         0.000100          145.721000        31.822000        
1717839920        47.644700         38.823400         31.821900         16.430100         0.000100          145.722000        31.822000        
1717839931        47.644700         38.823400         31.821900         16.430100         0.000100          145.720000        31.822000        
1717839941        47.644700         38.823400         31.821900         16.430200         0.000100          145.722000        31.822000        
1717839951        47.644700         38.823400         31.821900         16.430500         0.000100          145.719000        31.822000        
1717839962        47.644700         38.823400         31.821900         16.430700         0.000100          145.720000        31.822000        
1717839972        47.644700         38.823400         31.821900         16.430900         0.000100          145.715000        31.822000        
1717839982        47.644700         38.823400         31.821900         16.430900         0.000100          145.717000        31.822000        
1717839992        47.644700         38.823400         31.821900         16.430900         0.000100          145.718000        31.822000        
1717840003        47.644700         38.823400         31.821900         16.430900         0.000100          145.718000        31.822000        
1717840013        47.644700         38.823400         31.821900         16.430900         0.000100          145.718000        31.822000        
1717840023        47.644700         38.823400         31.821900         16.430900         0.000100          145.720000        31.822000        
1717840034        47.644700         38.823400         31.821900         16.430900         0.000100          145.721000        31.822000        
1717840044        47.644700         38.823400         31.821900         16.430900         0.000100          145.718000        31.822000        
1717840054        47.644700         38.823400         31.821900         16.430900         0.000100          145.718000        31.822000        
1717840064        47.644700         38.823400         31.821900         16.430900         0.000100          145.721000        31.822000        
1717840075        47.644700         38.823400         31.821900         16.431000         0.000100          145.722000        31.822000        
1717840085        47.644700         38.823400         31.821900         16.431200         0.000100          145.723000        31.822000        
1717840096        47.644700         38.823400         31.821900         16.431500         0.000100          145.722000        31.822000        
1717840106        47.644700         38.823400         31.821900         16.431600         0.000100          145.723000        31.822000        
1717840116        47.644700         38.823400         31.821900         16.431600         0.000100          145.723000        31.822000        
1717840127        47.644700         38.823400         31.821900         16.431600         0.000100          145.720000        31.822000        
1717840137        47.644700         38.823400         31.821900         16.431600         0.000100          145.720000        31.822000        
1717840147        47.644700         38.823400         31.821900         16.431600         0.000100          145.719000        31.822000        
1717840157        47.644700         38.823400         31.821900         16.433400         0.000100          145.719000        31.822000        
1717840168        47.644700         38.823400         31.821900         16.435100         0.000100          145.716000        31.822000        
1717840178        47.644700         38.823400         31.821900         16.435300         0.000100          145.714000        31.822000        
1717840188        47.644700         38.823400         31.821900         16.435600         0.000100          145.716000        31.822000        
1717840199        47.644700         38.823400         31.821900         16.435700         0.000100          145.716000        31.822000        
1717840209        47.644700         38.823400         31.821900         16.435700         0.000100          145.717000        31.822000        
1717840219        47.644700         38.823400         31.821900         16.435800         0.000100          145.715000        31.822000        
1717840229        47.644700         38.823400         31.821900         16.435800         0.000100          145.715000        31.822000        
1717840240        47.644700         38.823400         31.821900         16.435900         0.000100          145.712000        31.822000        
1717840250        47.644700         38.823400         31.821900         16.436200         0.000100          145.716000        31.822000        
1717840260        47.644700         38.823400         31.821900         16.437700         0.000100          145.712000        31.822000        
1717840271        47.644700         38.823400         31.821900         16.438000         0.000100          145.712000        31.822000        
1717840281        47.644700         38.823400         31.821900         16.438200         0.000100          145.711000        31.822000        
1717840291        47.644700         38.823400         31.821900         16.438400         0.000100          145.710000        31.822000        
1717840302        47.644700         38.823400         31.821900         16.439000         0.000100          145.710000        31.822000        
1717840312        47.644700         38.823400         31.821900         16.439000         0.000100          145.709000        31.822000        
1717840322        47.644700         38.823400         31.821900         16.439000         0.000100          145.709000        31.822000        
1717840333        47.644700         38.823400         31.821900         16.439000         0.000100          145.708000        31.822000        
1717840343        47.644700         38.823400         31.821900         16.439000         0.000100          145.711000        31.822000        
1717840353        47.644700         38.823400         31.821900         16.441000         0.000100          145.708000        31.822000        
1717840364        47.644700         38.823400         31.821900         16.441200         0.000100          145.705000        31.822000        
1717840374        47.644700         38.823400         31.821900         16.441400         0.000100          145.707000        31.822000        
1717840384        47.644700         38.823400         31.821900         16.441600         0.000100          145.706000        31.822000        
1717840394        47.644700         38.823400         31.821900         16.441900         0.000100          145.706000        31.822000        
1717840405        47.644700         38.823400         31.821900         16.442000         0.000100          145.706000        31.822000        
1717840415        47.644700         38.823400         31.821900         16.442100         0.000100          145.706000        31.822000        
1717840425        47.644700         38.823400         31.821900         16.442100         0.000100          145.703000        31.822000        
1717840436        47.644700         38.823400         31.821900         16.442100         0.000100          145.706000        31.822000        
1717840446        47.644700         38.823400         31.821900         16.442400         0.000100          145.708000        31.822000        
1717840456        47.644700         38.823400         31.821900         16.442600         0.000100          145.706000        31.822000        
1717840467        47.644700         38.823400         31.821900         16.442700         0.000100          145.705000        31.822000        
1717840477        47.644700         38.823400         31.821900         16.442700         0.000100          145.706000        31.822000        
1717840487        47.644700         38.823400         31.821900         16.442700         0.000100          145.706000        31.822000        
1717840498        47.644700         38.823400         31.821900         16.442700         0.000100          145.706000        31.822000        
1717840508        47.644700         38.823400         31.821900         16.442700         0.000100          145.709000        31.822000        
1717840518        47.644700         38.823400         31.821900         16.442700         0.000100          145.706000        31.822000        
1717840529        47.644700         38.823400         31.821900         16.442700         0.000100          145.707000        31.822000        
1717840539        47.644700         38.823400         31.821900         16.443100         0.000100          145.707000        31.822000        
1717840549        47.644700         38.823400         31.821900         16.445000         0.000100          145.707000        31.822000        
1717840559        47.644700         38.823400         31.821900         16.445200         0.000100          145.706000        31.822000        
1717840570        47.644700         38.823400         31.821900         16.445500         0.000100          145.705000        31.822000        
1717840580        47.644700         38.823400         31.821900         16.445600         0.000100          145.705000        31.822000        
1717840590        47.644700         38.823400         31.821900         16.445600         0.000100          145.704000        31.822000        
1717840601        47.644700         38.823400         31.821900         16.445600         0.000100          145.702000        31.822000        
1717840611        47.644700         38.823400         31.821900         16.445600         0.000100          145.702000        31.822000        
1717840621        47.644700         38.823400         31.821900         16.445600         0.000100          145.701000        31.822000        
1717840631        47.644700         38.823400         31.821900         16.445600         0.000100          145.702000        31.822000        
1717840642        47.644700         38.823400         31.821900         16.445700         0.000100          145.700000        31.822000        
1717840652        47.644700         38.823400         31.821900         16.446000         0.000100          145.701000        31.822000        
1717840662        47.644700         38.823400         31.821900         16.446300         0.000100          145.702000        31.822000        
1717840673        47.644700         38.823400         31.821900         16.446400         0.000100          145.703000        31.822000        
1717840683        47.644700         38.823500         31.821900         16.446400         0.000100          145.702000        31.822000        
1717840693        47.644700         38.823500         31.821900         16.446600         0.000100          145.704000        31.822000        
1717840703        47.644700         38.823500         31.821900         16.446600         0.000100          145.705000        31.822000        
1717840714        47.644700         38.823500         31.821900         16.446600         0.000100          145.708000        31.822000        
1717840724        47.644700         38.823500         31.821900         16.448200         0.000100          145.702000        31.822000        
1717840734        47.644700         38.823500         31.821900         16.448200         0.000100          145.706000        31.822000        
1717840745        47.644700         38.823500         31.821900         16.448400         0.000100          145.705000        31.822000        
1717840755        47.644700         38.823900         31.821900         16.448600         0.000100          145.706000        31.822000        
1717840765        47.644700         38.823900         31.821900         16.449200         0.000100          145.705000        31.822000        
1717840776        47.644700         38.823900         31.821900         16.449200         0.000100          145.703000        31.822000        
1717840786        47.644700         38.831700         31.821900         16.457300         0.000100          145.695000        31.822000        
1717840796        47.644700         38.831700         31.821900         16.457300         0.000100          145.693000        31.822000        
1717840806        47.644700         38.831700         31.821900         16.457300         0.000100          145.693000        31.822000        
1717840817        47.644700         38.831700         31.821900         16.457300         0.000100          145.693000        31.822000        
1717840827        47.644700         38.831700         31.821900         16.457300         0.000100          145.693000        31.822000        
1717840837        47.644700         38.831700         31.821900         16.457300         0.000100          145.695000        31.822000        
1717840848        47.644700         38.831700         31.821900         16.457300         0.000100          145.693000        31.822000        
1717840858        47.644700         38.831700         31.821900         16.457500         0.000100          145.694000        31.822000        
1717840868        47.644700         38.831700         31.821900         16.457700         0.000100          145.693000        31.822000        
1717840879        47.644700         38.831700         31.821900         16.458000         0.000100          145.693000        31.822000        
1717840889        47.644700         38.890300         31.821900         16.504600         0.000100          145.646000        31.822000        
1717840899        47.644700         38.831700         31.821900         16.458000         0.000100          145.694000        31.822000        
1717840909        47.644700         38.831700         31.821900         16.458200         0.000100          145.692000        31.822000        
1717840920        47.644700         39.005500         31.821900         16.601000         0.000100          145.546000        31.822000        
1717840930        47.644700         38.890300         31.821900         16.511100         0.000100          145.640000        31.822000        
1717840940        47.644700         38.948900         31.821900         16.557800         0.000100          145.591000        31.822000        
1717840951        47.644700         38.952800         31.821900         16.563800         0.000100          145.585000        31.822000        
1717840961        47.644700         38.847300         31.821900         16.464400         0.000100          145.690000        31.822000        
1717840971        47.644700         38.847300         31.821900         16.464300         0.000100          145.689000        31.822000        
1717840981        47.644700         38.839500         31.821900         16.466300         0.000100          145.688000        31.822000        
1717840992        47.644700         38.833800         31.821900         16.460400         0.000100          145.692000        31.822000        
1717841002        47.644700         38.839700         31.821900         16.466400         0.000100          145.688000        31.822000        
1717841013        47.644700         38.894400         31.821900         16.511400         0.000100          145.644000        31.822000        
1717841023        47.644700         38.894400         31.821900         16.511300         0.000100          145.640000        31.822000        
1717841033        47.644700         38.894400         31.821900         16.509500         0.000100          145.643000        31.822000        
1717841043        47.644700         38.839800         31.821900         16.466500         0.000100          145.687000        31.822000        
1717841054        47.644700         38.894600         31.821900         16.509700         0.000100          145.645000        31.822000        
1717841064        47.644700         38.894600         31.821900         16.510200         0.000100          145.645000        31.822000        
1717841074        47.644700         38.839900         31.821900         16.467400         0.000100          145.688000        31.822000        
1717841085        47.644700         38.840000         31.821900         16.467400         0.000100          145.685000        31.822000        
1717841095        47.644700         38.840000         31.821900         16.467400         0.000100          145.684000        31.822000        
1717841105        47.644700         38.898600         31.821900         16.522300         0.000100          145.629000        31.822000        
1717841115        47.644700         38.892800         31.821900         16.516300         0.000100          145.633000        31.822000        
1717841126        47.644700         38.834200         31.821900         16.462000         0.000100          145.688000        31.822000        
1717841136        47.644700         38.840100         31.821900         16.468000         0.000100          145.683000        31.822000        
1717841146        47.644700         38.840100         31.821900         16.468300         0.000100          145.681000        31.822000        
1717841157        47.644700         38.840100         31.821900         16.468300         0.000100          145.682000        31.822000        
1717841167        47.644700         38.840100         31.821900         16.468300         0.000100          145.681000        31.822000        
1717841177        47.644700         38.840100         31.821900         16.468500         0.000100          145.681000        31.822000        
1717841187        47.644700         38.840100         31.821900         16.468700         0.000100          145.684000        31.822000        
1717841198        47.644700         38.898700         31.821900         16.516000         0.000100          145.638000        31.822000        
1717841208        47.644700         38.840100         31.821900         16.469200         0.000100          145.680000        31.822000        
1717841218        47.644700         38.840100         31.821900         16.469300         0.000100          145.681000        31.822000        
1717841229        47.644700         38.957300         31.821900         16.567800         0.000100          145.582000        31.822000        
1717841239        47.644700         39.012000         31.821900         16.621500         0.000100          145.531000        31.822000        
1717841249        47.644700         38.957300         31.821900         16.573400         0.000100          145.584000        31.822000        
1717841259        47.644700         38.898700         31.821900         16.521200         0.000100          145.633000        31.822000        
1717841270        47.644700         38.832300         31.821900         16.462300         0.000100          145.693000        31.822000        
1717841280        47.644700         38.832300         31.821900         16.462500         0.000100          145.693000        31.822000        
1717841290        47.644700         38.914300         31.821900         16.531200         0.000100          145.621000        31.822000        
1717841301        47.644700         38.840100         31.821900         16.470800         0.000100          145.684000        31.822000        
1717841311        47.644700         38.898700         31.821900         16.512100         0.000100          145.643000        31.822000        
1717841321        47.644700         38.840100         31.821900         16.470800         0.000100          145.682000        31.822000        
1717841331        47.644700         38.898700         31.821900         16.515700         0.000100          145.637000        31.822000        
1717841342        47.644700         38.898700         31.821900         16.519500         0.000100          145.633000        31.822000        
1717841352        47.644700         38.949500         31.821900         16.566500         0.000100          145.588000        31.822000        
1717841362        47.644700         38.898700         31.821900         16.520400         0.000100          145.620000        31.822000        
1717841373        47.644700         39.012000         31.821900         16.615700         0.000100          145.553000        31.822000        
1717841383        47.644700         38.898700         31.821900         16.522400         0.000100          145.645000        31.822000        
1717841393        47.644700         38.840100         31.821900         16.471500         0.000100          145.697000        31.822000        
1717841403        47.644700         38.953400         31.821900         16.571000         0.000100          145.594000        31.822000        
1717841414        47.644700         38.840100         31.821900         16.471300         0.000100          145.697000        31.822000        
1717841424        47.644700         38.898700         31.821900         16.524300         0.000100          145.644000        31.822000        
1717841434        47.644700         38.840100         31.821900         16.471800         0.000100          145.679000        31.822000        
1717841445        47.644700         37.286500         31.821900         15.646800         0.000100          146.490000        31.822000        
1717841455        47.644700         36.160500         31.821900         15.144500         0.000100          146.640000        31.822000        
1717841465        47.644700         37.334600         31.821900         15.664500         0.000100          146.440000        31.822000        
1717841476        47.644700         38.852900         31.821900         16.435600         0.000100          145.667000        31.822000        
1717841486        47.644700         37.202900         31.821900         15.527600         0.000100          146.544000        31.822000        
1717841496        47.644700         38.609200         31.821900         16.190500         0.000100          145.880000        31.822000        
1717841506        47.644700         39.033800         31.821900         16.537400         0.000100          145.532000        31.822000        
1717841517        47.644700         39.002500         31.821900         16.506100         0.000100          145.560000        31.822000        
1717841527        47.644700         39.213600         31.821900         16.635600         0.000100          145.429000        31.822000        
1717841537        47.644700         39.221400         31.821900         16.647700         0.000100          145.415000        31.822000        
1717841547        47.644700         39.362100         31.821900         16.710700         0.000100          145.351000        31.822000        
1717841558        47.644700         39.377800         31.821900         16.726400         0.000100          145.336000        31.822000        
1717841568        47.644700         37.927900         31.821900         16.001500         0.000100          146.034000        31.822000        
1717841578        47.644700         39.345500         31.821900         16.673800         0.000100          145.352000        31.822000        
1717841589        47.644700         39.493000         31.821900         16.821800         0.000100          145.212000        31.822000        
1717841599        47.644700         39.446100         31.821900         16.774800         0.000100          145.261000        31.822000        
1717841609        47.644700         39.551500         31.821900         16.878700         0.000100          145.155000        31.822000        
1717841619        47.644700         39.614100         31.821900         16.941200         0.000100          145.097000        31.822000        
1717841630        47.644700         39.786000         31.821900         17.035500         0.000100          145.002000        31.822000        
1717841640        47.644700         39.770400         31.821900         17.020300         0.000100          145.017000        31.822000        
1717841650        47.644700         39.770400         31.821900         17.020500         0.000100          145.018000        31.822000        
1717841661        47.644700         39.770400         31.821900         17.020800         0.000100          145.017000        31.822000        
1717841671        47.644700         39.770400         31.821900         17.021000         0.000100          145.018000        31.822000        
1717841681        47.644700         39.770400         31.821900         17.021100         0.000100          145.016000        31.822000        
1717841692        47.644700         39.887700         31.821900         17.137200         0.000100          144.900000        31.822000        
1717841702        47.644700         39.887800         31.821900         17.137200         0.000100          144.898000        31.822000        
1717841712        47.644700         39.887800         31.821900         17.137800         0.000100          144.901000        31.822000        
1717841722        47.644700         39.928500         31.821900         17.178600         0.000100          144.860000        31.822000        
1717841733        47.644700         39.928500         31.821900         17.178900         0.000100          144.860000        31.822000        
1717841743        47.644700         39.929300         31.821900         17.179800         0.000100          144.859000        31.822000        
1717841753        47.644700         39.952500         31.821900         17.204400         0.000100          144.834000        31.822000        
1717841764        47.644700         39.994700         31.821900         17.245300         0.000100          144.794000        31.822000        
1717841775        47.644700         39.995800         31.821900         17.246700         0.000100          144.791000        31.822000        
1717841785        47.644700         39.994300         31.821900         17.248600         0.000100          144.788000        31.822000        
1717841795        47.644700         39.994600         31.821900         17.248700         0.000100          144.787000        31.822000        
1717841805        47.644700         40.082100         31.821900         17.334900         0.000100          144.702000        31.822000        
1717841816        47.644700         40.082900         31.821900         17.335700         0.000100          144.703000        31.822000        
1717841826        47.644700         40.083300         31.821900         17.336500         0.000100          144.703000        31.822000        
1717841836        47.644700         40.084000         31.821900         17.337000         0.000100          144.702000        31.822000        
1717841847        47.644700         40.084800         31.821900         17.337900         0.000100          144.699000        31.822000        
1717841857        47.644700         40.085500         31.821900         17.338700         0.000100          144.701000        31.822000        
1717841867        47.644700         40.086300         31.821900         17.339600         0.000100          144.698000        31.822000        
1717841877        47.644700         40.064500         31.821900         17.319200         0.000100          144.718000        31.822000        
1717841888        47.644700         40.153200         31.821900         17.406400         0.000100          144.635000        31.822000        
1717841898        47.644700         40.153600         31.821900         17.406800         0.000100          144.634000        31.822000        
1717841908        47.644700         40.278600         31.821900         17.531900         0.000100          144.508000        31.822000        
1717841919        47.644700         40.309900         31.821900         17.563300         0.000100          144.471000        31.822000        
1717841929        47.644700         40.553700         31.821900         17.792000         0.000100          144.247000        31.822000        
1717841939        47.644700         40.553800         31.821900         17.792300         0.000100          144.248000        31.822000        
1717841949        47.644700         40.678800         31.821900         17.917400         0.000100          144.120000        31.822000        
1717841960        47.644700         40.678800         31.821900         17.917400         0.000100          144.123000        31.822000        
1717841970        47.644700         40.678800         31.821900         17.917400         0.000100          144.120000        31.822000        
1717841980        47.644700         40.678800         31.821900         17.917400         0.000100          144.118000        31.822000        
1717841991        47.644700         40.678800         31.821900         17.917400         0.000100          144.118000        31.822000        
1717842001        47.644700         40.678800         31.821900         17.917400         0.000100          144.119000        31.822000        
1717842011        47.644700         40.678800         31.821900         17.917400         0.000100          144.121000        31.822000        
1717842021        47.644700         40.678800         31.821900         17.917700         0.000100          144.119000        31.822000        
1717842032        47.644700         40.741300         31.821900         17.980400         0.000100          144.057000        31.822000        
1717842042        47.644700         40.803800         31.821900         18.043200         0.000100          143.995000        31.822000        
1717842052        47.644700         40.803800         31.821900         18.043200         0.000100          143.996000        31.822000        
1717842063        47.644700         40.803800         31.821900         18.043400         0.000100          143.992000        31.822000        
1717842073        47.644700         40.803800         31.821900         18.043600         0.000100          143.991000        31.822000        
1717842083        47.644700         40.803800         31.821900         18.044200         0.000100          143.993000        31.822000        
1717842094        47.644700         40.803800         31.821900         18.044200         0.000100          143.994000        31.822000        
1717842104        47.644700         40.803800         31.821900         18.044200         0.000100          143.992000        31.822000        
1717842114        47.644700         40.803800         31.821900         18.044600         0.000100          143.993000        31.822000        
1717842124        47.644700         40.803800         31.821900         18.044900         0.000100          143.995000        31.822000        
1717842135        47.644700         40.803800         31.821900         18.045100         0.000100          143.994000        31.822000        
1717842145        47.644700         40.803800         31.821900         18.045200         0.000100          143.994000        31.822000        
1717842155        47.644700         40.803800         31.821900         18.045200         0.000100          143.991000        31.822000        
1717842166        47.644700         40.803800         31.821900         18.045300         0.000100          143.989000        31.822000        
1717842176        47.644700         40.803800         31.821900         18.045600         0.000100          143.992000        31.822000        
1717842186        47.644700         40.803800         31.821900         18.045700         0.000100          143.993000        31.822000        
1717842196        47.644700         40.803800         31.821900         18.045700         0.000100          143.991000        31.822000        
1717842207        47.644700         40.803800         31.821900         18.045700         0.000100          143.994000        31.822000        
1717842217        47.644700         40.803800         31.821900         18.045700         0.000100          143.993000        31.822000        
1717842227        47.644700         40.803800         31.821900         18.045800         0.000100          143.993000        31.822000        
1717842238        47.644700         40.803800         31.821900         18.046100         0.000100          143.989000        31.822000        
1717842248        47.644700         40.803800         31.821900         18.046300         0.000100          143.988000        31.822000        
1717842258        47.644700         40.803800         31.821900         18.046400         0.000100          143.991000        31.822000        
1717842268        47.644700         40.803800         31.821900         18.046400         0.000100          143.990000        31.822000        
1717842279        47.644700         40.803800         31.821900         18.046400         0.000100          143.990000        31.822000        
1717842289        47.644700         40.803800         31.821900         18.046400         0.000100          143.990000        31.822000        
1717842299        47.644700         40.803800         31.821900         18.058100         0.000100          143.977000        31.822000        
1717842310        47.644700         40.803800         31.821900         18.061900         0.000100          143.976000        31.822000        
1717842320        47.644700         40.803800         31.821900         18.061900         0.000100          143.978000        31.822000        
1717842330        47.644700         40.803800         31.821900         18.061900         0.000100          143.977000        31.822000        
1717842341        47.644700         40.803800         31.821900         18.062100         0.000100          143.974000        31.822000        
1717842351        47.644700         40.803800         31.821900         18.062400         0.000100          143.974000        31.822000        
1717842361        47.644700         40.803800         31.821900         18.062500         0.000100          143.974000        31.822000        
1717842371        47.644700         40.803800         31.821900         18.062500         0.000100          144.035000        31.822000        
1717842382        47.644700         40.803800         31.821900         18.062500         0.000100          144.067000        31.822000        
1717842392        47.644700         40.803800         31.821900         18.062500         0.000100          144.067000        31.822000        
1717842402        47.644700         40.803800         31.821900         18.062500         0.000100          144.072000        31.822000        
1717842413        47.644700         40.803800         31.821900         18.062700         0.000100          144.101000        31.822000        
1717842423        47.644700         40.803800         31.821900         18.063000         0.000100          144.097000        31.822000        
1717842433        47.644700         40.741300         31.821900         18.000600         0.000100          144.158000        31.822000        
1717842444        47.644700         40.741300         31.821900         18.000600         0.000100          144.161000        31.822000        
1717842454        47.644700         40.741300         31.821900         18.002600         0.000100          144.157000        31.822000        
1717842464        47.644700         40.741300         31.821900         18.002600         0.000100          144.155000        31.822000        
1717842474        47.644700         40.741300         31.821900         18.063200         0.000100          144.094000        31.822000        
1717842485        47.644700         40.741300         31.821900         18.063200         0.000100          144.099000        31.822000        
1717842495        47.644700         40.741300         31.821900         18.063200         0.000100          144.098000        31.822000        
1717842505        47.644700         40.741300         31.821900         18.063200         0.000100          144.098000        31.822000        
1717842516        47.644700         40.803800         31.821900         18.119700         0.000100          144.040000        31.822000        
1717842526        47.644700         40.803800         31.821900         18.079200         0.000100          144.078000        31.822000        
1717842536        47.644700         40.803800         31.821900         18.127600         0.000100          144.033000        31.822000        
1717842547        47.644700         40.803800         31.821900         18.127900         0.000100          144.032000        31.822000        
1717842557        47.644700         40.803800         31.821900         18.128100         0.000100          144.031000        31.822000        
1717842567        47.644700         40.803800         31.821900         18.128100         0.000100          144.029000        31.822000        
1717842578        47.644700         40.803800         31.821900         18.128100         0.000100          144.034000        31.822000        
1717842588        47.644700         40.803800         31.821900         18.128300         0.000100          144.029000        31.822000        
1717842598        47.644700         40.710100         31.821900         18.001400         0.000100          144.155000        31.822000        
1717842609        47.644700         40.647600         31.821900         17.973300         0.000100          144.180000        31.822000        
1717842619        47.644700         40.585100         31.821900         17.910900         0.000100          144.248000        31.822000        
1717842629        47.644700         40.647600         31.821900         17.975600         0.000100          144.181000        31.822000        
1717842639        47.644700         40.663200         31.821900         17.991300         0.000100          144.165000        31.822000        
1717842650        47.644700         40.694500         31.821900         18.145900         0.000100          144.010000        31.822000        
1717842660        47.644700         40.694500         31.821900         18.177200         0.000100          143.978000        31.822000        
1717842670        47.644700         40.882000         31.821900         18.311600         0.000100          143.845000        31.822000        
1717842681        47.644700         40.694500         31.821900         18.208400         0.000100          143.944000        31.822000        
1717842691        47.644700         40.757000         31.821900         18.208400         0.000100          143.942000        31.822000        
1717842701        47.644700         40.694500         31.821900         18.208400         0.000100          143.944000        31.822000        
1717842712        47.644700         40.694500         31.821900         18.208400         0.000100          143.948000        31.822000        
1717842722        47.644700         40.757000         31.821900         18.270800         0.000100          143.884000        31.822000        
1717842732        47.644700         40.835100         31.821900         18.333400         0.000100          143.820000        31.822000        
1717842742        47.644700         40.803800         31.821900         18.302200         0.000100          143.852000        31.822000        
1717842753        47.644700         40.897600         31.821900         18.396000         0.000100          143.758000        31.822000        
1717842763        47.644700         40.897600         31.821900         18.396000         0.000100          143.755000        31.822000        
1717842773        47.644700         40.897600         31.821900         18.396200         0.000100          143.755000        31.822000        
1717842784        47.644700         40.897600         31.821900         18.396400         0.000100          143.756000        31.822000        
1717842794        47.644700         40.897600         31.821900         18.396700         0.000100          143.757000        31.822000        
1717842804        47.644700         40.897600         31.821900         18.396900         0.000100          143.758000        31.822000        
1717842814        47.644700         40.897600         31.821900         18.397000         0.000100          143.757000        31.822000        
1717842825        47.644700         40.897600         31.821900         18.397000         0.000100          143.755000        31.822000        
1717842835        47.644700         40.897600         31.821900         18.397000         0.000100          143.753000        31.822000        
1717842845        47.644700         40.897600         31.821900         18.397100         0.000100          143.756000        31.822000        
1717842856        47.644700         40.897600         31.821900         18.397100         0.000100          143.754000        31.822000        
1717842866        47.644700         40.897600         31.821900         18.397200         0.000100          143.755000        31.822000        
1717842876        47.644700         40.897600         31.821900         18.397500         0.000100          143.756000        31.822000        
1717842887        47.644700         40.897600         31.821900         18.397700         0.000100          143.754000        31.822000        
1717842897        47.644700         40.897600         31.821900         18.397800         0.000100          143.754000        31.822000        
1717842907        47.644700         40.897600         31.821900         18.397800         0.000100          143.754000        31.822000        
1717842917        47.644700         40.897600         31.821900         18.397800         0.000100          143.752000        31.822000        
1717842928        47.644700         40.897600         31.821900         18.397800         0.000100          143.754000        31.822000        
1717842938        47.644700         40.897600         31.821900         18.397800         0.000100          143.756000        31.822000        
1717842948        47.644700         40.897600         31.821900         18.397800         0.000100          143.753000        31.822000        
1717842959        47.644700         40.897600         31.821900         18.398000         0.000100          143.754000        31.822000        
1717842969        47.644700         40.897600         31.821900         18.398300         0.000100          143.751000        31.822000        
1717842979        47.644700         40.897600         31.821900         18.398400         0.000100          143.752000        31.822000        
1717842990        47.644700         40.897600         31.821900         18.398400         0.000100          143.752000        31.822000        
1717843000        47.644700         40.897600         31.821900         18.398400         0.000100          143.754000        31.822000        
1717843011        47.644700         40.897600         31.821900         18.398500         0.000100          143.754000        31.822000        
1717843021        47.644700         40.897600         31.821900         18.398500         0.000100          143.755000        31.822000        
1717843031        47.644700         40.991400         31.821900         18.445000         0.000100          143.692000        31.822000        
1717843042        47.644700         40.991400         31.821900         18.492300         0.000100          143.659000        31.822000        
1717843052        47.644700         40.991400         31.821900         18.492300         0.000100          143.662000        31.822000        
1717843062        47.644700         40.991400         31.821900         18.492300         0.000100          143.661000        31.822000        
1717843072        47.644700         40.991400         31.821900         18.492300         0.000100          143.662000        31.822000        
1717843083        47.644700         40.991400         31.821900         18.492300         0.000100          143.658000        31.822000        
1717843093        47.644700         40.991400         31.821900         18.492300         0.000100          143.661000        31.822000        
1717843103        47.644700         40.991400         31.821900         18.492300         0.000100          143.659000        31.822000        
1717843114        47.644700         40.991400         31.821900         18.492300         0.000100          143.661000        31.822000        
1717843124        47.644700         40.991400         31.821900         18.507700         0.000100          143.645000        31.822000        
1717843134        47.644700         40.991400         31.821900         18.507700         0.000100          143.646000        31.822000        
1717843144        47.644700         40.991400         31.821900         18.507900         0.000100          143.644000        31.822000        
1717843155        47.644700         40.991400         31.821900         18.508100         0.000100          143.643000        31.822000        
1717843165        47.644700         40.991400         31.821900         18.508400         0.000100          143.644000        31.822000        
1717843175        47.644700         40.991400         31.821900         18.508400         0.000100          143.643000        31.822000        
1717843186        47.644700         40.991400         31.821900         18.508500         0.000100          143.640000        31.822000        
1717843196        47.644700         40.991400         31.821900         18.508700         0.000100          143.641000        31.822000        
1717843206        47.644700         40.991400         31.821900         18.509000         0.000100          143.639000        31.822000        
1717843217        47.644700         41.085100         31.821900         18.602800         0.000100          143.546000        31.822000        
1717843227        47.644700         41.085100         31.821900         18.602800         0.000100          143.550000        31.822000        
1717843237        47.644700         41.085100         31.821900         18.602800         0.000100          143.550000        31.822000        
1717843247        47.644700         41.085100         31.821900         18.602800         0.000100          143.547000        31.822000        
1717843258        47.644700         41.085100         31.821900         18.602800         0.000100          143.551000        31.822000        
1717843268        47.644700         41.085100         31.821900         18.602800         0.000100          143.546000        31.822000        
1717843278        47.644700         41.178900         31.821900         18.697700         0.000100          143.451000        31.822000        
1717843289        47.644700         41.272600         31.821900         18.791700         0.000100          143.358000        31.822000        
1717843299        47.644700         41.272600         31.821900         18.791900         0.000100          143.356000        31.822000        
1717843309        47.644700         41.147600         31.821900         18.667200         0.000100          143.482000        31.822000        
1717843319        47.644700         41.147600         31.821900         18.667200         0.000100          143.483000        31.822000        
1717843330        47.644700         38.897800         31.821900         16.987200         0.000100          145.167000        31.822000        
1717843340        47.644700         38.835300         31.821900         16.946200         0.000100          145.205000        31.822000        
1717843350        47.644700         39.024900         31.821900         17.110700         0.000100          145.042000        31.822000        
1717843361        47.644700         39.178100         31.821900         17.322300         0.000100          144.826000        31.822000        
1717843371        47.644700         39.049600         31.821900         17.194300         0.000100          144.942000        31.822000        
1717843381        47.644700         38.992900         31.821900         17.159100         0.000100          144.994000        31.822000        
1717843391        47.644700         39.086700         31.821900         17.237400         0.000100          144.912000        31.822000        
1717843402        47.644700         39.086700         31.821900         17.237000         0.000100          144.912000        31.822000        
1717843412        47.644700         39.180400         31.821900         17.331000         0.000100          144.818000        31.822000        
1717843422        47.644700         39.242900         31.821900         17.393400         0.000100          144.757000        31.822000        
1717843433        47.644700         39.305400         31.821900         17.455800         0.000100          144.689000        31.822000        
1717843443        47.644700         39.305400         31.821900         17.455800         0.000100          144.690000        31.822000        
1717843453        47.644700         39.242900         31.821900         17.393600         0.000100          144.755000        31.822000        
1717843463        47.644700         39.305400         31.821900         17.456100         0.000100          144.691000        31.822000        
1717843474        47.644700         39.305400         31.821900         17.456100         0.000100          144.693000        31.822000        
1717843484        47.644700         39.274200         31.821900         17.425200         0.000100          144.724000        31.822000        
1717843494        47.644700         39.233900         31.821900         17.395200         0.000100          144.753000        31.822000        
1717843505        47.644700         39.233900         31.821900         17.395500         0.000100          144.751000        31.822000        
1717843515        47.644700         39.233900         31.821900         17.395700         0.000100          144.751000        31.822000        
1717843525        47.644700         38.969400         31.821900         17.116200         0.000100          145.029000        31.822000        
1717843536        47.644700         38.985600         31.821900         17.132400         0.000100          145.014000        31.822000        
1717843546        47.644700         38.985600         31.821900         17.132400         0.000100          145.014000        31.822000        
1717843556        47.644700         39.095600         31.821900         17.254100         0.000100          144.892000        31.822000        
1717843566        47.644700         39.113600         31.821900         17.287800         0.000100          144.836000        31.822000        
1717843577        47.644700         39.051100         31.821900         17.225500         0.000100          144.918000        31.822000        
1717843587        47.644700         39.051100         31.821900         17.225700         0.000100          144.921000        31.822000        
1717843597        47.644700         37.035800         31.821900         15.682300         0.000100          146.460000        31.822000        
1717843608        47.644700         36.989400         31.821900         15.751300         0.000100          146.393000        31.822000        
1717843618        47.644700         37.194900         31.821900         15.928000         0.000100          146.209000        31.822000        
1717843628        47.644700         37.688400         31.821900         16.472500         0.000100          145.644000        31.822000        
1717843639        47.644700         37.621900         31.821900         16.428700         0.000100          145.702000        31.822000        
1717843649        47.644700         37.061100         31.821900         15.868200         0.000100          146.271000        31.822000        
1717843659        47.644700         37.061100         31.821900         15.871000         0.000100          146.228000        31.822000        
1717843669        47.644700         37.123600         31.821900         15.933200         0.000100          146.206000        31.822000        
1717843680        47.644700         37.014200         31.821900         15.824000         0.000100          146.315000        31.822000        
1717843690        47.644700         41.110100         31.821900         15.893800         0.000100          146.214000        31.822000        
1717843700        47.644700         38.619000         31.821900         16.201200         0.000100          145.912000        31.822000        
1717843711        47.644700         38.720800         31.821900         16.310600         0.000100          145.795000        31.822000        
1717843721        47.644700         38.647500         31.821900         16.240900         0.000100          145.874000        31.822000        
1717843731        47.644700         38.831700         31.821900         16.430300         0.000100          145.699000        31.822000        
1717843741        47.644700         38.712400         31.821900         16.318200         0.000100          145.804000        31.822000        
1717843752        47.644700         36.168200         31.821900         14.219000         0.000100          147.900000        31.822000        
1717843762        47.644700         36.874000         31.821900         15.471900         0.000100          146.640000        31.822000        
1717843773        47.644700         34.732000         31.821900         13.904500         0.000100          148.201000        31.822000        
1717843783        47.644700         34.454800         31.821900         13.656700         0.000100          148.444000        31.822000        
1717843793        47.644700         34.428100         31.821900         13.648300         0.000100          148.452000        31.822000        
1717843804        47.644700         34.667300         31.821900         13.950800         0.000100          148.143000        31.822000        
1717843814        47.644700         35.256100         31.821900         14.540300         0.000100          147.541000        31.822000        
1717843824        47.644700         35.770200         31.821900         15.064700         0.000100          147.024000        31.822000        
1717843834        47.644700         34.227700         31.821900         13.555200         0.000100          148.702000        31.822000        
1717843845        47.644700         33.638100         31.821900         12.977000         0.000100          149.119000        31.822000        
1717843855        47.644700         33.870200         31.821900         13.127600         0.000100          148.950000        31.822000        
1717843865        47.644700         34.345500         31.821900         13.626200         0.000100          148.446000        31.822000        
1717843876        47.644700         33.615300         31.821900         13.346700         0.000100          148.696000        31.822000        
1717843886        47.644700         31.671700         31.821900         12.524400         0.000100          149.538000        31.822000        
1717843896        47.644700         35.538100         31.821900         14.523100         0.000100          147.511000        31.822000        
1717843907        47.644700         36.856500         31.821900         15.851200         0.000100          146.186000        31.822000        
1717843917        47.644700         36.170300         31.821900         15.176500         0.000100          146.870000        31.822000        
1717843927        47.644700         36.301500         31.821900         15.310100         0.000100          146.738000        31.822000        
1717843937        47.644700         36.310900         31.821900         15.319800         0.000100          146.729000        31.822000        
1717843948        47.644700         35.044400         31.821900         14.722300         0.000100          147.304000        31.822000        
1717843958        47.644700         38.624000         31.821900         15.246100         0.000100          146.780000        31.822000        
1717843968        47.644700         37.685200         31.821900         15.492600         0.000100          146.523000        31.822000        
1717843979        47.644700         37.541200         31.821900         15.334800         0.000100          146.683000        31.822000        
1717843989        47.644700         37.291900         31.821900         15.063000         0.000100          146.966000        31.822000        
1717843999        47.644700         37.341500         31.821900         15.122400         0.000100          146.906000        31.822000        
1717844009        47.644700         37.400000         31.821900         15.178600         0.000100          146.844000        31.822000        
1717844020        47.644700         37.609100         31.821900         15.402200         0.000100          146.674000        31.822000        
1717844030        47.644700         38.380300         31.821900         16.590700         0.000100          145.443000        31.822000        
1717844040        47.644700         38.590200         31.821900         16.834500         0.000100          145.176000        31.822000        
1717844051        47.644700         38.675900         31.821900         16.906100         0.000100          145.106000        31.822000        
1717844061        47.644700         39.048500         31.821900         17.265400         0.000100          144.744000        31.822000        
1717844071        47.644700         38.878300         31.821900         17.106700         0.000100          144.899000        31.822000        
1717844081        47.644700         38.924100         31.821900         17.156500         0.000100          144.845000        31.822000        
1717844092        47.644700         38.843400         31.821900         17.049400         0.000100          144.909000        31.822000        
1717844102        47.644700         35.470800         31.821900         14.074200         0.000100          147.863000        31.822000        
1717844112        47.644700         35.476900         31.821900         14.117100         0.000100          147.924000        31.822000        
1717844123        47.644700         35.011700         31.821900         13.348400         0.000100          148.579000        31.822000        
1717844133        47.644700         35.859200         31.821900         13.814500         0.000100          148.076000        31.822000        
1717844143        47.644700         34.621900         31.821900         14.167900         0.000100          148.265000        31.822000        
1717844154        47.644700         38.294200         31.821900         14.145100         0.000100          147.876000        31.822000        
1717844164        47.644700         42.035300         31.821900         15.058400         0.000100          146.873000        31.822000        
1717844174        47.644700         39.891000         31.821900         15.772500         0.000100          146.095000        31.822000        
1717844185        47.644700         39.984400         31.821900         15.904900         0.000100          145.982000        31.822000        
1717844195        47.644700         40.330600         31.821900         15.734500         0.000100          146.126000        31.822000        
1717844205        47.644700         40.474700         31.821900         15.903200         0.000100          145.894000        31.822000        
1717844215        47.644700         40.593600         31.821900         16.010700         0.000100          145.921000        31.822000        
1717844226        47.644700         40.625000         31.821900         16.053700         0.000100          145.811000        31.822000        
1717844237        47.644700         40.693200         31.821900         16.110100         0.000100          145.772000        31.822000        
1717844247        47.644700         39.756100         31.821900         16.552900         0.000100          145.221000        31.822000        
1717844257        47.644700         42.534900         31.821900         18.819800         0.000100          143.055000        31.822000        
1717844267        47.644700         42.727500         31.821900         19.016700         0.000100          142.891000        31.822000        
1717844278        47.644700         42.704200         31.821900         18.951900         0.000100          142.904000        31.822000        
1717844288        47.644700         42.776900         31.821900         19.024300         0.000100          142.834000        31.822000        
1717844298        47.644700         42.848700         31.821900         19.092900         0.000100          142.747000        31.822000        
1717844309        47.644700         42.928100         31.821900         19.160700         0.000100          142.699000        31.822000        
1717844319        47.644700         42.975700         31.821900         19.205600         0.000100          142.658000        31.822000        
1717844329        47.644700         43.098500         31.821900         19.316600         0.000100          142.544000        31.822000        
1717844340        47.644700         39.701900         31.821900         16.885000         0.000100          144.954000        31.822000        
1717844350        47.644700         40.779700         31.821900         17.210400         0.000100          144.644000        31.822000        
1717844360        47.644700         40.939400         31.821900         17.355700         0.000100          144.471000        31.822000        
1717844370        47.644700         40.441700         31.821900         16.870000         0.000100          144.964000        31.822000        
1717844381        47.644700         38.938300         31.821900         15.310800         0.000100          146.510000        31.822000        
1717844391        47.644700         39.072400         31.821900         15.645500         0.000100          146.122000        31.822000        
1717844401        47.644700         38.895600         31.821900         15.228500         0.000100          146.491000        31.822000        
1717844412        47.644700         39.564800         31.821900         15.778600         0.000100          146.005000        31.822000        
1717844422        47.644700         40.083400         31.821900         16.345000         0.000100          145.646000        31.822000        
1717844433        47.644700         40.359400         31.821900         16.404100         0.000100          145.366000        31.822000        
1717844443        47.644700         40.984500         31.821900         17.053900         0.000100          144.721000        31.822000        
1717844453        47.644700         41.366500         31.821900         17.464100         0.000100          144.317000        31.822000        
1717844463        47.644700         41.466400         31.821900         17.575100         0.000100          144.230000        31.822000        
1717844474        47.644700         41.312600         31.821900         17.352400         0.000100          144.397000        31.822000        
1717844484        47.644700         40.490500         31.821900         17.323600         0.000100          144.308000        31.822000        
1717844494        47.644700         42.401800         31.821900         18.558400         0.000100          143.109000        31.822000        
1717844505        47.644700         43.047300         31.821900         19.008100         0.000100          142.701000        31.822000        
1717844515        47.644700         42.920300         31.821900         18.902400         0.000100          142.815000        31.822000        
1717844525        47.644700         43.413600         31.821900         19.392200         0.000100          142.259000        31.822000        
1717844535        47.644700         43.331200         31.821900         19.295900         0.000100          142.431000        31.822000        
1717844546        47.644700         43.921800         31.821900         19.863500         0.000100          141.874000        31.822000        
1717844556        47.644700         44.078200         31.821900         20.025200         0.000100          141.752000        31.822000        
1717844566        47.644700         44.122000         31.821900         20.050400         0.000100          141.691000        31.822000        
1717844577        47.644700         43.975600         31.821900         19.932000         0.000100          141.784000        31.822000        
1717844587        47.644700         44.538000         31.821900         20.309500         0.000100          141.462000        31.822000        
1717844597        47.644700         45.075400         31.821900         20.831500         0.000100          140.955000        31.822000        
1717844608        47.644700         45.440400         31.821900         21.206300         0.000100          140.581000        31.822000        
1717844618        47.644700         45.643100         31.821900         21.410000         0.000100          140.377000        31.822000        
1717844628        47.644700         45.757000         31.821900         21.520100         0.000100          140.271000        31.822000        
1717844639        47.644700         45.943000         31.821900         21.706000         0.000100          140.080000        31.822000        
1717844649        47.644700         46.118400         31.821900         21.883000         0.000100          139.917000        31.822000        
1717844659        47.644700         44.260500         31.821900         20.203300         0.000100          141.585000        31.822000        
1717844669        47.644700         44.379500         31.821900         20.324300         0.000100          141.464000        31.822000        
1717844680        47.644700         43.294100         31.821900         19.217800         0.000100          142.587000        31.822000        
1717844690        47.644700         41.798400         31.821900         17.907800         0.000100          143.885000        31.822000        
1717844700        47.644700         40.965200         31.821900         16.844800         0.000100          144.928000        31.822000        
1717844711        47.644700         40.848100         31.821900         16.963200         0.000100          144.779000        31.822000        
1717844721        47.644700         39.300900         31.821900         16.174600         0.000100          145.534000        31.822000        
1717844731        47.644700         40.591600         31.821900         16.492800         0.000100          145.232000        31.822000        
1717844742        47.644700         39.352300         31.821900         16.230600         0.000100          145.364000        31.822000        
1717844752        47.644700         40.746300         31.821900         16.861200         0.000100          144.845000        31.822000        
1717844762        47.644700         40.863200         31.821900         16.992900         0.000100          144.720000        31.822000        
1717844772        47.644700         41.267500         31.821900         17.156700         0.000100          144.541000        31.822000        
1717844783        47.644700         40.822000         31.821900         16.969900         0.000100          144.671000        31.822000        
1717844793        47.644700         41.754900         31.821900         17.489400         0.000100          144.171000        31.822000        
1717844803        47.644700         42.438900         31.821900         17.955800         0.000100          143.720000        31.822000        
1717844814        47.644700         42.943400         31.821900         18.710200         0.000100          142.939000        31.822000        
1717844824        47.644700         43.240100         31.821900         18.836300         0.000100          142.806000        31.822000        
1717844834        47.644700         43.957500         31.821900         19.553900         0.000100          142.088000        31.822000        
1717844845        47.644700         42.299600         31.821900         18.090800         0.000100          143.539000        31.822000        
1717844855        47.644700         42.988700         31.821900         18.806700         0.000100          142.820000        31.822000        
1717844865        47.644700         43.105100         31.821900         18.933100         0.000100          142.763000        31.822000        
1717844875        47.644700         43.107700         31.821900         18.927600         0.000100          142.704000        31.822000        
1717844886        47.644700         43.573300         31.821900         19.171600         0.000100          142.491000        31.822000        
1717844896        47.644700         42.420600         31.821900         18.203200         0.000100          143.371000        31.822000        
1717844906        47.644700         42.612000         31.821900         18.407200         0.000100          143.229000        31.822000        
1717844917        47.644700         42.789100         31.821900         18.596800         0.000100          143.042000        31.822000        
1717844927        47.644700         41.961900         31.821900         17.730600         0.000100          143.910000        31.822000        
1717844937        47.644700         42.351200         31.821900         18.348900         0.000100          143.216000        31.822000        
1717844948        47.644700         42.056700         31.821900         17.779400         0.000100          143.706000        31.822000        
1717844958        47.644700         41.070900         31.821900         17.738200         0.000100          143.974000        31.822000        
1717844968        47.644700         41.668200         31.821900         18.401500         0.000100          143.139000        31.822000        
1717844978        47.644700         39.025800         31.821900         16.665000         0.000100          144.801000        31.822000        
1717844989        47.644700         39.559300         31.821900         17.002000         0.000100          144.583000        31.822000        
1717844999        47.644700         40.834900         31.821900         17.800100         0.000100          143.692000        31.822000        
1717845009        47.644700         40.966500         31.821900         17.993800         0.000100          143.503000        31.822000        
1717845020        47.644700         39.857400         31.821900         16.874700         0.000100          144.608000        31.822000        
1717845030        47.644700         40.170400         31.821900         17.171300         0.000100          144.358000        31.822000        
1717845040        47.644700         40.259800         31.821900         17.262300         0.000100          144.253000        31.822000        
1717845051        47.644700         40.263200         31.821900         17.237900         0.000100          144.260000        31.822000        
1717845061        47.644700         40.332700         31.821900         17.322000         0.000100          144.263000        31.822000        
1717845071        47.644700         38.474500         31.821900         15.641700         0.000100          145.969000        31.822000        
1717845081        47.644700         38.478500         31.821900         15.646600         0.000100          145.964000        31.822000        
1717845092        47.644700         38.469200         31.821900         15.640900         0.000100          145.951000        31.822000        
1717845102        47.644700         38.514400         31.821900         15.682600         0.000100          145.938000        31.822000        
1717845112        47.644700         38.641100         31.821900         15.576400         0.000100          146.034000        31.822000        
1717845123        47.644700         38.405700         31.821900         15.570300         0.000100          146.038000        31.822000        
1717845133        47.644700         38.370100         31.821900         15.524700         0.000100          146.061000        31.822000        
1717845143        47.644700         38.429000         31.821900         15.616200         0.000100          145.943000        31.822000        
1717845154        47.644700         38.465900         31.821900         15.666700         0.000100          145.914000        31.822000        
1717845164        47.644700         38.545400         31.821900         15.756900         0.000100          145.862000        31.822000        
1717845174        47.644700         38.673000         31.821900         15.620200         0.000100          146.020000        31.822000        
1717845185        47.644700         37.868000         31.821900         14.771400         0.000100          146.911000        31.822000        
1717845195        47.644700         37.819300         31.821900         14.707400         0.000100          146.968000        31.822000        
1717845205        47.644700         37.868500         31.821900         14.779600         0.000100          146.845000        31.822000        
1717845215        47.644700         37.887300         31.821900         14.785400         0.000100          146.873000        31.822000        
1717845226        47.644700         38.234700         31.821900         15.351400         0.000100          146.260000        31.822000        
1717845236        47.644700         37.966300         31.821900         15.085500         0.000100          146.945000        31.822000        
1717845246        47.644700         38.192100         31.821900         15.316000         0.000100          146.299000        31.822000        
1717845257        47.644700         35.861200         31.821900         13.700000         0.000100          147.887000        31.822000        
1717845267        47.644700         35.896600         31.821900         13.716700         0.000100          147.862000        31.822000        
1717845277        47.644700         35.897000         31.821900         13.730400         0.000100          147.857000        31.822000        
1717845288        47.644700         34.985100         31.821900         13.454600         0.000100          148.156000        31.822000        
1717845298        47.644700         37.311800         31.821900         14.316300         0.000100          147.514000        31.822000        
1717845308        47.644700         37.192100         31.821900         14.182400         0.000100          147.372000        31.822000        
1717845319        47.644700         35.660800         31.821900         13.415700         0.000100          148.168000        31.822000        
1717845329        47.644700         36.835000         31.821900         14.115000         0.000100          147.438000        31.822000        
1717845339        47.644700         36.611600         31.821900         14.158100         0.000100          147.360000        31.822000        
1717845349        47.644700         37.645700         31.821900         15.197700         0.000100          146.296000        31.822000        
1717845360        47.644700         37.952800         31.821900         15.350600         0.000100          146.155000        31.822000        
1717845370        47.644700         37.877600         31.821900         15.414900         0.000100          146.013000        31.822000        
1717845380        47.644700         38.785400         31.821900         16.410000         0.000100          145.146000        31.822000        
1717845391        47.644700         38.736000         31.821900         16.164000         0.000100          145.173000        31.822000        
1717845401        47.644700         39.555200         31.821900         16.995500         0.000100          144.442000        31.822000        
1717845411        47.644700         39.800900         31.821900         17.255900         0.000100          144.153000        31.822000        
1717845422        47.644700         39.553200         31.821900         16.988900         0.000100          144.414000        31.822000        
1717845432        47.644700         39.647600         31.821900         17.056800         0.000100          144.421000        31.822000        
1717845442        47.644700         39.800200         31.821900         17.148800         0.000100          144.282000        31.822000        
1717845452        47.644700         40.076800         31.821900         17.732500         0.000100          143.614000        31.822000        
1717845463        47.644700         40.327200         31.821900         17.784200         0.000100          143.588000        31.822000        
1717845473        47.644700         40.946400         31.821900         18.429900         0.000100          142.921000        31.822000        
1717845483        47.644700         41.096100         31.821900         18.602200         0.000100          142.698000        31.822000        
1717845494        47.644700         41.253900         31.821900         18.768900         0.000100          142.653000        31.822000        
1717845504        47.644700         40.837400         31.821900         18.319300         0.000100          142.984000        31.822000        
1717845514        47.644700         39.169400         31.821900         18.120700         0.000100          143.290000        31.822000        
1717845524        47.644700         40.185700         31.821900         18.377000         0.000100          142.992000        31.822000        
1717845535        47.644700         40.545200         31.821900         18.727300         0.000100          142.646000        31.822000        
1717845545        47.644700         40.886200         31.821900         19.132600         0.000100          142.251000        31.822000        
1717845555        47.644700         40.930700         31.821900         19.174800         0.000100          142.206000        31.822000        
1717845566        47.644700         40.983200         31.821900         19.213600         0.000100          142.164000        31.822000        
1717845576        47.644700         41.133500         31.821900         19.377600         0.000100          142.013000        31.822000        
1717845586        47.644700         39.773300         31.821900         17.942000         0.000100          143.416000        31.822000        
1717845596        47.644700         38.411700         31.821900         16.556000         0.000100          144.739000        31.822000        
1717845607        47.644700         38.986500         31.821900         17.077500         0.000100          144.254000        31.822000        
1717845617        47.644700         39.306200         31.821900         17.499100         0.000100          143.860000        31.822000        
1717845627        47.644700         39.354400         31.821900         17.490400         0.000100          143.869000        31.822000        
1717845638        47.644700         39.471100         31.821900         17.667600         0.000100          143.690000        31.822000        
1717845648        47.644700         39.514200         31.821900         17.711600         0.000100          143.644000        31.822000        
1717845658        47.644700         39.544900         31.821900         17.741700         0.000100          143.621000        31.822000        
1717845669        47.644700         39.584500         31.821900         17.782500         0.000100          143.576000        31.822000        
1717845679        47.644700         39.689500         31.821900         17.887600         0.000100          143.481000        31.822000        
1717845689        47.644700         39.702700         31.821900         17.901100         0.000100          143.464000        31.822000        
1717845699        47.644700         37.317900         31.821900         15.870000         0.000100          145.488000        31.822000        
1717845710        47.644700         39.659000         31.821900         16.783400         0.000100          144.585000        31.822000        
1717845720        47.644700         39.669400         31.821900         16.796500         0.000100          144.572000        31.822000        
1717845730        47.644700         39.686100         31.821900         16.815100         0.000100          144.527000        31.822000        
1717845741        47.644700         39.364800         31.821900         16.221100         0.000100          145.146000        31.822000        
1717845751        47.644700         39.354400         31.821900         16.222600         0.000100          145.145000        31.822000        
1717845761        47.644700         39.651300         31.821900         16.475700         0.000100          144.891000        31.822000        
1717845771        47.644700         39.782400         31.821900         16.760100         0.000100          144.606000        31.822000        
1717845782        47.644700         39.517400         31.821900         16.468600         0.000100          144.992000        31.822000        
1717845792        47.644700         39.879900         31.821900         16.746700         0.000100          144.527000        31.822000        
1717845802        47.644700         38.685900         31.821900         16.338700         0.000100          144.908000        31.822000        
1717845813        47.644700         39.414900         31.821900         16.239000         0.000100          145.060000        31.822000        
1717845823        47.644700         39.795400         31.821900         16.726600         0.000100          144.753000        31.822000        
1717845833        47.644700         40.077100         31.821900         16.987900         0.000100          144.386000        31.822000        
1717845844        47.644700         40.099400         31.821900         17.024700         0.000100          144.374000        31.822000        
1717845854        47.644700         36.774200         31.821900         14.379200         0.000100          146.972000        31.822000        
1717845864        47.644700         37.804500         31.821900         14.743300         0.000100          146.699000        31.822000        
1717845874        47.644700         37.843900         31.821900         14.771000         0.000100          146.581000        31.822000        
1717845885        47.644700         37.895400         31.821900         14.895300         0.000100          146.456000        31.822000        
1717845895        47.644700         36.907000         31.821900         14.207200         0.000100          147.137000        31.822000        
1717845905        47.644700         39.004600         31.821900         16.106800         0.000100          145.179000        31.822000        
1717845916        47.644700         38.418300         31.821900         15.460300         0.000100          145.781000        31.822000        
1717845926        47.644700         34.780400         31.821900         13.959800         0.000100          147.253000        31.822000        
1717845936        47.644700         33.676700         31.821900         14.016700         0.000100          147.196000        31.822000        
1717845947        47.644700         38.403400         31.821900         15.799500         0.000100          145.372000        31.822000        
1717845957        47.644700         38.320000         31.821900         15.722200         0.000100          145.489000        31.822000        
1717845967        47.644700         38.840800         31.821900         16.300600         0.000100          144.869000        31.822000        
1717845977        47.644700         38.840800         31.821900         16.300600         0.000100          144.873000        31.822000        
1717845988        47.644700         39.152900         31.821900         16.836300         0.000100          144.338000        31.822000        
1717845998        47.644700         39.527900         31.821900         17.196600         0.000100          143.964000        31.822000        
1717846008        47.644700         39.305600         31.821900         17.221100         0.000100          143.900000        31.822000        
1717846019        47.644700         38.123700         31.821900         16.619800         0.000100          144.509000        31.822000        
1717846029        47.644700         38.779900         31.821900         17.280800         0.000100          143.847000        31.822000        
1717846039        47.644700         38.872800         31.821900         17.379900         0.000100          143.746000        31.822000        
1717846050        47.644700         38.922900         31.821900         17.429700         0.000100          143.698000        31.822000        
1717846060        47.644700         37.419400         31.821900         16.566400         0.000100          144.529000        31.822000        
1717846070        47.644700         39.003400         31.821900         17.510100         0.000100          143.615000        31.822000        
1717846080        47.644700         39.096300         31.821900         17.603000         0.000100          143.522000        31.822000        
1717846091        47.644700         39.123300         31.821900         17.630000         0.000100          143.510000        31.822000        
1717846101        47.644700         39.167300         31.821900         17.673900         0.000100          143.465000        31.822000        
1717846111        47.644700         38.988800         31.821900         17.397900         0.000100          143.740000        31.822000        
1717846121        47.644700         39.256600         31.821900         17.761300         0.000100          143.381000        31.822000        
1717846132        47.644700         38.983000         31.821900         17.203500         0.000100          143.939000        31.822000        
1717846142        47.644700         38.950700         31.821900         17.206500         0.000100          143.933000        31.822000        
1717846152        47.644700         39.010600         31.821900         17.252500         0.000100          143.886000        31.822000        
1717846163        47.644700         38.908600         31.821900         17.234800         0.000100          143.906000        31.822000        
1717846173        47.644700         39.033300         31.821900         17.277500         0.000100          143.861000        31.822000        
1717846183        47.644700         38.968300         31.821900         17.329800         0.000100          143.811000        31.822000        
1717846193        47.644700         39.064000         31.821900         17.382500         0.000100          143.756000        31.822000        
1717846204        47.644700         39.091000         31.821900         17.374200         0.000100          143.764000        31.822000        
1717846214        47.644700         39.150900         31.821900         17.477000         0.000100          143.664000        31.822000        
1717846224        47.644700         39.210900         31.821900         17.493900         0.000100          143.646000        31.822000        
1717846235        47.644700         39.194800         31.821900         17.521100         0.000100          143.620000        31.822000        
1717846245        47.644700         39.192200         31.821900         17.588800         0.000100          143.578000        31.822000        
1717846255        47.644700         38.119600         31.821900         16.493200         0.000100          144.672000        31.822000        
1717846265        47.644700         38.368300         31.821900         16.742900         0.000100          144.423000        31.822000        
1717846276        47.644700         38.402500         31.821900         16.791800         0.000100          144.372000        31.822000        
1717846286        47.644700         38.370100         31.821900         16.808400         0.000100          144.358000        31.822000        
1717846296        47.644700         38.889100         31.821900         16.946700         0.000100          144.206000        31.822000        
1717846307        47.644700         38.946400         31.821900         17.066800         0.000100          144.093000        31.822000        
1717846317        47.644700         38.907200         31.821900         17.033400         0.000100          144.124000        31.822000        
1717846327        47.644700         37.641000         31.821900         16.846700         0.000100          144.298000        31.822000        
1717846337        47.644700         42.157300         31.821900         18.870000         0.000100          142.273000        31.822000        
1717846348        47.644700         42.184700         31.821900         18.897300         0.000100          142.245000        31.822000        
1717846358        47.644700         42.217200         31.821900         18.929700         0.000100          142.210000        31.822000        
1717846368        47.644700         42.240600         31.821900         18.953700         0.000100          142.189000        31.822000        
1717846378        47.644700         42.270700         31.821900         18.984200         0.000100          142.160000        31.822000        
1717846389        47.644700         42.310200         31.821900         19.023500         0.000100          142.120000        31.822000        
1717846399        47.644700         42.354500         31.821900         19.067500         0.000100          142.076000        31.822000        
1717846409        47.644700         42.389300         31.821900         19.111600         0.000100          142.036000        31.822000        
1717846419        47.644700         42.483300         31.821900         19.212000         0.000100          141.935000        31.822000        
1717846430        47.644700         42.560700         31.821900         19.288700         0.000100          141.852000        31.822000        
1717846440        47.644700         42.608200         31.821900         19.337100         0.000100          141.816000        31.822000        
1717846450        47.644700         41.384400         31.821900         18.506200         0.000100          142.637000        31.822000        
1717846461        47.644700         43.538100         31.821900         19.216200         0.000100          141.943000        31.822000        
1717846471        47.644700         43.582800         31.821900         19.260900         0.000100          141.898000        31.822000        
1717846481        47.644700         43.672500         31.821900         19.346700         0.000100          141.812000        31.822000        
1717846491        47.644700         42.687700         31.821900         18.283200         0.000100          142.865000        31.822000        
1717846502        47.644700         42.815800         31.821900         18.451300         0.000100          142.698000        31.822000        
1717846512        47.644700         42.898500         31.821900         18.494800         0.000100          142.655000        31.822000        
1717846522        47.644700         41.762500         31.821900         18.371300         0.000100          142.768000        31.822000        
1717846533        47.644700         43.735000         31.821900         19.590300         0.000100          141.517000        31.822000        
1717846543        47.644700         43.771700         31.821900         19.629400         0.000100          141.459000        31.822000        
1717846553        47.644700         42.407600         31.821900         19.026200         0.000100          142.050000        31.822000        
1717846563        47.644700         43.712900         31.821900         19.848100         0.000100          141.235000        31.822000        
1717846574        47.644700         43.870800         31.821900         20.061900         0.000100          141.022000        31.822000        
1717846584        47.644700         43.907100         31.821900         20.107300         0.000100          140.972000        31.822000        
1717846594        47.644700         43.821400         31.821900         20.020400         0.000100          141.060000        31.822000        
1717846604        47.644700         43.791100         31.821900         19.948300         0.000100          141.127000        31.822000        
1717846615        47.644700         44.024400         31.821900         20.223700         0.000100          140.855000        31.822000        
1717846625        47.644700         44.011100         31.821900         20.194600         0.000100          140.877000        31.822000        
1717846635        47.644700         43.794000         31.821900         19.868400         0.000100          141.189000        31.822000        
1717846646        47.644700         43.105100         31.821900         19.983400         0.000100          141.077000        31.822000        
1717846656        47.644700         43.918600         31.821900         20.071700         0.000100          140.988000        31.822000        
1717846666        47.644700         44.210600         31.821900         20.386300         0.000100          140.676000        31.822000        
1717846676        47.644700         44.007700         31.821900         20.144500         0.000100          140.915000        31.822000        
1717846687        47.644700         44.053800         31.821900         20.187700         0.000100          140.865000        31.822000        
1717846697        47.644700         40.803100         31.821900         18.189600         0.000100          144.694000        31.822000        
1717846708        47.644700         37.408500         31.821900         16.577000         0.000100          144.452000        31.822000        
1717846718        47.644700         38.910500         31.821900         17.287800         0.000100          143.673000        31.822000        
1717846729        47.644700         38.935300         31.821900         17.104400         0.000100          143.809000        31.822000        
1717846740        47.644700         39.214600         31.821900         17.904900         0.000100          143.007000        31.822000        
1717846750        47.644700         40.911700         31.821900         18.761100         0.000100          142.099000        31.822000        
1717846760        47.644700         41.561100         31.821900         19.539600         0.000100          141.357000        31.822000        
1717846771        47.644700         41.885000         31.821900         19.692000         0.000100          141.196000        31.822000        
1717846781        47.644700         41.890300         31.821900         19.732700         0.000100          141.118000        31.822000        
1717846791        47.644700         40.929000         31.821900         18.838800         0.000100          141.972000        31.822000        
1717846802        47.644700         42.229000         31.821900         19.911200         0.000100          140.924000        31.822000        
1717846812        47.644700         42.256400         31.821900         20.014100         0.000100          140.793000        31.822000        
1717846822        47.644700         41.405000         31.821900         19.180800         0.000100          141.616000        31.822000        
1717846833        47.644700         40.719200         31.821900         18.668100         0.000100          142.254000        31.822000        
1717846843        47.644700         41.694500         31.821900         19.418900         0.000100          141.494000        31.822000        
1717846853        47.644700         42.536600         31.821900         19.680500         0.000100          141.282000        31.822000        
1717846863        47.644700         42.063600         31.821900         19.751800         0.000100          141.184000        31.822000        
1717846874        47.644700         42.117700         31.821900         19.769600         0.000100          141.173000        31.822000        
1717846884        47.644700         41.911400         31.821900         19.837800         0.000100          141.107000        31.822000        
1717846894        47.644700         40.701900         31.821900         19.030600         0.000100          141.912000        31.822000        
1717846905        47.644700         42.837400         31.821900         19.693700         0.000100          141.272000        31.822000        
1717846915        47.644700         42.857900         31.821900         19.714900         0.000100          141.252000        31.822000        
1717846925        47.644700         42.243200         31.821900         19.125600         0.000100          141.834000        31.822000        
1717846936        47.644700         42.421200         31.821900         19.287000         0.000100          141.673000        31.822000        
1717846946        47.644700         43.198900         31.821900         19.480800         0.000100          141.511000        31.822000        
1717846956        47.644700         42.509900         31.821900         19.359300         0.000100          141.607000        31.822000        
1717846967        47.644700         41.625300         31.821900         19.163900         0.000100          141.794000        31.822000        
1717846977        47.644700         42.403900         31.821900         19.211500         0.000100          141.749000        31.822000        
1717846987        47.644700         43.229000         31.821900         20.075000         0.000100          140.912000        31.822000        
1717846998        47.644700         42.871000         31.821900         19.733600         0.000100          141.226000        31.822000        
1717847008        47.644700         42.697300         31.821900         19.189300         0.000100          141.773000        31.822000        
1717847018        47.644700         42.676900         31.821900         19.275100         0.000100          141.682000        31.822000        
1717847028        47.644700         41.527300         31.821900         18.811400         0.000100          142.139000        31.822000        
1717847039        47.644700         42.647500         31.821900         19.280000         0.000100          141.677000        31.822000        
1717847049        47.644700         42.678300         31.821900         19.259700         0.000100          141.697000        31.822000        
1717847059        47.644700         42.945200         31.821900         19.530100         0.000100          141.428000        31.822000        
1717847069        47.644700         42.563400         31.821900         19.260700         0.000100          141.679000        31.822000        
1717847080        47.644700         42.840200         31.821900         19.472800         0.000100          141.475000        31.822000        
1717847090        47.644700         42.889500         31.821900         19.562400         0.000100          141.394000        31.822000        
1717847100        47.644700         39.673100         31.821900         17.513700         0.000100          143.425000        31.822000        
1717847111        47.644700         39.686300         31.821900         17.495300         0.000100          143.444000        31.822000        
1717847121        47.644700         39.640100         31.821900         17.549900         0.000100          143.363000        31.822000        
1717847131        47.644700         38.392600         31.821900         17.078300         0.000100          143.847000        31.822000        
1717847141        47.644700         38.374400         31.821900         17.022000         0.000100          143.901000        31.822000        
1717847152        47.644700         38.564600         31.821900         17.210000         0.000100          143.707000        31.822000        
1717847162        47.644700         34.454900         31.821900         15.071400         0.000100          145.813000        31.822000        
1717847172        47.644700         37.501800         31.821900         16.162500         0.000100          144.653000        31.822000        
1717847183        47.644700         38.529100         31.821900         17.234900         0.000100          143.544000        31.822000        
1717847193        47.644700         39.716600         31.821900         17.951700         0.000100          142.828000        31.822000        
1717847203        47.644700         39.644800         31.821900         17.990800         0.000100          142.748000        31.822000        
1717847213        47.644700         42.292300         31.821900         19.006900         0.000100          141.665000        31.822000        
1717847224        47.644700         43.551000         31.821900         20.482600         0.000100          140.200000        31.822000        
1717847234        47.644700         43.934500         31.821900         20.757300         0.000100          139.928000        31.822000        
1717847244        47.644700         43.327200         31.821900         20.172200         0.000100          140.477000        31.822000        
1717847255        47.644700         42.806200         31.821900         19.629900         0.000100          140.992000        31.822000        
1717847265        47.644700         43.890300         31.821900         20.653000         0.000100          139.950000        31.822000        
1717847275        47.644700         43.991600         31.821900         20.754500         0.000100          139.849000        31.822000        
1717847286        47.644700         43.232400         31.821900         20.022400         0.000100          140.576000        31.822000        
1717847296        47.644700         42.588400         31.821900         19.403000         0.000100          141.184000        31.822000        
1717847306        47.644700         43.739400         31.821900         19.971500         0.000100          140.631000        31.822000        
1717847316        47.644700         43.605400         31.821900         20.278700         0.000100          140.356000        31.822000        
1717847327        47.644700         43.659600         31.821900         20.315700         0.000100          140.312000        31.822000        
1717847337        47.644700         42.907900         31.821900         19.498100         0.000100          141.134000        31.822000        
1717847347        47.644700         44.178400         31.821900         21.094600         0.000100          139.453000        31.822000        
1717847358        47.644700         43.823300         31.821900         20.369500         0.000100          140.271000        31.822000        
1717847368        47.644700         43.950700         31.821900         20.679500         0.000100          139.960000        31.822000        
1717847378        47.644700         43.406400         31.821900         20.065900         0.000100          140.571000        31.822000        
1717847388        47.644700         43.319600         31.821900         19.978600         0.000100          140.654000        31.822000        
1717847399        47.644700         44.024500         31.821900         20.155000         0.000100          140.525000        31.822000        
1717847409        47.644700         43.844200         31.821900         20.398600         0.000100          140.286000        31.822000        
1717847419        47.644700         43.806800         31.821900         20.421000         0.000100          140.249000        31.822000        
1717847429        47.644700         43.530700         31.821900         20.174900         0.000100          140.513000        31.822000        
1717847440        47.644700         43.524800         31.821900         20.191100         0.000100          140.517000        31.822000        
1717847450        47.644700         43.642700         31.821900         20.274900         0.000100          140.433000        31.822000        
1717847460        47.644700         43.600500         31.821900         20.313300         0.000100          140.403000        31.822000        
1717847471        47.644700         43.466300         31.821900         20.228800         0.000100          140.488000        31.822000        
1717847481        47.644700         43.490000         31.821900         20.243600         0.000100          140.476000        31.822000        
1717847491        47.644700         43.689800         31.821900         20.454100         0.000100          140.267000        31.822000        
1717847501        47.644700         43.837600         31.821900         20.605000         0.000100          140.118000        31.822000        
1717847512        47.644700         43.730300         31.821900         20.555900         0.000100          140.157000        31.822000        
1717847522        47.644700         44.131600         31.821900         20.603500         0.000100          140.104000        31.822000        
1717847532        47.644700         44.314300         31.821900         20.776800         0.000100          139.938000        31.822000        
1717847543        47.644700         44.336800         31.821900         20.800400         0.000100          139.914000        31.822000        
1717847553        47.644700         42.903300         31.821900         20.487300         0.000100          140.217000        31.822000        
1717847563        47.644700         47.470100         31.821900         22.540600         0.000100          138.160000        31.822000        
1717847573        47.644700         47.589900         31.821900         22.660200         0.000100          138.040000        31.822000        
1717847584        47.644700         47.614800         31.821900         22.686100         0.000100          138.014000        31.822000        
1717847594        47.644700         47.542000         31.821900         22.614100         0.000100          138.088000        31.822000        
1717847604        47.644700         47.566800         31.821900         22.637500         0.000100          138.069000        31.822000        
1717847614        47.684700         47.684700         31.821900         22.756900         0.000100          138.055000        31.822000        
1717847625        47.712900         47.712900         31.821900         22.785400         0.000100          138.066000        31.822000        
1717847635        47.712900         47.675500         31.821900         22.745800         0.000100          138.110000        31.822000        
1717847645        47.771900         47.771900         31.821900         22.849400         0.000100          138.010000        31.822000        
1717847655        47.996300         47.996300         31.821900         23.073900         0.000100          137.787000        31.822000        
1717847666        48.160500         48.160500         31.821900         23.225700         0.000100          137.640000        31.822000        
1717847676        48.160500         48.069500         31.821900         23.146000         0.000100          137.724000        31.822000        
1717847687        48.160500         48.114300         31.821900         23.191000         0.000100          137.679000        31.822000        
1717847697        48.256400         48.256400         31.821900         23.334300         0.000100          137.535000        31.822000        
1717847707        48.308500         48.308500         31.821900         23.384400         0.000100          137.484000        31.822000        
1717847718        48.308500         48.263200         31.821900         23.338400         0.000100          137.528000        31.822000        
1717847728        48.309100         48.309100         31.821900         23.385200         0.000100          137.483000        31.822000        
1717847738        48.450100         48.450100         31.821900         23.526300         0.000100          137.344000        31.822000        
1717847748        48.503200         48.503200         31.821900         23.580200         0.000100          137.291000        31.822000        
1717847759        48.503200         48.452600         31.821900         23.529700         0.000100          137.347000        31.822000        
1717847769        48.503200         48.500500         31.821900         23.576300         0.000100          137.298000        31.822000        
1717847779        48.646700         48.646700         31.821900         23.723700         0.000100          137.167000        31.822000        
1717847790        48.687300         48.687300         31.821900         23.763800         0.000100          137.122000        31.822000        
1717847800        49.242300         49.242300         31.821900         24.318900         0.000100          136.574000        31.822000        
1717847810        49.290900         49.290900         31.821900         24.367000         0.000100          136.519000        31.822000        
1717847820        49.552800         49.552800         31.821900         24.629900         0.000100          136.259000        31.822000        
1717847831        49.604900         49.604900         31.821900         24.682500         0.000100          136.207000        31.822000        
1717847841        49.604900         49.433600         31.821900         24.511200         0.000100          136.380000        31.822000        
1717847851        49.604900         49.477300         31.821900         24.555900         0.000100          136.337000        31.822000        
1717847862        49.747600         49.747600         31.821900         24.825700         0.000100          136.070000        31.822000        
1717847872        49.799600         49.799600         31.821900         24.876100         0.000100          136.019000        31.822000        
1717847882        49.799600         49.623100         31.821900         24.708700         0.000100          136.190000        31.822000        
1717847893        49.799600         49.668700         31.821900         24.753900         0.000100          136.142000        31.822000        
1717847903        49.944300         49.944300         31.821900         25.028500         0.000100          135.867000        31.822000        
1717847913        49.982600         49.982600         31.821900         25.069100         0.000100          135.830000        31.822000        
1717847924        49.982600         49.813400         31.821900         24.900100         0.000100          136.002000        31.822000        
1717847934        49.982600         49.859000         31.821900         24.944300         0.000100          135.958000        31.822000        
1717847944        50.134700         50.134700         31.821900         25.220800         0.000100          135.683000        31.822000        
1717847955        50.187800         50.187800         31.821900         25.269900         0.000100          135.624000        31.822000        
1717847965        50.187800         50.004900         31.821900         25.092000         0.000100          135.814000        31.822000        
1717847975        50.187800         50.052400         31.821900         25.138800         0.000100          135.759000        31.822000        
1717847986        50.318800         50.318800         31.821900         25.405900         0.000100          135.499000        31.822000        
1717847996        50.370900         50.370900         31.821900         25.457100         0.000100          135.448000        31.822000        
1717848006        50.370900         50.195200         31.821900         25.281600         0.000100          135.625000        31.822000        
1717848016        50.370900         50.243700         31.821900         25.331100         0.000100          135.580000        31.822000        
1717848027        50.508400         50.508400         31.821900         25.594800         0.000100          135.312000        31.822000        
1717848037        50.561500         50.561500         31.821900         25.647600         0.000100          135.257000        31.822000        
1717848047        50.561500         50.377400         31.821900         25.463900         0.000100          135.457000        31.822000        
1717848058        50.561500         50.431700         31.821900         25.518200         0.000100          135.413000        31.822000        
1717848068        50.697800         50.697800         31.821900         25.784400         0.000100          135.240000        31.822000        
1717848078        50.745600         50.745600         31.821900         25.833800         0.000100          135.255000        31.822000        
1717848088        50.745600         50.577100         31.821900         25.664600         0.000100          135.424000        31.822000        
1717848099        50.745600         50.620600         31.821900         25.706200         0.000100          135.382000        31.822000        
1717848109        50.745600         47.665200         31.821900         23.991600         0.000100          137.093000        31.822000        
1717848119        50.745600         47.706100         31.821900         24.030700         0.000100          137.152000        31.822000        
1717848130        50.745600         47.513700         31.821900         23.837000         0.000100          137.346000        31.822000        
1717848140        50.745600         47.558900         31.821900         23.884500         0.000100          137.299000        31.822000        
1717848150        50.745600         47.821100         31.821900         24.146600         0.000100          137.030000        31.822000        
1717848160        50.745600         44.607200         31.821900         22.165800         0.000100          138.996000        31.822000        
1717848171        50.745600         46.727700         31.821900         23.389100         0.000100          137.688000        31.822000        
1717848181        50.745600         46.004500         31.821900         22.467100         0.000100          138.412000        31.822000        
1717848191        50.745600         46.934300         31.821900         23.118400         0.000100          137.727000        31.822000        
1717848201        50.745600         47.019300         31.821900         23.267200         0.000100          137.539000        31.822000        
1717848212        50.745600         47.640300         31.821900         23.865600         0.000100          136.896000        31.822000        
1717848222        50.745600         47.724700         31.821900         23.949800         0.000100          136.823000        31.822000        
1717848232        50.745600         48.225300         31.821900         24.386600         0.000100          136.387000        31.822000        
1717848243        50.745600         47.483100         31.821900         23.583700         0.000100          137.138000        31.822000        
1717848253        50.745600         48.521100         31.821900         24.444200         0.000100          136.282000        31.822000        
1717848263        50.745600         48.024100         31.821900         24.084600         0.000100          136.601000        31.822000        
1717848274        50.745600         48.480200         31.821900         24.544000         0.000100          136.143000        31.822000        
1717848284        50.745600         47.785200         31.821900         23.861900         0.000100          136.821000        31.822000        
1717848294        50.745600         47.405600         31.821900         23.491700         0.000100          137.205000        31.822000        
1717848304        50.745600         47.879800         31.821900         23.928200         0.000100          136.772000        31.822000        
1717848315        50.745600         48.911700         31.821900         24.417300         0.000100          136.335000        31.822000        
1717848325        50.745600         48.661300         31.821900         24.661100         0.000100          136.075000        31.822000        
1717848335        50.745600         47.089600         31.821900         23.838400         0.000100          136.935000        31.822000        
1717848345        50.745600         48.441800         31.821900         24.649400         0.000100          136.096000        31.822000        
1717848356        50.745600         48.673500         31.821900         24.879700         0.000100          135.864000        31.822000        
1717848366        50.745600         48.689300         31.821900         24.896700         0.000100          135.846000        31.822000        
1717848376        50.745600         47.856400         31.821900         24.082100         0.000100          136.658000        31.822000        
1717848387        50.745600         47.885800         31.821900         24.113200         0.000100          136.629000        31.822000        
1717848397        50.745600         44.104800         31.821900         21.923500         0.000100          138.808000        31.822000        
1717848407        50.745600         44.938500         31.821900         22.344800         0.000100          138.393000        31.822000        
1717848418        50.745600         43.260400         31.821900         21.066000         0.000100          139.657000        31.822000        
1717848428        50.745600         43.453200         31.821900         21.292100         0.000100          139.345000        31.822000        
1717848438        50.745600         43.801700         31.821900         21.376100         0.000100          139.249000        31.822000        
1717848449        50.745600         44.727800         31.821900         22.072000         0.000100          138.517000        31.822000        
1717848459        50.745600         45.684500         31.821900         22.988600         0.000100          137.556000        31.822000        
1717848469        50.745600         45.822500         31.821900         23.156500         0.000100          137.409000        31.822000        
1717848479        50.745600         46.034700         31.821900         23.369400         0.000100          137.188000        31.822000        
1717848490        50.745600         46.246800         31.821900         23.551200         0.000100          136.968000        31.822000        
1717848500        50.745600         44.897900         31.821900         23.092100         0.000100          137.378000        31.822000        
1717848510        50.745600         46.247600         31.821900         23.410600         0.000100          137.072000        31.822000        
1717848521        50.745600         46.510000         31.821900         23.671500         0.000100          136.807000        31.822000        
1717848531        50.745600         46.685800         31.821900         23.847700         0.000100          136.634000        31.822000        
1717848541        50.745600         46.486300         31.821900         23.669700         0.000100          136.807000        31.822000        
1717848551        50.745600         45.406400         31.821900         22.547500         0.000100          137.881000        31.822000        
1717848562        50.745600         47.123600         31.821900         23.720600         0.000100          136.773000        31.822000        
1717848572        50.745600         47.217300         31.821900         24.165000         0.000100          136.500000        31.822000        
1717848582        50.745600         47.885300         31.821900         24.898100         0.000100          135.605000        31.822000        
1717848593        50.745600         46.219900         31.821900         23.449300         0.000100          137.067000        31.822000        
1717848603        50.745600         46.851000         31.821900         24.085000         0.000100          136.429000        31.822000        
1717848613        50.745600         47.056900         31.821900         24.326800         0.000100          136.184000        31.822000        
1717848623        50.745600         47.977000         31.821900         25.221800         0.000100          135.296000        31.822000        
1717848634        50.745600         46.082600         31.821900         23.341800         0.000100          137.090000        31.822000        
1717848644        50.745600         45.110800         31.821900         22.331500         0.000100          138.012000        31.822000        
1717848654        50.745600         45.275200         31.821900         22.481700         0.000100          137.815000        31.822000        
1717848665        50.745600         45.248600         31.821900         22.480600         0.000100          137.859000        31.822000        
1717848675        50.745600         45.230100         31.821900         22.441600         0.000100          137.898000        31.822000        
1717848685        50.745600         45.409600         31.821900         22.626500         0.000100          137.718000        31.822000        
1717848695        50.745600         45.628000         31.821900         22.850200         0.000100          137.494000        31.822000        
1717848706        50.745600         45.634000         31.821900         22.856400         0.000100          137.487000        31.822000        
1717848716        50.745600         45.484100         31.821900         22.715800         0.000100          137.625000        31.822000        
1717848726        50.745600         45.581300         31.821900         22.814000         0.000100          137.526000        31.822000        
1717848736        50.745600         45.671400         31.821900         22.903300         0.000100          137.443000        31.822000        
1717848747        50.745600         45.796200         31.821900         22.957400         0.000100          137.394000        31.822000        
1717848757        50.745600         45.796200         31.821900         23.030200         0.000100          137.315000        31.822000        
1717848767        50.745600         45.876900         31.821900         23.110900         0.000100          137.235000        31.822000        
1717848778        50.745600         45.994400         31.821900         23.227700         0.000100          137.114000        31.822000        
1717848788        50.745600         46.583700         31.821900         23.816500         0.000100          136.526000        31.822000        
1717848798        50.745600         46.583700         31.821900         23.817800         0.000100          136.524000        31.822000        
1717848808        50.745600         46.791500         31.821900         24.025700         0.000100          136.321000        31.822000        
1717848819        50.745600         46.791500         31.821900         24.025700         0.000100          136.319000        31.822000        
1717848829        50.745600         46.583700         31.821900         23.829400         0.000100          136.516000        31.822000        
1717848839        50.745600         46.664400         31.821900         23.910500         0.000100          136.437000        31.822000        
1717848849        50.745600         46.791500         31.821900         24.037500         0.000100          136.308000        31.822000        
1717848860        50.745600         46.732400         31.821900         23.972000         0.000100          136.372000        31.822000        
1717848870        50.745600         46.745300         31.821900         23.969900         0.000100          136.377000        31.822000        
1717848880        50.745600         46.840500         31.821900         24.068000         0.000100          136.276000        31.822000        
1717848891        50.745600         46.967600         31.821900         24.195000         0.000100          136.145000        31.822000        
1717848901        50.745600         46.932100         31.821900         24.153300         0.000100          136.183000        31.822000        
1717848911        50.745600         46.094700         31.821900         23.495300         0.000100          136.837000        31.822000        
1717848921        50.745600         46.175500         31.821900         23.576000         0.000100          136.757000        31.822000        
1717848932        50.745600         46.948200         31.821900         24.348400         0.000100          135.982000        31.822000        
1717848942        50.745600         46.221900         31.821900         23.622400         0.000100          136.711000        31.822000        
1717848952        50.745600         46.175500         31.821900         23.575900         0.000100          136.758000        31.822000        
1717848962        50.745600         46.175500         31.821900         23.576000         0.000100          136.751000        31.822000        
1717848973        50.745600         46.267100         31.821900         23.660200         0.000100          136.668000        31.822000        
1717848983        50.745600         45.556900         31.821900         23.127800         0.000100          137.196000        31.822000        
1717848993        50.745600         45.446900         31.821900         23.017900         0.000100          137.289000        31.822000        
1717849004        50.745600         45.510500         31.821900         23.082900         0.000100          137.229000        31.822000        
1717849014        50.745600         45.556900         31.821900         23.129100         0.000100          137.187000        31.822000        
1717849024        50.745600         46.057900         31.821900         23.633300         0.000100          136.681000        31.822000        
1717849034        50.745600         46.043800         31.821900         23.620800         0.000100          136.679000        31.822000        
1717849045        50.745600         46.619700         31.821900         24.196700         0.000100          136.119000        31.822000        
1717849055        50.745600         46.836800         31.821900         24.394500         0.000100          135.902000        31.822000        
1717849065        50.745600         46.885700         31.821900         24.462200         0.000100          135.896000        31.822000        
1717849075        50.745600         47.633700         31.821900         25.063800         0.000100          135.347000        31.822000        
1717849086        50.745600         46.621600         31.821900         24.215000         0.000100          136.245000        31.822000        
1717849096        50.745600         46.826900         31.821900         24.420000         0.000100          136.037000        31.822000        
1717849106        50.745600         46.844100         31.821900         24.437600         0.000100          136.019000        31.822000        
1717849116        50.745600         47.210800         31.821900         24.803700         0.000100          135.660000        31.822000        
1717849127        50.745600         46.540900         31.821900         24.134200         0.000100          136.352000        31.822000        
1717849137        50.745600         46.621600         31.821900         24.211800         0.000100          136.272000        31.822000        
1717849147        50.745600         46.924800         31.821900         24.517800         0.000100          135.965000        31.822000        
1717849158        50.745600         47.130100         31.821900         24.722000         0.000100          135.759000        31.822000        
1717849168        50.745600         46.540900         31.821900         24.134000         0.000100          136.353000        31.822000        
1717849178        50.745600         46.621600         31.821900         24.215000         0.000100          136.271000        31.822000        
1717849188        50.745600         46.924800         31.821900         24.517700         0.000100          135.965000        31.822000        
1717849199        50.745600         47.409000         31.821900         25.001700         0.000100          135.482000        31.822000        
1717849209        50.745600         46.540900         31.821900         24.133800         0.000100          136.352000        31.822000        
1717849219        50.745600         46.702300         31.821900         24.295800         0.000100          136.190000        31.822000        
1717849229        50.745600         47.328300         31.821900         24.921600         0.000100          135.535000        31.822000        
1717849240        50.745600         46.769400         31.821900         24.363000         0.000100          136.152000        31.822000        
1717849250        50.745600         46.633600         31.821900         24.227900         0.000100          136.289000        31.822000        
1717849260        50.745600         46.714300         31.821900         24.308300         0.000100          136.203000        31.822000        
1717849270        50.745600         46.862200         31.821900         24.458400         0.000100          136.055000        31.822000        
1717849281        50.745600         46.781500         31.821900         24.378200         0.000100          136.156000        31.822000        
1717849291        50.745600         46.720400         31.821900         24.316300         0.000100          136.220000        31.822000        
1717849301        50.745600         46.720400         31.821900         24.317000         0.000100          136.218000        31.822000        
1717849311        50.745600         46.452900         31.821900         24.049800         0.000100          136.458000        31.822000        
1717849322        50.745600         45.049100         31.821900         23.144200         0.000100          137.329000        31.822000        
1717849332        50.745600         45.567400         31.821900         23.443400         0.000100          136.777000        31.822000        
1717849342        50.745600         45.567400         31.821900         23.459200         0.000100          136.761000        31.822000        
1717849353        50.745600         45.709200         31.821900         23.616700         0.000100          136.605000        31.822000        
1717849363        50.745600         45.709200         31.821900         23.630400         0.000100          136.590000        31.822000        
1717849373        50.745600         45.239300         31.821900         23.248900         0.000100          137.019000        31.822000        
1717849383        50.745600         45.965600         31.821900         23.979000         0.000100          136.285000        31.822000        
1717849394        50.745600         45.182200         31.821900         23.254500         0.000100          136.962000        31.822000        
1717849404        50.745600         45.387800         31.821900         23.477900         0.000100          136.744000        31.822000        
1717849414        50.745600         44.897200         31.821900         22.986300         0.000100          137.239000        31.822000        
1717849424        50.745600         36.125200         31.821900         18.887100         0.000100          142.373000        31.822000        
1717849435        50.745600         36.493700         31.821900         19.248200         0.000100          142.013000        31.822000        
1717849445        50.745600         35.086300         31.821900         18.199400         0.000100          143.055000        31.822000        
1717849455        50.745600         34.867900         31.821900         17.983500         0.000100          143.266000        31.822000        
1717849465        50.745600         34.793200         31.821900         17.909000         0.000100          143.342000        31.822000        
1717849476        50.745600         35.096400         31.821900         18.193400         0.000100          143.038000        31.822000        
1717849486        50.745600         35.096400         31.821900         18.211900         0.000100          143.040000        31.822000        
1717849496        50.745600         35.683000         31.821900         18.798700         0.000100          142.450000        31.822000        
1717849506        50.745600         34.793200         31.821900         17.908700         0.000100          143.340000        31.822000        
1717849517        50.745600         35.096400         31.821900         18.212000         0.000100          143.037000        31.822000        
1717849527        50.745600         35.096400         31.821900         18.212100         0.000100          143.045000        31.822000        
1717849537        50.745600         35.428800         31.821900         18.544700         0.000100          142.708000        31.822000        
1717849547        50.745600         34.793200         31.821900         17.909000         0.000100          143.348000        31.822000        
1717849558        50.745600         35.445900         31.821900         18.475700         0.000100          142.737000        31.822000        
1717849568        50.745600         35.661300         31.821900         18.728500         0.000100          142.499000        31.822000        
1717849578        50.745600         35.683000         31.821900         18.784700         0.000100          142.429000        31.822000        
1717849588        50.745600         34.873900         31.821900         17.989400         0.000100          143.268000        31.822000        
1717849599        50.745600         34.873900         31.821900         17.989800         0.000100          143.269000        31.822000        
1717849609        50.745600         35.015700         31.821900         18.135400         0.000100          143.126000        31.822000        
1717849619        50.745600         35.111000         31.821900         18.145100         0.000100          143.086000        31.822000        
1717849629        50.745600         34.436900         31.821900         17.559000         0.000100          143.660000        31.822000        
1717849639        50.745600         33.804000         31.821900         16.792100         0.000100          144.278000        31.822000        
1717849650        50.745600         33.795300         31.821900         16.920000         0.000100          144.167000        31.822000        
1717849660        50.745600         33.801300         31.821900         16.926000         0.000100          144.163000        31.822000        
1717849670        50.745600         33.786700         31.821900         16.911100         0.000100          144.174000        31.822000        
1717849680        50.745600         33.706000         31.821900         16.830500         0.000100          144.254000        31.822000        
1717849691        50.745600         33.801300         31.821900         16.925800         0.000100          144.162000        31.822000        
1717849701        50.745600         34.051600         31.821900         17.162600         0.000100          143.922000        31.822000        
1717849711        50.745600         33.853400         31.821900         16.973600         0.000100          144.111000        31.822000        
1717849721        50.745600         33.823000         31.821900         16.941300         0.000100          144.148000        31.822000        
1717849732        50.745600         34.020900         31.821900         17.142300         0.000100          143.947000        31.822000        
1717849742        50.745600         34.101600         31.821900         17.223000         0.000100          143.861000        31.822000        
1717849752        50.745600         34.006300         31.821900         17.127500         0.000100          143.960000        31.822000        
1717849762        50.745600         33.586900         31.821900         16.709300         0.000100          144.324000        31.822000        
1717849773        50.745600         32.377800         31.821900         15.997200         0.000100          144.926000        31.822000        
1717849783        50.745600         33.054400         31.821900         16.455900         0.000100          143.984000        31.822000        
1717849793        50.745600         33.019600         31.821900         16.438000         0.000100          144.236000        31.822000        
1717849803        50.745600         33.019600         31.821900         16.453600         0.000100          144.223000        31.822000        
1717849814        50.745600         33.115000         31.821900         16.564600         0.000100          144.109000        31.822000        
1717849824        50.745600         32.790900         31.821900         16.322800         0.000100          144.314000        31.822000        
1717849834        50.745600         32.695600         31.821900         16.234700         0.000100          144.402000        31.822000        
1717849844        50.745600         32.707600         31.821900         16.252600         0.000100          144.383000        31.822000        
1717849855        50.745600         32.657700         31.821900         16.292500         0.000100          144.303000        31.822000        
1717849865        50.745600         33.299700         31.821900         16.386200         0.000100          144.230000        31.822000        
1717849875        50.745600         23.366400         31.821900         11.684600         0.000000          149.960000        31.822000        
1717849885        50.745600         23.461800         31.821900         11.781000         0.000000          149.693000        31.822000        
1717849896        50.745600         22.815700         31.821900         11.131000         0.000000          150.350000        31.822000        
1717849906        50.745600         22.815700         31.821900         11.131700         0.000000          150.347000        31.822000        
1717849916        50.745600         22.815700         31.821900         11.131700         0.000000          150.347000        31.822000        
1717849927        50.745600         22.815700         31.821900         11.131700         0.000000          150.347000        31.822000        
1717849937        50.745600         22.815700         31.821900         11.131700         0.000000          150.347000        31.822000        
1717849947        50.745600         22.986600         31.821900         11.291100         0.000000          150.191000        31.822000        
1717849957        50.745600         22.882500         31.821900         11.192900         0.000000          150.286000        31.822000        
1717849967        50.745600         22.932800         31.821900         11.243500         0.000000          150.234000        31.822000        
1717849978        50.745600         23.034500         31.821900         11.347500         0.000000          150.130000        31.822000        
1717849988        50.745600         23.034500         31.821900         11.348300         0.000000          150.128000        31.822000        
1717849998        50.745600         23.034500         31.821900         11.348300         0.000000          150.131000        31.822000        
1717850008        50.745600         23.034500         31.821900         11.354200         0.000000          150.124000        31.822000        
1717850019        50.745600         23.638300         31.821900         11.957900         0.000000          149.522000        31.822000        
1717850029        50.745600         23.661000         31.821900         11.980700         0.000000          149.498000        31.822000        
1717850039        50.745600         23.819200         31.821900         12.138600         0.000000          149.342000        31.822000        
1717850049        50.745600         23.819200         31.821900         12.138600         0.000000          149.340000        31.822000        
1717850059        50.745600         23.671200         31.821900         11.990800         0.000000          149.488000        31.822000        
1717850070        50.745600         23.671200         31.821900         11.990800         0.000000          149.491000        31.822000        
1717850080        50.745600         23.805700         31.821900         12.124700         0.000000          149.354000        31.822000        
1717850090        50.745600         24.289900         31.821900         12.561600         0.000000          148.876000        31.822000        
1717850100        50.745600         23.725000         31.821900         12.044600         0.000000          149.434000        31.822000        
1717850111        50.745600         23.805700         31.821900         12.125400         0.000000          149.353000        31.822000        
1717850121        50.745600         23.805700         31.821900         12.125400         0.000000          149.354000        31.822000        
1717850131        50.745600         23.725000         31.821900         12.044300         0.000000          149.436000        31.822000        
1717850141        50.745600         23.725000         31.821900         12.044300         0.000000          149.437000        31.822000        
1717850152        50.745600         23.805700         31.821900         12.125400         0.000000          149.355000        31.822000        
1717850162        50.745600         23.805700         31.821900         12.125400         0.000000          149.353000        31.822000        
1717850172        50.745600         23.725000         31.821900         12.044700         0.000000          149.434000        31.822000        
1717850182        50.745600         23.805700         31.821900         12.125000         0.000000          149.354000        31.822000        
1717850193        50.745600         23.805700         31.821900         12.125400         0.000000          149.355000        31.822000        
1717850203        50.745600         23.725000         31.821900         12.044500         0.000000          149.436000        31.822000        
1717850213        50.745600         23.725000         31.821900         12.044500         0.000000          149.438000        31.822000        
1717850223        50.745600         23.807300         31.821900         12.128100         0.000000          149.346000        31.822000        
1717850234        50.745600         23.817500         31.821900         12.138700         0.000000          149.340000        31.822000        
1717850244        50.745600         23.736800         31.821900         12.057700         0.000000          149.425000        31.822000        
1717850254        50.745600         23.736800         31.821900         12.057700         0.000000          149.673000        31.822000        
1717850264        50.745600         23.817500         31.821900         12.138700         0.000000          149.593000        31.822000        
1717850274        50.745600         24.806200         31.821900         13.127100         0.000000          148.602000        31.822000        
1717850285        50.745600         24.241200         31.821900         12.562100         0.000000          149.167000        31.822000        
1717850295        50.745600         24.414500         31.821900         12.735300         0.000000          148.991000        31.822000        
1717850305        50.745600         24.266500         31.821900         12.587500         0.000000          149.143000        31.822000        
1717850315        50.745600         24.185800         31.821900         12.506800         0.000000          149.223000        31.822000        
1717850326        50.745600         24.320300         31.821900         12.641400         0.000000          149.329000        31.822000        
1717850336        50.745600         24.401000         31.821900         12.722100         0.000000          149.251000        31.822000        
1717850346        50.745600         24.320300         31.821900         12.641400         0.000000          149.328000        31.822000        
1717850356        50.745600         24.239600         31.821900         12.560500         0.000000          149.410000        31.822000        
1717850366        50.745600         24.562400         31.821900         12.883400         0.000000          149.086000        31.822000        
1717850377        50.745600         24.401000         31.821900         12.722800         0.000000          149.246000        31.822000        
1717850387        50.745600         24.361900         31.821900         12.684600         0.000000          149.282000        31.822000        
1717850397        50.745600         23.622400         31.821900         12.123400         0.000000          149.838000        31.822000        
1717850407        50.745600         23.788300         31.821900         12.278800         0.000000          149.670000        31.822000        
1717850418        50.745600         22.934300         31.821900         11.615800         0.000000          150.336000        31.822000        
1717850428        50.745600         22.853600         31.821900         11.535200         0.000000          150.414000        31.822000        
1717850438        50.745600         22.934300         31.821900         11.615900         0.000000          150.332000        31.822000        
1717850448        50.745600         23.015000         31.821900         11.696600         0.000000          150.253000        31.822000        
1717850458        50.745600         23.095700         31.821900         11.754000         0.000000          150.167000        31.822000        
1717850469        50.745600         22.853600         31.821900         11.535200         0.000000          150.412000        31.822000        
1717850479        50.745600         23.015000         31.821900         11.696600         0.000000          150.251000        31.822000        
1717850489        50.745600         23.418500         31.821900         12.100100         0.000000          149.823000        31.822000        
1717850499        50.745600         22.853600         31.821900         11.534700         0.000000          150.414000        31.822000        
1717850510        50.745600         22.934300         31.821900         11.615700         0.000000          150.333000        31.822000        
1717850520        50.745600         23.015000         31.821900         11.696600         0.000000          150.253000        31.822000        
1717850530        50.745600         22.934300         31.821900         11.615700         0.000000          150.331000        31.822000        
1717850540        50.745600         22.853600         31.821900         11.534700         0.000000          150.414000        31.822000        
1717850550        50.745600         22.934300         31.821900         11.615700         0.000000          150.335000        31.822000        
1717850561        50.745600         23.015000         31.821900         11.696600         0.000000          150.254000        31.822000        
1717850571        50.745600         22.853600         31.821900         11.536800         0.000000          150.414000        31.822000        
1717850581        50.745600         22.853600         31.821900         11.536800         0.000000          150.410000        31.822000        
1717850592        50.745600         23.015000         31.821900         11.698400         0.000000          150.251000        31.822000        
1717850602        50.745600         22.934300         31.821900         11.548100         0.000000          150.361000        31.822000        
1717850612        50.745600         23.040900         31.821900         11.701000         0.000000          150.236000        31.822000        
1717850622        50.745600         21.572700         31.821900         10.616700         0.000000          151.313000        31.822000        
1717850632        50.745600         21.653400         31.821900         10.697400         0.000000          151.226000        31.822000        
1717850643        50.745600         21.572700         31.821900         10.616700         0.000000          151.306000        31.822000        
1717850653        50.745600         21.492000         31.821900         10.536000         0.000000          151.387000        31.822000        
1717850663        50.745600         21.653400         31.821900         10.697300         0.000000          151.221000        31.822000        
1717850673        50.745600         21.653400         31.821900         10.697400         0.000000          151.221000        31.822000        
1717850683        50.745600         21.492000         31.821900         10.536000         0.000000          151.383000        31.822000        
1717850694        50.745600         21.492000         31.821900         10.536000         0.000000          151.382000        31.822000        
1717850704        50.745600         21.653400         31.821900         10.697400         0.000000          151.304000        31.822000        
1717850714        50.745600         21.572700         31.821900         10.616500         0.000000          151.388000        31.822000        
1717850724        50.745600         21.492000         31.821900         10.535500         0.000000          151.469000        31.822000        
1717850734        50.745600         21.572700         31.821900         10.616400         0.000000          151.390000        31.822000        
1717850745        50.745600         21.653400         31.821900         10.697400         0.000000          151.308000        31.822000        
1717850755        50.745600         21.653400         31.821900         10.647300         0.000000          151.323000        31.822000        
1717850765        50.745600         21.249900         31.821900         10.294600         0.000000          151.634000        31.822000        
1717850775        50.745600         19.843700         31.821900         9.384690          0.000000          152.105000        31.822000        
1717850786        50.745600         20.503700         31.821900         9.826800          0.000000          151.758000        31.822000        
1717850796        50.745600         20.423000         31.821900         9.762440          0.000000          151.823000        31.822000        
1717850806        50.745600         20.423000         31.821900         9.776120          0.000000          151.807000        31.822000        
1717850816        50.745600         20.503700         31.821900         9.872440          0.000000          151.713000        31.822000        
1717850826        50.745600         20.084800         31.821900         9.533820          0.000000          152.010000        31.822000        
1717850837        50.745600         20.084800         31.821900         9.539680          0.000000          152.004000        31.822000        
1717850847        50.745600         19.861900         31.821900         9.398490          0.000000          152.102000        31.822000        
1717850857        50.745600         20.147900         31.821900         9.686870          0.000000          151.814000        31.822000        
1717850867        50.745600         13.318300         31.821900         5.561690          0.000000          155.484000        31.822000        
1717850877        50.745600         10.904700         31.821900         5.165760          0.000000          157.412000        31.822000        
1717850888        50.745600         10.985400         31.821900         5.246460          0.000000          157.334000        31.822000        
1717850898        50.745600         10.985400         31.821900         5.246460          0.000000          157.338000        31.822000        
1717850908        50.745600         10.904700         31.821900         5.165760          0.000000          157.421000        31.822000        
1717850918        50.745600         10.904700         31.821900         5.165760          0.000000          157.422000        31.822000        
1717850928        50.745600         10.985400         31.821900         5.246460          0.000000          157.337000        31.822000        
1717850939        50.745600         10.904700         31.821900         5.165760          0.000000          157.420000        31.822000        
1717850949        50.745600         10.904700         31.821900         5.165760          0.000000          157.422000        31.822000        
1717850959        50.745600         10.985400         31.821900         5.246460          0.000000          157.337000        31.822000        
1717850969        50.745600         10.985400         31.821900         5.246460          0.000000          157.342000        31.822000        
1717850979        50.745600         10.904700         31.821900         5.165760          0.000000          157.423000        31.822000        
1717850989        50.745600         10.904700         31.821900         5.165760          0.000000          157.421000        31.822000        
1717851000        50.745600         10.985400         31.821900         5.246460          0.000000          157.344000        31.822000        
1717851010        50.745600         10.985400         31.821900         5.246460          0.000000          157.343000        31.822000        
1717851020        50.745600         10.662600         31.821900         4.924590          0.000000          157.621000        31.822000        
1717851030        50.745600         9.175640          31.821900         3.936430          0.000000          158.330000        31.822000        
1717851040        50.745600         9.835730          31.821900         4.380780          0.000000          157.702000        31.822000        
1717851051        50.745600         9.835730          31.821900         4.394600          0.000000          157.784000        31.822000        
1717851061        50.745600         9.835730          31.821900         4.408280          0.000000          157.768000        31.822000        
1717851071        50.745600         9.835730          31.821900         4.421950          0.000000          157.754000        31.822000        
1717851081        50.745600         9.514060          31.821900         4.185870          0.000000          157.950000        31.822000        
1717851091        50.745600         9.514060          31.821900         4.191730          0.000000          157.943000        31.822000        
1717851102        50.745600         9.514060          31.821900         4.197590          0.000000          157.935000        31.822000        
1717851112        50.745600         10.010000         31.821900         4.220130          0.000000          157.898000        31.822000        
1717851122        50.745600         9.438740          31.821900         4.197890          0.000000          157.895000        31.822000        
1717851132        50.745600         0.109676          31.821900         0.003223          0.000000          163.162000        31.822000        
1717851142        50.745600         0.109676          31.821900         0.003223          0.000000          163.161000        31.822000        
1717851152        50.745600         0.109676          31.821900         0.003223          0.000000          163.177000        31.822000        
1717851163        50.745600         0.109676          31.821900         0.003223          0.000000          163.176000        31.822000        
1717851173        50.745600         0.109676          31.821900         0.003223          0.000000          163.177000        31.822000        
1717851183        50.745600         0.109676          31.821900         0.003223          0.000000          163.178000        31.822000        
1717851193        50.745600         0.109676          31.821900         0.003223          0.000000          163.177000        31.822000        
1717851203        50.745600         0.109676          31.821900         0.003223          0.000000          163.176000        31.822000        
1717851213        50.745600         0.109676          31.821900         0.003223          0.000000          163.179000        31.822000        
1717851224        50.745600         0.109676          31.821900         0.003223          0.000000          163.177000        31.822000        
1717851234        50.745600         0.109676          31.821900         0.003223          0.000000          163.177000        31.822000        
1717851244        50.745600         0.109676          31.821900         0.003223          0.000000          163.175000        31.822000        
1717851254        50.745600         0.109676          31.821900         0.003223          0.000000          163.177000        31.822000        
1717851264        50.745600         0.109676          31.821900         0.003223          0.000000          163.177000        31.822000        
1717851274        50.745600         0.109676          31.821900         0.003223          0.000000          163.175000        31.822000        
1717851285        50.745600         0.109676          31.821900         0.003223          0.000000          163.178000        31.822000        
1717851295        50.745600         0.109676          31.821900         0.003223          0.000000          163.180000        31.822000        
1717851305        50.745600         0.109676          31.821900         0.003223          0.000000          163.178000        31.822000        
1717851315        50.745600         0.109676          31.821900         0.003223          0.000000          163.179000        31.822000        
1717851325        50.745600         0.109676          31.821900         0.003223          0.000000          163.178000        31.822000        
1717851335        50.745600         0.109676          31.821900         0.003223          0.000000          163.186000        31.822000        
1717851345        50.745600         0.109676          31.821900         0.003223          0.000000          163.188000        31.822000        
1717851356        50.745600         0.109676          31.821900         0.003223          0.000000          163.191000        31.822000        
1717851366        50.745600         0.109676          31.821900         0.003223          0.000000          163.189000        31.822000        
1717851376        50.745600         0.109676          31.821900         0.003223          0.000000          163.188000        31.822000        
1717851386        50.745600         0.109676          31.821900         0.003223          0.000000          163.189000        31.822000        
1717851396        50.745600         0.109676          31.821900         0.003223          0.000000          163.190000        31.822000        
1717851406        50.745600         0.109676          31.821900         0.003223          0.000000          163.189000        31.822000        
1717851417        50.745600         0.109676          31.821900         0.003223          0.000000          163.189000        31.822000        
1717851427        50.745600         0.109676          31.821900         0.003223          0.000000          163.189000        31.822000        
1717851437        50.745600         0.109676          31.821900         0.003223          0.000000          163.187000        31.822000        
1717851447        50.745600         0.109676          31.821900         0.003223          0.000000          163.188000        31.822000        
1717851457        50.745600         0.109676          31.821900         0.003223          0.000000          163.190000        31.822000        
1717851468        50.745600         0.109676          31.821900         0.003223          0.000000          163.188000        31.822000        
1717851478        50.745600         0.109676          31.821900         0.003223          0.000000          163.187000        31.822000        
1717851488        50.745600         0.109676          31.821900         0.003223          0.000000          163.188000        31.822000        
1717851498        50.745600         0.109676          31.821900         0.003223          0.000000          163.188000        31.822000        
1717851509        50.745600         0.109676          31.821900         0.003223          0.000000          163.188000        31.822000        
1717851519        50.745600         0.109676          31.821900         0.003223          0.000000          163.191000        31.822000        
1717851529        50.745600         0.109676          31.821900         0.003223          0.000000          163.191000        31.822000        
1717851539        50.745600         0.109676          31.821900         0.003223          0.000000          163.194000        31.822000        
1717851549        50.745600         0.109676          31.821900         0.003223          0.000000          163.269000        31.822000        
1717851559        50.745600         0.109676          31.821900         0.003223          0.000000          163.269000        31.822000        
1717851570        50.745600         0.109676          31.821900         0.003223          0.000000          163.268000        31.822000        
1717851580        50.745600         0.109676          31.821900         0.003223          0.000000          163.269000        31.822000        
1717851590        50.745600         0.109676          31.821900         0.003223          0.000000          163.270000        31.822000        
1717851600        50.745600         0.109676          31.821900         0.003223          0.000000          163.270000        31.822000        
1717851610        50.745600         0.109676          31.821900         0.003223          0.000000          163.271000        31.822000        
1717851620        50.745600         0.109676          31.821900         0.003223          0.000000          163.270000        31.822000        
1717851631        50.745600         0.109676          31.821900         0.003223          0.000000          163.273000        31.822000        
1717851641        50.745600         0.109676          31.821900         0.003223          0.000000          163.271000        31.822000        
1717851651        50.745600         0.109676          31.821900         0.003223          0.000000          163.271000        31.822000        
1717851661        50.745600         0.109676          31.821900         0.003223          0.000000          163.273000        31.822000        
1717851671        50.745600         0.109676          31.821900         0.003223          0.000000          163.273000        31.822000        
1717851681        50.745600         0.109676          31.821900         0.003223          0.000000          163.273000        31.822000        
1717851692        50.745600         0.109676          31.821900         0.003223          0.000000          163.369000        31.822000        
1717851702        50.745600         0.109676          31.821900         0.003223          0.000000          163.368000        31.822000        
1717851712        50.745600         0.109676          31.821900         0.003223          0.000000          163.607000        31.822000        
1717851722        50.745600         0.109676          31.821900         0.003223          0.000000          163.677000        31.822000        
1717851732        50.745600         0.109676          31.821900         0.003223          0.000000          163.676000        31.822000        
1717851742        50.745600         0.109676          31.821900         0.003223          0.000000          163.675000        31.822000        
1717851753        50.745600         0.109676          31.821900         0.003223          0.000000          163.675000        31.822000        
1717851763        50.745600         0.109676          31.821900         0.003223          0.000000          163.676000        31.822000        
1717851773        50.745600         0.109676          31.821900         0.003223          0.000000          163.761000        31.822000        
1717851783        50.745600         0.109676          31.821900         0.003223          0.000000          163.759000        31.822000        
1717851793        50.745600         0.109676          31.821900         0.003223          0.000000          163.760000        31.822000        
1717851803        50.745600         0.109676          31.821900         0.003223          0.000000          163.759000        31.822000        
1717851814        50.745600         0.109676          31.821900         0.003223          0.000000          163.759000        31.822000        
1717851824        50.745600         0.109676          31.821900         0.003223          0.000000          163.759000        31.822000        
1717851834        50.745600         0.109676          31.821900         0.003223          0.000000          163.760000        31.822000        
1717851844        50.745600         0.109676          31.821900         0.003223          0.000000          163.759000        31.822000        
1717851854        50.745600         0.109676          31.821900         0.003223          0.000000          163.759000        31.822000        
1717851864        50.745600         0.109676          31.821900         0.003223          0.000000          163.759000        31.822000        
1717851875        50.745600         0.109676          31.821900         0.003223          0.000000          163.759000        31.822000        
1717851885        50.745600         0.109676          31.821900         0.003223          0.000000          163.759000        31.822000        
1717851895        50.745600         0.109676          31.821900         0.003223          0.000000          163.758000        31.822000        
1717851905        50.745600         0.109676          31.821900         0.003223          0.000000          163.757000        31.822000        
1717851915        50.745600         0.109676          31.821900         0.003223          0.000000          163.758000        31.822000        
1717851925        50.745600         0.109676          31.821900         0.003223          0.000000          163.763000        31.822000        
1717851936        50.745600         0.109676          31.821900         0.003223          0.000000          163.851000        31.822000        
1717851946        50.745600         0.109676          31.821900         0.003223          0.000000          163.850000        31.822000        
1717851956        50.745600         0.109676          31.821900         0.003223          0.000000          163.851000        31.822000        
1717851966        50.745600         0.109676          31.821900         0.003223          0.000000          163.851000        31.822000        
1717851976        50.745600         0.109676          31.821900         0.003223          0.000000          163.848000        31.822000        
1717851986        50.745600         0.109676          31.821900         0.003223          0.000000          163.851000        31.822000        
1717851996        50.745600         0.109676          31.821900         0.003223          0.000000          163.851000        31.822000        
1717852007        50.745600         0.109676          31.821900         0.003223          0.000000          163.850000        31.822000        
1717852017        50.745600         0.109676          31.821900         0.003223          0.000000          163.851000        31.822000        
1717852027        50.745600         0.109676          31.821900         0.003223          0.000000          163.851000        31.822000        
1717852037        50.745600         0.109676          31.821900         0.003223          0.000000          163.851000        31.822000        
1717852047        50.745600         0.109676          31.821900         0.003223          0.000000          163.851000        31.822000        
1717852057        50.745600         0.109676          31.821900         0.003223          0.000000          163.850000        31.822000        
1717852068        50.745600         0.109676          31.821900         0.003223          0.000000          163.850000        31.822000        
1717852078        50.745600         0.109676          31.821900         0.003223          0.000000          163.852000        31.822000        
1717852088        50.745600         0.109676          31.821900         0.003223          0.000000          163.849000        31.822000        
1717852098        50.745600         0.109676          31.821900         0.003223          0.000000          163.851000        31.822000        
1717852108        50.745600         0.109676          31.821900         0.003223          0.000000          163.851000        31.822000        
1717852118        50.745600         0.109676          31.821900         0.003223          0.000000          163.853000        31.822000        
1717852129        50.745600         0.109676          31.821900         0.003223          0.000000          163.852000        31.822000        
1717852139        50.745600         0.109676          31.821900         0.003223          0.000000          163.850000        31.822000        
1717852149        50.745600         0.109676          31.821900         0.003223          0.000000          163.851000        31.822000        
1717852159        50.745600         0.109676          31.821900         0.003223          0.000000          163.850000        31.822000        
1717852169        50.745600         0.109676          31.821900         0.003223          0.000000          163.851000        31.822000        
1717852179        50.745600         0.109676          31.821900         0.003223          0.000000          163.852000        31.822000        
1717852190        50.745600         0.109676          31.821900         0.003223          0.000000          163.850000        31.822000        
1717852200        50.745600         0.109676          31.821900         0.003223          0.000000          163.851000        31.822000        
1717852210        50.745600         0.109676          31.821900         0.003223          0.000000          163.854000        31.822000        
1717852220        50.745600         0.109676          31.821900         0.003223          0.000000          163.853000        31.822000        
1717852230        50.745600         0.109676          31.821900         0.003223          0.000000          163.855000        31.822000        
1717852240        50.745600         0.109676          31.821900         0.003223          0.000000          163.853000        31.822000        
1717852251        50.745600         0.109676          31.821900         0.003223          0.000000          163.853000        31.822000        
1717852261        50.745600         0.109676          31.821900         0.003223          0.000000          163.854000        31.822000        
1717852271        50.745600         0.109676          31.821900         0.003223          0.000000          163.853000        31.822000        
1717852281        50.745600         0.109676          31.821900         0.003223          0.000000          163.853000        31.822000        
1717852291        50.745600         0.109676          31.821900         0.003223          0.000000          163.852000        31.822000        
1717852301        50.745600         0.109676          31.821900         0.003223          0.000000          163.852000        31.822000        
1717852312        50.745600         0.109676          31.821900         0.003223          0.000000          163.852000        31.822000        
1717852322        50.745600         0.109676          31.821900         0.003223          0.000000          163.853000        31.822000        
1717852332        50.745600         0.109676          31.821900         0.003223          0.000000          163.852000        31.822000        
1717852342        50.745600         0.109676          31.821900         0.003223          0.000000          163.853000        31.822000        
1717852352        50.745600         0.109676          31.821900         0.003223          0.000000          163.854000        31.822000        
1717852363        50.745600         0.109676          31.821900         0.003223          0.000000          163.852000        31.822000        
1717852373        50.745600         0.109676          31.821900         0.003223          0.000000          163.852000        31.822000        
1717852383        50.745600         0.109676          31.821900         0.003223          0.000000          163.851000        31.822000        
1717852393        50.745600         0.109676          31.821900         0.003223          0.000000          163.852000        31.822000        
1717852403        50.745600         0.109676          31.821900         0.003223          0.000000          163.852000        31.822000        
1717852414        50.745600         0.109676          31.821900         0.003223          0.000000          163.853000        31.822000        
1717852424        50.745600         0.109676          31.821900         0.003223          0.000000          163.853000        31.822000        
1717852434        50.745600         0.109676          31.821900         0.003223          0.000000          163.854000        31.822000        
1717852444        50.745600         0.109676          31.821900         0.003223          0.000000          163.852000        31.822000        
1717852454        50.745600         0.109676          31.821900         0.003223          0.000000          163.852000        31.822000        
1717852464        50.745600         0.109676          31.821900         0.003223          0.000000          163.853000        31.822000        
1717852475        50.745600         0.109676          31.821900         0.003223          0.000000          163.852000        31.822000        
1717852485        50.745600         0.109676          31.821900         0.003223          0.000000          163.855000        31.822000        
1717852495        50.745600         0.109676          31.821900         0.003223          0.000000          163.851000        31.822000        
1717852505        50.745600         0.109676          31.821900         0.003223          0.000000          163.852000        31.822000        
1717852515        50.745600         0.109676          31.821900         0.003223          0.000000          163.854000        31.822000        
1717852525        50.745600         0.109676          31.821900         0.003223          0.000000          163.853000        31.822000        
1717852535        50.745600         0.109676          31.821900         0.003223          0.000000          163.854000        31.822000        
1717852546        50.745600         0.109676          31.821900         0.003223          0.000000          163.854000        31.822000        
1717852556        50.745600         0.109676          31.821900         0.003223          0.000000          163.856000        31.822000        
1717852566        50.745600         0.109676          31.821900         0.003223          0.000000          163.853000        31.822000        
1717852576        50.745600         0.109676          31.821900         0.003223          0.000000          163.853000        31.822000        
1717852586        50.745600         0.109676          31.821900         0.003223          0.000000          163.855000        31.822000        
1717852596        50.745600         0.109676          31.821900         0.003223          0.000000          163.856000        31.822000        
1717852607        50.745600         0.109676          31.821900         0.003223          0.000000          163.856000        31.822000        
1717852617        50.745600         0.109676          31.821900         0.003223          0.000000          163.854000        31.822000        
1717852627        50.745600         0.109676          31.821900         0.003223          0.000000          163.854000        31.822000        
1717852637        50.745600         0.109676          31.821900         0.003223          0.000000          163.856000        31.822000        
1717852647        50.745600         0.109676          31.821900         0.003223          0.000000          163.856000        31.822000        
1717852657        50.745600         0.109676          31.821900         0.003223          0.000000          163.854000        31.822000        
1717852668        50.745600         0.109676          31.821900         0.003223          0.000000          163.855000        31.822000        
1717852678        50.745600         0.109676          31.821900         0.003223          0.000000          163.854000        31.822000        
1717852688        50.745600         0.109676          31.821900         0.003223          0.000000          163.855000        31.822000        
1717852698        50.745600         0.109676          31.821900         0.003223          0.000000          163.853000        31.822000        
1717852708        50.745600         0.109676          31.821900         0.003223          0.000000          163.855000        31.822000        
1717852718        50.745600         0.109676          31.821900         0.003223          0.000000          163.855000        31.822000        
1717852729        50.745600         0.109676          31.821900         0.003223          0.000000          163.856000        31.822000        
1717852739        50.745600         0.109676          31.821900         0.003223          0.000000          163.856000        31.822000        
1717852749        50.745600         0.109676          31.821900         0.003223          0.000000          163.856000        31.822000        
1717852759        50.745600         0.109676          31.821900         0.003223          0.000000          163.854000        31.822000        
1717852769        50.745600         0.109676          31.821900         0.003223          0.000000          163.856000        31.822000        
1717852779        50.745600         0.109676          31.821900         0.003223          0.000000          163.854000        31.822000        
1717852790        50.745600         0.109676          31.821900         0.003223          0.000000          163.853000        31.822000        
1717852800        50.745600         0.109676          31.821900         0.003223          0.000000          163.854000        31.822000        
1717852810        50.745600         0.109676          31.821900         0.003223          0.000000          163.854000        31.822000        
1717852820        50.745600         0.109676          31.821900         0.003223          0.000000          163.854000        31.822000        
1717852830        50.745600         0.109676          31.821900         0.003223          0.000000          163.854000        31.822000        
1717852840        50.745600         0.109676          31.821900         0.003223          0.000000          163.856000        31.822000        
1717852851        50.745600         0.109676          31.821900         0.003223          0.000000          163.856000        31.822000        
1717852861        50.745600         0.109676          31.821900         0.003223          0.000000          163.854000        31.822000        
1717852871        50.745600         0.109676          31.821900         0.003223          0.000000          163.856000        31.822000        
1717852881        50.745600         0.109676          31.821900         0.003223          0.000000          163.855000        31.822000        
1717852891        50.745600         0.109676          31.821900         0.003223          0.000000          163.854000        31.822000        
1717852901        50.745600         0.109676          31.821900         0.003223          0.000000          163.853000        31.822000        
1717852912        50.745600         0.109676          31.821900         0.003223          0.000000          163.855000        31.822000        
1717852922        50.745600         0.109676          31.821900         0.003223          0.000000          163.854000        31.822000        
1717852932        50.745600         0.109676          31.821900         0.003223          0.000000          163.856000        31.822000        
1717852942        50.745600         0.109676          31.821900         0.003223          0.000000          163.856000        31.822000        
1717852953        50.745600         0.109676          31.821900         0.003223          0.000000          163.857000        31.822000        
1717852963        50.745600         0.109676          31.821900         0.003223          0.000000          163.857000        31.822000        
1717852973        50.745600         0.109676          31.821900         0.003223          0.000000          163.856000        31.822000        
1717852984        50.745600         0.109676          31.821900         0.003223          0.000000          163.854000        31.822000        
1717852994        50.745600         0.109676          31.821900         0.003223          0.000000          163.855000        31.822000        
1717853004        50.745600         0.109676          31.821900         0.003223          0.000000          163.854000        31.822000        
1717853014        50.745600         0.109676          31.821900         0.003223          0.000000          163.855000        31.822000        
1717853024        50.745600         0.109676          31.821900         0.003223          0.000000          163.855000        31.822000        
1717853034        50.745600         0.109676          31.821900         0.003223          0.000000          163.856000        31.822000        
1717853045        50.745600         0.109676          31.821900         0.003223          0.000000          163.854000        31.822000        
1717853055        50.745600         0.109676          31.821900         0.003223          0.000000          163.857000        31.822000        
1717853065        50.745600         0.109676          31.821900         0.003223          0.000000          163.856000        31.822000        
1717853075        50.745600         0.109676          31.821900         0.003223          0.000000          163.855000        31.822000        
1717853085        50.745600         0.109676          31.821900         0.003223          0.000000          163.855000        31.822000        
1717853095        50.745600         0.109676          31.821900         0.003223          0.000000          163.857000        31.822000        
1717853106        50.745600         0.109676          31.821900         0.003223          0.000000          163.854000        31.822000        
1717853116        50.745600         0.109676          31.821900         0.003223          0.000000          163.852000        31.822000        
1717853126        50.745600         0.109676          31.821900         0.003223          0.000000          163.855000        31.822000        
1717853136        50.745600         0.109676          31.821900         0.003223          0.000000          163.853000        31.822000        
1717853146        50.745600         0.109676          31.821900         0.003223          0.000000          163.855000        31.822000        
1717853156        50.745600         0.109676          31.821900         0.003223          0.000000          163.856000        31.822000        
1717853167        50.745600         0.109676          31.821900         0.003223          0.000000          163.855000        31.822000        
1717853177        50.745600         0.109676          31.821900         0.003223          0.000000          163.853000        31.822000        
1717853187        50.745600         0.109676          31.821900         0.003223          0.000000          163.854000        31.822000        
1717853197        50.745600         0.109676          31.821900         0.003223          0.000000          163.854000        31.822000        
1717853207        50.745600         0.109676          31.821900         0.003223          0.000000          163.855000        31.822000        
1717853217        50.745600         0.109676          31.821900         0.003223          0.000000          163.855000        31.822000        
1717853228        50.745600         0.109676          31.821900         0.003223          0.000000          163.853000        31.822000        
1717853238        50.745600         0.109676          31.821900         0.003223          0.000000          163.854000        31.822000        
1717853248        50.745600         0.109676          31.821900         0.003223          0.000000          163.855000        31.822000        
1717853258        50.745600         0.109676          31.821900         0.003223          0.000000          163.857000        31.822000        
1717853268        50.745600         0.109676          31.821900         0.003223          0.000000          163.857000        31.822000        
1717853278        50.745600         0.109676          31.821900         0.003223          0.000000          163.855000        31.822000        
1717853289        50.745600         0.109676          31.821900         0.003223          0.000000          163.855000        31.822000        
1717853299        50.745600         0.109676          31.821900         0.003223          0.000000          163.855000        31.822000        
1717853309        50.745600         0.109676          31.821900         0.003223          0.000000          163.857000        31.822000        
1717853319        50.745600         0.109676          31.821900         0.003223          0.000000          163.857000        31.822000        
1717853329        50.745600         0.109676          31.821900         0.003223          0.000000          163.856000        31.822000        
1717853339        50.745600         0.109676          31.821900         0.003223          0.000000          163.857000        31.822000        
1717853350        50.745600         0.109676          31.821900         0.003223          0.000000          163.856000        31.822000        
1717853360        50.745600         0.109676          31.821900         0.003223          0.000000          163.858000        31.822000        
1717853370        50.745600         0.109676          31.821900         0.003223          0.000000          163.855000        31.822000        
1717853380        50.745600         0.109676          31.821900         0.003223          0.000000          163.855000        31.822000        
1717853390        50.745600         0.109676          31.821900         0.003223          0.000000          163.857000        31.822000        
1717853400        50.745600         0.109676          31.821900         0.003223          0.000000          163.855000        31.822000        
1717853411        50.745600         0.109676          31.821900         0.003223          0.000000          163.856000        31.822000        
1717853421        50.745600         0.109676          31.821900         0.003223          0.000000          163.858000        31.822000        
1717853431        50.745600         0.109676          31.821900         0.003223          0.000000          163.857000        31.822000        
1717853441        50.745600         0.109676          31.821900         0.003223          0.000000          163.857000        31.822000        
1717853451        50.745600         0.109676          31.821900         0.003223          0.000000          163.857000        31.822000        
1717853461        50.745600         0.109676          31.821900         0.003223          0.000000          163.858000        31.822000        
1717853472        50.745600         0.109676          31.821900         0.003223          0.000000          163.857000        31.822000        
1717853482        50.745600         0.109676          31.821900         0.003223          0.000000          163.855000        31.822000        
1717853492        50.745600         0.109676          31.821900         0.003223          0.000000          163.856000        31.822000        
1717853502        50.745600         0.109676          31.821900         0.003223          0.000000          163.856000        31.822000        
1717853512        50.745600         0.109676          31.821900         0.003223          0.000000          163.857000        31.822000        
1717853523        50.745600         0.109676          31.821900         0.003223          0.000000          163.855000        31.822000        
1717853533        50.745600         0.109676          31.821900         0.003223          0.000000          163.857000        31.822000        
