#TIME             VMEM_MAX          VMEM              RMEM_MAX          RMEM              SHMEM             MEM_FREE          TMEM_MAX         
1717837435        0.433552          0.433552          0.012054          0.012054          0.000000          144.044000        0.012054         
1717837446        3.599090          3.599090          0.198093          0.198093          0.000000          143.741000        0.198093         
1717837456        8.121660          8.121660          0.584259          0.584259          0.000000          143.262000        0.584259         
1717837467        8.404720          8.404720          0.780144          0.780144          0.000000          143.054000        0.780144         
1717837477        11.322800         11.322800         2.047180          2.047180          0.000000          141.473000        2.047180         
1717837487        11.322800         10.522500         2.047180          1.709150          0.000000          141.271000        2.047180         
1717837497        11.826000         11.826000         2.548940          2.548940          0.000000          140.565000        2.548940         
1717837507        24.767900         24.767900         11.183500         11.183500         0.000100          130.510000        11.183600        
1717837518        25.085500         25.085500         11.783700         11.783700         0.000100          129.803000        11.783800        
1717837528        28.708800         28.708800         13.154700         13.154700         0.000100          134.380000        13.154800        
1717837538        28.708800         28.698900         13.154700         13.149700         0.000100          134.359000        13.154800        
1717837548        30.115900         30.115900         14.854800         14.854800         0.000100          132.700000        14.854900        
1717837559        34.574100         34.574100         18.691100         18.691100         0.000100          128.918000        18.691200        
1717837569        34.574100         34.574100         18.691400         18.691400         0.000100          128.917000        18.691500        
1717837579        34.574100         33.994700         18.691400         18.594700         0.000100          128.903000        18.691500        
1717837592        34.574400         34.574400         18.691400         18.685900         0.000100          128.897000        18.691500        
1717837603        34.576400         34.576400         18.691400         18.677300         0.000100          128.897000        18.691500        
1717837614        34.577100         34.577100         18.691400         18.690100         0.000100          128.891000        18.691500        
1717837624        47.821800         47.821800         31.937400         31.937400         0.000100          115.085000        31.937500        
1717837635        47.821800         47.222700         31.937400         31.834600         0.000100          114.278000        31.937500        
1717837645        47.821800         26.876400         31.937400         11.220900         0.000100          136.205000        31.937500        
1717837655        47.821800         27.472500         31.937400         10.193900         0.000100          137.476000        31.937500        
1717837665        47.821800         26.641400         31.937400         10.369700         0.000100          137.125000        31.937500        
1717837676        47.821800         28.789100         31.937400         11.314800         0.000100          135.789000        31.937500        
1717837686        47.821800         30.286400         31.937400         12.541900         0.000100          134.561000        31.937500        
1717837696        47.821800         28.829000         31.937400         12.041300         0.000100          134.988000        31.937500        
1717837707        47.821800         28.331800         31.937400         12.245100         0.000100          134.757000        31.937500        
1717837717        47.821800         28.518600         31.937400         12.339700         0.000200          134.659000        31.937500        
1717837727        47.821800         27.660100         31.937400         11.634500         0.000200          135.326000        31.937500        
1717837737        47.821800         28.811900         31.937400         12.628500         0.000200          134.380000        31.937500        
1717837748        47.821800         28.194100         31.937400         12.098500         0.000200          134.879000        31.937500        
1717837758        47.821800         27.550400         31.937400         11.570400         0.000200          135.351000        31.937500        
1717837769        47.821800         27.610100         31.937400         11.600400         0.000200          135.324000        31.937500        
1717837779        47.821800         27.610100         31.937400         11.601500         0.000200          135.323000        31.937500        
1717837789        47.821800         27.610100         31.937400         11.602300         0.000200          135.321000        31.937500        
1717837800        47.821800         27.610100         31.937400         11.603700         0.000200          135.320000        31.937500        
1717837810        47.821800         27.610100         31.937400         11.604300         0.000200          135.321000        31.937500        
1717837820        47.821800         27.610100         31.937400         11.605800         0.000200          135.321000        31.937500        
1717837830        47.821800         27.610100         31.937400         11.606600         0.000200          135.320000        31.937500        
1717837841        47.821800         27.610100         31.937400         11.607900         0.000200          135.320000        31.937500        
1717837851        47.821800         27.610100         31.937400         11.610200         0.000200          135.316000        31.937500        
1717837861        47.821800         27.523800         31.937400         11.562500         0.000100          135.340000        31.937500        
1717837872        47.821800         29.510800         31.937400         12.527100         0.000100          134.253000        31.937500        
1717837882        47.821800         27.618400         31.937400         11.501700         0.000100          134.406000        31.937500        
1717837892        47.821800         27.566500         31.937400         11.444300         0.000100          137.674000        31.937500        
1717837903        47.821800         28.541000         31.937400         11.871900         0.000100          137.736000        31.937500        
1717837913        47.821800         27.855900         31.937400         11.678500         0.000100          137.835000        31.937500        
1717837923        47.821800         27.887600         31.937400         11.690600         0.000100          137.807000        31.937500        
1717837933        47.821800         27.887900         31.937400         11.691100         0.000100          137.804000        31.937500        
1717837944        47.821800         27.889800         31.937400         11.693000         0.000100          137.802000        31.937500        
1717837954        47.821800         27.890800         31.937400         11.694000         0.000100          137.802000        31.937500        
1717837964        47.821800         27.890800         31.937400         11.694000         0.000100          137.803000        31.937500        
1717837975        47.821800         27.890800         31.937400         11.694000         0.000100          137.801000        31.937500        
1717837985        47.821800         27.890800         31.937400         11.694000         0.000100          137.804000        31.937500        
1717837995        47.821800         27.890800         31.937400         11.694600         0.000100          137.801000        31.937500        
1717838005        47.821800         27.890800         31.937400         11.694700         0.000100          137.804000        31.937500        
1717838016        47.821800         27.890800         31.937400         11.694700         0.000100          137.803000        31.937500        
1717838026        47.821800         27.891200         31.937400         11.695900         0.000100          137.801000        31.937500        
1717838036        47.821800         27.892400         31.937400         11.696500         0.000100          137.800000        31.937500        
1717838047        47.821800         27.892400         31.937400         11.696800         0.000100          137.801000        31.937500        
1717838057        47.821800         27.889900         31.937400         11.694700         0.000100          137.802000        31.937500        
1717838067        47.821800         27.887100         31.937400         11.692400         0.000100          137.807000        31.937500        
1717838078        47.821800         27.889600         31.937400         11.695100         0.000100          137.803000        31.937500        
1717838088        47.821800         27.940300         31.937400         11.698400         0.000100          137.800000        31.937500        
1717838098        47.821800         29.579600         31.937400         11.799400         0.000100          137.679000        31.937500        
1717838108        47.821800         31.478100         31.937400         12.303100         0.000100          137.172000        31.937500        
1717838119        47.821800         31.080300         31.937400         11.895300         0.000100          137.559000        31.937500        
1717838129        47.821800         31.381200         31.937400         12.207400         0.000100          137.256000        31.937500        
1717838139        47.821800         31.459300         31.937400         12.285300         0.000100          137.176000        31.937500        
1717838150        47.821800         31.741100         31.937400         12.566900         0.000100          136.897000        31.937500        
1717838160        47.821800         31.804200         31.937400         12.629900         0.000100          136.835000        31.937500        
1717838170        47.821800         31.866700         31.937400         12.692600         0.000100          136.773000        31.937500        
1717838180        47.821800         31.866700         31.937400         12.693800         0.000100          136.772000        31.937500        
1717838191        47.821800         31.804200         31.937400         12.630700         0.000100          136.834000        31.937500        
1717838201        47.821800         31.804200         31.937400         12.630600         0.000100          136.835000        31.937500        
1717838211        47.821800         30.213100         31.937400         12.387700         0.000100          137.079000        31.937500        
1717838221        47.821800         32.693200         31.937400         13.531400         0.000100          135.835000        31.937500        
1717838232        47.821800         34.835200         31.937400         15.068200         0.000100          134.249000        31.937500        
1717838242        47.821800         36.124900         31.937400         15.540600         0.000100          133.715000        31.937500        
1717838252        47.821800         36.677600         31.937400         15.663600         0.000100          139.128000        31.937500        
1717838263        47.821800         35.853600         31.937400         15.254200         0.000100          139.547000        31.937500        
1717838273        47.821800         33.799300         31.937400         13.305800         0.000100          144.219000        31.937500        
1717838283        47.821800         33.799300         31.937400         13.307800         0.000100          144.217000        31.937500        
1717838293        47.821800         33.799300         31.937400         13.307800         0.000100          144.216000        31.937500        
1717838304        47.821800         33.799300         31.937400         13.307800         0.000100          144.217000        31.937500        
1717838314        47.821800         33.679800         31.937400         13.327100         0.000100          144.200000        31.937500        
1717838324        47.821800         34.066600         31.937400         13.341500         0.000100          145.833000        31.937500        
1717838335        47.821800         33.869600         31.937400         13.421900         0.000100          145.751000        31.937500        
1717838345        47.821800         31.513000         31.937400         12.655200         0.000100          146.532000        31.937500        
1717838355        47.821800         34.927200         31.937400         13.805700         0.000100          145.400000        31.937500        
1717838365        47.821800         35.018000         31.937400         14.162800         0.000100          145.050000        31.937500        
1717838376        47.821800         33.810500         31.937400         13.938900         0.000100          145.262000        31.937500        
1717838386        47.821800         36.043900         31.937400         14.582900         0.000100          144.624000        31.937500        
1717838396        47.821800         36.253300         31.937400         15.052400         0.000100          144.156000        31.937500        
1717838406        47.821800         36.198800         31.937400         15.036900         0.000100          144.171000        31.937500        
1717838417        47.821800         37.692800         31.937400         15.646000         0.000100          145.144000        31.937500        
1717838427        47.821800         37.961300         31.937400         16.047000         0.000100          144.905000        31.937500        
1717838441        47.821800         37.508200         31.937400         15.738500         0.000100          145.719000        31.937500        
1717838452        47.821800         38.765900         31.937400         16.368500         0.000100          145.001000        31.937500        
1717838463        47.821800         38.805200         31.937400         16.437500         0.000100          144.929000        31.937500        
1717838473        47.821800         38.805200         31.937400         16.437800         0.000100          144.932000        31.937500        
1717838483        47.821800         38.805200         31.937400         16.438000         0.000100          144.936000        31.937500        
1717838494        47.821800         38.805200         31.937400         16.438100         0.000100          144.931000        31.937500        
1717838504        47.821800         38.805200         31.937400         16.438100         0.000100          144.929000        31.937500        
1717838514        47.821800         38.805200         31.937400         16.438300         0.000100          144.928000        31.937500        
1717838524        47.821800         38.805200         31.937400         16.438300         0.000100          144.929000        31.937500        
1717838535        47.821800         38.805200         31.937400         16.438300         0.000100          144.928000        31.937500        
1717838545        47.821800         38.805200         31.937400         16.438300         0.000100          144.927000        31.937500        
1717838555        47.821800         38.805200         31.937400         16.438500         0.000100          144.929000        31.937500        
1717838565        47.821800         38.805200         31.937400         16.438700         0.000100          144.929000        31.937500        
1717838576        47.821800         38.805200         31.937400         16.438900         0.000100          144.929000        31.937500        
1717838586        47.821800         38.805200         31.937400         16.439100         0.000100          144.930000        31.937500        
1717838597        47.821800         38.805200         31.937400         16.439100         0.000100          144.929000        31.937500        
1717838609        47.821800         38.805200         31.937400         16.440000         0.000100          144.928000        31.937500        
1717838619        47.821800         38.805200         31.937400         16.440000         0.000100          144.928000        31.937500        
1717838630        47.821800         38.805200         31.937400         16.440000         0.000100          144.924000        31.937500        
1717838640        47.821800         38.805200         31.937400         16.440000         0.000100          144.930000        31.937500        
1717838654        47.821800         38.805200         31.937400         16.440300         0.000100          144.928000        31.937500        
1717838665        47.821800         38.805200         31.937400         16.440600         0.000100          144.927000        31.937500        
1717838675        47.821800         38.805200         31.937400         16.440800         0.000100          144.928000        31.937500        
1717838685        47.821800         38.805200         31.937400         16.440800         0.000100          144.927000        31.937500        
1717838695        47.821800         38.805200         31.937400         16.440800         0.000100          144.925000        31.937500        
1717838706        47.821800         38.805200         31.937400         16.440800         0.000100          144.926000        31.937500        
1717838716        47.821800         38.805200         31.937400         16.440800         0.000100          144.926000        31.937500        
1717838726        47.821800         38.805200         31.937400         16.440800         0.000100          144.929000        31.937500        
1717838737        47.821800         38.805200         31.937400         16.440800         0.000100          144.932000        31.937500        
1717838748        47.821800         38.805200         31.937400         16.440900         0.000100          144.925000        31.937500        
1717838758        47.821800         38.805200         31.937400         16.441100         0.000100          144.926000        31.937500        
1717838768        47.821800         38.805200         31.937400         16.441400         0.000100          144.927000        31.937500        
1717838778        47.821800         38.805200         31.937400         16.441400         0.000100          144.928000        31.937500        
1717838789        47.821800         38.805200         31.937400         16.441400         0.000100          144.925000        31.937500        
1717838799        47.821800         38.805200         31.937400         16.441400         0.000100          144.929000        31.937500        
1717838809        47.821800         38.805200         31.937400         16.441500         0.000100          145.087000        31.937500        
1717838820        47.821800         38.805200         31.937400         16.441500         0.000100          145.084000        31.937500        
1717838830        47.821800         38.805200         31.937400         16.441500         0.000100          145.088000        31.937500        
1717838840        47.821800         38.813000         31.937400         16.421200         0.000100          145.108000        31.937500        
1717838850        47.821800         38.828700         31.937400         16.445700         0.000100          145.083000        31.937500        
1717838861        47.821800         38.828700         31.937400         16.445700         0.000100          145.084000        31.937500        
1717838871        47.821800         38.828700         31.937400         16.445900         0.000100          145.082000        31.937500        
1717838881        47.821800         38.836500         31.937400         16.423800         0.000100          145.106000        31.937500        
1717838892        47.821800         38.859000         31.937400         16.457000         0.000100          145.071000        31.937500        
1717838902        47.821800         38.891800         31.937400         16.472300         0.000100          145.056000        31.937500        
1717838912        47.821800         38.894100         31.937400         16.475000         0.000100          145.057000        31.937500        
1717838922        47.821800         38.894100         31.937400         16.475100         0.000100          145.057000        31.937500        
1717838933        47.821800         38.933400         31.937400         16.496900         0.000100          145.036000        31.937500        
1717838943        47.821800         38.965700         31.937400         16.529400         0.000100          145.004000        31.937500        
1717838953        47.821800         38.955100         31.937400         16.518600         0.000100          145.011000        31.937500        
1717838964        47.821800         38.959500         31.937400         16.522700         0.000100          145.008000        31.937500        
1717838974        47.821800         38.964700         31.937400         16.528200         0.000100          145.005000        31.937500        
1717838984        47.821800         38.976000         31.937400         16.539900         0.000100          144.992000        31.937500        
1717838994        47.821800         38.981700         31.937400         16.545800         0.000100          144.987000        31.937500        
1717839005        47.821800         38.981700         31.937400         16.545800         0.000100          144.989000        31.937500        
1717839015        47.821800         38.981700         31.937400         16.546000         0.000100          144.990000        31.937500        
1717839025        47.821800         38.981700         31.937400         16.546200         0.000100          144.989000        31.937500        
1717839036        47.821800         38.981700         31.937400         16.546500         0.000100          144.989000        31.937500        
1717839046        47.821800         38.989500         31.937400         16.554400         0.000100          144.983000        31.937500        
1717839056        47.821800         38.989500         31.937400         16.554700         0.000100          144.983000        31.937500        
1717839066        47.821800         38.989500         31.937400         16.554900         0.000100          144.981000        31.937500        
1717839077        47.821800         38.989600         31.937400         16.555000         0.000100          144.982000        31.937500        
1717839087        47.821800         38.997400         31.937400         16.562800         0.000100          144.972000        31.937500        
1717839097        47.821800         38.997400         31.937400         16.562800         0.000100          144.970000        31.937500        
1717839108        47.821800         39.005200         31.937400         16.570700         0.000100          144.963000        31.937500        
1717839118        47.821800         39.005200         31.937400         16.570700         0.000100          144.962000        31.937500        
1717839128        47.821800         39.005200         31.937400         16.570700         0.000100          144.963000        31.937500        
1717839138        47.821800         39.013100         31.937400         16.578600         0.000100          144.956000        31.937500        
1717839149        47.821800         39.013100         31.937400         16.579900         0.000100          144.954000        31.937500        
1717839159        47.821800         39.013100         31.937400         16.580200         0.000100          144.956000        31.937500        
1717839169        47.821800         39.013100         31.937400         16.580400         0.000100          144.955000        31.937500        
1717839180        47.821800         39.013100         31.937400         16.580600         0.000100          144.956000        31.937500        
1717839190        47.821800         39.013100         31.937400         16.580600         0.000100          144.957000        31.937500        
1717839200        47.821800         39.013100         31.937400         16.580600         0.000100          144.956000        31.937500        
1717839210        47.821800         39.013100         31.937400         16.580900         0.000100          144.957000        31.937500        
1717839221        47.821800         39.013100         31.937400         16.581000         0.000100          144.957000        31.937500        
1717839231        47.821800         39.013100         31.937400         16.581000         0.000100          144.970000        31.937500        
1717839241        47.821800         39.013100         31.937400         16.581000         0.000100          144.970000        31.937500        
1717839251        47.821800         39.013100         31.937400         16.581000         0.000100          144.972000        31.937500        
1717839262        47.821800         39.013100         31.937400         16.581000         0.000100          144.973000        31.937500        
1717839272        47.821800         39.013100         31.937400         16.581000         0.000100          144.974000        31.937500        
1717839282        47.821800         39.013100         31.937400         16.581000         0.000100          144.978000        31.937500        
1717839293        47.821800         39.013100         31.937400         16.581000         0.000100          144.977000        31.937500        
1717839303        47.821800         39.013100         31.937400         16.581000         0.000100          144.977000        31.937500        
1717839313        47.821800         39.013100         31.937400         16.581100         0.000100          144.977000        31.937500        
1717839323        47.821800         39.013100         31.937400         16.581100         0.000100          144.977000        31.937500        
1717839334        47.821800         39.013100         31.937400         16.581100         0.000100          144.978000        31.937500        
1717839344        47.821800         39.013100         31.937400         16.581100         0.000100          144.979000        31.937500        
1717839354        47.821800         39.013100         31.937400         16.581400         0.000100          144.980000        31.937500        
1717839365        47.821800         39.013100         31.937400         16.581600         0.000100          144.979000        31.937500        
1717839375        47.821800         39.013100         31.937400         16.581700         0.000100          144.980000        31.937500        
1717839385        47.821800         39.013100         31.937400         16.581800         0.000100          144.983000        31.937500        
1717839395        47.821800         39.013100         31.937400         16.581800         0.000100          144.978000        31.937500        
1717839406        47.821800         39.013100         31.937400         16.581800         0.000100          144.979000        31.937500        
1717839416        47.821800         39.013100         31.937400         16.581800         0.000100          144.980000        31.937500        
1717839426        47.821800         39.013100         31.937400         16.581800         0.000100          144.977000        31.937500        
1717839437        47.821800         39.013100         31.937400         16.581800         0.000100          144.981000        31.937500        
1717839447        47.821800         39.013100         31.937400         16.582100         0.000100          144.979000        31.937500        
1717839457        47.821800         39.013100         31.937400         16.582300         0.000100          144.978000        31.937500        
1717839468        47.821800         39.013100         31.937400         16.582400         0.000100          144.977000        31.937500        
1717839478        47.821800         39.013100         31.937400         16.582400         0.000100          144.976000        31.937500        
1717839488        47.821800         39.013100         31.937400         16.582400         0.000100          144.976000        31.937500        
1717839498        47.821800         39.013100         31.937400         16.582400         0.000100          144.977000        31.937500        
1717839509        47.821800         39.013100         31.937400         16.582400         0.000100          144.976000        31.937500        
1717839519        47.821800         39.013100         31.937400         16.582400         0.000100          144.978000        31.937500        
1717839529        47.821800         39.013100         31.937400         16.582400         0.000100          144.977000        31.937500        
1717839540        47.821800         39.013100         31.937400         16.582500         0.000100          144.976000        31.937500        
1717839550        47.821800         39.013100         31.937400         16.582700         0.000100          144.976000        31.937500        
1717839560        47.821800         39.013100         31.937400         16.583000         0.000100          144.973000        31.937500        
1717839570        47.821800         39.013100         31.937400         16.583100         0.000100          144.974000        31.937500        
1717839581        47.821800         39.013100         31.937400         16.583100         0.000100          144.977000        31.937500        
1717839591        47.821800         39.013100         31.937400         16.583100         0.000100          144.975000        31.937500        
1717839601        47.821800         39.013100         31.937400         16.583100         0.000100          144.975000        31.937500        
1717839612        47.821800         39.013100         31.937400         16.583100         0.000100          144.975000        31.937500        
1717839622        47.821800         39.013100         31.937400         16.583500         0.000100          144.974000        31.937500        
1717839632        47.821800         39.013100         31.937400         16.583500         0.000100          144.974000        31.937500        
1717839642        47.821800         39.013100         31.937400         16.583700         0.000100          144.976000        31.937500        
1717839653        47.821800         39.013100         31.937400         16.583900         0.000100          144.975000        31.937500        
1717839663        47.821800         39.013100         31.937400         16.584100         0.000100          144.976000        31.937500        
1717839673        47.821800         39.013100         31.937400         16.584100         0.000100          144.977000        31.937500        
1717839684        47.821800         39.013100         31.937400         16.584100         0.000100          144.977000        31.937500        
1717839694        47.821800         39.013100         31.937400         16.584200         0.000100          144.975000        31.937500        
1717839704        47.821800         39.013100         31.937400         16.584200         0.000100          144.976000        31.937500        
1717839714        47.821800         39.013100         31.937400         16.584200         0.000100          144.976000        31.937500        
1717839725        47.821800         39.013100         31.937400         16.584800         0.000100          144.973000        31.937500        
1717839735        47.821800         39.013100         31.937400         16.585100         0.000100          144.977000        31.937500        
1717839745        47.821800         39.013100         31.937400         16.585300         0.000100          144.975000        31.937500        
1717839756        47.821800         39.013100         31.937400         16.585500         0.000100          144.972000        31.937500        
1717839766        47.821800         39.013100         31.937400         16.585500         0.000100          144.974000        31.937500        
1717839776        47.821800         39.013100         31.937400         16.585500         0.000100          144.975000        31.937500        
1717839786        47.821800         39.013100         31.937400         16.585600         0.000100          144.974000        31.937500        
1717839797        47.821800         39.013100         31.937400         16.585600         0.000100          144.977000        31.937500        
1717839807        47.821800         39.013100         31.937400         16.585600         0.000100          144.975000        31.937500        
1717839817        47.821800         39.013100         31.937400         16.585600         0.000100          144.975000        31.937500        
1717839828        47.821800         39.013100         31.937400         16.585600         0.000100          144.973000        31.937500        
1717839838        47.821800         39.013100         31.937400         16.585600         0.000100          144.972000        31.937500        
1717839848        47.821800         39.013100         31.937400         16.585600         0.000100          144.974000        31.937500        
1717839858        47.821800         39.013100         31.937400         16.585600         0.000100          144.976000        31.937500        
1717839869        47.821800         39.013100         31.937400         16.585700         0.000100          144.975000        31.937500        
1717839879        47.821800         39.013100         31.937400         16.585900         0.000100          144.975000        31.937500        
1717839889        47.821800         39.013100         31.937400         16.586200         0.000100          144.973000        31.937500        
1717839900        47.821800         39.013100         31.937400         16.586200         0.000100          144.976000        31.937500        
1717839910        47.821800         39.013100         31.937400         16.586200         0.000100          144.977000        31.937500        
1717839920        47.821800         39.013100         31.937400         16.586400         0.000100          144.975000        31.937500        
1717839930        47.821800         39.013100         31.937400         16.586600         0.000100          144.974000        31.937500        
1717839941        47.821800         39.013100         31.937400         16.586600         0.000100          144.975000        31.937500        
1717839951        47.821800         39.013100         31.937400         16.586600         0.000100          144.976000        31.937500        
1717839961        47.821800         39.013100         31.937400         16.586600         0.000100          144.976000        31.937500        
1717839971        47.821800         39.013100         31.937400         16.586700         0.000100          144.973000        31.937500        
1717839982        47.821800         39.013100         31.937400         16.586900         0.000100          144.974000        31.937500        
1717839992        47.821800         39.013100         31.937400         16.587200         0.000100          144.975000        31.937500        
1717840002        47.821800         39.013100         31.937400         16.587200         0.000100          144.975000        31.937500        
1717840013        47.821800         39.013100         31.937400         16.587200         0.000100          144.976000        31.937500        
1717840023        47.821800         39.013100         31.937400         16.587200         0.000100          144.973000        31.937500        
1717840033        47.821800         39.013100         31.937400         16.587200         0.000100          144.977000        31.937500        
1717840043        47.821800         39.013100         31.937400         16.587200         0.000100          144.976000        31.937500        
1717840054        47.821800         39.013100         31.937400         16.588200         0.000100          144.976000        31.937500        
1717840064        47.821800         39.013100         31.937400         16.590200         0.000100          144.974000        31.937500        
1717840074        47.821800         39.013100         31.937400         16.590400         0.000100          144.973000        31.937500        
1717840085        47.821800         39.013100         31.937400         16.590800         0.000100          144.973000        31.937500        
1717840095        47.821800         39.013100         31.937400         16.590800         0.000100          144.972000        31.937500        
1717840105        47.821800         39.013100         31.937400         16.590800         0.000100          144.974000        31.937500        
1717840116        47.821800         39.013100         31.937400         16.590800         0.000100          144.973000        31.937500        
1717840126        47.821800         39.013100         31.937400         16.590800         0.000100          144.969000        31.937500        
1717840136        47.821800         39.013100         31.937400         16.590800         0.000100          144.973000        31.937500        
1717840147        47.821800         39.013100         31.937400         16.593300         0.000100          144.970000        31.937500        
1717840157        47.821800         39.013100         31.937400         16.593500         0.000100          144.969000        31.937500        
1717840167        47.821800         39.013100         31.937400         16.593700         0.000100          144.968000        31.937500        
1717840177        47.821800         39.013100         31.937400         16.593900         0.000100          144.967000        31.937500        
1717840188        47.821800         39.013100         31.937400         16.593900         0.000100          144.969000        31.937500        
1717840198        47.821800         39.013100         31.937400         16.593900         0.000100          144.969000        31.937500        
1717840208        47.821800         39.013100         31.937400         16.593900         0.000100          144.966000        31.937500        
1717840219        47.821800         39.013100         31.937400         16.593900         0.000100          144.966000        31.937500        
1717840229        47.821800         39.013100         31.937400         16.593900         0.000100          144.969000        31.937500        
1717840239        47.821800         39.013100         31.937400         16.594100         0.000100          144.968000        31.937500        
1717840249        47.821800         39.013100         31.937400         16.594300         0.000100          144.968000        31.937500        
1717840260        47.821800         39.013100         31.937400         16.594600         0.000100          144.967000        31.937500        
1717840271        47.821800         39.013100         31.937400         16.594800         0.000100          144.967000        31.937500        
1717840282        47.821800         39.013100         31.937400         16.594800         0.000100          144.966000        31.937500        
1717840292        47.821800         39.013100         31.937400         16.594800         0.000100          144.967000        31.937500        
1717840303        47.821800         39.013100         31.937400         16.594800         0.000100          144.967000        31.937500        
1717840313        47.821800         39.013100         31.937400         16.594800         0.000100          144.968000        31.937500        
1717840323        47.821800         39.013100         31.937400         16.594800         0.000100          144.969000        31.937500        
1717840333        47.821800         39.013100         31.937400         16.594800         0.000100          144.966000        31.937500        
1717840344        47.821800         39.013100         31.937400         16.596100         0.000100          144.964000        31.937500        
1717840354        47.821800         39.013100         31.937400         16.596100         0.000100          144.967000        31.937500        
1717840364        47.821800         39.013100         31.937400         16.596300         0.000100          144.967000        31.937500        
1717840374        47.821800         39.013100         31.937400         16.596500         0.000100          144.965000        31.937500        
1717840385        47.821800         39.013100         31.937400         16.596700         0.000100          144.966000        31.937500        
1717840395        47.821800         39.013100         31.937400         16.596800         0.000100          144.965000        31.937500        
1717840405        47.821800         39.013100         31.937400         16.596800         0.000100          144.966000        31.937500        
1717840416        47.821800         39.013100         31.937400         16.596800         0.000100          144.965000        31.937500        
1717840426        47.821800         39.013100         31.937400         16.596800         0.000100          144.963000        31.937500        
1717840436        47.821800         39.013100         31.937400         16.596800         0.000100          144.965000        31.937500        
1717840446        47.821800         39.013100         31.937400         16.596800         0.000100          144.965000        31.937500        
1717840457        47.821800         39.013100         31.937400         16.596900         0.000100          144.968000        31.937500        
1717840467        47.821800         39.013100         31.937400         16.597100         0.000100          144.966000        31.937500        
1717840477        47.821800         39.013100         31.937400         16.597400         0.000100          144.966000        31.937500        
1717840488        47.821800         39.013100         31.937400         16.597400         0.000100          144.966000        31.937500        
1717840498        47.821800         39.013100         31.937400         16.597400         0.000100          144.966000        31.937500        
1717840508        47.821800         39.013100         31.937400         16.597600         0.000100          144.966000        31.937500        
1717840518        47.821800         39.013100         31.937400         16.597700         0.000100          144.967000        31.937500        
1717840529        47.821800         39.013100         31.937400         16.597700         0.000100          144.966000        31.937500        
1717840539        47.821800         39.013100         31.937400         16.597700         0.000100          144.964000        31.937500        
1717840549        47.821800         39.013100         31.937400         16.597700         0.000100          144.963000        31.937500        
1717840560        47.821800         39.013100         31.937400         16.597800         0.000100          144.965000        31.937500        
1717840570        47.821800         39.013100         31.937400         16.598000         0.000100          144.964000        31.937500        
1717840580        47.821800         39.013100         31.937400         16.598300         0.000100          144.965000        31.937500        
1717840590        47.821800         39.013100         31.937400         16.598300         0.000100          144.963000        31.937500        
1717840601        47.821800         39.013100         31.937400         16.598300         0.000100          144.965000        31.937500        
1717840611        47.821800         39.013100         31.937400         16.598500         0.000100          144.961000        31.937500        
1717840621        47.821800         39.013100         31.937400         16.598700         0.000100          144.962000        31.937500        
1717840632        47.821800         39.013100         31.937400         16.598700         0.000100          144.965000        31.937500        
1717840642        47.821800         39.013100         31.937400         16.598900         0.000100          144.962000        31.937500        
1717840652        47.821800         39.013100         31.937400         16.598900         0.000100          144.966000        31.937500        
1717840662        47.821800         39.013100         31.937400         16.599000         0.000100          144.961000        31.937500        
1717840673        47.821800         39.069700         31.937400         16.642100         0.000100          144.921000        31.937500        
1717840683        47.821800         39.013100         31.937400         16.599500         0.000100          144.963000        31.937500        
1717840693        47.821800         39.013100         31.937400         16.599500         0.000100          144.965000        31.937500        
1717840704        47.821800         39.013100         31.937400         16.599500         0.000100          144.963000        31.937500        
1717840714        47.821800         39.020900         31.937400         16.607700         0.000100          144.957000        31.937500        
1717840724        47.821800         39.020900         31.937400         16.607900         0.000100          144.957000        31.937500        
1717840734        47.821800         39.020900         31.937400         16.607900         0.000100          144.958000        31.937500        
1717840745        47.821800         39.020900         31.937400         16.607900         0.000100          144.957000        31.937500        
1717840755        47.821800         39.077500         31.937400         16.652700         0.000100          144.912000        31.937500        
1717840765        47.821800         39.134300         31.937400         16.701700         0.000100          144.861000        31.937500        
1717840776        47.821800         39.142100         31.937400         16.711200         0.000100          144.854000        31.937500        
1717840786        47.821800         39.085500         31.937400         16.664400         0.000100          144.895000        31.937500        
1717840796        47.821800         39.028900         31.937400         16.615800         0.000100          144.943000        31.937500        
1717840806        47.821800         39.085500         31.937400         16.664600         0.000100          144.894000        31.937500        
1717840817        47.821800         39.028900         31.937400         16.615800         0.000100          144.941000        31.937500        
1717840827        47.821800         39.028900         31.937400         16.615800         0.000100          144.943000        31.937500        
1717840837        47.821800         39.028900         31.937400         16.615800         0.000100          144.944000        31.937500        
1717840848        47.821800         39.028900         31.937400         16.615900         0.000100          144.944000        31.937500        
1717840858        47.821800         39.101100         31.937400         16.665200         0.000100          144.896000        31.937500        
1717840868        47.821800         39.044500         31.937400         16.620500         0.000100          144.941000        31.937500        
1717840878        47.821800         39.036700         31.937400         16.624400         0.000100          144.936000        31.937500        
1717840889        47.821800         39.107000         31.937400         16.669400         0.000100          144.886000        31.937500        
1717840899        47.821800         39.052300         31.937400         16.626500         0.000100          144.935000        31.937500        
1717840909        47.821800         39.044500         31.937400         16.632300         0.000100          144.931000        31.937500        
1717840920        47.821800         39.099200         31.937400         16.677200         0.000100          144.884000        31.937500        
1717840930        47.821800         39.044500         31.937400         16.632300         0.000100          144.928000        31.937500        
1717840940        47.821800         39.099200         31.937400         16.679400         0.000100          144.882000        31.937500        
1717840950        47.821800         39.060100         31.937400         16.648200         0.000100          144.914000        31.937500        
1717840961        47.821800         39.103100         31.937400         16.676100         0.000100          144.884000        31.937500        
1717840971        47.821800         39.044600         31.937400         16.632900         0.000100          144.931000        31.937500        
1717840981        47.821800         39.041100         31.937400         16.630000         0.000100          144.930000        31.937500        
1717840992        47.821800         39.041100         31.937400         16.630200         0.000100          144.932000        31.937500        
1717841002        47.821800         39.041100         31.937400         16.630200         0.000100          144.931000        31.937500        
1717841012        47.821800         39.044700         31.937400         16.633800         0.000100          144.928000        31.937500        
1717841022        47.821800         39.036900         31.937400         16.626000         0.000100          144.940000        31.937500        
1717841033        47.821800         39.095900         31.937400         16.670700         0.000100          144.893000        31.937500        
1717841043        47.821800         39.041200         31.937400         16.631900         0.000100          144.935000        31.937500        
1717841053        47.821800         39.044900         31.937400         16.635700         0.000100          144.928000        31.937500        
1717841063        47.821800         39.044900         31.937400         16.635900         0.000100          144.928000        31.937500        
1717841074        47.821800         39.115200         31.937400         16.692500         0.000100          144.871000        31.937500        
1717841084        47.821800         39.044900         31.937400         16.636000         0.000100          144.928000        31.937500        
1717841094        47.821800         39.044900         31.937400         16.636200         0.000100          144.928000        31.937500        
1717841105        47.821800         39.103400         31.937400         16.685400         0.000100          144.878000        31.937500        
1717841115        47.821800         39.078100         31.937400         16.653900         0.000100          144.910000        31.937500        
1717841125        47.821800         39.095600         31.937400         16.677700         0.000100          144.886000        31.937500        
1717841135        47.821800         39.091700         31.937400         16.671700         0.000100          144.891000        31.937500        
1717841146        47.821800         39.115200         31.937400         16.697000         0.000100          144.866000        31.937500        
1717841156        47.821800         39.119100         31.937400         16.703500         0.000100          144.859000        31.937500        
1717841166        47.821800         39.052700         31.937400         16.647000         0.000100          144.916000        31.937500        
1717841177        47.821800         39.103400         31.937400         16.692100         0.000100          144.870000        31.937500        
1717841187        47.821800         39.044900         31.937400         16.639300         0.000100          144.925000        31.937500        
1717841197        47.821800         39.044900         31.937400         16.639100         0.000100          144.926000        31.937500        
1717841207        47.821800         39.044900         31.937400         16.639300         0.000100          144.927000        31.937500        
1717841218        47.821800         39.103400         31.937400         16.688300         0.000100          144.874000        31.937500        
1717841228        47.821800         39.119100         31.937400         16.705900         0.000100          144.858000        31.937500        
1717841238        47.821800         39.095600         31.937400         16.676700         0.000100          144.885000        31.937500        
1717841249        47.821800         39.162000         31.937400         16.740000         0.000100          144.825000        31.937500        
1717841259        47.821800         39.060500         31.937400         16.655000         0.000100          144.909000        31.937500        
1717841269        47.821800         39.044900         31.937400         16.639300         0.000100          144.925000        31.937500        
1717841279        47.821800         39.095600         31.937400         16.683000         0.000100          144.879000        31.937500        
1717841290        47.821800         39.060500         31.937400         16.655700         0.000100          144.908000        31.937500        
1717841300        47.821800         39.103400         31.937400         16.690900         0.000100          144.874000        31.937500        
1717841310        47.821800         39.037000         31.937400         16.632500         0.000100          144.932000        31.937500        
1717841321        47.821800         39.041300         31.937400         16.636500         0.000100          144.931000        31.937500        
1717841331        47.821800         39.041300         31.937400         16.636700         0.000100          144.930000        31.937500        
1717841341        47.821800         39.041300         31.937400         16.636700         0.000100          144.927000        31.937500        
1717841351        47.821800         39.150300         31.937400         16.732100         0.000100          144.827000        31.937500        
1717841362        47.821800         37.546400         31.937400         15.864200         0.000100          145.673000        31.937500        
1717841372        47.821800         39.111200         31.937400         16.670000         0.000100          144.932000        31.937500        
1717841382        47.821800         39.107300         31.937400         16.674000         0.000100          144.870000        31.937500        
1717841393        47.821800         39.244000         31.937400         16.800800         0.000100          144.746000        31.937500        
1717841403        47.821800         39.064700         31.937400         16.633100         0.000100          144.908000        31.937500        
1717841413        47.821800         39.134600         31.937400         16.703700         0.000100          144.838000        31.937500        
1717841423        47.821800         37.772300         31.937400         15.983800         0.000100          145.530000        31.937500        
1717841434        47.821800         37.733200         31.937400         15.956300         0.000100          145.556000        31.937500        
1717841444        47.821800         39.181200         31.937400         16.669200         0.000100          144.842000        31.937500        
1717841454        47.821800         39.196800         31.937400         16.685100         0.000100          144.827000        31.937500        
1717841465        47.821800         39.251500         31.937400         16.726500         0.000100          144.784000        31.937500        
1717841475        47.821800         39.368700         31.937400         16.837600         0.000100          144.676000        31.937500        
1717841485        47.821800         39.453900         31.937400         16.878600         0.000100          144.636000        31.937500        
1717841496        47.821800         39.573900         31.937400         16.975200         0.000100          144.535000        31.937500        
1717841506        47.821800         39.573900         31.937400         16.977100         0.000100          144.534000        31.937500        
1717841516        47.821800         39.519200         31.937400         16.928400         0.000100          144.581000        31.937500        
1717841526        47.821800         39.519200         31.937400         16.928700         0.000100          144.581000        31.937500        
1717841537        47.821800         39.519200         31.937400         16.928900         0.000100          144.582000        31.937500        
1717841547        47.821800         39.558800         31.937400         16.968800         0.000100          144.543000        31.937500        
1717841557        47.821800         39.676600         31.937400         17.082700         0.000100          144.427000        31.937500        
1717841567        47.821800         39.621900         31.937400         17.031900         0.000100          144.478000        31.937500        
1717841578        47.821800         39.621900         31.937400         17.031900         0.000100          144.479000        31.937500        
1717841588        47.821800         38.052100         31.937400         16.188400         0.000100          145.293000        31.937500        
1717841598        47.821800         37.766900         31.937400         15.884200         0.000100          145.564000        31.937500        
1717841609        47.821800         39.490800         31.937400         16.864800         0.000100          144.583000        31.937500        
1717841619        47.821800         39.569000         31.937400         16.943200         0.000100          144.502000        31.937500        
1717841629        47.821800         39.584700         31.937400         16.959300         0.000100          144.486000        31.937500        
1717841640        47.821800         39.647200         31.937400         17.022000         0.000100          144.421000        31.937500        
1717841650        47.821800         39.787900         31.937400         17.084900         0.000100          144.361000        31.937500        
1717841660        47.821800         39.959900         31.937400         17.179100         0.000100          144.266000        31.937500        
1717841671        47.821800         39.959900         31.937400         17.179300         0.000100          144.237000        31.937500        
1717841681        47.821800         39.982600         31.937400         17.203400         0.000100          144.244000        31.937500        
1717841692        47.821800         40.015400         31.937400         17.234900         0.000100          144.212000        31.937500        
1717841702        47.821800         40.019700         31.937400         17.238800         0.000100          144.210000        31.937500        
1717841712        47.821800         40.179800         31.937400         17.397600         0.000100          144.049000        31.937500        
1717841722        47.821800         40.215100         31.937400         17.431900         0.000100          144.016000        31.937500        
1717841733        47.821800         40.215100         31.937400         17.432200         0.000100          144.015000        31.937500        
1717841743        47.821800         40.240800         31.937400         17.458100         0.000100          143.992000        31.937500        
1717841753        47.821800         40.274000         31.937400         17.491000         0.000100          143.958000        31.937500        
1717841764        47.821800         40.274000         31.937400         17.491300         0.000100          143.958000        31.937500        
1717841774        47.821800         40.274000         31.937400         17.491700         0.000100          143.957000        31.937500        
1717841785        47.821800         40.274000         31.937400         17.491800         0.000100          143.957000        31.937500        
1717841795        47.821800         40.274000         31.937400         17.491800         0.000100          143.958000        31.937500        
1717841805        47.821800         40.274000         31.937400         17.491800         0.000100          143.957000        31.937500        
1717841816        47.821800         40.274000         31.937400         17.491800         0.000100          143.958000        31.937500        
1717841826        47.821800         40.274000         31.937400         17.492000         0.000100          143.956000        31.937500        
1717841836        47.821800         40.430300         31.937400         17.648500         0.000100          143.797000        31.937500        
1717841846        47.821800         40.430500         31.937400         17.648900         0.000100          143.798000        31.937500        
1717841857        47.821800         40.430500         31.937400         17.649200         0.000100          143.798000        31.937500        
1717841867        47.821800         40.430500         31.937400         17.649200         0.000100          143.802000        31.937500        
1717841877        47.821800         40.430500         31.937400         17.649200         0.000100          143.800000        31.937500        
1717841888        47.821800         40.429100         31.937400         17.649400         0.000100          143.799000        31.937500        
1717841898        47.821800         40.573900         31.937400         17.795600         0.000100          143.653000        31.937500        
1717841908        47.821800         40.765300         31.937400         17.985400         0.000100          143.464000        31.937500        
1717841918        47.821800         40.769200         31.937400         17.988100         0.000100          143.462000        31.937500        
1717841929        47.821800         40.769200         31.937400         17.989900         0.000100          143.458000        31.937500        
1717841939        47.821800         40.769200         31.937400         17.990200         0.000100          143.459000        31.937500        
1717841949        47.821800         40.769200         31.937400         17.990400         0.000100          143.458000        31.937500        
1717841960        47.821800         40.769200         31.937400         17.990500         0.000100          143.458000        31.937500        
1717841970        47.821800         40.769200         31.937400         17.990700         0.000100          143.460000        31.937500        
1717841980        47.821800         40.769200         31.937400         17.990800         0.000100          143.462000        31.937500        
1717841990        47.821800         40.769200         31.937400         17.990800         0.000100          143.459000        31.937500        
1717842001        47.821800         40.769200         31.937400         17.990900         0.000100          143.460000        31.937500        
1717842011        47.821800         40.769200         31.937400         17.990900         0.000100          143.460000        31.937500        
1717842021        47.821800         40.769200         31.937400         17.990900         0.000100          143.458000        31.937500        
1717842031        47.821800         40.769200         31.937400         17.990900         0.000100          143.459000        31.937500        
1717842042        47.821800         40.831800         31.937400         18.053500         0.000100          143.396000        31.937500        
1717842052        47.821800         40.956800         31.937400         18.178500         0.000100          143.272000        31.937500        
1717842062        47.821800         41.050600         31.937400         18.272300         0.000100          143.179000        31.937500        
1717842073        47.821800         41.050600         31.937400         18.272300         0.000100          143.176000        31.937500        
1717842083        47.821800         41.050600         31.937400         18.272300         0.000100          143.177000        31.937500        
1717842093        47.821800         41.050600         31.937400         18.272300         0.000100          143.179000        31.937500        
1717842103        47.821800         41.050600         31.937400         18.272300         0.000100          143.180000        31.937500        
1717842114        47.821800         41.050600         31.937400         18.272400         0.000100          143.176000        31.937500        
1717842124        47.821800         41.050600         31.937400         18.272600         0.000100          143.177000        31.937500        
1717842134        47.821800         41.050600         31.937400         18.272900         0.000100          143.175000        31.937500        
1717842145        47.821800         41.050600         31.937400         18.273000         0.000100          143.175000        31.937500        
1717842155        47.821800         41.050600         31.937400         18.273100         0.000100          143.175000        31.937500        
1717842165        47.821800         41.050600         31.937400         18.273100         0.000100          143.176000        31.937500        
1717842175        47.821800         41.050600         31.937400         18.273100         0.000100          143.174000        31.937500        
1717842186        47.821800         41.050600         31.937400         18.273100         0.000100          143.178000        31.937500        
1717842196        47.821800         41.050600         31.937400         18.273100         0.000100          143.176000        31.937500        
1717842206        47.821800         41.050600         31.937400         18.273300         0.000100          143.175000        31.937500        
1717842217        47.821800         41.050600         31.937400         18.273600         0.000100          143.174000        31.937500        
1717842227        47.821800         41.050600         31.937400         18.273700         0.000100          143.178000        31.937500        
1717842237        47.821800         41.050600         31.937400         18.273700         0.000100          143.176000        31.937500        
1717842247        47.821800         41.050600         31.937400         18.273700         0.000100          143.175000        31.937500        
1717842258        47.821800         41.050600         31.937400         18.273700         0.000100          143.174000        31.937500        
1717842268        47.821800         41.050600         31.937400         18.273700         0.000100          143.238000        31.937500        
1717842278        47.821800         41.050600         31.937400         18.273700         0.000100          143.269000        31.937500        
1717842289        47.821800         41.050600         31.937400         18.273700         0.000100          143.270000        31.937500        
1717842299        47.821800         41.050600         31.937400         18.273700         0.000100          143.269000        31.937500        
1717842309        47.821800         41.050600         31.937400         18.273800         0.000100          143.268000        31.937500        
1717842320        47.821800         41.050600         31.937400         18.274000         0.000100          143.268000        31.937500        
1717842330        47.821800         41.050600         31.937400         18.274300         0.000100          143.269000        31.937500        
1717842340        47.821800         41.050600         31.937400         18.274500         0.000100          143.269000        31.937500        
1717842350        47.821800         41.050600         31.937400         18.274700         0.000100          143.267000        31.937500        
1717842361        47.821800         41.050600         31.937400         18.274700         0.000100          143.267000        31.937500        
1717842371        47.821800         40.988000         31.937400         18.212200         0.000100          143.330000        31.937500        
1717842381        47.821800         40.925500         31.937400         18.114600         0.000100          143.424000        31.937500        
1717842392        47.821800         40.925500         31.937400         18.149800         0.000100          143.392000        31.937500        
1717842402        47.821800         40.988100         31.937400         18.212300         0.000100          143.329000        31.937500        
1717842412        47.821800         40.988100         31.937400         18.212600         0.000100          143.329000        31.937500        
1717842422        47.821800         40.988100         31.937400         18.244100         0.000100          143.298000        31.937500        
1717842433        47.821800         40.988100         31.937400         18.337900         0.000100          143.206000        31.937500        
1717842443        47.821800         40.988100         31.937400         18.337900         0.000100          143.209000        31.937500        
1717842453        47.821800         40.988100         31.937400         18.337800         0.000100          143.206000        31.937500        
1717842464        47.821800         40.988100         31.937400         18.337800         0.000100          143.206000        31.937500        
1717842474        47.821800         40.988100         31.937400         18.337800         0.000100          143.206000        31.937500        
1717842484        47.821800         41.050600         31.937400         18.402100         0.000100          143.143000        31.937500        
1717842494        47.821800         41.113100         31.937400         18.464600         0.000100          143.079000        31.937500        
1717842505        47.821800         41.113100         31.937400         18.464800         0.000100          143.107000        31.937500        
1717842515        47.821800         41.113100         31.937400         18.465100         0.000100          143.108000        31.937500        
1717842525        47.821800         41.113100         31.937400         18.465100         0.000100          143.109000        31.937500        
1717842536        47.821800         41.113100         31.937400         18.465100         0.000100          143.109000        31.937500        
1717842546        47.821800         41.113100         31.937400         18.465100         0.000100          143.107000        31.937500        
1717842556        47.821800         41.113100         31.937400         18.465100         0.000100          143.108000        31.937500        
1717842566        47.821800         41.113100         31.937400         18.465100         0.000100          143.107000        31.937500        
1717842577        47.821800         41.113100         31.937400         18.465100         0.000100          143.110000        31.937500        
1717842587        47.821800         41.050600         31.937400         18.402600         0.000100          143.170000        31.937500        
1717842597        47.821800         41.050600         31.937400         18.402900         0.000100          143.171000        31.937500        
1717842608        47.821800         41.050600         31.937400         18.403100         0.000100          143.170000        31.937500        
1717842618        47.821800         41.050600         31.937400         18.465800         0.000100          143.108000        31.937500        
1717842628        47.821800         41.050600         31.937400         18.465800         0.000100          143.108000        31.937500        
1717842639        47.821800         41.050600         31.937400         18.465800         0.000100          143.106000        31.937500        
1717842649        47.821800         41.050600         31.937400         18.465800         0.000100          143.108000        31.937500        
1717842659        47.821800         41.050600         31.937400         18.466000         0.000100          143.107000        31.937500        
1717842670        47.821800         40.988100         31.937400         18.403700         0.000100          143.165000        31.937500        
1717842680        47.821800         40.988100         31.937400         18.403800         0.000100          143.167000        31.937500        
1717842690        47.821800         41.019300         31.937400         18.466400         0.000100          143.105000        31.937500        
1717842701        47.821800         41.113100         31.937400         18.560100         0.000100          143.010000        31.937500        
1717842711        47.821800         41.113100         31.937400         18.591400         0.000100          142.978000        31.937500        
1717842721        47.821800         41.113100         31.937400         18.591400         0.000100          142.978000        31.937500        
1717842732        47.821800         41.113100         31.937400         18.591400         0.000100          142.976000        31.937500        
1717842742        47.821800         41.113100         31.937400         18.591400         0.000100          142.977000        31.937500        
1717842752        47.821800         41.113100         31.937400         18.592500         0.000100          142.975000        31.937500        
1717842762        47.821800         41.175600         31.937400         18.655100         0.000100          142.913000        31.937500        
1717842773        47.821800         41.175600         31.937400         18.655300         0.000100          142.913000        31.937500        
1717842783        47.821800         41.175600         31.937400         18.655600         0.000100          142.912000        31.937500        
1717842793        47.821800         41.175600         31.937400         18.655900         0.000100          142.911000        31.937500        
1717842804        47.821800         41.175600         31.937400         18.656000         0.000100          142.912000        31.937500        
1717842814        47.821800         41.175600         31.937400         18.656000         0.000100          142.913000        31.937500        
1717842824        47.821800         41.175600         31.937400         18.656000         0.000100          142.912000        31.937500        
1717842834        47.821800         41.175600         31.937400         18.656000         0.000100          142.913000        31.937500        
1717842845        47.821800         41.175600         31.937400         18.656000         0.000100          142.913000        31.937500        
1717842855        47.821800         41.175600         31.937400         18.656000         0.000100          142.913000        31.937500        
1717842865        47.821800         41.175600         31.937400         18.656000         0.000100          142.911000        31.937500        
1717842876        47.821800         41.175600         31.937400         18.656000         0.000100          142.912000        31.937500        
1717842886        47.821800         41.175600         31.937400         18.656000         0.000100          142.911000        31.937500        
1717842896        47.821800         41.175600         31.937400         18.656000         0.000100          142.912000        31.937500        
1717842906        47.821800         41.175600         31.937400         18.656200         0.000100          142.913000        31.937500        
1717842917        47.821800         41.175600         31.937400         18.656500         0.000100          142.911000        31.937500        
1717842927        47.821800         41.175600         31.937400         18.656600         0.000100          142.911000        31.937500        
1717842937        47.821800         41.175600         31.937400         18.656600         0.000100          142.910000        31.937500        
1717842948        47.821800         41.175600         31.937400         18.656700         0.000100          142.910000        31.937500        
1717842958        47.821800         41.175600         31.937400         18.656900         0.000100          142.909000        31.937500        
1717842968        47.821800         41.175600         31.937400         18.656900         0.000100          142.910000        31.937500        
1717842978        47.821800         41.175600         31.937400         18.656900         0.000100          142.914000        31.937500        
1717842989        47.821800         41.269300         31.937400         18.750800         0.000100          142.819000        31.937500        
1717842999        47.821800         41.269300         31.937400         18.751100         0.000100          142.819000        31.937500        
1717843009        47.821800         41.363100         31.937400         18.845100         0.000100          142.724000        31.937500        
1717843020        47.821800         41.363100         31.937400         18.845300         0.000100          142.722000        31.937500        
1717843030        47.821800         41.363100         31.937400         18.845500         0.000100          142.724000        31.937500        
1717843040        47.821800         41.363100         31.937400         18.845500         0.000100          142.724000        31.937500        
1717843050        47.821800         41.363100         31.937400         18.845500         0.000100          142.723000        31.937500        
1717843061        47.821800         41.363100         31.937400         18.845500         0.000100          142.724000        31.937500        
1717843071        47.821800         41.363100         31.937400         18.845500         0.000100          142.723000        31.937500        
1717843081        47.821800         41.363100         31.937400         18.845500         0.000100          142.723000        31.937500        
1717843092        47.821800         41.363100         31.937400         18.845500         0.000100          142.723000        31.937500        
1717843102        47.821800         41.363100         31.937400         18.845500         0.000100          142.722000        31.937500        
1717843112        47.821800         41.363100         31.937400         18.845500         0.000100          142.723000        31.937500        
1717843122        47.821800         41.363100         31.937400         18.845500         0.000100          142.723000        31.937500        
1717843133        47.821800         41.363100         31.937400         18.845500         0.000100          142.723000        31.937500        
1717843143        47.821800         41.363100         31.937400         18.845600         0.000100          142.723000        31.937500        
1717843153        47.821800         41.456900         31.937400         18.939300         0.000100          142.629000        31.937500        
1717843164        47.821800         41.456900         31.937400         18.939300         0.000100          142.629000        31.937500        
1717843174        47.821800         41.456900         31.937400         18.939300         0.000100          142.629000        31.937500        
1717843184        47.821800         41.456900         31.937400         18.939400         0.000100          142.630000        31.937500        
1717843194        47.821800         41.550600         31.937400         19.033400         0.000100          142.539000        31.937500        
1717843205        47.821800         41.550600         31.937400         19.033700         0.000100          142.532000        31.937500        
1717843215        47.821800         41.644400         31.937400         19.127700         0.000100          142.442000        31.937500        
1717843225        47.821800         41.738200         31.937400         19.221800         0.000100          142.348000        31.937500        
1717843236        47.821800         41.706900         31.937400         19.135900         0.000100          142.473000        31.937500        
1717843246        47.821800         41.613100         31.937400         19.096800         0.000100          142.443000        31.937500        
1717843256        47.821800         39.316800         31.937400         17.326400         0.000100          144.245000        31.937500        
1717843266        47.821800         39.410600         31.937400         17.459400         0.000100          144.111000        31.937500        
1717843277        47.821800         39.536600         31.937400         17.546700         0.000100          144.023000        31.937500        
1717843287        47.821800         39.402500         31.937400         17.446100         0.000100          144.095000        31.937500        
1717843297        47.821800         37.873000         31.937400         16.500000         0.000100          145.048000        31.937500        
1717843308        47.821800         37.114600         31.937400         15.805700         0.000100          145.762000        31.937500        
1717843318        47.821800         37.114700         31.937400         15.766700         0.000100          145.801000        31.937500        
1717843328        47.821800         36.929000         31.937400         15.691700         0.000100          145.882000        31.937500        
1717843339        47.821800         37.914600         31.937400         16.661700         0.000100          144.894000        31.937500        
1717843349        47.821800         37.336300         31.937400         15.991800         0.000100          145.528000        31.937500        
1717843359        47.821800         37.273800         31.937400         16.044700         0.000100          145.519000        31.937500        
1717843369        47.821800         37.273800         31.937400         16.044000         0.000100          145.519000        31.937500        
1717843380        47.821800         37.336300         31.937400         16.106500         0.000100          145.428000        31.937500        
1717843390        47.821800         37.367500         31.937400         16.138400         0.000100          145.425000        31.937500        
1717843400        47.821800         37.586300         31.937400         16.357300         0.000100          145.206000        31.937500        
1717843411        47.821800         37.773800         31.937400         16.482300         0.000100          145.080000        31.937500        
1717843421        47.821800         37.483400         31.937400         16.266200         0.000100          145.290000        31.937500        
1717843431        47.821800         37.420800         31.937400         16.203900         0.000100          145.353000        31.937500        
1717843441        47.821800         37.483400         31.937400         16.266400         0.000100          145.291000        31.937500        
1717843452        47.821800         37.218900         31.937400         15.984000         0.000100          145.567000        31.937500        
1717843462        47.821800         36.819600         31.937400         15.594900         0.000100          145.956000        31.937500        
1717843472        47.821800         37.163300         31.937400         15.939100         0.000100          145.611000        31.937500        
1717843483        47.821800         37.197500         31.937400         15.983200         0.000100          145.569000        31.937500        
1717843493        47.821800         36.854400         31.937400         15.624500         0.000100          145.925000        31.937500        
1717843503        47.821800         34.532700         31.937400         13.830000         0.000100          147.720000        31.937500        
1717843513        47.821800         34.724400         31.937400         13.938300         0.000100          147.611000        31.937500        
1717843524        47.821800         34.868200         31.937400         14.207200         0.000100          147.336000        31.937500        
1717843534        47.821800         34.669500         31.937400         14.089000         0.000100          147.461000        31.937500        
1717843544        47.821800         34.469500         31.937400         14.638200         0.000100          146.870000        31.937500        
1717843555        47.821800         35.425900         31.937400         14.843800         0.000100          146.690000        31.937500        
1717843565        47.821800         35.589200         31.937400         14.911900         0.000100          146.616000        31.937500        
1717843575        47.821800         34.981100         31.937400         14.404700         0.000100          147.136000        31.937500        
1717843585        47.821800         35.043600         31.937400         14.475300         0.000100          147.067000        31.937500        
1717843596        47.821800         34.720000         31.937400         14.159400         0.000100          147.379000        31.937500        
1717843606        47.821800         34.577500         31.937400         14.751800         0.000100          146.778000        31.937500        
1717843616        47.821800         36.987000         31.937400         15.204800         0.000100          146.316000        31.937500        
1717843626        47.821800         36.449800         31.937400         14.606700         0.000100          146.931000        31.937500        
1717843637        47.821800         36.390500         31.937400         14.607100         0.000100          146.912000        31.937500        
1717843647        47.821800         36.516400         31.937400         14.736000         0.000100          146.793000        31.937500        
1717843657        47.821800         35.515500         31.937400         14.507900         0.000100          147.021000        31.937500        
1717843668        47.821800         37.313700         31.937400         14.766500         0.000100          146.740000        31.937500        
1717843678        47.821800         38.081100         31.937400         15.298900         0.000100          146.205000        31.937500        
1717843688        47.821800         38.522100         31.937400         15.959600         0.000100          145.526000        31.937500        
1717843699        47.821800         38.747600         31.937400         16.194200         0.000100          145.284000        31.937500        
1717843709        47.821800         38.469100         31.937400         15.900800         0.000100          145.593000        31.937500        
1717843719        47.821800         38.447800         31.937400         15.881500         0.000100          145.611000        31.937500        
1717843729        47.821800         38.464700         31.937400         15.893200         0.000100          145.610000        31.937500        
1717843740        47.821800         36.156800         31.937400         14.124800         0.000100          147.369000        31.937500        
1717843750        47.821800         36.955500         31.937400         15.399100         0.000100          146.084000        31.937500        
1717843760        47.821800         37.036300         31.937400         15.495200         0.000100          145.987000        31.937500        
1717843771        47.821800         37.014200         31.937400         15.477500         0.000100          146.007000        31.937500        
1717843781        47.821800         37.435800         31.937400         15.845500         0.000100          145.629000        31.937500        
1717843791        47.821800         37.863600         31.937400         16.345800         0.000100          145.124000        31.937500        
1717843802        47.821800         37.034700         31.937400         15.563100         0.000100          145.910000        31.937500        
1717843812        47.821800         36.845900         31.937400         15.342000         0.000100          146.099000        31.937500        
1717843822        47.821800         37.256500         31.937400         15.724800         0.000100          145.723000        31.937500        
1717843833        47.821800         36.889900         31.937400         15.349100         0.000100          146.106000        31.937500        
1717843843        47.821800         36.616600         31.937400         15.119100         0.000100          146.327000        31.937500        
1717843853        47.821800         37.325200         31.937400         15.639100         0.000100          145.738000        31.937500        
1717843864        47.821800         36.946600         31.937400         16.047400         0.000100          145.386000        31.937500        
1717843874        47.821800         39.736700         31.937400         15.672200         0.000100          145.755000        31.937500        
1717843884        47.821800         38.064200         31.937400         15.201900         0.000100          146.144000        31.937500        
1717843895        47.821800         38.343700         31.937400         15.430200         0.000100          145.870000        31.937500        
1717843905        47.821800         38.685800         31.937400         15.760300         0.000100          145.647000        31.937500        
1717843915        47.821800         38.706900         31.937400         15.746600         0.000100          145.633000        31.937500        
1717843926        47.821800         39.156100         31.937400         16.116600         0.000100          145.428000        31.937500        
1717843937        47.821800         39.504400         31.937400         16.240800         0.000100          145.125000        31.937500        
1717843947        47.821800         40.212500         31.937400         16.995300         0.000100          144.386000        31.937500        
1717843957        47.821800         41.006700         31.937400         18.222400         0.000100          143.138000        31.937500        
1717843967        47.821800         41.248300         31.937400         18.477900         0.000100          142.877000        31.937500        
1717843978        47.821800         40.712200         31.937400         17.881300         0.000100          143.440000        31.937500        
1717843988        47.821800         40.875700         31.937400         18.103600         0.000100          143.252000        31.937500        
1717843998        47.821800         40.039400         31.937400         17.259500         0.000100          144.081000        31.937500        
1717844009        47.821800         40.084300         31.937400         17.305200         0.000100          144.032000        31.937500        
1717844019        47.821800         40.724500         31.937400         17.887000         0.000100          143.431000        31.937500        
1717844029        47.821800         40.616900         31.937400         17.803900         0.000100          143.513000        31.937500        
1717844040        47.821800         39.563300         31.937400         16.624000         0.000100          144.681000        31.937500        
1717844050        47.821800         39.700100         31.937400         16.734300         0.000100          144.557000        31.937500        
1717844060        47.821800         40.972300         31.937400         17.817900         0.000100          143.469000        31.937500        
1717844070        47.821800         41.946600         31.937400         18.578200         0.000100          142.641000        31.937500        
1717844081        47.821800         40.943000         31.937400         18.545600         0.000100          142.626000        31.937500        
1717844091        47.821800         41.803400         31.937400         18.666000         0.000100          142.597000        31.937500        
1717844101        47.821800         42.348300         31.937400         19.255300         0.000100          142.008000        31.937500        
1717844112        47.821800         42.756500         31.937400         19.684300         0.000100          141.579000        31.937500        
1717844122        47.821800         41.377500         31.937400         18.502000         0.000100          142.756000        31.937500        
1717844132        47.821800         39.051100         31.937400         16.851500         0.000100          144.400000        31.937500        
1717844142        47.821800         41.013900         31.937400         17.302900         0.000100          143.942000        31.937500        
1717844153        47.821800         41.813300         31.937400         17.423400         0.000100          143.816000        31.937500        
1717844163        47.821800         41.594300         31.937400         17.433900         0.000100          143.772000        31.937500        
1717844173        47.821800         41.906000         31.937400         17.522100         0.000100          143.670000        31.937500        
1717844184        47.821800         41.828900         31.937400         17.683300         0.000100          143.560000        31.937500        
1717844194        47.821800         41.977200         31.937400         17.852700         0.000100          143.430000        31.937500        
1717844204        47.821800         42.195200         31.937400         17.812300         0.000100          143.425000        31.937500        
1717844214        47.821800         42.339300         31.937400         17.985100         0.000100          143.292000        31.937500        
1717844225        47.821800         42.049200         31.937400         18.116400         0.000100          143.140000        31.937500        
1717844235        47.821800         43.656300         31.937400         19.496900         0.000100          141.761000        31.937500        
1717844245        47.821800         43.782200         31.937400         19.624100         0.000100          141.691000        31.937500        
1717844256        47.821800         43.896600         31.937400         19.729700         0.000100          141.606000        31.937500        
1717844266        47.821800         42.160500         31.937400         18.187200         0.000100          143.150000        31.937500        
1717844276        47.821800         40.326200         31.937400         16.506600         0.000100          144.755000        31.937500        
1717844287        47.821800         40.410500         31.937400         16.619000         0.000100          144.677000        31.937500        
1717844297        47.821800         40.600500         31.937400         16.565000         0.000100          144.719000        31.937500        
1717844307        47.821800         40.532700         31.937400         16.477800         0.000100          144.790000        31.937500        
1717844318        47.821800         40.520600         31.937400         16.473100         0.000100          144.760000        31.937500        
1717844328        47.821800         40.368300         31.937400         16.560300         0.000100          144.734000        31.937500        
1717844338        47.821800         39.669400         31.937400         15.901600         0.000100          145.330000        31.937500        
1717844348        47.821800         39.174600         31.937400         15.427200         0.000100          145.783000        31.937500        
1717844359        47.821800         39.570300         31.937400         15.545100         0.000100          145.715000        31.937500        
1717844369        47.821800         38.386000         31.937400         14.267100         0.000100          146.968000        31.937500        
1717844379        47.821800         38.420200         31.937400         14.308700         0.000100          146.935000        31.937500        
1717844390        47.821800         38.677600         31.937400         14.585300         0.000100          146.622000        31.937500        
1717844400        47.821800         38.692700         31.937400         14.155000         0.000100          147.087000        31.937500        
1717844410        47.821800         36.560600         31.937400         13.797100         0.000100          147.286000        31.937500        
1717844421        47.821800         39.605800         31.937400         15.187400         0.000100          146.019000        31.937500        
1717844431        47.821800         40.395800         31.937400         16.004200         0.000100          145.249000        31.937500        
1717844441        47.821800         40.510700         31.937400         16.127100         0.000100          145.146000        31.937500        
1717844452        47.821800         40.533600         31.937400         16.158100         0.000100          145.059000        31.937500        
1717844462        47.821800         40.745300         31.937400         16.110200         0.000100          145.113000        31.937500        
1717844472        47.821800         41.037300         31.937400         16.627800         0.000100          144.557000        31.937500        
1717844482        47.821800         41.084400         31.937400         16.475800         0.000100          144.644000        31.937500        
1717844493        47.821800         41.727400         31.937400         17.155600         0.000100          144.060000        31.937500        
1717844503        47.821800         41.881800         31.937400         17.277700         0.000100          143.911000        31.937500        
1717844513        47.821800         41.990000         31.937400         17.388300         0.000100          143.825000        31.937500        
1717844524        47.821800         42.096700         31.937400         17.496100         0.000100          143.723000        31.937500        
1717844534        47.821800         42.199000         31.937400         17.596300         0.000100          143.665000        31.937500        
1717844544        47.821800         42.241900         31.937400         17.644000         0.000100          143.589000        31.937500        
1717844555        47.821800         42.347000         31.937400         17.749200         0.000100          143.462000        31.937500        
1717844565        47.821800         42.647400         31.937400         18.269200         0.000100          142.912000        31.937500        
1717844575        47.821800         42.759200         31.937400         18.159100         0.000100          142.984000        31.937500        
1717844586        47.821800         43.318500         31.937400         18.763400         0.000100          142.417000        31.937500        
1717844596        47.821800         43.740400         31.937400         19.180600         0.000100          142.019000        31.937500        
1717844607        47.821800         43.843400         31.937400         19.293200         0.000100          141.927000        31.937500        
1717844617        47.821800         43.990500         31.937400         19.431400         0.000100          141.788000        31.937500        
1717844627        47.821800         44.050300         31.937400         19.487600         0.000100          141.745000        31.937500        
1717844637        47.821800         44.354800         31.937400         20.016300         0.000100          141.160000        31.937500        
1717844648        47.821800         44.582100         31.937400         20.081900         0.000100          141.013000        31.937500        
1717844658        47.821800         42.334800         31.937400         17.969600         0.000100          143.194000        31.937500        
1717844668        47.821800         42.696000         31.937400         18.369100         0.000100          142.699000        31.937500        
1717844679        47.821800         40.900000         31.937400         16.750200         0.000100          144.379000        31.937500        
1717844689        47.821800         41.010400         31.937400         16.867500         0.000100          144.270000        31.937500        
1717844699        47.821800         41.255700         31.937400         16.881300         0.000100          144.228000        31.937500        
1717844709        47.821800         40.291900         31.937400         16.867600         0.000100          144.240000        31.937500        
1717844720        47.821800         41.368700         31.937400         16.990000         0.000100          144.124000        31.937500        
1717844730        47.821800         40.326500         31.937400         16.905500         0.000100          144.165000        31.937500        
1717844740        47.821800         41.425400         31.937400         17.522900         0.000100          143.515000        31.937500        
1717844751        47.821800         41.655500         31.937400         17.786700         0.000100          143.076000        31.937500        
1717844761        47.821800         41.469200         31.937400         17.138400         0.000100          143.812000        31.937500        
1717844771        47.821800         42.614800         31.937400         18.365600         0.000100          142.637000        31.937500        
1717844782        47.821800         43.038400         31.937400         18.816000         0.000100          142.193000        31.937500        
1717844792        47.821800         43.231200         31.937400         18.743800         0.000100          142.270000        31.937500        
1717844802        47.821800         43.457500         31.937400         18.976600         0.000100          142.071000        31.937500        
1717844813        47.821800         42.295600         31.937400         17.796000         0.000100          143.194000        31.937500        
1717844823        47.821800         42.795100         31.937400         18.301000         0.000100          142.710000        31.937500        
1717844833        47.821800         42.862200         31.937400         18.360700         0.000100          142.685000        31.937500        
1717844844        47.821800         43.030000         31.937400         18.540800         0.000100          142.515000        31.937500        
1717844854        47.821800         43.074500         31.937400         18.573200         0.000100          142.494000        31.937500        
1717844864        47.821800         42.267600         31.937400         17.739200         0.000100          143.328000        31.937500        
1717844875        47.821800         42.343600         31.937400         17.816200         0.000100          143.189000        31.937500        
1717844885        47.821800         42.477700         31.937400         17.949000         0.000100          143.096000        31.937500        
1717844895        47.821800         42.445000         31.937400         18.124700         0.000100          142.853000        31.937500        
1717844906        47.821800         42.817500         31.937400         18.495900         0.000100          142.507000        31.937500        
1717844916        47.821800         42.911700         31.937400         18.589700         0.000100          142.393000        31.937500        
1717844926        47.821800         41.530800         31.937400         17.947800         0.000100          143.014000        31.937500        
1717844936        47.821800         41.708000         31.937400         18.100100         0.000100          142.888000        31.937500        
1717844947        47.821800         40.562000         31.937400         16.960800         0.000100          144.058000        31.937500        
1717844957        47.821800         39.746300         31.937400         16.130100         0.000100          144.848000        31.937500        
1717844967        47.821800         39.179200         31.937400         15.536100         0.000100          145.443000        31.937500        
1717844978        47.821800         39.287900         31.937400         15.643900         0.000100          145.356000        31.937500        
1717844988        47.821800         39.302800         31.937400         15.660500         0.000100          145.340000        31.937500        
1717844998        47.821800         39.142900         31.937400         15.705000         0.000100          145.415000        31.937500        
1717845008        47.821800         38.785400         31.937400         15.320300         0.000100          145.655000        31.937500        
1717845019        47.821800         38.752700         31.937400         15.286100         0.000100          145.662000        31.937500        
1717845029        47.821800         37.328900         31.937400         14.622700         0.000100          146.305000        31.937500        
1717845039        47.821800         37.688800         31.937400         15.195800         0.000100          145.770000        31.937500        
1717845050        47.821800         36.333000         31.937400         14.586100         0.000100          146.371000        31.937500        
1717845060        47.821800         37.678400         31.937400         15.199300         0.000100          145.705000        31.937500        
1717845070        47.821800         36.474500         31.937400         14.682600         0.000100          146.226000        31.937500        
1717845081        47.821800         37.725500         31.937400         15.564400         0.000100          145.382000        31.937500        
1717845091        47.821800         37.776500         31.937400         15.604700         0.000100          145.345000        31.937500        
1717845101        47.821800         37.726900         31.937400         15.560400         0.000100          145.369000        31.937500        
1717845111        47.821800         37.773100         31.937400         15.610100         0.000100          145.318000        31.937500        
1717845122        47.821800         37.786000         31.937400         15.828200         0.000100          145.051000        31.937500        
1717845132        47.821800         38.065700         31.937400         15.965900         0.000100          145.175000        31.937500        
1717845142        47.821800         38.122600         31.937400         15.962400         0.000100          144.981000        31.937500        
1717845153        47.821800         36.413100         31.937400         14.175700         0.000100          146.781000        31.937500        
1717845163        47.821800         36.375500         31.937400         14.138800         0.000100          146.783000        31.937500        
1717845173        47.821800         35.321700         31.937400         14.034200         0.000100          146.874000        31.937500        
1717845183        47.821800         37.330400         31.937400         15.744500         0.000100          145.866000        31.937500        
1717845194        47.821800         36.987200         31.937400         15.229400         0.000100          145.528000        31.937500        
1717845204        47.821800         36.711600         31.937400         15.687900         0.000100          145.075000        31.937500        
1717845214        47.821800         35.284100         31.937400         15.245600         0.000100          145.461000        31.937500        
1717845225        47.821800         36.491100         31.937400         15.809900         0.000100          144.849000        31.937500        
1717845235        47.821800         37.244200         31.937400         16.692200         0.000100          144.004000        31.937500        
1717845245        47.821800         38.450900         31.937400         17.850300         0.000100          142.879000        31.937500        
1717845255        47.821800         38.608200         31.937400         18.072600         0.000100          142.657000        31.937500        
1717845266        47.821800         38.667800         31.937400         18.132300         0.000100          142.601000        31.937500        
1717845276        47.821800         38.751100         31.937400         18.215600         0.000100          142.485000        31.937500        
1717845286        47.821800         38.833100         31.937400         18.297600         0.000100          142.432000        31.937500        
1717845297        47.821800         37.703700         31.937400         17.507400         0.000100          143.210000        31.937500        
1717845307        47.821800         39.831800         31.937400         18.254900         0.000100          142.513000        31.937500        
1717845317        47.821800         39.867700         31.937400         18.283600         0.000100          142.500000        31.937500        
1717845327        47.821800         40.084500         31.937400         18.442300         0.000100          142.313000        31.937500        
1717845338        47.821800         40.107500         31.937400         18.523500         0.000100          142.255000        31.937500        
1717845348        47.821800         40.182600         31.937400         18.598800         0.000100          142.179000        31.937500        
1717845359        47.821800         40.745900         31.937400         19.169700         0.000100          141.587000        31.937500        
1717845369        47.821800         40.817900         31.937400         19.246700         0.000100          141.537000        31.937500        
1717845379        47.821800         40.657800         31.937400         19.061900         0.000100          141.672000        31.937500        
1717845389        47.821800         40.439800         31.937400         18.808400         0.000100          141.866000        31.937500        
1717845400        47.821800         39.619200         31.937400         18.024700         0.000100          142.717000        31.937500        
1717845410        47.821800         38.532900         31.937400         17.613100         0.000100          142.992000        31.937500        
1717845420        47.821800         39.770000         31.937400         18.135700         0.000100          142.611000        31.937500        
1717845431        47.821800         40.134200         31.937400         18.489600         0.000100          142.276000        31.937500        
1717845441        47.821800         40.037700         31.937400         18.420300         0.000100          142.340000        31.937500        
1717845451        47.821800         39.990200         31.937400         18.372900         0.000100          142.302000        31.937500        
1717845461        47.821800         40.100400         31.937400         18.516700         0.000100          142.529000        31.937500        
1717845472        47.821800         37.860000         31.937400         16.913900         0.000100          143.673000        31.937500        
1717845482        47.821800         39.157300         31.937400         17.522100         0.000100          143.213000        31.937500        
1717845492        47.821800         36.735100         31.937400         15.797800         0.000100          144.808000        31.937500        
1717845502        47.821800         36.234700         31.937400         14.920800         0.000100          145.724000        31.937500        
1717845513        47.821800         36.881300         31.937400         15.573500         0.000100          145.014000        31.937500        
1717845523        47.821800         37.675300         31.937400         15.643700         0.000100          145.082000        31.937500        
1717845533        47.821800         36.702600         31.937400         15.392600         0.000100          145.316000        31.937500        
1717845544        47.821800         37.956300         31.937400         15.894500         0.000100          144.734000        31.937500        
1717845554        47.821800         38.152700         31.937400         16.137600         0.000100          144.488000        31.937500        
1717845564        47.821800         38.243100         31.937400         16.266800         0.000100          144.455000        31.937500        
1717845575        47.821800         38.871000         31.937400         16.929100         0.000100          143.781000        31.937500        
1717845585        47.821800         37.582700         31.937400         16.310300         0.000100          144.238000        31.937500        
1717845595        47.821800         38.651600         31.937400         16.591800         0.000100          144.032000        31.937500        
1717845605        47.821800         37.779700         31.937400         16.486800         0.000100          144.172000        31.937500        
1717845616        47.821800         39.149000         31.937400         17.182700         0.000100          143.519000        31.937500        
1717845626        47.821800         39.253300         31.937400         17.310400         0.000100          143.402000        31.937500        
1717845636        47.821800         38.963800         31.937400         16.977300         0.000100          143.750000        31.937500        
1717845647        47.821800         38.119000         31.937400         16.109000         0.000100          144.578000        31.937500        
1717845657        47.821800         38.329300         31.937400         16.345300         0.000100          144.363000        31.937500        
1717845667        47.821800         37.223700         31.937400         15.934400         0.000100          144.741000        31.937500        
1717845678        47.821800         38.224700         31.937400         16.251800         0.000100          144.823000        31.937500        
1717845688        47.821800         38.413600         31.937400         16.603100         0.000100          144.048000        31.937500        
1717845698        47.821800         37.371200         31.937400         16.300800         0.000100          144.257000        31.937500        
1717845708        47.821800         36.804000         31.937400         15.734100         0.000100          145.077000        31.937500        
1717845719        47.821800         35.306900         31.937400         14.177400         0.000100          146.611000        31.937500        
1717845729        47.821800         35.502500         31.937400         14.122400         0.000100          146.715000        31.937500        
1717845739        47.821800         33.521200         31.937400         13.636000         0.000100          146.976000        31.937500        
1717845750        47.821800         34.989100         31.937400         14.529100         0.000100          146.062000        31.937500        
1717845760        47.821800         34.912200         31.937400         14.479300         0.000100          146.108000        31.937500        
1717845770        47.821800         33.928200         31.937400         14.190500         0.000100          146.369000        31.937500        
1717845780        47.821800         33.818900         31.937400         14.339700         0.000100          146.218000        31.937500        
1717845791        47.821800         35.163000         31.937400         15.143700         0.000100          145.419000        31.937500        
1717845801        47.821800         35.263300         31.937400         15.282200         0.000100          145.296000        31.937500        
1717845811        47.821800         35.263300         31.937400         15.258800         0.000100          145.307000        31.937500        
1717845822        47.821800         34.261400         31.937400         14.247300         0.000100          146.321000        31.937500        
1717845832        47.821800         34.140200         31.937400         14.226300         0.000100          146.381000        31.937500        
1717845842        47.821800         34.140200         31.937400         14.218500         0.000100          146.386000        31.937500        
1717845852        47.821800         33.921200         31.937400         14.232700         0.000100          146.369000        31.937500        
1717845863        47.821800         34.422400         31.937400         14.723000         0.000100          145.854000        31.937500        
1717845873        47.821800         33.759600         31.937400         13.980500         0.000100          146.572000        31.937500        
1717845883        47.821800         33.390300         31.937400         14.173700         0.000100          146.357000        31.937500        
1717845894        47.821800         34.391700         31.937400         14.798000         0.000100          145.734000        31.937500        
1717845904        47.821800         34.540900         31.937400         15.022500         0.000100          145.510000        31.937500        
1717845914        47.821800         34.540900         31.937400         15.012800         0.000100          145.519000        31.937500        
1717845924        47.821800         33.358800         31.937400         14.818700         0.000100          145.703000        31.937500        
1717845935        47.821800         37.807600         31.937400         16.774900         0.000100          143.740000        31.937500        
1717845945        47.821800         37.312400         31.937400         16.152100         0.000100          144.361000        31.937500        
1717845955        47.821800         37.503300         31.937400         16.131600         0.000100          144.380000        31.937500        
1717845966        47.821800         37.253300         31.937400         16.116200         0.000100          144.396000        31.937500        
1717845976        47.821800         37.296700         31.937400         15.941200         0.000100          144.572000        31.937500        
1717845986        47.821800         37.356300         31.937400         16.051800         0.000100          144.465000        31.937500        
1717845996        47.821800         37.289300         31.937400         15.985700         0.000100          144.530000        31.937500        
1717846007        47.821800         37.296100         31.937400         16.058700         0.000100          144.455000        31.937500        
1717846017        47.821800         37.316100         31.937400         16.087200         0.000100          144.425000        31.937500        
1717846027        47.821800         37.273500         31.937400         16.087600         0.000100          144.423000        31.937500        
1717846038        47.821800         37.362500         31.937400         16.129900         0.000100          144.382000        31.937500        
1717846048        47.821800         37.389000         31.937400         16.142600         0.000100          144.369000        31.937500        
1717846058        47.821800         37.415600         31.937400         16.169100         0.000100          144.345000        31.937500        
1717846068        47.821800         37.310500         31.937400         16.179300         0.000100          144.337000        31.937500        
1717846079        47.821800         37.369000         31.937400         16.232200         0.000100          144.285000        31.937500        
1717846089        47.821800         37.388900         31.937400         16.265900         0.000100          144.248000        31.937500        
1717846099        47.821800         37.415500         31.937400         16.278700         0.000100          144.237000        31.937500        
1717846109        47.821800         37.407900         31.937400         16.222300         0.000100          144.291000        31.937500        
1717846120        47.821800         37.603100         31.937400         16.504700         0.000100          144.009000        31.937500        
1717846130        47.821800         37.935600         31.937400         16.510500         0.000100          144.004000        31.937500        
1717846140        47.821800         37.962200         31.937400         16.544800         0.000100          143.972000        31.937500        
1717846151        47.821800         37.988700         31.937400         16.557500         0.000100          143.958000        31.937500        
1717846161        47.821800         36.386300         31.937400         16.121600         0.000100          144.346000        31.937500        
1717846171        47.821800         41.959000         31.937400         17.989900         0.000100          142.523000        31.937500        
1717846181        47.821800         42.038200         31.937400         18.142800         0.000100          142.371000        31.937500        
1717846192        47.821800         42.058200         31.937400         18.160700         0.000100          142.356000        31.937500        
1717846202        47.821800         42.084700         31.937400         18.188500         0.000100          142.322000        31.937500        
1717846212        47.821800         42.111200         31.937400         18.212000         0.000100          142.304000        31.937500        
1717846222        47.821800         42.413700         31.937400         18.494500         0.000100          142.007000        31.937500        
1717846233        47.821800         42.438200         31.937400         18.520000         0.000100          141.981000        31.937500        
1717846243        47.821800         41.489100         31.937400         17.969700         0.000100          142.539000        31.937500        
1717846253        47.821800         43.656600         31.937400         18.717200         0.000100          141.803000        31.937500        
1717846264        47.821800         43.716900         31.937400         18.716400         0.000100          141.800000        31.937500        
1717846274        47.821800         43.750200         31.937400         18.811100         0.000100          141.719000        31.937500        
1717846284        47.821800         43.713500         31.937400         18.761600         0.000100          141.772000        31.937500        
1717846294        47.821800         43.545200         31.937400         18.567400         0.000100          141.966000        31.937500        
1717846305        47.821800         43.790500         31.937400         18.839900         0.000100          141.694000        31.937500        
1717846315        47.821800         41.941100         31.937400         18.432100         0.000100          142.069000        31.937500        
1717846325        47.821800         43.150600         31.937400         18.917000         0.000100          141.477000        31.937500        
1717846336        47.821800         43.010700         31.937400         18.733200         0.000100          141.666000        31.937500        
1717846346        47.821800         44.196800         31.937400         19.208000         0.000100          141.303000        31.937500        
1717846356        47.821800         44.640700         31.937400         19.702800         0.000100          140.810000        31.937500        
1717846366        47.821800         43.017100         31.937400         18.760000         0.000100          141.740000        31.937500        
1717846377        47.821800         43.107700         31.937400         18.817200         0.000100          141.679000        31.937500        
1717846387        47.821800         42.156500         31.937400         18.594900         0.000100          141.779000        31.937500        
1717846397        47.821800         43.357200         31.937400         18.998000         0.000100          141.466000        31.937500        
1717846408        47.821800         43.857900         31.937400         19.623200         0.000100          140.868000        31.937500        
1717846418        47.821800         43.631600         31.937400         19.367800         0.000100          141.147000        31.937500        
1717846428        47.821800         43.692700         31.937400         19.433700         0.000100          141.084000        31.937500        
1717846438        47.821800         43.846500         31.937400         19.628400         0.000100          140.911000        31.937500        
1717846449        47.821800         42.855400         31.937400         19.347100         0.000100          141.066000        31.937500        
1717846459        47.821800         42.592100         31.937400         19.063400         0.000100          141.443000        31.937500        
1717846469        47.821800         44.227700         31.937400         20.007900         0.000100          140.505000        31.937500        
1717846480        47.821800         42.971400         31.937400         19.462700         0.000100          140.927000        31.937500        
1717846490        47.821800         43.806900         31.937400         19.593200         0.000100          140.915000        31.937500        
1717846500        47.821800         41.965900         31.937400         19.116400         0.000100          141.392000        31.937500        
1717846510        47.821800         42.892200         31.937400         19.268500         0.000100          141.211000        31.937500        
1717846521        47.821800         43.228900         31.937400         19.651400         0.000100          140.852000        31.937500        
1717846531        47.821800         43.676500         31.937400         20.157000         0.000100          140.345000        31.937500        
1717846541        47.821800         43.708700         31.937400         20.189500         0.000100          140.307000        31.937500        
1717846551        47.821800         43.756000         31.937400         20.237100         0.000100          140.260000        31.937500        
1717846562        47.821800         43.789600         31.937400         20.270700         0.000100          140.225000        31.937500        
1717846572        47.821800         43.465200         31.937400         19.835000         0.000100          140.665000        31.937500        
1717846582        47.821800         43.897500         31.937400         20.374100         0.000100          140.126000        31.937500        
1717846593        47.821800         42.046300         31.937400         18.915800         0.000100          141.562000        31.937500        
1717846603        47.821800         43.680600         31.937400         19.845900         0.000100          140.653000        31.937500        
1717846613        47.821800         43.665600         31.937400         19.868000         0.000100          140.630000        31.937500        
1717846624        47.821800         43.719300         31.937400         19.962800         0.000100          140.536000        31.937500        
1717846634        47.821800         43.773300         31.937400         19.956000         0.000100          140.543000        31.937500        
1717846644        47.821800         43.744400         31.937400         20.007400         0.000100          140.515000        31.937500        
1717846654        47.821800         43.602500         31.937400         19.759300         0.000100          140.797000        31.937500        
1717846665        47.821800         43.845500         31.937400         20.106200         0.000100          140.418000        31.937500        
1717846675        47.821800         40.834900         31.937400         18.357000         0.000100          142.159000        31.937500        
1717846685        47.821800         40.806200         31.937400         18.357500         0.000100          142.157000        31.937500        
1717846695        47.821800         37.855400         31.937400         16.575600         0.000100          143.927000        31.937500        
1717846706        47.821800         40.178600         31.937400         18.169600         0.000100          142.301000        31.937500        
1717846716        47.821800         40.115800         31.937400         17.901500         0.000100          142.533000        31.937500        
1717846726        47.821800         40.555400         31.937400         18.219100         0.000100          142.201000        31.937500        
1717846737        47.821800         40.788700         31.937400         18.166300         0.000100          142.217000        31.937500        
1717846747        47.821800         41.307300         31.937400         18.540800         0.000100          141.832000        31.937500        
1717846757        47.821800         41.827800         31.937400         18.680100         0.000100          141.535000        31.937500        
1717846768        47.821800         41.462100         31.937400         18.560800         0.000100          141.747000        31.937500        
1717846778        47.821800         40.793200         31.937400         17.932200         0.000100          142.330000        31.937500        
1717846789        47.821800         41.520300         31.937400         18.767400         0.000100          141.519000        31.937500        
1717846799        47.821800         45.150300         31.937400         20.686000         0.000100          139.592000        31.937500        
1717846809        47.821800         45.424100         31.937400         20.901500         0.000100          139.356000        31.937500        
1717846820        47.821800         44.430800         31.937400         19.979700         0.000100          140.291000        31.937500        
1717846830        47.821800         44.752700         31.937400         20.281400         0.000100          139.996000        31.937500        
1717846840        47.821800         44.759200         31.937400         20.330300         0.000100          139.948000        31.937500        
1717846850        47.821800         44.835500         31.937400         20.379200         0.000100          139.913000        31.937500        
1717846861        47.821800         44.308100         31.937400         19.801700         0.000100          140.524000        31.937500        
1717846871        47.821800         44.757800         31.937400         20.509800         0.000100          139.826000        31.937500        
1717846881        47.821800         44.982600         31.937400         20.750700         0.000100          139.583000        31.937500        
1717846891        47.821800         45.127200         31.937400         20.955600         0.000100          139.437000        31.937500        
1717846902        47.821800         44.960300         31.937400         20.441600         0.000100          139.875000        31.937500        
1717846912        47.821800         45.030600         31.937400         20.531900         0.000100          139.785000        31.937500        
1717846923        47.821800         45.149800         31.937400         20.645000         0.000100          139.676000        31.937500        
1717846933        47.821800         41.079500         31.937400         18.838600         0.000100          141.479000        31.937500        
1717846943        47.821800         45.665300         31.937400         20.907300         0.000100          139.409000        31.937500        
1717846953        47.821800         45.452100         31.937400         20.702000         0.000100          139.611000        31.937500        
1717846964        47.821800         42.397000         31.937400         18.886300         0.000100          141.419000        31.937500        
1717846974        47.821800         44.025100         31.937400         19.748900         0.000100          140.555000        31.937500        
1717846984        47.821800         44.536400         31.937400         20.096300         0.000100          140.132000        31.937500        
1717846994        47.821800         44.312700         31.937400         19.720400         0.000100          140.477000        31.937500        
1717847005        47.821800         45.940100         31.937400         21.111700         0.000100          139.063000        31.937500        
1717847015        47.821800         45.876800         31.937400         21.029800         0.000100          139.129000        31.937500        
1717847025        47.821800         46.619500         31.937400         21.797600         0.000100          138.363000        31.937500        
1717847036        47.821800         46.979700         31.937400         22.103400         0.000100          138.041000        31.937500        
1717847046        47.821800         46.338000         31.937400         21.517100         0.000100          138.586000        31.937500        
1717847056        47.821800         45.841700         31.937400         20.969600         0.000100          139.091000        31.937500        
1717847066        47.821800         47.307000         31.937400         22.240200         0.000100          137.828000        31.937500        
1717847077        47.821800         47.456200         31.937400         22.442300         0.000100          137.623000        31.937500        
1717847087        47.821800         46.647800         31.937400         21.642200         0.000100          138.416000        31.937500        
1717847097        47.821800         45.297000         31.937400         21.000700         0.000100          139.092000        31.937500        
1717847108        47.821800         46.942400         31.937400         21.854200         0.000100          138.240000        31.937500        
1717847118        47.821800         47.270700         31.937400         22.155400         0.000100          137.955000        31.937500        
1717847128        47.821800         47.375600         31.937400         22.233700         0.000100          137.884000        31.937500        
1717847138        47.821800         46.745300         31.937400         21.619600         0.000100          138.521000        31.937500        
1717847149        47.821800         47.180400         31.937400         22.286200         0.000100          137.862000        31.937500        
1717847159        47.821800         47.797300         31.937400         22.869200         0.000100          137.504000        31.937500        
1717847169        47.821800         47.633400         31.937400         22.739400         0.000100          137.398000        31.937500        
1717847180        47.821800         47.131600         31.937400         22.257500         0.000100          137.872000        31.937500        
1717847190        47.821800         47.199400         31.937400         22.326300         0.000100          137.810000        31.937500        
1717847200        47.821800         47.546000         31.937400         22.663800         0.000100          137.583000        31.937500        
1717847210        47.821800         47.688000         31.937400         22.771000         0.000100          137.368000        31.937500        
1717847221        47.821800         47.533100         31.937400         22.605500         0.000100          137.543000        31.937500        
1717847231        47.821800         47.618500         31.937400         22.682800         0.000100          137.485000        31.937500        
1717847241        47.821800         47.532300         31.937400         22.587000         0.000100          137.584000        31.937500        
1717847252        47.821800         47.688400         31.937400         22.778500         0.000100          137.401000        31.937500        
1717847262        47.821800         47.760100         31.937400         22.845900         0.000100          137.339000        31.937500        
1717847272        47.821800         47.817700         31.937400         22.907500         0.000100          137.286000        31.937500        
1717847283        47.904600         47.904600         31.937400         22.982100         0.000100          137.217000        31.937500        
1717847293        47.918800         47.918800         31.937400         23.007300         0.000100          137.194000        31.937500        
1717847303        48.636000         48.636000         31.937400         23.725800         0.000100          136.474000        31.937500        
1717847314        48.810100         48.810100         31.937400         23.899900         0.000100          136.295000        31.937500        
1717847324        48.990500         48.990500         31.937400         24.080400         0.000100          136.120000        31.937500        
1717847334        49.031800         49.031800         31.937400         24.121700         0.000100          136.088000        31.937500        
1717847345        49.031800         48.922900         31.937400         24.007400         0.000100          136.211000        31.937500        
1717847355        49.031800         49.002500         31.937400         24.091900         0.000100          136.123000        31.937500        
1717847365        49.183000         49.183000         31.937400         24.272300         0.000100          135.945000        31.937500        
1717847375        49.229400         49.229400         31.937400         24.319100         0.000100          135.897000        31.937500        
1717847386        50.037100         50.037100         31.937400         25.106600         0.000100          135.089000        31.937500        
1717847396        50.037100         49.189700         31.937400         24.277800         0.000100          135.940000        31.937500        
1717847406        50.037100         49.527900         31.937400         24.616700         0.000100          135.619000        31.937500        
1717847416        50.037100         49.419000         31.937400         24.508200         0.000100          135.732000        31.937500        
1717847427        50.037100         49.943500         31.937400         25.032700         0.000100          135.122000        31.937500        
1717847437        50.037100         49.397700         31.937400         24.487700         0.000100          135.750000        31.937500        
1717847447        50.037100         49.543000         31.937400         24.614600         0.000100          135.620000        31.937500        
1717847458        50.037100         49.816900         31.937400         24.882900         0.000100          135.355000        31.937500        
1717847468        50.037100         49.880700         31.937400         24.951600         0.000100          135.290000        31.937500        
1717847478        50.037100         49.805800         31.937400         24.876100         0.000100          135.365000        31.937500        
1717847488        50.037100         49.855800         31.937400         24.926400         0.000100          135.317000        31.937500        
1717847499        50.037100         50.030800         31.937400         25.100800         0.000100          135.145000        31.937500        
1717847509        50.080800         50.080800         31.937400         25.150500         0.000100          135.089000        31.937500        
1717847519        50.080800         49.995100         31.937400         25.064300         0.000100          135.175000        31.937500        
1717847530        50.080800         47.038300         31.937400         23.347000         0.000100          136.888000        31.937500        
1717847540        50.080800         47.201600         31.937400         23.512200         0.000100          136.728000        31.937500        
1717847550        50.080800         44.197800         31.937400         21.747100         0.000100          138.481000        31.937500        
1717847560        50.080800         45.733000         31.937400         22.441800         0.000100          137.789000        31.937500        
1717847571        50.080800         46.183900         31.937400         22.747700         0.000100          137.399000        31.937500        
1717847581        50.080800         46.216700         31.937400         22.625900         0.000100          137.465000        31.937500        
1717847591        50.080800         47.878200         31.937400         24.054800         0.000100          136.055000        31.937500        
1717847602        50.080800         48.218300         31.937400         24.297000         0.000100          135.837000        31.937500        
1717847612        50.080800         48.810800         31.937400         24.970100         0.000100          135.222000        31.937500        
1717847622        50.080800         49.257200         31.937400         25.305800         0.000100          134.920000        31.937500        
1717847632        50.080800         48.574300         31.937400         24.784000         0.000100          135.378000        31.937500        
1717847643        50.080800         48.651800         31.937400         24.755600         0.000100          135.386000        31.937500        
1717847653        50.080800         49.254900         31.937400         25.239600         0.000100          134.918000        31.937500        
1717847663        50.080800         49.590500         31.937400         25.574500         0.000100          134.576000        31.937500        
1717847674        50.080800         48.184800         31.937400         24.224400         0.000100          135.918000        31.937500        
1717847684        50.080800         48.617800         31.937400         24.608300         0.000100          135.542000        31.937500        
1717847694        50.080800         48.916000         31.937400         24.892300         0.000100          135.270000        31.937500        
1717847704        50.080800         49.141500         31.937400         25.090000         0.000100          135.084000        31.937500        
1717847715        50.080800         48.742100         31.937400         24.677200         0.000100          135.497000        31.937500        
1717847725        50.080800         47.732400         31.937400         24.333300         0.000100          135.847000        31.937500        
1717847735        50.080800         49.032100         31.937400         25.193800         0.000100          135.032000        31.937500        
1717847745        50.080800         49.185600         31.937400         25.347400         0.000100          134.897000        31.937500        
1717847756        50.080800         49.337000         31.937400         25.498700         0.000100          134.747000        31.937500        
1717847766        50.080800         48.778500         31.937400         24.960400         0.000100          135.283000        31.937500        
1717847776        50.080800         48.681800         31.937400         24.861900         0.000100          135.376000        31.937500        
1717847787        50.080800         49.667900         31.937400         25.265900         0.000100          135.007000        31.937500        
1717847797        50.080800         49.320000         31.937400         25.414500         0.000100          134.842000        31.937500        
1717847807        50.080800         48.994000         31.937400         25.095400         0.000100          135.160000        31.937500        
1717847817        50.080800         42.402500         31.937400         20.975900         0.000100          139.261000        31.937500        
1717847828        50.080800         44.406200         31.937400         22.219100         0.000100          138.034000        31.937500        
1717847838        50.080800         44.756700         31.937400         22.397200         0.000100          137.752000        31.937500        
1717847848        50.080800         44.633000         31.937400         22.067500         0.000100          138.094000        31.937500        
1717847858        50.080800         46.203400         31.937400         23.256900         0.000100          136.830000        31.937500        
1717847869        50.080800         46.798300         31.937400         23.976100         0.000100          136.389000        31.937500        
1717847879        50.080800         46.892100         31.937400         24.077200         0.000100          136.228000        31.937500        
1717847889        50.080800         46.998400         31.937400         24.182800         0.000100          136.025000        31.937500        
1717847900        50.080800         47.037200         31.937400         24.209200         0.000100          136.066000        31.937500        
1717847910        50.080800         47.058400         31.937400         24.184400         0.000100          135.954000        31.937500        
1717847920        50.080800         46.950500         31.937400         24.099100         0.000100          136.047000        31.937500        
1717847930        50.080800         47.279900         31.937400         24.301900         0.000100          135.859000        31.937500        
1717847941        50.080800         46.810500         31.937400         23.849800         0.000100          136.281000        31.937500        
1717847951        50.080800         45.670300         31.937400         22.723800         0.000100          137.336000        31.937500        
1717847961        50.080800         47.378600         31.937400         23.866200         0.000100          136.293000        31.937500        
1717847972        50.080800         46.913400         31.937400         23.908000         0.000100          136.260000        31.937500        
1717847982        50.080800         47.068000         31.937400         24.034900         0.000100          136.141000        31.937500        
1717847992        50.080800         46.315400         31.937400         23.298200         0.000100          137.178000        31.937500        
1717848002        50.080800         46.762000         31.937400         23.988200         0.000100          136.189000        31.937500        
1717848013        50.080800         47.590000         31.937400         24.261400         0.000100          135.930000        31.937500        
1717848023        50.080800         47.641100         31.937400         24.310700         0.000100          135.938000        31.937500        
1717848033        50.080800         47.081800         31.937400         24.306900         0.000100          135.877000        31.937500        
1717848044        50.080800         46.394600         31.937400         23.638800         0.000100          136.539000        31.937500        
1717848054        50.080800         46.431700         31.937400         23.621600         0.000100          136.566000        31.937500        
1717848064        50.080800         46.649100         31.937400         23.840800         0.000100          136.351000        31.937500        
1717848074        50.080800         46.487100         31.937400         23.675600         0.000100          136.518000        31.937500        
1717848085        50.080800         46.494200         31.937400         23.670000         0.000100          136.539000        31.937500        
1717848095        50.080800         47.467400         31.937400         24.588700         0.000100          135.562000        31.937500        
1717848105        50.080800         46.641300         31.937400         23.840200         0.000100          136.372000        31.937500        
1717848115        50.080800         46.800200         31.937400         23.998600         0.000100          136.213000        31.937500        
1717848126        50.080800         46.641300         31.937400         23.840000         0.000100          136.371000        31.937500        
1717848136        50.080800         46.863700         31.937400         24.062400         0.000100          136.151000        31.937500        
1717848146        50.080800         46.221800         31.937400         23.421800         0.000100          136.713000        31.937500        
1717848157        50.080800         45.650200         31.937400         22.843800         0.000100          137.188000        31.937500        
1717848167        50.080800         45.650200         31.937400         22.844200         0.000100          137.190000        31.937500        
1717848177        50.080800         45.777400         31.937400         22.971600         0.000100          137.059000        31.937500        
1717848188        50.080800         46.375700         31.937400         23.569900         0.000100          136.457000        31.937500        
1717848198        50.080800         46.248600         31.937400         23.442500         0.000100          136.589000        31.937500        
1717848208        50.080800         46.383800         31.937400         23.557700         0.000100          136.445000        31.937500        
1717848218        50.080800         46.678500         31.937400         23.861200         0.000100          136.172000        31.937500        
1717848229        50.080800         47.344200         31.937400         24.535400         0.000100          135.495000        31.937500        
1717848239        50.080800         46.381000         31.937400         23.571200         0.000100          136.459000        31.937500        
1717848249        50.080800         46.589900         31.937400         23.692400         0.000100          136.311000        31.937500        
1717848260        50.080800         46.773100         31.937400         23.958800         0.000100          136.075000        31.937500        
1717848270        50.080800         47.447500         31.937400         24.612400         0.000100          135.395000        31.937500        
1717848280        50.080800         46.565900         31.937400         23.751000         0.000100          136.281000        31.937500        
1717848290        50.080800         46.902000         31.937400         24.040900         0.000100          135.962000        31.937500        
1717848301        50.080800         47.011800         31.937400         24.201400         0.000100          135.829000        31.937500        
1717848311        50.080800         47.351600         31.937400         24.533800         0.000100          135.485000        31.937500        
1717848321        50.080800         46.811400         31.937400         23.993500         0.000100          136.038000        31.937500        
1717848331        50.080800         46.906700         31.937400         24.015500         0.000100          135.999000        31.937500        
1717848342        50.080800         47.065600         31.937400         24.247700         0.000100          135.784000        31.937500        
1717848352        50.080800         47.161000         31.937400         24.342800         0.000100          135.690000        31.937500        
1717848362        50.080800         46.811400         31.937400         23.993200         0.000100          136.037000        31.937500        
1717848373        50.080800         47.002100         31.937400         24.163900         0.000100          135.864000        31.937500        
1717848383        50.080800         47.065600         31.937400         24.247600         0.000100          135.784000        31.937500        
1717848393        50.080800         47.351600         31.937400         24.533700         0.000100          135.674000        31.937500        
1717848404        50.080800         47.796500         31.937400         24.978900         0.000100          136.099000        31.937500        
1717848414        50.080800         47.103300         31.937400         24.284400         0.000100          135.749000        31.937500        
1717848424        50.080800         47.077500         31.937400         24.265400         0.000100          135.766000        31.937500        
1717848435        50.080800         47.464800         31.937400         24.636100         0.000100          135.379000        31.937500        
1717848445        50.080800         47.814400         31.937400         24.996300         0.000100          135.024000        31.937500        
1717848455        50.080800         46.695900         31.937400         23.868900         0.000100          136.056000        31.937500        
1717848465        50.080800         46.469200         31.937400         23.663900         0.000100          136.285000        31.937500        
1717848476        50.080800         46.758100         31.937400         23.956900         0.000100          135.990000        31.937500        
1717848486        50.080800         46.472100         31.937400         23.670700         0.000100          136.279000        31.937500        
1717848496        50.080800         46.758100         31.937400         23.948600         0.000100          135.989000        31.937500        
1717848507        50.080800         46.462400         31.937400         23.667800         0.000100          136.295000        31.937500        
1717848517        50.080800         46.728600         31.937400         23.919900         0.000100          136.046000        31.937500        
1717848527        50.080800         46.547700         31.937400         23.744100         0.000100          136.227000        31.937500        
1717848537        50.080800         46.643000         31.937400         23.775600         0.000100          136.169000        31.937500        
1717848548        50.080800         47.186400         31.937400         24.385800         0.000100          135.585000        31.937500        
1717848558        50.080800         47.281700         31.937400         24.481700         0.000100          135.489000        31.937500        
1717848568        50.080800         47.246300         31.937400         24.446600         0.000100          135.528000        31.937500        
1717848578        50.080800         47.327000         31.937400         24.527200         0.000100          135.444000        31.937500        
1717848589        50.080800         47.306800         31.937400         24.506800         0.000100          135.466000        31.937500        
1717848599        50.080800         47.536700         31.937400         24.736400         0.000100          135.239000        31.937500        
1717848609        50.080800         47.409600         31.937400         24.612800         0.000100          135.363000        31.937500        
1717848620        50.080800         47.346600         31.937400         24.549900         0.000100          135.428000        31.937500        
1717848630        50.080800         47.380900         31.937400         24.584100         0.000100          135.393000        31.937500        
1717848640        50.080800         47.461600         31.937400         24.665000         0.000100          135.309000        31.937500        
1717848650        50.080800         47.429800         31.937400         24.632800         0.000100          135.342000        31.937500        
1717848661        50.080800         47.349100         31.937400         24.552300         0.000100          135.423000        31.937500        
1717848671        50.080800         47.555700         31.937400         24.758800         0.000100          135.137000        31.937500        
1717848681        50.080800         47.475500         31.937400         24.679900         0.000100          135.298000        31.937500        
1717848691        50.080800         47.363000         31.937400         24.566800         0.000100          135.412000        31.937500        
1717848702        50.080800         47.365700         31.937400         24.570300         0.000100          135.406000        31.937500        
1717848712        50.080800         47.478200         31.937400         24.682900         0.000100          135.309000        31.937500        
1717848722        50.080800         47.478200         31.937400         24.683200         0.000100          135.306000        31.937500        
1717848733        50.080800         47.365700         31.937400         24.570300         0.000100          135.546000        31.937500        
1717848743        50.080800         47.365700         31.937400         24.570500         0.000100          135.560000        31.937500        
1717848753        50.080800         47.478200         31.937400         24.682900         0.000100          135.450000        31.937500        
1717848763        50.080800         48.123900         31.937400         25.319700         0.000100          134.868000        31.937500        
1717848774        50.080800         47.365700         31.937400         24.570500         0.000100          135.555000        31.937500        
1717848784        50.080800         47.446400         31.937400         24.651300         0.000100          135.493000        31.937500        
1717848794        50.080800         47.478200         31.937400         24.683300         0.000100          135.465000        31.937500        
1717848804        50.080800         47.397500         31.937400         24.602600         0.000100          135.543000        31.937500        
1717848815        50.080800         47.383600         31.937400         24.588400         0.000100          135.558000        31.937500        
1717848825        50.080800         47.464300         31.937400         24.669500         0.000100          135.478000        31.937500        
1717848835        50.080800         48.006400         31.937400         25.211400         0.000100          134.936000        31.937500        
1717848846        50.080800         47.925700         31.937400         25.131100         0.000100          135.016000        31.937500        
1717848856        50.080800         48.072500         31.937400         25.276400         0.000100          134.868000        31.937500        
1717848866        50.080800         48.314600         31.937400         25.461600         0.000100          134.627000        31.937500        
1717848876        50.080800         47.875600         31.937400         25.080400         0.000100          135.070000        31.937500        
1717848887        50.080800         48.016300         31.937400         25.221000         0.000100          134.925000        31.937500        
1717848897        50.080800         48.071200         31.937400         25.276000         0.000100          134.877000        31.937500        
1717848907        50.080800         47.990500         31.937400         25.195300         0.000100          134.962000        31.937500        
1717848917        50.080800         47.941500         31.937400         25.146300         0.000100          135.014000        31.937500        
1717848928        50.080800         48.022200         31.937400         25.227000         0.000100          134.930000        31.937500        
1717848938        50.080800         48.071200         31.937400         25.276400         0.000100          134.883000        31.937500        
1717848948        50.080800         48.716800         31.937400         25.762400         0.000100          134.237000        31.937500        
1717848959        50.080800         47.941500         31.937400         25.089700         0.000100          135.081000        31.937500        
1717848969        50.080800         48.102900         31.937400         25.308200         0.000100          134.850000        31.937500        
1717848979        50.080800         47.990500         31.937400         25.195800         0.000100          134.964000        31.937500        
1717848989        50.080800         47.909800         31.937400         25.115800         0.000100          135.045000        31.937500        
1717849000        50.080800         48.918100         31.937400         26.123800         0.000100          134.059000        31.937500        
1717849010        50.080800         48.109000         31.937400         25.315400         0.000100          134.833000        31.937500        
1717849020        50.080800         47.058100         31.937400         24.342900         0.000100          135.538000        31.937500        
1717849030        50.080800         44.743200         31.937400         22.793600         0.000100          137.145000        31.937500        
1717849041        50.080800         45.691400         31.937400         23.251300         0.000100          136.695000        31.937500        
1717849051        50.080800         45.506800         31.937400         23.067300         0.000100          136.878000        31.937500        
1717849061        50.080800         45.426100         31.937400         22.986400         0.000100          136.959000        31.937500        
1717849072        50.080800         45.602100         31.937400         23.162500         0.000100          136.785000        31.937500        
1717849082        50.080800         45.703200         31.937400         23.207600         0.000100          136.709000        31.937500        
1717849092        50.080800         45.689900         31.937400         23.231800         0.000100          136.718000        31.937500        
1717849103        50.080800         45.551700         31.937400         23.101400         0.000100          136.850000        31.937500        
1717849113        50.080800         45.833100         31.937400         23.385000         0.000100          136.564000        31.937500        
1717849123        50.080800         45.833100         31.937400         23.385000         0.000100          136.563000        31.937500        
1717849134        50.080800         46.383400         31.937400         23.935000         0.000100          136.039000        31.937500        
1717849144        50.080800         45.737800         31.937400         23.289700         0.000100          136.659000        31.937500        
1717849154        50.080800         46.018100         31.937400         23.568800         0.000100          136.379000        31.937500        
1717849165        50.080800         46.018100         31.937400         23.569300         0.000100          136.380000        31.937500        
1717849175        50.080800         45.842100         31.937400         23.393300         0.000100          136.550000        31.937500        
1717849185        50.080800         46.025300         31.937400         23.562200         0.000100          136.366000        31.937500        
1717849195        50.080800         45.801600         31.937400         23.528000         0.000100          136.602000        31.937500        
1717849206        50.080800         44.668100         31.937400         22.575300         0.000100          137.355000        31.937500        
1717849216        50.080800         44.572800         31.937400         22.480100         0.000100          137.447000        31.937500        
1717849226        50.080800         44.578700         31.937400         22.486000         0.000100          137.358000        31.937500        
1717849237        50.080800         44.674100         31.937400         22.581400         0.000100          137.344000        31.937500        
1717849247        50.080800         44.599500         31.937400         22.506900         0.000100          137.421000        31.937500        
1717849257        50.080800         44.584900         31.937400         22.492000         0.000100          137.435000        31.937500        
1717849267        50.080800         44.665600         31.937400         22.573100         0.000100          137.354000        31.937500        
1717849278        50.080800         44.686200         31.937400         22.593600         0.000100          137.332000        31.937500        
1717849288        50.080800         44.450100         31.937400         22.358500         0.000100          137.634000        31.937500        
1717849298        50.080800         42.364500         31.937400         20.772000         0.000100          138.983000        31.937500        
1717849308        50.080800         41.334300         31.937400         20.015900         0.000100          138.970000        31.937500        
1717849319        50.080800         42.378300         31.937400         20.584600         0.000100          138.737000        31.937500        
1717849329        50.080800         42.459000         31.937400         20.680900         0.000100          138.643000        31.937500        
1717849339        50.080800         42.459000         31.937400         20.694600         0.000100          138.628000        31.937500        
1717849349        50.080800         42.040000         31.937400         20.360800         0.000100          138.923000        31.937500        
1717849360        50.080800         42.040000         31.937400         20.364700         0.000100          138.920000        31.937500        
1717849370        50.080800         42.290400         31.937400         20.608700         0.000100          138.678000        31.937500        
1717849380        50.080800         42.776200         31.937400         21.145400         0.000100          138.058000        31.937500        
1717849391        50.080800         42.222900         31.937400         20.625500         0.000100          138.529000        31.937500        
1717849401        50.080800         33.864300         31.937400         16.942300         0.000100          143.328000        31.937500        
1717849411        50.080800         33.885000         31.937400         16.963000         0.000100          143.312000        31.937500        
1717849421        50.080800         33.894400         31.937400         16.971700         0.000100          143.304000        31.937500        
1717849432        50.080800         33.894500         31.937400         16.972200         0.000100          143.308000        31.937500        
1717849442        50.080800         33.900500         31.937400         16.978400         0.000100          143.305000        31.937500        
1717849452        50.080800         34.077100         31.937400         17.155100         0.000100          143.127000        31.937500        
1717849462        50.080800         34.077100         31.937400         17.155300         0.000100          143.130000        31.937500        
1717849472        50.080800         34.002500         31.937400         17.080700         0.000100          143.207000        31.937500        
1717849483        50.080800         34.089100         31.937400         17.167400         0.000100          143.120000        31.937500        
1717849493        50.080800         34.089100         31.937400         17.167700         0.000100          143.124000        31.937500        
1717849503        50.080800         34.089100         31.937400         17.167700         0.000100          143.124000        31.937500        
1717849513        50.080800         34.089100         31.937400         17.167100         0.000100          143.121000        31.937500        
1717849524        50.080800         34.089100         31.937400         17.167300         0.000100          143.127000        31.937500        
1717849534        50.080800         34.089100         31.937400         17.167200         0.000100          143.126000        31.937500        
1717849544        50.080800         34.573300         31.937400         17.651500         0.000100          142.640000        31.937500        
1717849554        50.080800         34.089100         31.937400         17.167700         0.000100          143.126000        31.937500        
1717849565        50.080800         34.734700         31.937400         17.813000         0.000100          142.481000        31.937500        
1717849575        50.080800         33.847000         31.937400         16.926600         0.000100          143.277000        31.937500        
1717849585        50.080800         32.279400         31.937400         15.857900         0.000100          143.710000        31.937500        
1717849596        50.080800         32.939200         31.937400         16.303800         0.000100          143.501000        31.937500        
1717849606        50.080800         33.019900         31.937400         16.398300         0.000100          143.469000        31.937500        
1717849616        50.080800         33.026000         31.937400         16.419700         0.000100          143.417000        31.937500        
1717849627        50.080800         32.630700         31.937400         16.112700         0.000100          143.715000        31.937500        
1717849637        50.080800         32.711400         31.937400         16.199500         0.000100          143.631000        31.937500        
1717849647        50.080800         32.711400         31.937400         16.203400         0.000100          143.625000        31.937500        
1717849657        50.080800         32.406100         31.937400         15.936800         0.000100          143.791000        31.937500        
1717849668        50.080800         32.586200         31.937400         16.159500         0.000100          143.560000        31.937500        
1717849678        50.080800         26.042500         31.937400         12.350100         0.000000          146.974000        31.937500        
1717849688        50.080800         23.630700         31.937400         11.956800         0.000000          148.866000        31.937500        
1717849698        50.080800         24.054400         31.937400         12.380700         0.000000          148.444000        31.937500        
1717849708        50.080800         24.054400         31.937400         12.380700         0.000000          148.449000        31.937500        
1717849719        50.080800         24.226800         31.937400         12.553000         0.000000          148.281000        31.937500        
1717849729        50.080800         24.146100         31.937400         12.472100         0.000000          148.356000        31.937500        
1717849739        50.080800         23.998200         31.937400         12.324200         0.000000          148.509000        31.937500        
1717849749        50.080800         24.078900         31.937400         12.405200         0.000000          148.426000        31.937500        
1717849760        50.080800         24.213400         31.937400         12.539600         0.000000          148.292000        31.937500        
1717849770        50.080800         24.294100         31.937400         12.619600         0.000000          148.128000        31.937500        
1717849780        50.080800         24.052000         31.937400         12.378800         0.000000          148.453000        31.937500        
1717849790        50.080800         24.213400         31.937400         12.540100         0.000000          148.292000        31.937500        
1717849800        50.080800         24.697600         31.937400         12.920000         0.000000          147.802000        31.937500        
1717849811        50.080800         24.192000         31.937400         12.512400         0.000000          148.313000        31.937500        
1717849821        50.080800         23.477300         31.937400         11.977800         0.000000          148.845000        31.937500        
1717849831        50.080800         23.558000         31.937400         12.058500         0.000000          148.765000        31.937500        
1717849841        50.080800         23.477300         31.937400         11.977600         0.000000          148.845000        31.937500        
1717849851        50.080800         23.402800         31.937400         11.903100         0.000000          148.919000        31.937500        
1717849862        50.080800         23.483500         31.937400         11.983800         0.000000          148.840000        31.937500        
1717849872        50.080800         23.564200         31.937400         12.064800         0.000000          148.754000        31.937500        
1717849882        50.080800         23.063100         31.937400         11.736100         0.000000          148.679000        31.937500        
1717849893        50.080800         22.821000         31.937400         11.496800         0.000000          149.313000        31.937500        
1717849903        50.080800         22.901700         31.937400         11.577500         0.000000          149.234000        31.937500        
1717849913        50.080800         22.821000         31.937400         11.496600         0.000000          149.315000        31.937500        
1717849924        50.080800         22.740300         31.937400         11.415900         0.000000          149.393000        31.937500        
1717849934        50.080800         22.821000         31.937400         11.496800         0.000000          149.312000        31.937500        
1717849944        50.080800         22.901700         31.937400         11.577400         0.000000          149.236000        31.937500        
1717849954        50.080800         22.821000         31.937400         11.496600         0.000000          149.402000        31.937500        
1717849964        50.080800         22.740300         31.937400         11.415900         0.000000          149.483000        31.937500        
1717849975        50.080800         22.821000         31.937400         11.496800         0.000000          149.403000        31.937500        
1717849985        50.080800         23.547300         31.937400         12.222600         0.000000          148.625000        31.937500        
1717849995        50.080800         22.740300         31.937400         11.415900         0.000000          149.484000        31.937500        
1717850005        50.080800         22.821000         31.937400         11.496800         0.000000          149.398000        31.937500        
1717850015        50.080800         22.955200         31.937400         11.623900         0.000000          149.271000        31.937500        
1717850026        50.080800         22.142100         31.937400         10.996000         0.000000          149.894000        31.937500        
1717850036        50.080800         22.061400         31.937400         10.915300         0.000000          149.976000        31.937500        
1717850046        50.080800         22.142100         31.937400         10.996100         0.000000          149.890000        31.937500        
1717850056        50.080800         22.222800         31.937400         11.077000         0.000000          149.809000        31.937500        
1717850067        50.080800         21.463500         31.937400         10.498600         0.000000          150.384000        31.937500        
1717850077        50.080800         21.624900         31.937400         10.660900         0.000000          150.373000        31.937500        
1717850087        50.080800         21.544200         31.937400         10.565200         0.000000          150.290000        31.937500        
1717850097        50.080800         21.463500         31.937400         10.499800         0.000000          150.372000        31.937500        
1717850107        50.080800         21.382800         31.937400         10.419100         0.000000          150.453000        31.937500        
1717850118        50.080800         21.463500         31.937400         10.499800         0.000000          150.371000        31.937500        
1717850128        50.080800         21.544200         31.937400         10.580700         0.000000          150.386000        31.937500        
1717850138        50.080800         21.140600         31.937400         10.177200         0.000000          150.784000        31.937500        
1717850148        50.080800         19.650400         31.937400         9.184320          0.000000          151.623000        31.937500        
1717850158        50.080800         19.650400         31.937400         9.184690          0.000000          150.517000        31.937500        
1717850169        50.080800         20.391200         31.937400         9.720770          0.000000          150.806000        31.937500        
1717850179        50.080800         20.391200         31.937400         9.734440          0.000000          150.729000        31.937500        
1717850189        50.080800         20.310500         31.937400         9.669360          0.000000          150.855000        31.937500        
1717850199        50.080800         20.065000         31.937400         9.512320          0.000000          150.977000        31.937500        
1717850210        50.080800         20.065000         31.937400         9.518200          0.000000          151.136000        31.937500        
1717850220        50.080800         19.984300         31.937400         9.443350          0.000000          151.212000        31.937500        
1717850230        50.080800         19.890900         31.937400         9.414610          0.000000          151.197000        31.937500        
1717850240        50.080800         20.572400         31.937400         9.579870          0.000000          151.303000        31.937500        
1717850250        50.080800         11.100000         31.937400         5.287630          0.000000          156.609000        31.937500        
1717850261        50.080800         11.019300         31.937400         5.206920          0.000000          156.691000        31.937500        
1717850271        50.080800         11.019300         31.937400         5.206920          0.000000          156.691000        31.937500        
1717850281        50.080800         11.100000         31.937400         5.287630          0.000000          156.619000        31.937500        
1717850291        50.080800         11.180700         31.937400         5.354190          0.000000          156.498000        31.937500        
1717850301        50.080800         11.019300         31.937400         5.206920          0.000000          157.027000        31.937500        
1717850311        50.080800         11.100000         31.937400         5.287630          0.000000          156.947000        31.937500        
1717850322        50.080800         11.100000         31.937400         5.287630          0.000000          156.947000        31.937500        
1717850332        50.080800         11.019300         31.937400         5.206700          0.000000          157.029000        31.937500        
1717850342        50.080800         11.019300         31.937400         5.206700          0.000000          157.029000        31.937500        
1717850352        50.080800         11.100000         31.937400         5.287630          0.000000          156.946000        31.937500        
1717850362        50.080800         11.100000         31.937400         5.287630          0.000000          156.948000        31.937500        
1717850373        50.080800         11.019300         31.937400         5.206920          0.000000          157.028000        31.937500        
1717850383        50.080800         11.019300         31.937400         5.206920          0.000000          157.030000        31.937500        
1717850393        50.080800         11.100000         31.937400         5.287630          0.000000          156.949000        31.937500        
1717850403        50.080800         11.100000         31.937400         5.287630          0.000000          156.948000        31.937500        
1717850413        50.080800         11.019300         31.937400         5.206920          0.000000          157.029000        31.937500        
1717850423        50.080800         11.100000         31.937400         5.287630          0.000000          156.949000        31.937500        
1717850434        50.080800         11.100000         31.937400         5.287630          0.000000          156.949000        31.937500        
1717850444        50.080800         10.696500         31.937400         4.884140          0.000000          157.353000        31.937500        
1717850454        50.080800         10.777200         31.937400         4.965850          0.000000          157.141000        31.937500        
1717850464        50.080800         9.290310          31.937400         3.975690          0.000000          157.157000        31.937500        
1717850474        50.080800         9.950390          31.937400         4.425250          0.000000          157.404000        31.937500        
1717850485        50.080800         9.950390          31.937400         4.437010          0.000000          157.390000        31.937500        
1717850495        50.080800         9.950390          31.937400         4.452640          0.000000          157.377000        31.937500        
1717850505        50.080800         9.612120          31.937400         4.208760          0.000000          157.580000        31.937500        
1717850515        50.080800         9.612120          31.937400         4.212660          0.000000          157.578000        31.937500        
1717850525        50.080800         9.612120          31.937400         4.218520          0.000000          157.571000        31.937500        
1717850536        50.080800         9.476950          31.937400         4.167740          0.000000          157.578000        31.937500        
1717850546        50.080800         9.540130          31.937400         4.221110          0.000000          157.527000        31.937500        
1717850556        50.080800         0.109676          31.937400         0.003220          0.000000          162.811000        31.937500        
1717850566        50.080800         0.109676          31.937400         0.003220          0.000000          162.817000        31.937500        
1717850576        50.080800         0.109676          31.937400         0.003220          0.000000          162.836000        31.937500        
1717850586        50.080800         0.109676          31.937400         0.003220          0.000000          162.834000        31.937500        
1717850597        50.080800         0.109676          31.937400         0.003220          0.000000          162.835000        31.937500        
1717850607        50.080800         0.109676          31.937400         0.003220          0.000000          162.835000        31.937500        
1717850617        50.080800         0.109676          31.937400         0.003220          0.000000          162.835000        31.937500        
1717850627        50.080800         0.109676          31.937400         0.003220          0.000000          162.837000        31.937500        
1717850637        50.080800         0.109676          31.937400         0.003220          0.000000          162.837000        31.937500        
1717850647        50.080800         0.109676          31.937400         0.003220          0.000000          162.837000        31.937500        
1717850658        50.080800         0.109676          31.937400         0.003220          0.000000          162.837000        31.937500        
1717850668        50.080800         0.109676          31.937400         0.003220          0.000000          162.835000        31.937500        
1717850678        50.080800         0.109676          31.937400         0.003220          0.000000          162.836000        31.937500        
1717850688        50.080800         0.109676          31.937400         0.003220          0.000000          162.836000        31.937500        
1717850698        50.080800         0.109676          31.937400         0.003220          0.000000          162.835000        31.937500        
1717850708        50.080800         0.109676          31.937400         0.003220          0.000000          162.835000        31.937500        
1717850719        50.080800         0.109676          31.937400         0.003220          0.000000          162.835000        31.937500        
1717850729        50.080800         0.109676          31.937400         0.003220          0.000000          162.837000        31.937500        
1717850739        50.080800         0.109676          31.937400         0.003220          0.000000          162.838000        31.937500        
1717850749        50.080800         0.109676          31.937400         0.003220          0.000000          162.837000        31.937500        
1717850759        50.080800         0.109676          31.937400         0.003220          0.000000          162.838000        31.937500        
1717850770        50.080800         0.109676          31.937400         0.003220          0.000000          162.836000        31.937500        
1717850780        50.080800         0.109676          31.937400         0.003220          0.000000          162.837000        31.937500        
1717850790        50.080800         0.109676          31.937400         0.003220          0.000000          162.836000        31.937500        
1717850800        50.080800         0.109676          31.937400         0.003220          0.000000          162.838000        31.937500        
1717850810        50.080800         0.109676          31.937400         0.003220          0.000000          162.837000        31.937500        
1717850820        50.080800         0.109676          31.937400         0.003220          0.000000          162.836000        31.937500        
1717850830        50.080800         0.109676          31.937400         0.003220          0.000000          162.837000        31.937500        
1717850841        50.080800         0.109676          31.937400         0.003220          0.000000          162.839000        31.937500        
1717850851        50.080800         0.109676          31.937400         0.003220          0.000000          162.839000        31.937500        
1717850861        50.080800         0.109676          31.937400         0.003220          0.000000          162.838000        31.937500        
1717850871        50.080800         0.109676          31.937400         0.003220          0.000000          162.838000        31.937500        
1717850881        50.080800         0.109676          31.937400         0.003220          0.000000          162.837000        31.937500        
1717850892        50.080800         0.109676          31.937400         0.003220          0.000000          162.839000        31.937500        
1717850902        50.080800         0.109676          31.937400         0.003220          0.000000          162.838000        31.937500        
1717850912        50.080800         0.109676          31.937400         0.003220          0.000000          162.838000        31.937500        
1717850922        50.080800         0.109676          31.937400         0.003220          0.000000          162.840000        31.937500        
1717850932        50.080800         0.109676          31.937400         0.003220          0.000000          162.838000        31.937500        
1717850942        50.080800         0.109676          31.937400         0.003220          0.000000          162.837000        31.937500        
1717850953        50.080800         0.109676          31.937400         0.003220          0.000000          162.840000        31.937500        
1717850963        50.080800         0.109676          31.937400         0.003220          0.000000          162.839000        31.937500        
1717850973        50.080800         0.109676          31.937400         0.003220          0.000000          162.839000        31.937500        
1717850983        50.080800         0.109676          31.937400         0.003220          0.000000          162.841000        31.937500        
1717850993        50.080800         0.109676          31.937400         0.003220          0.000000          162.838000        31.937500        
1717851003        50.080800         0.109676          31.937400         0.003220          0.000000          162.837000        31.937500        
1717851013        50.080800         0.109676          31.937400         0.003220          0.000000          162.836000        31.937500        
1717851024        50.080800         0.109676          31.937400         0.003220          0.000000          162.838000        31.937500        
1717851034        50.080800         0.109676          31.937400         0.003220          0.000000          162.838000        31.937500        
1717851044        50.080800         0.109676          31.937400         0.003220          0.000000          162.838000        31.937500        
1717851054        50.080800         0.109676          31.937400         0.003220          0.000000          162.838000        31.937500        
1717851064        50.080800         0.109676          31.937400         0.003220          0.000000          162.856000        31.937500        
1717851074        50.080800         0.109676          31.937400         0.003220          0.000000          162.857000        31.937500        
1717851085        50.080800         0.109676          31.937400         0.003220          0.000000          162.940000        31.937500        
1717851095        50.080800         0.109676          31.937400         0.003220          0.000000          162.942000        31.937500        
1717851105        50.080800         0.109676          31.937400         0.003220          0.000000          162.941000        31.937500        
1717851115        50.080800         0.109676          31.937400         0.003220          0.000000          162.942000        31.937500        
1717851125        50.080800         0.109676          31.937400         0.003220          0.000000          162.940000        31.937500        
1717851135        50.080800         0.109676          31.937400         0.003220          0.000000          162.943000        31.937500        
1717851146        50.080800         0.109676          31.937400         0.003220          0.000000          163.026000        31.937500        
1717851156        50.080800         0.109676          31.937400         0.003220          0.000000          163.032000        31.937500        
1717851166        50.080800         0.109676          31.937400         0.003220          0.000000          163.032000        31.937500        
1717851176        50.080800         0.109676          31.937400         0.003220          0.000000          163.032000        31.937500        
1717851186        50.080800         0.109676          31.937400         0.003220          0.000000          163.033000        31.937500        
1717851196        50.080800         0.109676          31.937400         0.003220          0.000000          163.032000        31.937500        
1717851207        50.080800         0.109676          31.937400         0.003220          0.000000          163.032000        31.937500        
1717851217        50.080800         0.109676          31.937400         0.003220          0.000000          163.033000        31.937500        
1717851227        50.080800         0.109676          31.937400         0.003220          0.000000          163.032000        31.937500        
1717851237        50.080800         0.109676          31.937400         0.003220          0.000000          163.033000        31.937500        
1717851247        50.080800         0.109676          31.937400         0.003220          0.000000          163.032000        31.937500        
1717851257        50.080800         0.109676          31.937400         0.003220          0.000000          163.032000        31.937500        
1717851268        50.080800         0.109676          31.937400         0.003220          0.000000          163.032000        31.937500        
1717851278        50.080800         0.109676          31.937400         0.003220          0.000000          163.032000        31.937500        
1717851288        50.080800         0.109676          31.937400         0.003220          0.000000          163.032000        31.937500        
1717851298        50.080800         0.109676          31.937400         0.003220          0.000000          163.033000        31.937500        
1717851308        50.080800         0.109676          31.937400         0.003220          0.000000          163.031000        31.937500        
1717851318        50.080800         0.109676          31.937400         0.003220          0.000000          163.032000        31.937500        
1717851329        50.080800         0.109676          31.937400         0.003220          0.000000          163.033000        31.937500        
1717851339        50.080800         0.109676          31.937400         0.003220          0.000000          163.032000        31.937500        
1717851349        50.080800         0.109676          31.937400         0.003220          0.000000          163.032000        31.937500        
1717851359        50.080800         0.109676          31.937400         0.003220          0.000000          163.104000        31.937500        
1717851369        50.080800         0.109676          31.937400         0.003220          0.000000          163.104000        31.937500        
1717851379        50.080800         0.109676          31.937400         0.003220          0.000000          163.105000        31.937500        
1717851390        50.080800         0.109676          31.937400         0.003220          0.000000          163.261000        31.937500        
1717851400        50.080800         0.109676          31.937400         0.003220          0.000000          163.259000        31.937500        
1717851410        50.080800         0.109676          31.937400         0.003220          0.000000          163.258000        31.937500        
1717851420        50.080800         0.109676          31.937400         0.003220          0.000000          163.260000        31.937500        
1717851430        50.080800         0.109676          31.937400         0.003220          0.000000          163.262000        31.937500        
1717851440        50.080800         0.109676          31.937400         0.003220          0.000000          163.259000        31.937500        
1717851451        50.080800         0.109676          31.937400         0.003220          0.000000          163.260000        31.937500        
1717851461        50.080800         0.109676          31.937400         0.003220          0.000000          163.260000        31.937500        
1717851471        50.080800         0.109676          31.937400         0.003220          0.000000          163.260000        31.937500        
1717851481        50.080800         0.109676          31.937400         0.003220          0.000000          163.260000        31.937500        
1717851492        50.080800         0.109676          31.937400         0.003220          0.000000          163.261000        31.937500        
1717851502        50.080800         0.109676          31.937400         0.003220          0.000000          163.261000        31.937500        
1717851512        50.080800         0.109676          31.937400         0.003220          0.000000          163.261000        31.937500        
1717851522        50.080800         0.109676          31.937400         0.003220          0.000000          163.262000        31.937500        
1717851532        50.080800         0.109676          31.937400         0.003220          0.000000          163.261000        31.937500        
1717851543        50.080800         0.109676          31.937400         0.003220          0.000000          163.261000        31.937500        
1717851553        50.080800         0.109676          31.937400         0.003220          0.000000          163.261000        31.937500        
1717851563        50.080800         0.109676          31.937400         0.003220          0.000000          163.260000        31.937500        
1717851573        50.080800         0.109676          31.937400         0.003220          0.000000          163.260000        31.937500        
1717851583        50.080800         0.109676          31.937400         0.003220          0.000000          163.262000        31.937500        
1717851593        50.080800         0.109676          31.937400         0.003220          0.000000          163.262000        31.937500        
1717851604        50.080800         0.109676          31.937400         0.003220          0.000000          163.262000        31.937500        
1717851614        50.080800         0.109676          31.937400         0.003220          0.000000          163.264000        31.937500        
1717851624        50.080800         0.109676          31.937400         0.003220          0.000000          163.262000        31.937500        
1717851634        50.080800         0.109676          31.937400         0.003220          0.000000          163.263000        31.937500        
1717851644        50.080800         0.109676          31.937400         0.003220          0.000000          163.263000        31.937500        
1717851654        50.080800         0.109676          31.937400         0.003220          0.000000          163.262000        31.937500        
1717851665        50.080800         0.109676          31.937400         0.003220          0.000000          163.262000        31.937500        
1717851675        50.080800         0.109676          31.937400         0.003220          0.000000          163.262000        31.937500        
1717851685        50.080800         0.109676          31.937400         0.003220          0.000000          163.264000        31.937500        
1717851695        50.080800         0.109676          31.937400         0.003220          0.000000          163.263000        31.937500        
1717851705        50.080800         0.109676          31.937400         0.003220          0.000000          163.262000        31.937500        
1717851715        50.080800         0.109676          31.937400         0.003220          0.000000          163.262000        31.937500        
1717851726        50.080800         0.109676          31.937400         0.003220          0.000000          163.261000        31.937500        
1717851736        50.080800         0.109676          31.937400         0.003220          0.000000          163.262000        31.937500        
1717851746        50.080800         0.109676          31.937400         0.003220          0.000000          163.262000        31.937500        
1717851756        50.080800         0.109676          31.937400         0.003220          0.000000          163.262000        31.937500        
1717851766        50.080800         0.109676          31.937400         0.003220          0.000000          163.261000        31.937500        
1717851776        50.080800         0.109676          31.937400         0.003220          0.000000          163.261000        31.937500        
1717851787        50.080800         0.109676          31.937400         0.003220          0.000000          163.261000        31.937500        
1717851797        50.080800         0.109676          31.937400         0.003220          0.000000          163.261000        31.937500        
1717851807        50.080800         0.109676          31.937400         0.003220          0.000000          163.262000        31.937500        
1717851817        50.080800         0.109676          31.937400         0.003220          0.000000          163.262000        31.937500        
1717851827        50.080800         0.109676          31.937400         0.003220          0.000000          163.261000        31.937500        
1717851837        50.080800         0.109676          31.937400         0.003220          0.000000          163.261000        31.937500        
1717851848        50.080800         0.109676          31.937400         0.003220          0.000000          163.262000        31.937500        
1717851858        50.080800         0.109676          31.937400         0.003220          0.000000          163.261000        31.937500        
1717851868        50.080800         0.109676          31.937400         0.003220          0.000000          163.262000        31.937500        
1717851878        50.080800         0.109676          31.937400         0.003220          0.000000          163.263000        31.937500        
1717851888        50.080800         0.109676          31.937400         0.003220          0.000000          163.261000        31.937500        
1717851898        50.080800         0.109676          31.937400         0.003220          0.000000          163.263000        31.937500        
1717851909        50.080800         0.109676          31.937400         0.003220          0.000000          163.262000        31.937500        
1717851919        50.080800         0.109676          31.937400         0.003220          0.000000          163.260000        31.937500        
1717851929        50.080800         0.109676          31.937400         0.003220          0.000000          163.261000        31.937500        
1717851939        50.080800         0.109676          31.937400         0.003220          0.000000          163.263000        31.937500        
1717851949        50.080800         0.109676          31.937400         0.003220          0.000000          163.261000        31.937500        
1717851959        50.080800         0.109676          31.937400         0.003220          0.000000          163.263000        31.937500        
1717851970        50.080800         0.109676          31.937400         0.003220          0.000000          163.262000        31.937500        
1717851980        50.080800         0.109676          31.937400         0.003220          0.000000          163.261000        31.937500        
1717851990        50.080800         0.109676          31.937400         0.003220          0.000000          163.261000        31.937500        
1717852000        50.080800         0.109676          31.937400         0.003220          0.000000          163.262000        31.937500        
1717852010        50.080800         0.109676          31.937400         0.003220          0.000000          163.262000        31.937500        
1717852020        50.080800         0.109676          31.937400         0.003220          0.000000          163.261000        31.937500        
1717852031        50.080800         0.109676          31.937400         0.003220          0.000000          163.263000        31.937500        
1717852041        50.080800         0.109676          31.937400         0.003220          0.000000          163.263000        31.937500        
1717852051        50.080800         0.109676          31.937400         0.003220          0.000000          163.262000        31.937500        
1717852061        50.080800         0.109676          31.937400         0.003220          0.000000          163.261000        31.937500        
1717852071        50.080800         0.109676          31.937400         0.003220          0.000000          163.264000        31.937500        
1717852081        50.080800         0.109676          31.937400         0.003220          0.000000          163.263000        31.937500        
1717852092        50.080800         0.109676          31.937400         0.003220          0.000000          163.265000        31.937500        
1717852102        50.080800         0.109676          31.937400         0.003220          0.000000          163.264000        31.937500        
1717852112        50.080800         0.109676          31.937400         0.003220          0.000000          163.261000        31.937500        
1717852122        50.080800         0.109676          31.937400         0.003220          0.000000          163.263000        31.937500        
1717852132        50.080800         0.109676          31.937400         0.003220          0.000000          163.263000        31.937500        
1717852142        50.080800         0.109676          31.937400         0.003220          0.000000          163.263000        31.937500        
1717852153        50.080800         0.109676          31.937400         0.003220          0.000000          163.263000        31.937500        
1717852163        50.080800         0.109676          31.937400         0.003220          0.000000          163.263000        31.937500        
1717852173        50.080800         0.109676          31.937400         0.003220          0.000000          163.261000        31.937500        
1717852183        50.080800         0.109676          31.937400         0.003220          0.000000          163.264000        31.937500        
1717852193        50.080800         0.109676          31.937400         0.003220          0.000000          163.262000        31.937500        
1717852203        50.080800         0.109676          31.937400         0.003220          0.000000          163.264000        31.937500        
1717852213        50.080800         0.109676          31.937400         0.003220          0.000000          163.263000        31.937500        
1717852224        50.080800         0.109676          31.937400         0.003220          0.000000          163.262000        31.937500        
1717852234        50.080800         0.109676          31.937400         0.003220          0.000000          163.262000        31.937500        
1717852244        50.080800         0.109676          31.937400         0.003220          0.000000          163.264000        31.937500        
1717852255        50.080800         0.109676          31.937400         0.003220          0.000000          163.262000        31.937500        
1717852265        50.080800         0.109676          31.937400         0.003220          0.000000          163.264000        31.937500        
1717852275        50.080800         0.109676          31.937400         0.003220          0.000000          163.263000        31.937500        
1717852285        50.080800         0.109676          31.937400         0.003220          0.000000          163.264000        31.937500        
1717852295        50.080800         0.109676          31.937400         0.003220          0.000000          163.263000        31.937500        
1717852306        50.080800         0.109676          31.937400         0.003220          0.000000          163.264000        31.937500        
1717852316        50.080800         0.109676          31.937400         0.003220          0.000000          163.265000        31.937500        
1717852326        50.080800         0.109676          31.937400         0.003220          0.000000          163.263000        31.937500        
1717852336        50.080800         0.109676          31.937400         0.003220          0.000000          163.264000        31.937500        
1717852346        50.080800         0.109676          31.937400         0.003220          0.000000          163.263000        31.937500        
1717852356        50.080800         0.109676          31.937400         0.003220          0.000000          163.263000        31.937500        
1717852367        50.080800         0.109676          31.937400         0.003220          0.000000          163.266000        31.937500        
1717852377        50.080800         0.109676          31.937400         0.003220          0.000000          163.265000        31.937500        
1717852387        50.080800         0.109676          31.937400         0.003220          0.000000          163.265000        31.937500        
1717852397        50.080800         0.109676          31.937400         0.003220          0.000000          163.264000        31.937500        
1717852407        50.080800         0.109676          31.937400         0.003220          0.000000          163.264000        31.937500        
1717852417        50.080800         0.109676          31.937400         0.003220          0.000000          163.265000        31.937500        
1717852428        50.080800         0.109676          31.937400         0.003220          0.000000          163.264000        31.937500        
1717852438        50.080800         0.109676          31.937400         0.003220          0.000000          163.264000        31.937500        
1717852448        50.080800         0.109676          31.937400         0.003220          0.000000          163.265000        31.937500        
1717852458        50.080800         0.109676          31.937400         0.003220          0.000000          163.267000        31.937500        
1717852468        50.080800         0.109676          31.937400         0.003220          0.000000          163.265000        31.937500        
1717852478        50.080800         0.109676          31.937400         0.003220          0.000000          163.265000        31.937500        
1717852489        50.080800         0.109676          31.937400         0.003220          0.000000          163.264000        31.937500        
1717852499        50.080800         0.109676          31.937400         0.003220          0.000000          163.266000        31.937500        
1717852509        50.080800         0.109676          31.937400         0.003220          0.000000          163.265000        31.937500        
1717852519        50.080800         0.109676          31.937400         0.003220          0.000000          163.264000        31.937500        
1717852529        50.080800         0.109676          31.937400         0.003220          0.000000          163.264000        31.937500        
1717852539        50.080800         0.109676          31.937400         0.003220          0.000000          163.264000        31.937500        
1717852550        50.080800         0.109676          31.937400         0.003220          0.000000          163.265000        31.937500        
1717852560        50.080800         0.109676          31.937400         0.003220          0.000000          163.264000        31.937500        
1717852570        50.080800         0.109676          31.937400         0.003220          0.000000          163.266000        31.937500        
1717852580        50.080800         0.109676          31.937400         0.003220          0.000000          163.264000        31.937500        
1717852590        50.080800         0.109676          31.937400         0.003220          0.000000          163.265000        31.937500        
1717852600        50.080800         0.109676          31.937400         0.003220          0.000000          163.264000        31.937500        
1717852611        50.080800         0.109676          31.937400         0.003220          0.000000          163.264000        31.937500        
1717852621        50.080800         0.109676          31.937400         0.003220          0.000000          163.265000        31.937500        
1717852631        50.080800         0.109676          31.937400         0.003220          0.000000          163.265000        31.937500        
1717852641        50.080800         0.109676          31.937400         0.003220          0.000000          163.266000        31.937500        
1717852651        50.080800         0.109676          31.937400         0.003220          0.000000          163.265000        31.937500        
1717852661        50.080800         0.109676          31.937400         0.003220          0.000000          163.267000        31.937500        
1717852672        50.080800         0.109676          31.937400         0.003220          0.000000          163.265000        31.937500        
1717852682        50.080800         0.109676          31.937400         0.003220          0.000000          163.266000        31.937500        
1717852692        50.080800         0.109676          31.937400         0.003220          0.000000          163.265000        31.937500        
1717852702        50.080800         0.109676          31.937400         0.003220          0.000000          163.265000        31.937500        
1717852712        50.080800         0.109676          31.937400         0.003220          0.000000          163.266000        31.937500        
1717852722        50.080800         0.109676          31.937400         0.003220          0.000000          163.266000        31.937500        
1717852733        50.080800         0.109676          31.937400         0.003220          0.000000          163.266000        31.937500        
1717852743        50.080800         0.109676          31.937400         0.003220          0.000000          163.264000        31.937500        
1717852753        50.080800         0.109676          31.937400         0.003220          0.000000          163.266000        31.937500        
1717852763        50.080800         0.109676          31.937400         0.003220          0.000000          163.266000        31.937500        
1717852773        50.080800         0.109676          31.937400         0.003220          0.000000          163.265000        31.937500        
1717852783        50.080800         0.109676          31.937400         0.003220          0.000000          163.264000        31.937500        
1717852794        50.080800         0.109676          31.937400         0.003220          0.000000          163.266000        31.937500        
1717852804        50.080800         0.109676          31.937400         0.003220          0.000000          163.267000        31.937500        
1717852814        50.080800         0.109676          31.937400         0.003220          0.000000          163.265000        31.937500        
1717852824        50.080800         0.109676          31.937400         0.003220          0.000000          163.266000        31.937500        
1717852834        50.080800         0.109676          31.937400         0.003220          0.000000          163.266000        31.937500        
1717852844        50.080800         0.109676          31.937400         0.003220          0.000000          163.265000        31.937500        
1717852854        50.080800         0.109676          31.937400         0.003220          0.000000          163.268000        31.937500        
1717852865        50.080800         0.109676          31.937400         0.003220          0.000000          163.266000        31.937500        
1717852875        50.080800         0.109676          31.937400         0.003220          0.000000          163.267000        31.937500        
1717852885        50.080800         0.109676          31.937400         0.003220          0.000000          163.267000        31.937500        
1717852895        50.080800         0.109676          31.937400         0.003220          0.000000          163.268000        31.937500        
1717852906        50.080800         0.109676          31.937400         0.003220          0.000000          163.266000        31.937500        
1717852916        50.080800         0.109676          31.937400         0.003220          0.000000          163.268000        31.937500        
1717852926        50.080800         0.109676          31.937400         0.003220          0.000000          163.269000        31.937500        
1717852936        50.080800         0.109676          31.937400         0.003220          0.000000          163.267000        31.937500        
1717852946        50.080800         0.109676          31.937400         0.003220          0.000000          163.268000        31.937500        
1717852956        50.080800         0.109676          31.937400         0.003220          0.000000          163.267000        31.937500        
1717852967        50.080800         0.109676          31.937400         0.003220          0.000000          163.267000        31.937500        
1717852977        50.080800         0.109676          31.937400         0.003220          0.000000          163.267000        31.937500        
1717852987        50.080800         0.109676          31.937400         0.003220          0.000000          163.269000        31.937500        
1717852997        50.080800         0.109676          31.937400         0.003220          0.000000          163.267000        31.937500        
1717853007        50.080800         0.109676          31.937400         0.003220          0.000000          163.267000        31.937500        
1717853018        50.080800         0.109676          31.937400         0.003220          0.000000          163.269000        31.937500        
1717853028        50.080800         0.109676          31.937400         0.003220          0.000000          163.270000        31.937500        
1717853038        50.080800         0.109676          31.937400         0.003220          0.000000          163.268000        31.937500        
1717853048        50.080800         0.109676          31.937400         0.003220          0.000000          163.269000        31.937500        
1717853058        50.080800         0.109676          31.937400         0.003220          0.000000          163.270000        31.937500        
1717853068        50.080800         0.109676          31.937400         0.003220          0.000000          163.267000        31.937500        
1717853079        50.080800         0.109676          31.937400         0.003220          0.000000          163.268000        31.937500        
1717853089        50.080800         0.109676          31.937400         0.003220          0.000000          163.268000        31.937500        
1717853099        50.080800         0.109676          31.937400         0.003220          0.000000          163.268000        31.937500        
1717853109        50.080800         0.109676          31.937400         0.003220          0.000000          163.269000        31.937500        
1717853119        50.080800         0.109676          31.937400         0.003220          0.000000          163.269000        31.937500        
1717853129        50.080800         0.109676          31.937400         0.003220          0.000000          163.268000        31.937500        
1717853140        50.080800         0.109676          31.937400         0.003220          0.000000          163.268000        31.937500        
1717853150        50.080800         0.109676          31.937400         0.003220          0.000000          163.268000        31.937500        
1717853160        50.080800         0.109676          31.937400         0.003220          0.000000          163.269000        31.937500        
1717853170        50.080800         0.109676          31.937400         0.003220          0.000000          163.271000        31.937500        
1717853180        50.080800         0.109676          31.937400         0.003220          0.000000          163.270000        31.937500        
1717853190        50.080800         0.109676          31.937400         0.003220          0.000000          163.271000        31.937500        
1717853201        50.080800         0.109676          31.937400         0.003220          0.000000          163.269000        31.937500        
1717853211        50.080800         0.109676          31.937400         0.003220          0.000000          163.269000        31.937500        
1717853221        50.080800         0.109676          31.937400         0.003220          0.000000          163.270000        31.937500        
1717853231        50.080800         0.109676          31.937400         0.003220          0.000000          163.271000        31.937500        
1717853241        50.080800         0.109676          31.937400         0.003220          0.000000          163.271000        31.937500        
1717853252        50.080800         0.109676          31.937400         0.003220          0.000000          163.271000        31.937500        
1717853262        50.080800         0.109676          31.937400         0.003220          0.000000          163.271000        31.937500        
1717853272        50.080800         0.109676          31.937400         0.003220          0.000000          163.270000        31.937500        
1717853282        50.080800         0.109676          31.937400         0.003220          0.000000          163.270000        31.937500        
1717853292        50.080800         0.109676          31.937400         0.003220          0.000000          163.271000        31.937500        
1717853302        50.080800         0.109676          31.937400         0.003220          0.000000          163.271000        31.937500        
1717853313        50.080800         0.109676          31.937400         0.003220          0.000000          163.272000        31.937500        
1717853323        50.080800         0.109676          31.937400         0.003220          0.000000          163.270000        31.937500        
1717853333        50.080800         0.109676          31.937400         0.003220          0.000000          163.271000        31.937500        
1717853343        50.080800         0.109676          31.937400         0.003220          0.000000          163.271000        31.937500        
1717853353        50.080800         0.109676          31.937400         0.003220          0.000000          163.272000        31.937500        
1717853363        50.080800         0.109676          31.937400         0.003220          0.000000          163.272000        31.937500        
1717853374        50.080800         0.109676          31.937400         0.003220          0.000000          163.271000        31.937500        
1717853384        50.080800         0.109676          31.937400         0.003220          0.000000          163.271000        31.937500        
1717853394        50.080800         0.109676          31.937400         0.003220          0.000000          163.271000        31.937500        
1717853404        50.080800         0.109676          31.937400         0.003220          0.000000          163.270000        31.937500        
1717853414        50.080800         0.109676          31.937400         0.003220          0.000000          163.272000        31.937500        
1717853424        50.080800         0.109676          31.937400         0.003220          0.000000          163.271000        31.937500        
1717853435        50.080800         0.109676          31.937400         0.003220          0.000000          163.271000        31.937500        
1717853445        50.080800         0.109676          31.937400         0.003220          0.000000          163.271000        31.937500        
1717853455        50.080800         0.109676          31.937400         0.003220          0.000000          163.273000        31.937500        
1717853465        50.080800         0.109676          31.937400         0.003220          0.000000          163.273000        31.937500        
1717853475        50.080800         0.109676          31.937400         0.003220          0.000000          163.272000        31.937500        
1717853485        50.080800         0.109676          31.937400         0.003220          0.000000          163.272000        31.937500        
1717853496        50.080800         0.109676          31.937400         0.003220          0.000000          163.272000        31.937500        
1717853506        50.080800         0.109676          31.937400         0.003220          0.000000          163.271000        31.937500        
1717853516        50.080800         0.109676          31.937400         0.003220          0.000000          163.274000        31.937500        
1717853526        50.080800         0.109676          31.937400         0.003220          0.000000          163.272000        31.937500        
1717853536        50.080800         1.142350          31.937400         0.046356          0.000000          163.216000        31.937500        
