      time tx_packets rx_packets        tx_bytes        rx_bytes  tx_errors tx_dropped rx_frame_errors rx_crc_errors
1717837436         47        146            6301          133476          0          0          0          0
1717837446         45        336            4842           81323          0          0          0          0
1717837457        105        319           11365          155308          0          0          0          0
1717837467         10        262            1206           18122          0          0          0          0
1717837477         46        256            4627           81480          0          0          0          0
1717837487          5        216             422           14910          0          0          0          0
1717837497          4        213             344           14106          0          0          0          0
1717837508          0        152               0            9510          0          0          0          0
1717837518          1        192              90           13838          0          0          0          0
1717837528          2        193             128           12048          0          0          0          0
1717837539          3        172             258           11256          0          0          0          0
1717837549          0        180               0           11814          0          0          0          0
1717837559          3        230             250           15334          0          0          0          0
1717837569          7        149             586            9200          0          0          0          0
1717837580          0        270               0           17760          0          0          0          0
1717837591          7        262             594           16934          0          0          0          0
1717837602          4        161             320            9972          0          0          0          0
1717837612         20        159            1704           10250          0          0          0          0
1717837622         36        233            3100           15432          0          0          0          0
1717837633         48        184            4128           12548          0          0          0          0
1717837643         39        183           43304           12667          0          0          0          0
1717837653          3        148             258            9582          0          0          0          0
1717837665          0        224               0           14324          0          0          0          0
1717837675          0        166               0           10714          0          0          0          0
1717837688          1        280              90           18650          0          0          0          0
1717837698          0        160               0           10770          0          0          0          0
1717837708          0        209               0           13216          0          0          0          0
1717837719          7        365             658           22852          0          0          0          0
1717837730          0        180               0           11476          0          0          0          0
1717837740          0        173               0           11134          0          0          0          0
1717837750          1        225              90           14830          0          0          0          0
1717837761          0        178               0           11564          0          0          0          0
1717837771          0        148               0            9608          0          0          0          0
1717837781          0        185               0           12998          0          0          0          0
1717837792          1        278              78           19202          0          0          0          0
1717837802          5       3584             498          216962          0          0          0          0
1717837812          4        176             300           12744          0          0          0          0
1717837823         12        187            1032           12936          0          0          0          0
1717837833          1        204              86           16140          0          0          0          0
1717837843          4        208             344           15314          0          0          0          0
1717837854         19        305            1634           20484          0          0          0          0
1717837864          8        280             688           19738          0          0          0          0
1717837874          6        296             516           22024          0          0          0          0
1717837885          5        314             430           22324          0          0          0          0
1717837895          4        233             344           17048          0          0          0          0
1717837905          0        192               0           13834          0          0          0          0
1717837916          0        281               0           20136          0          0          0          0
1717837926          0        243               0           16348          0          0          0          0
1717837936          0        232               0           17014          0          0          0          0
1717837947         39        356           45991           27069          0          0          0          0
1717837957          0        295               0           21496          0          0          0          0
1717837967          0        200               0           14392          0          0          0          0
1717837977          0        198               0           13856          0          0          0          0
1717837988          0        264               0           18342          0          0          0          0
1717837998          0        202               0           13570          0          0          0          0
1717838008          0        235               0           16951          0          0          0          0
1717838019          0        760               0           47256          0          0          0          0
1717838029          0        281               0           19598          0          0          0          0
1717838039          0        561               0           35732          0          0          0          0
1717838049          0        333               0           22242          0          0          0          0
1717838060          0        295               0           19832          0          0          0          0
1717838070          0        344               0           23656          0          0          0          0
1717838080          0        358               0           26454          0          0          0          0
1717838091          0        901               0           59304          0          0          0          0
1717838101          0        290               0           21534          0          0          0          0
1717838111          0        317               0           21438          0          0          0          0
1717838122          0        784               0           50914          0          0          0          0
1717838132          0        449               0           29634          0          0          0          0
1717838142          0        954               0           58290          0          0          0          0
1717838152          0        274               0           19932          0          0          0          0
1717838163          0        371               0           24722          0          0          0          0
1717838173          0        563               0           35860          0          0          0          0
1717838183          0        552               0           36058          0          0          0          0
1717838194          0        484               0           31354          0          0          0          0
1717838204          0        574               0           36780          0          0          0          0
1717838214          0        174               0           11584          0          0          0          0
1717838224          0       1093               0           68024          0          0          0          0
1717838235          0        178               0           11876          0          0          0          0
1717838245         41       1337           48985           81145          0          0          0          0
1717838255          0        312               0           19092          0          0          0          0
1717838265          0        336               0           20360          0          0          0          0
1717838276          0        174               0           10648          0          0          0          0
1717838286          0        142               0            9222          0          0          0          0
1717838296          0        182               0           11440          0          0          0          0
1717838307          0        162               0           10526          0          0          0          0
1717838317          7        308             658           19458          0          0          0          0
1717838327          0        239               0           16680          0          0          0          0
1717838337          0        244               0           17656          0          0          0          0
1717838348          0        349               0           26764          0          0          0          0
1717838358          0        428               0           34182          0          0          0          0
1717838368          0        335               0           26990          0          0          0          0
1717838379          0        437               0           34254          0          0          0          0
1717838389          0        347               0           27892          0          0          0          0
1717838399          0        238               0           17920          0          0          0          0
1717838409          2       5928             212          358962          0          0          0          0
1717838420          5        227             406           17780          0          0          0          0
1717838430          4        382             344           30478          0          0          0          0
1717838441          0        408               0           31396          0          0          0          0
1717838451          0        474               0           36994          0          0          0          0
1717838462          0        340               0           24698          0          0          0          0
1717838472          0        434               0           32376          0          0          0          0
1717838482          0        433               0           32688          0          0          0          0
1717838492          0        390               0           29926          0          0          0          0
1717838503          0        388               0           29468          0          0          0          0
1717838513          0        394               0           28840          0          0          0          0
1717838523          0        309               0           22804          0          0          0          0
1717838534          0        403               0           30524          0          0          0          0
1717838544         44        335           51339           24757          0          0          0          0
1717838554          3        359             250           27122          0          0          0          0
1717838564          0        301               0           22298          0          0          0          0
1717838575          2        271             132           18820          0          0          0          0
1717838586          0        333               0           24314          0          0          0          0
1717838596          0        306               0           22338          0          0          0          0
1717838607          0        355               0           26578          0          0          0          0
1717838617          0        791               0           52972          0          0          0          0
1717838627          0        316               0           22496          0          0          0          0
1717838641          0        436               0           31594          0          0          0          0
1717838652          0        373               0           28100          0          0          0          0
1717838663          0        212               0           14150          0          0          0          0
1717838673          0        251               0           17166          0          0          0          0
1717838683          0        868               0           71294          0          0          0          0
1717838694          0        827               0           67612          0          0          0          0
1717838704          0        839               0           67924          0          0          0          0
1717838714          0        799               0           64754          0          0          0          0
1717838725          0       1000               0           82022          0          0          0          0
1717838736          0        799               0           64008          0          0          0          0
1717838747          0       1257               0           94894          0          0          0          0
1717838757          0        659               0           52826          0          0          0          0
1717838767          0        783               0           62554          0          0          0          0
1717838778          7        706             582           56968          0          0          0          0
1717838788          1        836              86           68152          0          0          0          0
1717838798          1        829              86           67082          0          0          0          0
1717838809          0        543               0           43214          0          0          0          0
1717838819          2        841             172           68868          0          0          0          0
1717838829          0        623               0           49964          0          0          0          0
1717838839         42        691           51303           55079          0          0          0          0
1717838850          2        624             132           49716          0          0          0          0
1717838860          1        642              42           50454          0          0          0          0
1717838870          0        549               0           43148          0          0          0          0
1717838881          0        747               0           60768          0          0          0          0
1717838891          0        608               0           49298          0          0          0          0
1717838901          0        510               0           39076          0          0          0          0
1717838911          1        444              90           34860          0          0          0          0
1717838922          7        639             658           43790          0          0          0          0
1717838932          0        357               0           27140          0          0          0          0
1717838942          0        318               0           23812          0          0          0          0
1717838953          0        307               0           23178          0          0          0          0
1717838963          0        312               0           22516          0          0          0          0
1717838973          0        260               0           18590          0          0          0          0
1717838983          0        193               0           13400          0          0          0          0
1717838994          1        292              78           21238          0          0          0          0
1717839004          2       3210             256          193066          0          0          0          0
1717839014          1         81              42            5146          0          0          0          0
1717839025          0        124               0            8506          0          0          0          0
1717839035          0        193               0           12204          0          0          0          0
1717839045          0        146               0           10042          0          0          0          0
1717839056          0        253               0           16834          0          0          0          0
1717839066          0        344               0           21968          0          0          0          0
1717839076          0        572               0           35932          0          0          0          0
1717839086          0        632               0           40676          0          0          0          0
1717839097          0        729               0           46652          0          0          0          0
1717839107          0        322               0           22934          0          0          0          0
1717839117          2       1096             156           70076          0          0          0          0
1717839128          7        345             570           22650          0          0          0          0
1717839138         46        735           51687           47575          0          0          0          0
1717839148          0        915               0           57812          0          0          0          0
1717839158          4        521             344           32820          0          0          0          0
1717839169          0        280               0           19218          0          0          0          0
1717839179          1        294              86           20448          0          0          0          0
1717839189          4        288             344           20478          0          0          0          0
1717839200         11        525             946           33346          0          0          0          0
1717839210         39       1064            3354           66830          0          0          0          0
1717839220         20        696            1720           43580          0          0          0          0
1717839230         52        426            4472           29616          0          0          0          0
1717839241         21        515            1806           33240          0          0          0          0
1717839251         37        339            3182           21952          0          0          0          0
1717839261         23        199            1978           12668          0          0          0          0
1717839272          4        252             344           16056          0          0          0          0
1717839282         19        250            1634           17444          0          0          0          0
1717839293          5        714             430           43256          0          0          0          0
1717839304          9        156             774            9732          0          0          0          0
1717839314         10        170             836           10998          0          0          0          0
1717839324          7        177             602           11314          0          0          0          0
1717839334         23        163            1978           11054          0          0          0          0
1717839345          5        155             430           10418          0          0          0          0
1717839355          3        203             258           14546          0          0          0          0
1717839365          3        162             258           10136          0          0          0          0
1717839376          3        124             258            7804          0          0          0          0
1717839386          0        148               0            9192          0          0          0          0
1717839396          0        138               0            8384          0          0          0          0
1717839406          0        137               0            8376          0          0          0          0
1717839417          0        140               0            8478          0          0          0          0
1717839427          0        173               0           10822          0          0          0          0
1717839437         46        169           51983           11611          0          0          0          0
1717839448          1        179              42           11026          0          0          0          0
1717839458          0        163               0           10300          0          0          0          0
1717839468          0        147               0            9054          0          0          0          0
1717839478          0        132               0            8310          0          0          0          0
1717839489          0        164               0           10230          0          0          0          0
1717839499          0        132               0            8284          0          0          0          0
1717839509          0        153               0            9258          0          0          0          0
1717839520          7        376             658           23044          0          0          0          0
1717839530          0        126               0            8236          0          0          0          0
1717839540          0        113               0            7716          0          0          0          0
1717839550          0        226               0           16524          0          0          0          0
1717839561          0        169               0           11986          0          0          0          0
1717839571          0        132               0            9194          0          0          0          0
1717839581          0        170               0           11604          0          0          0          0
1717839592          0        114               0            7334          0          0          0          0
1717839602          2       7615             212          460312          0          0          0          0
1717839612          0        131               0            9290          0          0          0          0
1717839622          1        223              90           15724          0          0          0          0
1717839633          0        142               0           10600          0          0          0          0
1717839643          0        187               0           13092          0          0          0          0
1717839653          6        342             492           24524          0          0          0          0
1717839664          0        230               0           15620          0          0          0          0
1717839674          0        333               0           23022          0          0          0          0
1717839684          2        270             172           17214          0          0          0          0
1717839694         37        236            3182           15980          0          0          0          0
1717839705          6        248             516           16648          0          0          0          0
1717839715          4        219             344           14258          0          0          0          0
1717839725         33        194            2838           12550          0          0          0          0
1717839736         20        172            1720           11152          0          0          0          0
1717839746         62        206           53400           13661          0          0          0          0
1717839756          2        200             172           12572          0          0          0          0
1717839766          0        169               0           10738          0          0          0          0
1717839777          0        212               0           13344          0          0          0          0
1717839787          1        233              78           15930          0          0          0          0
1717839797          5        208             414           13962          0          0          0          0
1717839808          0        252               0           17330          0          0          0          0
1717839818          5        671             430           40728          0          0          0          0
1717839828          4        263             344           16638          0          0          0          0
1717839838          0        207               0           13642          0          0          0          0
1717839849         20        259            1720           17880          0          0          0          0
1717839859          4        205             320           13618          0          0          0          0
1717839869         16        185            1376           11802          0          0          0          0
1717839880          0        191               0           12084          0          0          0          0
1717839890          0        195               0           12298          0          0          0          0
1717839900          0        212               0           13942          0          0          0          0
1717839910          0        216               0           14156          0          0          0          0
1717839921          0        183               0           11916          0          0          0          0
1717839931          0        157               0            9602          0          0          0          0
1717839941          1        241              90           16518          0          0          0          0
1717839952          0        191               0           11668          0          0          0          0
1717839962          0        193               0           12906          0          0          0          0
1717839972          0        214               0           13776          0          0          0          0
1717839982          0        171               0           10286          0          0          0          0
1717839993          0        137               0            8324          0          0          0          0
1717840003          0        167               0           10228          0          0          0          0
1717840013          1        204              90           12478          0          0          0          0
1717840024          0        143               0            8736          0          0          0          0
1717840034          0        176               0           10768          0          0          0          0
1717840044         43        187           51852           12015          0          0          0          0
1717840054          0        186               0           12590          0          0          0          0
1717840065          0        141               0            8564          0          0          0          0
1717840075          1        196              90           11894          0          0          0          0
1717840086          0        165               0           10446          0          0          0          0
1717840096          0        134               0            8092          0          0          0          0
1717840106          0        183               0           11110          0          0          0          0
1717840117          6        259             616           15920          0          0          0          0
1717840127          0        329               0           20676          0          0          0          0
1717840137          6        203             492           13168          0          0          0          0
1717840147          0        218               0           13626          0          0          0          0
1717840158          0        169               0           10686          0          0          0          0
1717840168          0        203               0           12336          0          0          0          0
1717840178          0        170               0           11058          0          0          0          0
1717840189          0        136               0            8212          0          0          0          0
1717840199          0        148               0            8906          0          0          0          0
1717840209          2       3967             212          238052          0          0          0          0
1717840219          0         92               0            5962          0          0          0          0
1717840230          0        127               0            8140          0          0          0          0
1717840240          0        103               0            6284          0          0          0          0
1717840250          0         90               0            5504          0          0          0          0
1717840261          1         86              78            5732          0          0          0          0
1717840271          6        128             456            7896          0          0          0          0
1717840281          0        114               0            6884          0          0          0          0
1717840292          0        196               0           11942          0          0          0          0
1717840302          0        254               0           15812          0          0          0          0
1717840312          0        201               0           12658          0          0          0          0
1717840323          0        180               0           11008          0          0          0          0
1717840333          1        462              86           28058          0          0          0          0
1717840343         46       1474           52197           89697          0          0          0          0
1717840354          0       1426               0           86270          0          0          0          0
1717840364         36       1390            6325           88523          0          0          0          0
1717840374          2       1280             172           77198          0          0          0          0
1717840384          2       1257             172           75552          0          0          0          0
1717840395          0       1065               0           64888          0          0          0          0
1717840405          0        206               0           13478          0          0          0          0
1717840415          0        738               0           44514          0          0          0          0
1717840426          2       1573             108           95764          0          0          0          0
1717840436          4       1307             320           79902          0          0          0          0
1717840446          6        114             516            8296          0          0          0          0
1717840457          8         95             688            6324          0          0          0          0
1717840467         19        127            1634            8140          0          0          0          0
1717840477         12         95            1032            6064          0          0          0          0
1717840488         18         98            1484            6380          0          0          0          0
1717840498          0       1101               0           66250          0          0          0          0
1717840508          6       1510             492           91086          0          0          0          0
1717840519          0        684               0           41144          0          0          0          0
1717840529          0        291               0           18352          0          0          0          0
1717840539          2       1098             152           65956          0          0          0          0
1717840549          6        581             472           34938          0          0          0          0
1717840560         11        295             906           17856          0          0          0          0
1717840570          4        217             344           13124          0          0          0          0
1717840580          9        504             766           30898          0          0          0          0
1717840591          6        455             492           28540          0          0          0          0
1717840601          6        367             488           22694          0          0          0          0
1717840611         17        204            1378           14606          0          0          0          0
1717840621          4       1058             344           65144          0          0          0          0
1717840632         22        221            1892           15314          0          0          0          0
1717840642         49        888           52539           55461          0          0          0          0
1717840652          7        665             602           42258          0          0          0          0
1717840663          8        470             648           28492          0          0          0          0
1717840673          8        234             644           15106          0          0          0          0
1717840683          4        224             348           14614          0          0          0          0
1717840693          4        374             336           23576          0          0          0          0
1717840704          6        996             500           60904          0          0          0          0
1717840714          0        225               0           14514          0          0          0          0
1717840724         12        452            1088           29034          0          0          0          0
1717840735          1        429              86           27222          0          0          0          0
1717840745          4        381             344           24264          0          0          0          0
1717840755          3        197             258           13120          0          0          0          0
1717840766          0        145               0            9142          0          0          0          0
1717840776          0        323               0           21512          0          0          0          0
1717840786          0        544               0           35318          0          0          0          0
1717840796          0        213               0           14028          0          0          0          0
1717840807          2       3378             212          204506          0          0          0          0
1717840817          0        284               0           18392          0          0          0          0
1717840827          0        189               0           13030          0          0          0          0
1717840838          0        146               0           10554          0          0          0          0
1717840848          0        167               0           12776          0          0          0          0
1717840858          0        180               0           12152          0          0          0          0
1717840869          6       7140             907          428586          0          0          0          0
1717840879          0        126               0            8938          0          0          0          0
1717840889          0        152               0           10871          0          0          0          0
1717840899          0         96               0            6384          0          0          0          0
1717840910          0         78               0            4810          0          0          0          0
1717840920          0        132               0            9298          0          0          0          0
1717840930          0        144               0            9264          0          0          0          0
1717840940         42        104           52066            7465          0          0          0          0
1717840951          1        148              42           10128          0          0          0          0
1717840961          0        562               0           33850          0          0          0          0
1717840971          0        189               0           11366          0          0          0          0
1717840982          0        237               0           14792          0          0          0          0
1717840992          0        249               0           15954          0          0          0          0
1717841002          0       1261               0           76102          0          0          0          0
1717841013          0        313               0           19742          0          0          0          0
1717841023          0        688               0           41826          0          0          0          0
1717841033          0        403               0           24258          0          0          0          0
1717841044          0        401               0           24216          0          0          0          0
1717841054          0        197               0           11872          0          0          0          0
1717841064          0        220               0           13226          0          0          0          0
1717841074          0        355               0           22764          0          0          0          0
1717841085          5        262             406           16492          0          0          0          0
1717841095         48        767            4128           48430          0          0          0          0
1717841105          0        239               0           15718          0          0          0          0
1717841116          0        713               0           45926          0          0          0          0
1717841126          0        356               0           23128          0          0          0          0
1717841136          1       1181              90           72762          0          0          0          0
1717841147          0        273               0           17914          0          0          0          0
1717841157          0        312               0           20436          0          0          0          0
1717841167          0        356               0           22452          0          0          0          0
1717841177          0        439               0           27640          0          0          0          0
1717841188          0        674               0           43092          0          0          0          0
1717841198          1        261              78           18728          0          0          0          0
1717841208          5        261             418           17840          0          0          0          0
1717841219          0        279               0           19392          0          0          0          0
1717841229          0        179               0           11260          0          0          0          0
1717841239         42        187           52147           12411          0          0          0          0
1717841249          1        221              42           14456          0          0          0          0
1717841260          0        203               0           12700          0          0          0          0
1717841270          1        201              90           12714          0          0          0          0
1717841280          0        253               0           16801          0          0          0          0
1717841291          0        201               0           13152          0          0          0          0
1717841301          1        166              86           10584          0          0          0          0
1717841311          6        220             472           14630          0          0          0          0
1717841321          8        405             744           24646          0          0          0          0
1717841332          0        202               0           12700          0          0          0          0
1717841342          0        217               0           14338          0          0          0          0
1717841352          0        170               0           11162          0          0          0          0
1717841363          0        151               0            9632          0          0          0          0
1717841373          0        169               0           10530          0          0          0          0
1717841383          0        976               0           79360          0          0          0          0
1717841393          1        971              78           79554          0          0          0          0
1717841404         12       5630            1659          364038          0          0          0          0
1717841414          6        992             500           82782          0          0          0          0
1717841424          1       1222              78          103038          0          0          0          0
1717841435          0       1228               0          102800          0          0          0          0
1717841445          0       1243               0          103622          0          0          0          0
1717841455          0        939               0           77790          0          0          0          0
1717841465          0       1015               0           85132          0          0          0          0
1717841476          0        972               0           81226          0          0          0          0
1717841486          0        909               0           76510          0          0          0          0
1717841496          0       1204               0          102036          0          0          0          0
1717841507          0       1228               0          104074          0          0          0          0
1717841517          0       1306               0          109612          0          0          0          0
1717841527          0       1065               0           89640          0          0          0          0
1717841537         43       1369           53345          115799          0          0          0          0
1717841548          1       1279              42          107616          0          0          0          0
1717841558          0        998               0           83644          0          0          0          0
1717841568          0       1342               0          112656          0          0          0          0
1717841579          0       1041               0           83806          0          0          0          0
1717841589          0        825               0           65204          0          0          0          0
1717841599          6        898             492           67764          0          0          0          0
1717841609          0        777               0           62350          0          0          0          0
1717841620          5       1108             414           83138          0          0          0          0
1717841630          0        904               0           72856          0          0          0          0
1717841640          0        695               0           55350          0          0          0          0
1717841651          0        560               0           43428          0          0          0          0
1717841661          0        492               0           38386          0          0          0          0
1717841671          0        642               0           50948          0          0          0          0
1717841682          0        825               0           66738          0          0          0          0
1717841692          0        671               0           54092          0          0          0          0
1717841702          0        316               0           22912          0          0          0          0
1717841712          2        287             132           19538          0          0          0          0
1717841723          0        219               0           15298          0          0          0          0
1717841733          0        293               0           19712          0          0          0          0
1717841743          0        225               0           15346          0          0          0          0
1717841754          0        237               0           16482          0          0          0          0
1717841764          0        236               0           16786          0          0          0          0
1717841775          0        244               0           15810          0          0          0          0
1717841785          0        258               0           18002          0          0          0          0
1717841795          0        248               0           16492          0          0          0          0
1717841806          0        282               0           20404          0          0          0          0
1717841816          0        236               0           16448          0          0          0          0
1717841826          0        297               0           22136          0          0          0          0
1717841836         44        291           54010           20927          0          0          0          0
1717841847          1        253              42           16870          0          0          0          0
1717841857          0        263               0           18458          0          0          0          0
1717841867          0        291               0           20242          0          0          0          0
1717841878          6        254             492           17268          0          0          0          0
1717841888         36        254            3096           17762          0          0          0          0
1717841898          4        513             344           33224          0          0          0          0
1717841909          0       1234               0           75392          0          0          0          0
1717841919          6        560             616           35930          0          0          0          0
1717841929          4        384             292           25190          0          0          0          0
1717841939          2        504             156           32216          0          0          0          0
1717841950         16        283            1376           18098          0          0          0          0
1717841960          0        309               0           21504          0          0          0          0
1717841970          0        374               0           24260          0          0          0          0
1717841981          0        270               0           17630          0          0          0          0
1717841991          0        770               0           47188          0          0          0          0
1717842001          0       2723               0          163878          0          0          0          0
1717842011          2       2270             212          135942          0          0          0          0
1717842022          5        532             406           32250          0          0          0          0
1717842032          0        491               0           29822          0          0          0          0
1717842042          0        734               0           43990          0          0          0          0
1717842053          0        173               0           11810          0          0          0          0
1717842063          1        274              86           16674          0          0          0          0
1717842073          0        319               0           20024          0          0          0          0
1717842083          0        365               0           23122          0          0          0          0
1717842094          3        395             258           24740          0          0          0          0
1717842104          1        370              86           23552          0          0          0          0
1717842114          2        123             172            8498          0          0          0          0
1717842125          2        151             172           10490          0          0          0          0
1717842135          3        252             258           19072          0          0          0          0
1717842145         47        181           54306           13339          0          0          0          0
1717842156          0        102               0            6796          0          0          0          0
1717842166          0        121               0            7702          0          0          0          0
1717842176          2        161             172           11532          0          0          0          0
1717842186          4        103             344            6466          0          0          0          0
1717842197          1        136              86            9798          0          0          0          0
1717842207          3        133             258            9722          0          0          0          0
1717842217          1        333              86           21800          0          0          0          0
1717842227          5        227             430           14374          0          0          0          0
1717842238          3        286             258           19240          0          0          0          0
1717842248          6        272             516           18764          0          0          0          0
1717842258          0        269               0           18428          0          0          0          0
1717842269          1        278              86           19878          0          0          0          0
1717842279          7        381             602           28970          0          0          0          0
1717842289          8        602             672           47760          0          0          0          0
1717842300          3        688             250           54202          0          0          0          0
1717842310          4        637             344           49530          0          0          0          0
1717842320          4        562             344           43964          0          0          0          0
1717842331          9        524             750           40852          0          0          0          0
1717842341         25        545            2154           42931          0          0          0          0
1717842351          9        552             750           43538          0          0          0          0
1717842361          7        634             586           49784          0          0          0          0
1717842372          7        448             594           34654          0          0          0          0
1717842382         26        492            2220           38100          0          0          0          0
1717842392         12        496            1032           38262          0          0          0          0
1717842403         10        677             864           54274          0          0          0          0
1717842413         26        486            2236           38503          0          0          0          0
1717842423          1        643              86           51996          0          0          0          0
1717842434          0        496               0           38158          0          0          0          0
1717842444         45        636           54218           50779          0          0          0          0
1717842454          0        612               0           47952          0          0          0          0
1717842464          2        548             132           42868          0          0          0          0
1717842475          0        615               0           48340          0          0          0          0
1717842485          0        514               0           40070          0          0          0          0
1717842495          0        627               0           48800          0          0          0          0
1717842506          0        462               0           35988          0          0          0          0
1717842516          0        342               0           25625          0          0          0          0
1717842526          7        746             658           55358          0          0          0          0
1717842536          0        486               0           38468          0          0          0          0
1717842547          0        516               0           38994          0          0          0          0
1717842557          0        447               0           33762          0          0          0          0
1717842568          0        603               0           47282          0          0          0          0
1717842578          2        488             156           37626          0          0          0          0
1717842588          3        442             258           33930          0          0          0          0
1717842599          0        399               0           30440          0          0          0          0
1717842609          2       5145             212          313178          0          0          0          0
1717842619          0        302               0           22384          0          0          0          0
1717842629          0        404               0           27620          0          0          0          0
1717842640          0        294               0           22008          0          0          0          0
1717842650          0        256               0           19000          0          0          0          0
1717842660          0        298               0           20818          0          0          0          0
1717842671          0        332               0           22936          0          0          0          0
1717842681          0        361               0           26141          0          0          0          0
1717842691          0        308               0           21184          0          0          0          0
1717842701          0        253               0           17936          0          0          0          0
1717842712          0        264               0           18596          0          0          0          0
1717842722          5        239             406           16654          0          0          0          0
1717842732          1        330              86           24160          0          0          0          0
1717842743         45        221           54299           15505          0          0          0          0
1717842753          0        263               0           17730          0          0          0          0
1717842763          2        193             132           12286          0          0          0          0
1717842774         10        197             860           12652          0          0          0          0
1717842784          3        174             258           10804          0          0          0          0
1717842794          0        183               0           12514          0          0          0          0
1717842804          0        168               0           10548          0          0          0          0
1717842815          0        181               0           11302          0          0          0          0
1717842825          0        690               0           42596          0          0          0          0
1717842835          0        174               0           10882          0          0          0          0
1717842846          0        201               0           12588          0          0          0          0
1717842856          0        185               0           12184          0          0          0          0
1717842866          0        202               0           13654          0          0          0          0
1717842877          0        222               0           15244          0          0          0          0
1717842887          0        229               0           14936          0          0          0          0
1717842897          0        223               0           14420          0          0          0          0
1717842907          0        233               0           14578          0          0          0          0
1717842918          0        247               0           16848          0          0          0          0
1717842928          0        208               0           14326          0          0          0          0
1717842938          0        239               0           17044          0          0          0          0
1717842949          0        265               0           18058          0          0          0          0
1717842959          0        237               0           15468          0          0          0          0
1717842969          0        201               0           13152          0          0          0          0
1717842979          0        187               0           11912          0          0          0          0
1717842990          0        256               0           17476          0          0          0          0
1717843001          0        167               0           10670          0          0          0          0
1717843011          6        194             492           12732          0          0          0          0
1717843021          0        209               0           13164          0          0          0          0
1717843032         16        191            1376           12474          0          0          0          0
1717843042         54        219           55155           14423          0          0          0          0
1717843052          7        158             602            9688          0          0          0          0
1717843062          5        177             430           11166          0          0          0          0
1717843073          6        130             516            8034          0          0          0          0
1717843083          6        222             516           13892          0          0          0          0
1717843093          1        177              86           11080          0          0          0          0
1717843104          0        173               0           10640          0          0          0          0
1717843114          0        181               0           11666          0          0          0          0
1717843124          7        386             658           24736          0          0          0          0
1717843134          0        214               0           14166          0          0          0          0
1717843145          0        220               0           13668          0          0          0          0
1717843155          0        182               0           11076          0          0          0          0
1717843165          0        151               0            9138          0          0          0          0
1717843176          0        172               0           10580          0          0          0          0
1717843186          0        167               0           10618          0          0          0          0
1717843196          0        141               0            8642          0          0          0          0
1717843206          2       4996             212          299922          0          0          0          0
1717843217          0        129               0            7818          0          0          0          0
1717843227          6         92             492            5754          0          0          0          0
1717843237          2        180             172           11190          0          0          0          0
1717843248          5        106             406            6456          0          0          0          0
1717843258          3         83             258            5110          0          0          0          0
1717843268          2         86             172            5264          0          0          0          0
1717843279          2        144             172            9368          0          0          0          0
1717843289         20        115            1720            7758          0          0          0          0
1717843299          0        149               0           10240          0          0          0          0
1717843309          0        107               0            7018          0          0          0          0
1717843320          0        111               0            7700          0          0          0          0
1717843330          0        140               0           10454          0          0          0          0
1717843340         44        155           54766           10629          0          0          0          0
1717843351          1        171              42           12158          0          0          0          0
1717843361          0        128               0            8824          0          0          0          0
1717843371          0        144               0            9940          0          0          0          0
1717843381          0        102               0            6822          0          0          0          0
1717843392          0        102               0            6848          0          0          0          0
1717843402          0        107               0            6888          0          0          0          0
1717843412          0        141               0            8902          0          0          0          0
1717843423          0        468               0           29172          0          0          0          0
1717843433          0        395               0           25260          0          0          0          0
1717843443          0        370               0           24202          0          0          0          0
1717843453          0        237               0           17184          0          0          0          0
1717843464          0        250               0           18510          0          0          0          0
1717843474          0        332               0           22026          0          0          0          0
1717843484          0        168               0           11588          0          0          0          0
1717843495          0        727               0           45024          0          0          0          0
1717843505          0        176               0           11756          0          0          0          0
1717843515          0        521               0           31624          0          0          0          0
1717843525          1        277              90           20342          0          0          0          0
1717843536          0       1280               0           79062          0          0          0          0
1717843546          0        269               0           18870          0          0          0          0
1717843556          1        287              42           19950          0          0          0          0
1717843567          0        279               0           17754          0          0          0          0
1717843577          0        352               0           22810          0          0          0          0
1717843587          1        467              90           28934          0          0          0          0
1717843598          0        344               0           23214          0          0          0          0
1717843608          0        337               0           24328          0          0          0          0
1717843618          0        983               0           61424          0          0          0          0
1717843629          0        233               0           16554          0          0          0          0
1717843639         46        643           55547           40637          0          0          0          0
1717843649          1        802              90           49242          0          0          0          0
1717843659          0        522               0           33920          0          0          0          0
1717843670          0        162               0           10734          0          0          0          0
1717843680          0        230               0           15464          0          0          0          0
1717843690          0        189               0           13290          0          0          0          0
1717843701          0        425               0           26488          0          0          0          0
1717843711          0        626               0           37924          0          0          0          0
1717843721          6        289             616           19254          0          0          0          0
1717843731          1        273              42           18278          0          0          0          0
1717843742          0        501               0           32140          0          0          0          0
1717843752          0        207               0           14552          0          0          0          0
1717843763          0        259               0           18738          0          0          0          0
1717843773          0        163               0           10768          0          0          0          0
1717843783          0        170               0           11578          0          0          0          0
1717843794          1        248              78           17532          0          0          0          0
1717843804          6       5131             583          309920          0          0          0          0
1717843814          7        166             562           12382          0          0          0          0
1717843824          0        195               0           13650          0          0          0          0
1717843835          0        212               0           16334          0          0          0          0
1717843845          2        262             164           20088          0          0          0          0
1717843855          8        293             672           21298          0          0          0          0
1717843866         19        336            1618           23930          0          0          0          0
1717843876         30        339            2564           25202          0          0          0          0
1717843886         11        227             946           16108          0          0          0          0
1717843897         22        294            1892           20396          0          0          0          0
1717843907         35        241            3010           17554          0          0          0          0
1717843917         15        226            1290           15952          0          0          0          0
1717843927         42        298            3588           21356          0          0          0          0
1717843938         67        312           59252           22823          0          0          0          0
1717843948          8        274             628           20236          0          0          0          0
1717843958         39        313            3346           22134          0          0          0          0
1717843968         53        264            4558           19402          0          0          0          0
1717843979         68        270            5848           19892          0          0          0          0
1717843989         39        212            3354           14826          0          0          0          0
1717843999         17        644            1462           41032          0          0          0          0
1717844010          3        938             258           58022          0          0          0          0
1717844020          1       1092              86           68974          0          0          0          0
1717844030         38       1036            6389           67689          0          0          0          0
1717844041          1        822              86           52258          0          0          0          0
1717844051          0       1220               0           75800          0          0          0          0
1717844061         16        561            1376           34960          0          0          0          0
1717844071          0        203               0           14806          0          0          0          0
1717844082          1        152              66           10842          0          0          0          0
1717844092          1        172              42           12530          0          0          0          0
1717844102          0       1487               0           90900          0          0          0          0
1717844113          0       1469               0           89632          0          0          0          0
1717844123          0        307               0           19148          0          0          0          0
1717844133          0        163               0           10543          0          0          0          0
1717844144          1        718              66           45296          0          0          0          0
1717844154          1        427              42           27284          0          0          0          0
1717844164          6        184             492           13250          0          0          0          0
1717844174         21        184            1806           12990          0          0          0          0
1717844185          4        179             320           12630          0          0          0          0
1717844195         23        196            1978           13138          0          0          0          0
1717844205          2        159             152           11106          0          0          0          0
1717844216         33        321            2794           24382          0          0          0          0
1717844227         18        215            1548           16150          0          0          0          0
1717844237         67        264           63005           20835          0          0          0          0
1717844247          8        233             644           17360          0          0          0          0
1717844257         37        243            3182           17518          0          0          0          0
1717844268         38        267            3204           20108          0          0          0          0
1717844278          5        260             430           19110          0          0          0          0
1717844288         20        206            1720           14830          0          0          0          0
1717844299          2        220             172           16832          0          0          0          0
1717844309          0        250               0           19368          0          0          0          0
1717844319          6        241             616           15516          0          0          0          0
1717844330          3        295             174           19318          0          0          0          0
1717844340          0        139               0            9094          0          0          0          0
1717844350          0        170               0           11656          0          0          0          0
1717844360          0        146               0           10294          0          0          0          0
1717844371          0        222               0           14152          0          0          0          0
1717844381          0        176               0           11754          0          0          0          0
1717844391          0        757               0           46176          0          0          0          0
1717844402          1       3257             169          197350          0          0          0          0
1717844412          1        261              42           17376          0          0          0          0
1717844423          0        574               0           35610          0          0          0          0
1717844433          0       1274               0           78442          0          0          0          0
1717844443          0        308               0           22510          0          0          0          0
1717844453          0        205               0           14120          0          0          0          0
1717844464          5       5173             864          312204          0          0          0          0
1717844474          1        448              42           30494          0          0          0          0
1717844484          0        469               0           30350          0          0          0          0
1717844495          0        378               0           26554          0          0          0          0
1717844505          0        436               0           29722          0          0          0          0
1717844515          0        622               0           38230          0          0          0          0
1717844525          0        405               0           24768          0          0          0          0
1717844536          0        128               0            8720          0          0          0          0
1717844546         51       1316           64064           80191          0          0          0          0
1717844556          0        423               0           26394          0          0          0          0
1717844567          0        139               0            8990          0          0          0          0
1717844577          0        213               0           13092          0          0          0          0
1717844587          4        265             320           16204          0          0          0          0
1717844598          2        471             172           29066          0          0          0          0
1717844608          0       1081               0           65952          0          0          0          0
1717844618          1        605              86           37834          0          0          0          0
1717844629          0        358               0           22884          0          0          0          0
1717844639          0        506               0           31478          0          0          0          0
1717844649          0        235               0           14802          0          0          0          0
1717844659          0        209               0           13164          0          0          0          0
1717844670          3        199             174           12290          0          0          0          0
1717844680          1        177              90           10780          0          0          0          0
1717844690          0        162               0           10370          0          0          0          0
1717844701          0        184               0           12080          0          0          0          0
1717844711          0        214               0           13698          0          0          0          0
1717844721          0        203               0           12448          0          0          0          0
1717844732          0        204               0           13194          0          0          0          0
1717844742          1        216              90           13666          0          0          0          0
1717844752          0        165               0           10472          0          0          0          0
1717844762          2        194             156           12420          0          0          0          0
1717844773          3        164             250           10560          0          0          0          0
1717844783          1        230              86           14892          0          0          0          0
1717844793          1        156              86            9958          0          0          0          0
1717844804          4        216             320           13966          0          0          0          0
1717844814          2        188             176           12298          0          0          0          0
1717844824          4        157             320           10504          0          0          0          0
1717844835         29        235            2494           16206          0          0          0          0
1717844845         68        242           67837           16329          0          0          0          0
1717844855         12        213            1032           14470          0          0          0          0
1717844865         21        272            1766           18942          0          0          0          0
1717844876          3        218             242           14562          0          0          0          0
1717844886          5        245             386           17404          0          0          0          0
1717844896          1        200              86           13456          0          0          0          0
1717844907          4        168             344           10236          0          0          0          0
1717844917          3        174             258           10570          0          0          0          0
1717844927          7        355             658           22408          0          0          0          0
1717844938          0        230               0           15464          0          0          0          0
1717844948          0        224               0           14948          0          0          0          0
1717844958          0        236               0           16500          0          0          0          0
1717844968          5        222             430           15270          0          0          0          0
1717844979          0        250               0           16612          0          0          0          0
1717844989          0        253               0           17858          0          0          0          0
1717844999          4        264             320           18050          0          0          0          0
1717845010          7       4930             641          297522          0          0          0          0
1717845020          3        217             258           16426          0          0          0          0
1717845030          0        218               0           16616          0          0          0          0
1717845041          4        241             344           18178          0          0          0          0
1717845051          8        145             672            9766          0          0          0          0
1717845061          5        252             422           19046          0          0          0          0
1717845071         15        302            1290           23762          0          0          0          0
1717845082         10        170             852           12636          0          0          0          0
1717845092          3        219             242           16676          0          0          0          0
1717845102          4        201             344           15336          0          0          0          0
1717845113         19        242            1634           17718          0          0          0          0
1717845123          6        149             516           10708          0          0          0          0
1717845133         21        298            1806           23106          0          0          0          0
1717845144         58        141           69432           10497          0          0          0          0
1717845154          0        218               0           16460          0          0          0          0
1717845164          0        135               0            9790          0          0          0          0
1717845174          0        194               0           13772          0          0          0          0
1717845185          0        191               0           14502          0          0          0          0
1717845195          0        140               0            8894          0          0          0          0
1717845205          0        144               0           10122          0          0          0          0
1717845216          0        120               0            8448          0          0          0          0
1717845226          0        428               0           28046          0          0          0          0
1717845236          0        195               0           13728          0          0          0          0
1717845247          0        109               0            7034          0          0          0          0
1717845257          0        128               0            8330          0          0          0          0
1717845267          0         87               0            5532          0          0          0          0
1717845278          0        110               0            7224          0          0          0          0
1717845288          0        109               0            7606          0          0          0          0
1717845298          0        117               0            8008          0          0          0          0
1717845308          0        114               0            7074          0          0          0          0
1717845319          0        139               0            9900          0          0          0          0
1717845329          0        264               0           17400          0          0          0          0
1717845339          0        229               0           15352          0          0          0          0
1717845350          0        206               0           13920          0          0          0          0
1717845360          0        214               0           14868          0          0          0          0
1717845370          0        236               0           15434          0          0          0          0
1717845381          0        259               0           17655          0          0          0          0
1717845391          0        235               0           15920          0          0          0          0
1717845401          0        218               0           15342          0          0          0          0
1717845412          0        262               0           17566          0          0          0          0
1717845422          0        202               0           13550          0          0          0          0
1717845432          0        227               0           15466          0          0          0          0
1717845442         56        207           72061           13755          0          0          0          0
1717845453          0        235               0           15244          0          0          0          0
1717845463          0        276               0           18484          0          0          0          0
1717845473          0        176               0           11262          0          0          0          0
1717845484          0        173               0           11004          0          0          0          0
1717845494          0        210               0           13640          0          0          0          0
1717845504          0        223               0           14004          0          0          0          0
1717845514          0        187               0           12026          0          0          0          0
1717845525          7        361             658           22898          0          0          0          0
1717845535          3        253             234           16792          0          0          0          0
1717845545          5        210             430           13822          0          0          0          0
1717845556          7        206             594           13912          0          0          0          0
1717845566          0        245               0           15896          0          0          0          0
1717845576          0        238               0           16126          0          0          0          0
1717845586          0        242               0           16366          0          0          0          0
1717845597          0        196               0           12540          0          0          0          0
1717845607          8       5915             703          355218          0          0          0          0
1717845617          7        107             578            7304          0          0          0          0
1717845628          5        155             430           10808          0          0          0          0
1717845638         10        156             836           10626          0          0          0          0
1717845648         20        136            1720            8888          0          0          0          0
1717845659         33        133            2838            9228          0          0          0          0
1717845669         18        101            1548            7048          0          0          0          0
1717845679         16        120            1376            8500          0          0          0          0
1717845689          3         85             258            5464          0          0          0          0
1717845700          0        137               0            8610          0          0          0          0
1717845710          0         78               0            4940          0          0          0          0
1717845720          0        129               0            8546          0          0          0          0
1717845731          0        127               0            8790          0          0          0          0
1717845741         57        136           74888           10333          0          0          0          0
1717845751          1        116              42            7636          0          0          0          0
1717845761          0        197               0           13588          0          0          0          0
1717845772          0        153               0           10480          0          0          0          0
1717845782          0        120               0            7928          0          0          0          0
1717845792          0         78               0            4862          0          0          0          0
1717845803          0         90               0            5608          0          0          0          0
1717845813          0        110               0            7692          0          0          0          0
1717845823          0        322               0           19632          0          0          0          0
1717845834          0        222               0           14204          0          0          0          0
1717845844          5        202             406           12354          0          0          0          0
1717845854          5        226             430           14652          0          0          0          0
1717845864          7        194             602           13148          0          0          0          0
1717845875         37        260            3182           18624          0          0          0          0
1717845885          8        223             692           15196          0          0          0          0
1717845895          4        272             320           18418          0          0          0          0
1717845906          4        215             344           14278          0          0          0          0
1717845916          0        217               0           14450          0          0          0          0
1717845926          2        202             132           13138          0          0          0          0
1717845937          0        176               0           11418          0          0          0          0
1717845947          1        208              90           14850          0          0          0          0
1717845957          0        215               0           13446          0          0          0          0
1717845967          0        193               0           11970          0          0          0          0
1717845978          0        199               0           12252          0          0          0          0
1717845988          0        182               0           11440          0          0          0          0
1717845998          6        145             492            9038          0          0          0          0
1717846009          2        143             132            8922          0          0          0          0
1717846019          0        198               0           12894          0          0          0          0
1717846029          1        237              86           15338          0          0          0          0
1717846040         62        218           77013           14259          0          0          0          0
1717846050          1        322              42           23194          0          0          0          0
1717846060          0        326               0           24006          0          0          0          0
1717846070          4        331             344           24306          0          0          0          0
1717846081         18        323            1548           23384          0          0          0          0
1717846091          1        388              86           28212          0          0          0          0
1717846101          0        305               0           22200          0          0          0          0
1717846111          0        305               0           21498          0          0          0          0
1717846122          6        517             616           37588          0          0          0          0
1717846132          1        418              42           29786          0          0          0          0
1717846142          0        333               0           24634          0          0          0          0
1717846153          0        342               0           24888          0          0          0          0
1717846163          0        297               0           21304          0          0          0          0
1717846173          0        353               0           25756          0          0          0          0
1717846183          0        300               0           22030          0          0          0          0
1717846194          0        387               0           29200          0          0          0          0
1717846204          1       5373             170          326312          0          0          0          0
1717846214          1        314              42           24803          0          0          0          0
1717846225          0        902               0           74530          0          0          0          0
1717846235          1        939              78           79021          0          0          0          0
1717846245          5        746             414           61322          0          0          0          0
1717846255          0        749               0           62178          0          0          0          0
1717846266          0        715               0           59566          0          0          0          0
1717846276          5        785             430           65768          0          0          0          0
1717846286          0        882               0           72966          0          0          0          0
1717846296          4       1001             344           83824          0          0          0          0
1717846307          4        917             344           75846          0          0          0          0
1717846317          0        586               0           48316          0          0          0          0
1717846327          5        880             430           73314          0          0          0          0
1717846338         66        860           78070           70563          0          0          0          0
1717846348          5       1079             362           88418          0          0          0          0
1717846358          3        969             258           78706          0          0          0          0
1717846368          0        987               0           80939          0          0          0          0
1717846379          0        698               0           55868          0          0          0          0
1717846389          0        641               0           51226          0          0          0          0
1717846399          0        642               0           51199          0          0          0          0
1717846409          0        960               0           78184          0          0          0          0
1717846420          0        929               0           69572          0          0          0          0
1717846430          0        581               0           42062          0          0          0          0
1717846440          0        877               0           70846          0          0          0          0
1717846451          2        461             132           36279          0          0          0          0
1717846461          0        658               0           52636          0          0          0          0
1717846471          0        624               0           49868          0          0          0          0
1717846481          1        615              78           48158          0          0          0          0
1717846492          3        491             258           38474          0          0          0          0
1717846502          0        602               0           47426          0          0          0          0
1717846512          2        632             156           49416          0          0          0          0
1717846523          3        531             258           41723          0          0          0          0
1717846533          0        358               0           26290          0          0          0          0
1717846543          0        282               0           19581          0          0          0          0
1717846553          0        221               0           14040          0          0          0          0
1717846564          0        283               0           19502          0          0          0          0
1717846574          0        173               0           11542          0          0          0          0
1717846584          0        182               0           12054          0          0          0          0
1717846594          0        242               0           16610          0          0          0          0
1717846605          0        222               0           14516          0          0          0          0
1717846615          0        236               0           15226          0          0          0          0
1717846625          0        190               0           12206          0          0          0          0
1717846636          6        485             492           29586          0          0          0          0
1717846646         61        229           79195           16075          0          0          0          0
1717846656          1        181              86           11484          0          0          0          0
1717846666          1        235              86           16024          0          0          0          0
1717846677          0        217               0           13800          0          0          0          0
1717846687          0       1165               0           71070          0          0          0          0
1717846698          0        597               0           36262          0          0          0          0
1717846708          0        956               0           57698          0          0          0          0
1717846719          6        412             616           26036          0          0          0          0
1717846730          1        390              42           23998          0          0          0          0
1717846740          0        427               0           25776          0          0          0          0
1717846750          0        272               0           16866          0          0          0          0
1717846761          0        258               0           16494          0          0          0          0
1717846771          0        256               0           15906          0          0          0          0
1717846781          0        183               0           11344          0          0          0          0
1717846792          0        752               0           46108          0          0          0          0
1717846802          1       4301             170          259912          0          0          0          0
1717846812          1        239              42           15510          0          0          0          0
1717846823          6        654             492           41320          0          0          0          0
1717846833          2       1411             172           86272          0          0          0          0
1717846843          4        435             328           29680          0          0          0          0
1717846853          0        372               0           26012          0          0          0          0
1717846864          0        311               0           20584          0          0          0          0
1717846874          0        396               0           25944          0          0          0          0
1717846884          0        431               0           26562          0          0          0          0
1717846895          0        337               0           22300          0          0          0          0
1717846905          0        306               0           19530          0          0          0          0
1717846915          0        190               0           13688          0          0          0          0
1717846926          0        438               0           29946          0          0          0          0
1717846936          0        270               0           19632          0          0          0          0
1717846946         63       1331           81473           82481          0          0          0          0
1717846957          0        504               0           32502          0          0          0          0
1717846967          0        173               0           12356          0          0          0          0
1717846977          0        130               0            8840          0          0          0          0
1717846988          0        225               0           15736          0          0          0          0
1717846998          2        356             132           25706          0          0          0          0
1717847008          0        281               0           19538          0          0          0          0
1717847018          0        287               0           19950          0          0          0          0
1717847029          0        693               0           43842          0          0          0          0
1717847039          1        200              90           13070          0          0          0          0
1717847049          0        260               0           18382          0          0          0          0
1717847059          0        177               0           11608          0          0          0          0
1717847070          0        228               0           14252          0          0          0          0
1717847080          0        246               0           16762          0          0          0          0
1717847090          0        218               0           14484          0          0          0          0
1717847101          0        270               0           18430          0          0          0          0
1717847111          3       6672             367          401168          0          0          0          0
1717847121          0        111               0            7336          0          0          0          0
1717847131          0        255               0           18914          0          0          0          0
1717847142          0        214               0           15830          0          0          0          0
1717847152          0        200               0           13664          0          0          0          0
1717847162          0        119               0            8310          0          0          0          0
1717847172          1        112              90            8050          0          0          0          0
1717847183          0        131               0            9602          0          0          0          0
1717847193          0        146               0           10710          0          0          0          0
1717847203          0        234               0           17082          0          0          0          0
1717847214          0        140               0           10116          0          0          0          0
1717847224          0        179               0           12846          0          0          0          0
1717847234          0        142               0           10262          0          0          0          0
1717847245         65        127           84644            9357          0          0          0          0
1717847255          0        124               0            8740          0          0          0          0
1717847265          0        150               0            9780          0          0          0          0
1717847276          2        129             156            8936          0          0          0          0
1717847286         20        156            1712           10530          0          0          0          0
1717847296          4         89             344            6120          0          0          0          0
1717847306          3        113             258            7820          0          0          0          0
1717847317          1        109              86            7736          0          0          0          0
1717847327          8        264             700           16402          0          0          0          0
1717847337          0        139               0            9458          0          0          0          0
1717847348          0        131               0            8588          0          0          0          0
1717847358          0        123               0            8134          0          0          0          0
1717847368          0         83               0            5344          0          0          0          0
1717847378          0        106               0            7452          0          0          0          0
1717847389          0        124               0            8272          0          0          0          0
1717847399          0        255               0           19018          0          0          0          0
1717847409          2       7007             212          421336          0          0          0          0
1717847419          5        193             406           13972          0          0          0          0
1717847430          3        164             258           12258          0          0          0          0
1717847440          5        205             406           15334          0          0          0          0
1717847450         21        237            1806           16378          0          0          0          0
1717847461          0        226               0           14366          0          0          0          0
1717847471          6        184             492           11734          0          0          0          0
1717847481          1        221              86           13884          0          0          0          0
1717847491          1        204              86           13722          0          0          0          0
1717847502          0        157               0           10252          0          0          0          0
1717847512          1        236              86           16526          0          0          0          0
1717847522          2        205             132           13812          0          0          0          0
1717847532          0        242               0           16158          0          0          0          0
1717847543         65        204           85426           13281          0          0          0          0
1717847553          6        245             492           16364          0          0          0          0
1717847563          4        192             344           13080          0          0          0          0
1717847574          2        159             172           10320          0          0          0          0
1717847584          4        206             344           14258          0          0          0          0
1717847594          3        249             258           16240          0          0          0          0
1717847604          1        305              86           21810          0          0          0          0
1717847615          4        294             344           20084          0          0          0          0
1717847625          3        497             258           31692          0          0          0          0
1717847635          4        198             320           12730          0          0          0          0
1717847645          3        176             258           12198          0          0          0          0
1717847656         16        281            1376           19746          0          0          0          0
1717847666          0       1144               0           69914          0          0          0          0
1717847677          0       1256               0           77206          0          0          0          0
1717847687         31       1132            5811           73895          0          0          0          0
1717847697          0        948               0           57062          0          0          0          0
1717847708          0       1052               0           64992          0          0          0          0
1717847718          0       1344               0           81810          0          0          0          0
1717847728          0        239               0           15042          0          0          0          0
1717847738          0       1119               0           67928          0          0          0          0
1717847749          2       1081             108           65014          0          0          0          0
1717847759          3       1518             234           91834          0          0          0          0
1717847769          5       1402             430           84380          0          0          0          0
1717847780          7       1510             602           91276          0          0          0          0
1717847790          3        520             258           31980          0          0          0          0
1717847800          4        387             344           24234          0          0          0          0
1717847810          3        173             194           11088          0          0          0          0
1717847821          6        320             516           19434          0          0          0          0
1717847831          2        157             172            9602          0          0          0          0
1717847841         67        823           86028           50285          0          0          0          0
1717847852          5        667             430           40618          0          0          0          0
1717847862          4        481             344           29068          0          0          0          0
1717847872          7        197             538           12008          0          0          0          0
1717847883          7        199             602           12278          0          0          0          0
1717847893          4        890             344           53652          0          0          0          0
1717847903          2       1138             156           68488          0          0          0          0
1717847914          0        217               0           13358          0          0          0          0
1717847924          7        357             682           21936          0          0          0          0
1717847934          1        440              42           26738          0          0          0          0
1717847944          0        322               0           19892          0          0          0          0
1717847955          0        122               0            7528          0          0          0          0
1717847965          0        161               0            9868          0          0          0          0
1717847976          0        163               0           10014          0          0          0          0
1717847986          2        145             132            8888          0          0          0          0
1717847996          1        130              42            8034          0          0          0          0
1717848006          1       2775             170          166688          0          0          0          0
1717848017          0         97               0            6366          0          0          0          0
1717848027          0         99               0            6642          0          0          0          0
1717848037          0         97               0            6262          0          0          0          0
1717848048          2        165             132           10918          0          0          0          0
1717848058          0        136               0            9096          0          0          0          0
1717848068          5       4128             865          248984          0          0          0          0
1717848078          0        131               0            9290          0          0          0          0
1717848089          0        113               0            7430          0          0          0          0
1717848099          0        207               0           15124          0          0          0          0
1717848109          0        131               0            8162          0          0          0          0
1717848120          0        482               0           31374          0          0          0          0
1717848130          6        274             492           18260          0          0          0          0
1717848140         66        831           86026           53417          0          0          0          0
1717848150          0        879               0           53650          0          0          0          0
1717848161          0        476               0           28586          0          0          0          0
1717848171          0        304               0           20450          0          0          0          0
1717848181          5        277             406           17270          0          0          0          0
1717848191          6        968             516           59276          0          0          0          0
1717848202          3       1306             258           79504          0          0          0          0
1717848212          4        237             344           14480          0          0          0          0
1717848222          6        617             520           38480          0          0          0          0
1717848233          6        451             516           27684          0          0          0          0
1717848243          0        427               0           26348          0          0          0          0
1717848253          0        283               0           18956          0          0          0          0
1717848263          2        297             128           19120          0          0          0          0
1717848274          5        312             430           19448          0          0          0          0
1717848284          5        249             434           17440          0          0          0          0
1717848294          2        829             164           52488          0          0          0          0
1717848305          0        269               0           18714          0          0          0          0
1717848315          0        753               0           48101          0          0          0          0
1717848325          0        379               0           26276          0          0          0          0
1717848335          0       1461               0           92080          0          0          0          0
1717848346          1        335              90           23666          0          0          0          0
1717848356          0        261               0           18312          0          0          0          0
1717848366          0        234               0           15990          0          0          0          0
1717848377          0        226               0           15224          0          0          0          0
1717848387          0        223               0           14507          0          0          0          0
1717848397          0        298               0           20688          0          0          0          0
1717848408          3        207             234           13408          0          0          0          0
1717848418          3        138             258            8653          0          0          0          0
1717848428          0        175               0           10994          0          0          0          0
1717848439         65        230           86959           15303          0          0          0          0
1717848449          1        235              42           15530          0          0          0          0
1717848459          0        224               0           13960          0          0          0          0
1717848469          0        219               0           14310          0          0          0          0
1717848480          0        194               0           12732          0          0          0          0
1717848490          0        164               0           10672          0          0          0          0
1717848500          0        217               0           14502          0          0          0          0
1717848511          0        249               0           16812          0          0          0          0
1717848521          6        304             616           20492          0          0          0          0
1717848531          1        366              42           23962          0          0          0          0
1717848541          0        241               0           16852          0          0          0          0
1717848552          0        227               0           15986          0          0          0          0
1717848562          0        212               0           14228          0          0          0          0
1717848572          2        270             132           18206          0          0          0          0
1717848583          0        167               0           10202          0          0          0          0
1717848593          0        261               0           17948          0          0          0          0
1717848603          7       4668             662          282990          0          0          0          0
1717848613          0        127               0            9284          0          0          0          0
1717848624          1        150              86           10950          0          0          0          0
1717848634          1        160              86           11160          0          0          0          0
1717848644          2        132             172            8804          0          0          0          0
1717848655          0        108               0            6818          0          0          0          0
1717848665          4        124             344            8324          0          0          0          0
1717848675          2        109             172            7372          0          0          0          0
1717848685          4        100             344            6754          0          0          0          0
1717848696          2        135             172            9842          0          0          0          0
1717848706          0        151               0           10178          0          0          0          0
1717848716          5        122             430            7710          0          0          0          0
1717848726          0        159               0           11750          0          0          0          0
1717848737          0         96               0            6462          0          0          0          0
1717848747         67        129           88013            9171          0          0          0          0
1717848757          1        105              86            7080          0          0          0          0
1717848768          3        187             258           13282          0          0          0          0
1717848778          0        150               0           10552          0          0          0          0
1717848788          5        174             430           12182          0          0          0          0
1717848798          0         94               0            6212          0          0          0          0
1717848809          0        116               0            8234          0          0          0          0
1717848819          0        131               0            9368          0          0          0          0
1717848829          6        223             492           13744          0          0          0          0
1717848839          1        182              86           12532          0          0          0          0
1717848850          4        282             344           19156          0          0          0          0
1717848860          0        231               0           14978          0          0          0          0
1717848870          0        200               0           12728          0          0          0          0
1717848881          0        146               0            8942          0          0          0          0
1717848891          0        221               0           13910          0          0          0          0
1717848901          0        209               0           12938          0          0          0          0
1717848911          0        201               0           12624          0          0          0          0
1717848922          0       1187               0           97636          0          0          0          0
1717848932          0       1303               0          107170          0          0          0          0
1717848942          0       1168               0           96496          0          0          0          0
1717848952          0       1279               0          106224          0          0          0          0
1717848963          0       1158               0           94908          0          0          0          0
1717848973          0       1491               0          123910          0          0          0          0
1717848983          0       1129               0           91972          0          0          0          0
1717848993          0       1179               0           97000          0          0          0          0
1717849004          0       1481               0          123492          0          0          0          0
1717849014          0       1197               0           98938          0          0          0          0
1717849024          0       1010               0           82102          0          0          0          0
1717849035          0       1210               0           99224          0          0          0          0
1717849045         67       1371           88104          113383          0          0          0          0
1717849055          0       1164               0           93396          0          0          0          0
1717849065          0       1016               0           77184          0          0          0          0
1717849076          0        961               0           78226          0          0          0          0
1717849086          0       1063               0           84502          0          0          0          0
1717849096          0       1769               0          122208          0          0          0          0
1717849106          2       1733             132          122626          0          0          0          0
1717849117          0        941               0           72164          0          0          0          0
1717849127          7        686             658           49652          0          0          0          0
1717849137          5        724             406           50928          0          0          0          0
1717849147          3        680             258           52318          0          0          0          0
1717849158          5        669             430           50982          0          0          0          0
1717849168         19        570            1634           41732          0          0          0          0
1717849178          0        473               0           35226          0          0          0          0
1717849189          0        870               0           56664          0          0          0          0
1717849199          0        456               0           34146          0          0          0          0
1717849209          2       5266             212          323116          0          0          0          0
1717849219          0        764               0           51612          0          0          0          0
1717849230          0        775               0           55730          0          0          0          0
1717849240          0       1015               0           62512          0          0          0          0
1717849250          2        205             156           13626          0          0          0          0
1717849260         20        279            1668           18006          0          0          0          0
1717849271         21        259            1782           17880          0          0          0          0
1717849281         20        459            1720           28944          0          0          0          0
1717849291         14        505            1204           32250          0          0          0          0
1717849301          0        404               0           25826          0          0          0          0
1717849312          0        212               0           14306          0          0          0          0
1717849322          0        192               0           12768          0          0          0          0
1717849332          0        122               0            8412          0          0          0          0
1717849342         67        327           88545           21909          0          0          0          0
1717849353          0        173               0           11102          0          0          0          0
1717849363          0        149               0            9684          0          0          0          0
1717849373          0        134               0            8622          0          0          0          0
1717849384          0        123               0            8056          0          0          0          0
1717849394          0        108               0            7156          0          0          0          0
1717849404          1        154              90           11194          0          0          0          0
1717849414          0        113               0            7430          0          0          0          0
1717849425          7        477             622           30872          0          0          0          0
1717849435          0        159               0           10060          0          0          0          0
1717849445          0        119               0            7686          0          0          0          0
1717849455          0        152               0           10524          0          0          0          0
1717849466          1        130              90            9208          0          0          0          0
1717849476          0        100               0            6546          0          0          0          0
1717849486          0        126               0            7638          0          0          0          0
1717849496          0         94               0            5744          0          0          0          0
1717849507          1        129              78            7870          0          0          0          0
1717849517          5        102             414            6796          0          0          0          0
1717849527          0         99               0            6486          0          0          0          0
1717849537          1        104              90            6816          0          0          0          0
1717849548          0        132               0            8882          0          0          0          0
1717849558          4        245             344           18028          0          0          0          0
1717849568         16        193            1376           13582          0          0          0          0
1717849578         22        174            1868           12780          0          0          0          0
1717849588          4         70             344            4338          0          0          0          0
1717849599          9        103             758            6874          0          0          0          0
1717849609          0        139               0            9718          0          0          0          0
1717849619          4        173             344           11758          0          0          0          0
1717849629          0        196               0           14360          0          0          0          0
1717849640         66        181           88588           13233          0          0          0          0
1717849650          3        135             174            9404          0          0          0          0
1717849660          0        164               0           12006          0          0          0          0
1717849670          0         97               0            6548          0          0          0          0
1717849681          0        170               0           11778          0          0          0          0
1717849691          0        151               0           10620          0          0          0          0
1717849701          0        177               0           12388          0          0          0          0
1717849711          0        102               0            6458          0          0          0          0
1717849722          6        174             616           10924          0          0          0          0
1717849732          0        165               0           10186          0          0          0          0
1717849742          0        143               0           10088          0          0          0          0
1717849752          0        123               0            7978          0          0          0          0
1717849763          0        185               0           13128          0          0          0          0
1717849773          0        144               0           10070          0          0          0          0
1717849783          0        140               0           10402          0          0          0          0
1717849793          0        124               0            9026          0          0          0          0
1717849804          1       3653             170          220954          0          0          0          0
1717849814          1        445              42           35306          0          0          0          0
1717849824          0        214               0           15648          0          0          0          0
1717849834          0        296               0           22388          0          0          0          0
1717849845          0        319               0           23950          0          0          0          0
1717849855          0        388               0           29026          0          0          0          0
1717849865          0        307               0           22736          0          0          0          0
1717849875          7        279             622           19720          0          0          0          0
1717849886          0        441               0           33584          0          0          0          0
1717849896          0        325               0           22646          0          0          0          0
1717849906          0        364               0           26416          0          0          0          0
1717849917          0        309               0           22180          0          0          0          0
1717849927          0        270               0           19398          0          0          0          0
1717849937         67        335           89249           24463          0          0          0          0
1717849947          1        315              42           22202          0          0          0          0
1717849957          0        335               0           24468          0          0          0          0
1717849968          0        367               0           26258          0          0          0          0
1717849978          0        252               0           17772          0          0          0          0
1717849988          0        229               0           15820          0          0          0          0
1717849998          0        239               0           16498          0          0          0          0
1717850009          0        308               0           21964          0          0          0          0
1717850019          0        458               0           30418          0          0          0          0
1717850029          0        573               0           40594          0          0          0          0
1717850039          0        280               0           20024          0          0          0          0
1717850049          0        313               0           22992          0          0          0          0
1717850060          0        250               0           17626          0          0          0          0
1717850070          0        218               0           14588          0          0          0          0
1717850080          3        322             234           22882          0          0          0          0
1717850090          5        212             430           14020          0          0          0          0
1717850101          4        247             344           17074          0          0          0          0
1717850111          3        229             234           15742          0          0          0          0
1717850121          2        229             172           16280          0          0          0          0
1717850131          0        248               0           17090          0          0          0          0
1717850142          0        318               0           22148          0          0          0          0
1717850152          0        237               0           16040          0          0          0          0
1717850162          0        291               0           20502          0          0          0          0
1717850172          2        267             132           19092          0          0          0          0
1717850183          0        203               0           13194          0          0          0          0
1717850193          0        181               0           11926          0          0          0          0
1717850203          5        196             406           12488          0          0          0          0
1717850213          4        220             344           14656          0          0          0          0
1717850224          1        209              86           13606          0          0          0          0
1717850234          0        198               0           13414          0          0          0          0
1717850244         68        236           89559           16885          0          0          0          0
1717850254          1        242              86           17727          0          0          0          0
1717850264          6        212             492           14506          0          0          0          0
1717850275         49        246            4214           16918          0          0          0          0
1717850285         48        242            4128           16652          0          0          0          0
1717850295         30        265            2580           19124          0          0          0          0
1717850305          3        140             258            9180          0          0          0          0
1717850316          5        174             430           11324          0          0          0          0
1717850326         11        280             978           17614          0          0          0          0
1717850336         17        237            1462           15952          0          0          0          0
1717850346         16        173            1376           11092          0          0          0          0
1717850356         16        202            1376           12874          0          0          0          0
1717850367         18        144            1548            9446          0          0          0          0
1717850377          3        162             258           10188          0          0          0          0
1717850387         35        145            3010            9870          0          0          0          0
1717850397         19        192            1634           12716          0          0          0          0
1717850408          8       5471             704          329462          0          0          0          0
1717850418          6        206             516           14898          0          0          0          0
1717850428          5        106             406            7012          0          0          0          0
1717850438          1         82              86            5232          0          0          0          0
1717850448          6        160             516           11420          0          0          0          0
1717850459         11        137             922            9858          0          0          0          0
1717850469         11        224             946           16378          0          0          0          0
1717850479         13        127            1118            8530          0          0          0          0
1717850489          9        116             750            7438          0          0          0          0
1717850499          5        201             406           15310          0          0          0          0
1717850510         22        151            1868           11010          0          0          0          0
1717850520         21        202            1806           15162          0          0          0          0
1717850530          4        170             344           11812          0          0          0          0
1717850540        108        202           93085           14949          0          0          0          0
1717850551          6        159             448           10806          0          0          0          0
1717850561         20        169            1720           12350          0          0          0          0
1717850571          1        131              86            9714          0          0          0          0
1717850582          4        125             344            8792          0          0          0          0
1717850592          5        117             422            8052          0          0          0          0
1717850602         20        159            1708           10662          0          0          0          0
1717850612         32        130            2752            8710          0          0          0          0
1717850622          1        151              86            9190          0          0          0          0
1717850633         33        391            2838           24422          0          0          0          0
1717850643         15        284            1290           17474          0          0          0          0
1717850653          0        162               0           10682          0          0          0          0
1717850663          0        263               0           16300          0          0          0          0
1717850673          1        361              90           21958          0          0          0          0
1717850684          0        267               0           17754          0          0          0          0
1717850694          2        739             132           44838          0          0          0          0
1717850704          0        182               0           11414          0          0          0          0
1717850714          0        403               0           25790          0          0          0          0
1717850724          0        569               0           35312          0          0          0          0
1717850735          1       1313              90           79798          0          0          0          0
1717850745          0        343               0           22816          0          0          0          0
1717850755          0        190               0           12076          0          0          0          0
1717850765          0        351               0           22100          0          0          0          0
1717850776          0        406               0           25790          0          0          0          0
1717850786          0        477               0           28880          0          0          0          0
1717850796          0        566               0           35494          0          0          0          0
1717850806          0        329               0           20832          0          0          0          0
1717850816          0        425               0           26254          0          0          0          0
1717850827          0        246               0           15912          0          0          0          0
1717850837          0        656               0           40938          0          0          0          0
1717850847         68        977           90067           61787          0          0          0          0
1717850857          0        548               0           34466          0          0          0          0
1717850867          0        295               0           20508          0          0          0          0
1717850878          7        356             622           23800          0          0          0          0
1717850888          0        302               0           20122          0          0          0          0
1717850898          0        327               0           21492          0          0          0          0
1717850908          0        372               0           23308          0          0          0          0
1717850918          0        276               0           18484          0          0          0          0
1717850929          7        409             658           26194          0          0          0          0
1717850939          0        191               0           11616          0          0          0          0
1717850949          0        326               0           23096          0          0          0          0
1717850959          0        209               0           14126          0          0          0          0
1717850969          0        213               0           14288          0          0          0          0
1717850979          0        207               0           13642          0          0          0          0
1717850990          0        236               0           15044          0          0          0          0
1717851000          0        202               0           13160          0          0          0          0
1717851010          2       5329             212          322398          0          0          0          0
1717851020          0        146               0           10450          0          0          0          0
1717851030          0        160               0           11576          0          0          0          0
1717851041          0        210               0           14732          0          0          0          0
1717851051          0        229               0           15456          0          0          0          0
1717851061          0        240               0           16090          0          0          0          0
1717851071          0        246               0           16788          0          0          0          0
1717851081          0        210               0           14420          0          0          0          0
1717851092          0        208               0           14742          0          0          0          0
1717851102          0        241               0           17424          0          0          0          0
1717851112          0        235               0           16206          0          0          0          0
1717851122          0        196               0           12618          0          0          0          0
1717851132         11        274            1010           19312          0          0          0          0
1717851142         68        265           90135           19587          0          0          0          0
1717851153          0        196               0           13502          0          0          0          0
1717851163          0        231               0           16746          0          0          0          0
1717851173          0        178               0           12006          0          0          0          0
1717851183          0        213               0           14106          0          0          0          0
1717851193          0        198               0           13076          0          0          0          0
1717851203          0        187               0           11714          0          0          0          0
1717851214          0        190               0           13012          0          0          0          0
1717851224          1        224              90           13834          0          0          0          0
1717851234          1        219              42           14440          0          0          0          0
1717851244          4        168             320           10730          0          0          0          0
1717851254          2        292             172           20734          0          0          0          0
1717851264          0        246               0           16486          0          0          0          0
1717851274          0        284               0           21070          0          0          0          0
1717851285          0        304               0           23206          0          0          0          0
1717851295          0        196               0           13996          0          0          0          0
1717851305          0        218               0           15550          0          0          0          0
1717851315          0        224               0           15260          0          0          0          0
1717851325          0        395               0           26014          0          0          0          0
1717851335          0        738               0           47252          0          0          0          0
1717851346          0        671               0           43502          0          0          0          0
1717851356         31        629            5811           45361          0          0          0          0
1717851366          5        607             406           40260          0          0          0          0
1717851376          1       2432              86          148658          0          0          0          0
1717851386          0       1931               0          119206          0          0          0          0
1717851396          0        232               0           17196          0          0          0          0
1717851407          0        808               0           51314          0          0          0          0
1717851417          2        379             108           24202          0          0          0          0
1717851427          0        483               0           31528          0          0          0          0
1717851437         69       1962           90446          123025          0          0          0          0
1717851447          0       1820               0          113958          0          0          0          0
1717851458          0        672               0           45442          0          0          0          0
1717851468          1        833              66           51676          0          0          0          0
1717851478          1        835              42           51452          0          0          0          0
1717851488          1       1040              42           65312          0          0          0          0
1717851498          0        456               0           29830          0          0          0          0
1717851509          0       1022               0           63400          0          0          0          0
1717851519          6        402             616           26710          0          0          0          0
1717851529          1        318              66           19562          0          0          0          0
1717851539          1        388              42           23636          0          0          0          0
1717851549          0        258               0           16676          0          0          0          0
1717851559          0        192               0           12274          0          0          0          0
1717851570          0        245               0           14908          0          0          0          0
1717851580          0        258               0           17352          0          0          0          0
1717851590          1        800              66           49982          0          0          0          0
1717851600          1        219              42           15350          0          0          0          0
1717851610          1       2975             170          180014          0          0          0          0
1717851621          0        599               0           37786          0          0          0          0
1717851631          0        407               0           25512          0          0          0          0
1717851641          0       1026               0           63172          0          0          0          0
1717851651          3        870             174           53203          0          0          0          0
1717851661          2       3137             517          190478          0          0          0          0
1717851671          3       1637             348           98182          0          0          0          0
1717851682          0        346               0           21222          0          0          0          0
1717851692          0        200               0           13430          0          0          0          0
1717851702          0        200               0           12598          0          0          0          0
1717851712          0        200               0           13794          0          0          0          0
1717851722          0        206               0           14232          0          0          0          0
1717851732          6        185             492           13024          0          0          0          0
1717851743         69        171           90528           12893          0          0          0          0
1717851753          3        276             218           21062          0          0          0          0
1717851763          3        135             258            9598          0          0          0          0
1717851773          1        126              90            8172          0          0          0          0
1717851783          0        188               0           13126          0          0          0          0
1717851793          0        186               0           13708          0          0          0          0
1717851804          0        109               0            7580          0          0          0          0
1717851814          0        165               0           12292          0          0          0          0
1717851824          0        341               0           23606          0          0          0          0
1717851834          0        253               0           17572          0          0          0          0
1717851844          1        181              90           12970          0          0          0          0
1717851854          0        151               0           10646          0          0          0          0
1717851865          0        143               0            9672          0          0          0          0
1717851875          0        102               0            6796          0          0          0          0
1717851885          0        182               0           13910          0          0          0          0
1717851895          0        124               0            8948          0          0          0          0
1717851905          1        181              90           12684          0          0          0          0
1717851915          0        201               0           14374          0          0          0          0
1717851925          0        208               0           15548          0          0          0          0
1717851936          0        155               0           11302          0          0          0          0
1717851946          0         90               0            5738          0          0          0          0
1717851956          0        117               0            8164          0          0          0          0
1717851966          0        128               0            7914          0          0          0          0
1717851976          0        122               0            7632          0          0          0          0
1717851986          0        141               0            9318          0          0          0          0
1717851997          0        191               0           13774          0          0          0          0
1717852007          0        141               0           10098          0          0          0          0
1717852017          0        139               0           10186          0          0          0          0
1717852027          0        118               0            7522          0          0          0          0
1717852037         68        193           90564           13381          0          0          0          0
1717852047          1        207              42           14760          0          0          0          0
1717852058          0        152               0           10896          0          0          0          0
1717852068          0        125               0            8896          0          0          0          0
1717852078          0        120               0            8500          0          0          0          0
1717852088          0        167               0           12412          0          0          0          0
1717852098          0        177               0           12544          0          0          0          0
1717852108          0        203               0           14286          0          0          0          0
1717852119          6        226             616           16150          0          0          0          0
1717852129          1        240              42           15882          0          0          0          0
1717852139          0        170               0           12462          0          0          0          0
1717852149          0        134               0            9600          0          0          0          0
1717852159          0        151               0           10672          0          0          0          0
1717852169          0        169               0           11518          0          0          0          0
1717852180          0        202               0           14070          0          0          0          0
1717852190          0        152               0            9570          0          0          0          0
1717852200          2        157             156           11128          0          0          0          0
1717852210          5       7117             468          428162          0          0          0          0
1717852220          0        596               0           37268          0          0          0          0
1717852230          0        493               0           31582          0          0          0          0
1717852241          0        989               0           59600          0          0          0          0
1717852251          0        143               0            9672          0          0          0          0
1717852261          0        261               0           16362          0          0          0          0
1717852271          0        157               0            9732          0          0          0          0
1717852281          2        421             132           25810          0          0          0          0
1717852291          0        460               0           29160          0          0          0          0
1717852302          0        377               0           23764          0          0          0          0
1717852312          0        189               0           12874          0          0          0          0
1717852322          0        360               0           22692          0          0          0          0
1717852332          0        104               0            6474          0          0          0          0
1717852342         69        782           90688           48437          0          0          0          0
1717852353          0        549               0           33244          0          0          0          0
1717852363          0        526               0           33198          0          0          0          0
1717852373          0        218               0           14614          0          0          0          0
1717852383          0        266               0           18404          0          0          0          0
1717852393          0       1064               0           64646          0          0          0          0
1717852404          0       1085               0           69026          0          0          0          0
1717852414          0        151               0           10282          0          0          0          0
1717852424          0        524               0           33962          0          0          0          0
1717852434          0        261               0           18416          0          0          0          0
1717852444          0        261               0           19638          0          0          0          0
1717852454          0        131               0            9108          0          0          0          0
1717852464          0        170               0           12774          0          0          0          0
1717852475          0        163               0           11314          0          0          0          0
1717852485          0        234               0           15548          0          0          0          0
1717852495          0        289               0           20178          0          0          0          0
1717852505          0        256               0           16344          0          0          0          0
1717852515          0        200               0           13300          0          0          0          0
1717852525         32        269           34495           18887          0          0          0          0
1717852536          0        205               0           13990          0          0          0          0
1717852546          0        252               0           17434          0          0          0          0
1717852556          0        235               0           15296          0          0          0          0
1717852566          0        245               0           15428          0          0          0          0
1717852576          0        197               0           12080          0          0          0          0
1717852586          0        190               0           12102          0          0          0          0
1717852597          0        185               0           11880          0          0          0          0
1717852607          0        162               0           10006          0          0          0          0
1717852617          1        204              42           13202          0          0          0          0
1717852627          3        229             234           14416          0          0          0          0
1717852637         31        239           30919           15753          0          0          0          0
1717852647          1        240              42           16350          0          0          0          0
1717852658          1        204              86           13280          0          0          0          0
1717852668          0        145               0            9038          0          0          0          0
1717852678          2        185             156           11802          0          0          0          0
1717852688          4        262             336           17358          0          0          0          0
1717852698          8        228             688           14850          0          0          0          0
1717852708          9        231             742           15464          0          0          0          0
1717852719         38        258            3352           17246          0          0          0          0
1717852729         34        368            2856           24508          0          0          0          0
1717852739         15        160            1242           10130          0          0          0          0
1717852749          4        191             344           11902          0          0          0          0
1717852759         32        328            2752           22114          0          0          0          0
1717852769         16        330            1376           20330          0          0          0          0
1717852780          1        190              86           11582          0          0          0          0
1717852790          3        793             258           49660          0          0          0          0
1717852800         15        229            1274           15040          0          0          0          0
1717852810         47       5241            4045          316274          0          0          0          0
1717852820         16        667            1360           42334          0          0          0          0
1717852830         26        489            2228           31368          0          0          0          0
1717852840         19       1047            1634           64744          0          0          0          0
1717852851          5        129             406            8668          0          0          0          0
1717852861          7        305             602           20146          0          0          0          0
1717852871         28        177            2376           11868          0          0          0          0
1717852881         22        452            1892           27892          0          0          0          0
1717852891          6        429             492           26156          0          0          0          0
1717852902         17        356            1462           22010          0          0          0          0
1717852912         20        140            1720            9362          0          0          0          0
1717852922          0        353               0           21570          0          0          0          0
1717852932          0        134               0            9106          0          0          0          0
1717852943         29       1114           30792           68285          0          0          0          0
1717852953          3        245             234           14754          0          0          0          0
1717852963         20        461            1724           28470          0          0          0          0
1717852974          6        134             492            8396          0          0          0          0
1717852984         23        168            1978           10912          0          0          0          0
1717852994          0        960               0           58926          0          0          0          0
1717853004          0        103               0            6778          0          0          0          0
1717853014          0        142               0            9092          0          0          0          0
1717853024          0        291               0           17720          0          0          0          0
1717853035          1        144              90            8904          0          0          0          0
1717853045          0        146               0            9046          0          0          0          0
1717853055          0        194               0           12004          0          0          0          0
1717853065          0        181               0           11224          0          0          0          0
1717853075          0        184               0           11352          0          0          0          0
1717853085          0        193               0           11840          0          0          0          0
1717853096          1        222              90           13662          0          0          0          0
1717853106          0        167               0           10254          0          0          0          0
1717853116          6        193             492           12620          0          0          0          0
1717853126          0        206               0           13764          0          0          0          0
1717853136          0        200               0           13040          0          0          0          0
1717853146          2        158             172            9706          0          0          0          0
1717853156          3        210             234           12834          0          0          0          0
1717853167         17        211            1462           13258          0          0          0          0
1717853177          1        175              86           10786          0          0          0          0
1717853187         25        169            2126           10972          0          0          0          0
1717853197          0        137               0            8376          0          0          0          0
1717853207          0        176               0           11106          0          0          0          0
1717853218          0        223               0           14290          0          0          0          0
1717853228          4        191             336           11972          0          0          0          0
1717853238         28        192           30831           12557          0          0          0          0
1717853248          1        191              42           12240          0          0          0          0
1717853258          0        164               0            9944          0          0          0          0
1717853268          0        155               0            9378          0          0          0          0
1717853279          0        187               0           11740          0          0          0          0
1717853289          0        252               0           16966          0          0          0          0
1717853299          0        190               0           12024          0          0          0          0
1717853309          0        176               0           11184          0          0          0          0
1717853319          6        197             616           12278          0          0          0          0
1717853329          1        303              42           19220          0          0          0          0
1717853339          2        218             132           14098          0          0          0          0
1717853350          0        215               0           13550          0          0          0          0
1717853360          0        218               0           14432          0          0          0          0
1717853370          0        159               0           10138          0          0          0          0
1717853380          0        172               0           11386          0          0          0          0
1717853390          0        215               0           14512          0          0          0          0
1717853400          0        174               0           10596          0          0          0          0
1717853411          2       5208             211          314384          0          0          0          0
1717853421          0        194               0           14006          0          0          0          0
1717853431          0        154               0           11034          0          0          0          0
1717853441          0        155               0           11094          0          0          0          0
1717853451          0        136               0            9954          0          0          0          0
1717853462          0        196               0           14412          0          0          0          0
1717853472          0        189               0           13732          0          0          0          0
1717853482          0        261               0           19248          0          0          0          0
1717853492          0        127               0            8660          0          0          0          0
1717853502          0        186               0           14098          0          0          0          0
1717853513          0        126               0            9536          0          0          0          0
1717853523          0        176               0           13108          0          0          0          0
1717853533          0        147               0           10328          0          0          0          0
