      time tx_packets rx_packets        tx_bytes        rx_bytes  tx_errors tx_dropped rx_frame_errors rx_crc_errors
1717837435         44        174            6103          135598          0          0          0          0
1717837445         10        284            1198           19467          0          0          0          0
1717837455        160        427           16875          222247          0          0          0          0
1717837465         44        346            4471           87399          0          0          0          0
1717837476          1        256              66           18798          0          0          0          0
1717837486          1        204              42           14242          0          0          0          0
1717837496          0        260               0           17966          0          0          0          0
1717837506          0        233               0           16372          0          0          0          0
1717837517          0        190               0           13454          0          0          0          0
1717837527          0        199               0           12876          0          0          0          0
1717837537          3        206             198           14166          0          0          0          0
1717837547          1        161              42           10310          0          0          0          0
1717837558          0        256               0           17310          0          0          0          0
1717837568          0        152               0            9380          0          0          0          0
1717837578          0        269               0           17778          0          0          0          0
1717837589          0        225               0           14150          0          0          0          0
1717837599          0        140               0            8556          0          0          0          0
1717837610          0        124               0            7648          0          0          0          0
1717837620          0        204               0           12474          0          0          0          0
1717837633          0        199               0           12642          0          0          0          0
1717837643         37        167           41982           11291          0          0          0          0
1717837653          0        133               0            8292          0          0          0          0
1717837663          0        204               0           13046          0          0          0          0
1717837674          0        148               0            9322          0          0          0          0
1717837684          0        222               0           14308          0          0          0          0
1717837694          0        141               0            8772          0          0          0          0
1717837705          0        205               0           13418          0          0          0          0
1717837715          6        300             616           19030          0          0          0          0
1717837726          0        241               0           15136          0          0          0          0
1717837736          0        201               0           13516          0          0          0          0
1717837746          0        244               0           16434          0          0          0          0
1717837757          0        210               0           14004          0          0          0          0
1717837767          0        147               0            9522          0          0          0          0
1717837777          0        196               0           13788          0          0          0          0
1717837788          0        214               0           14244          0          0          0          0
1717837798          0        223               0           15096          0          0          0          0
1717837808          2       3504             212          211494          0          0          0          0
1717837819          0        167               0           11086          0          0          0          0
1717837829          0        165               0           12136          0          0          0          0
1717837839          0        184               0           14082          0          0          0          0
1717837850          1        292              42           19912          0          0          0          0
1717837860          0        293               0           20206          0          0          0          0
1717837870          0        217               0           15464          0          0          0          0
1717837880          0        344               0           25190          0          0          0          0
1717837891          0        241               0           16982          0          0          0          0
1717837901          0        227               0           16878          0          0          0          0
1717837911          0        246               0           17872          0          0          0          0
1717837922          0        251               0           17608          0          0          0          0
1717837932          0        240               0           16740          0          0          0          0
1717837942         39        305           45085           22749          0          0          0          0
1717837952          0        288               0           21024          0          0          0          0
1717837963          0        287               0           21380          0          0          0          0
1717837973          0        178               0           12370          0          0          0          0
1717837984          0        239               0           16212          0          0          0          0
1717837994          0        232               0           15792          0          0          0          0
1717838004          0        226               0           16845          0          0          0          0
1717838015          0        576               0           36596          0          0          0          0
1717838025          0        453               0           29044          0          0          0          0
1717838035          0        481               0           30992          0          0          0          0
1717838045          0        431               0           28564          0          0          0          0
1717838056          0        268               0           18316          0          0          0          0
1717838066          0        301               0           21284          0          0          0          0
1717838076          0        371               0           25666          0          0          0          0
1717838087          0        835               0           54494          0          0          0          0
1717838097          0        336               0           23878          0          0          0          0
1717838107          0        282               0           19624          0          0          0          0
1717838117          0        677               0           42544          0          0          0          0
1717838128          0        305               0           21186          0          0          0          0
1717838138          0       1126               0           68626          0          0          0          0
1717838148          0        238               0           15450          0          0          0          0
1717838159          0        329               0           21222          0          0          0          0
1717838169          0        424               0           27520          0          0          0          0
1717838179          0        551               0           34334          0          0          0          0
1717838190          0        531               0           33290          0          0          0          0
1717838200          0        523               0           32862          0          0          0          0
1717838210          2        202             132           13580          0          0          0          0
1717838220          0        932               0           57116          0          0          0          0
1717838231          0        288               0           18424          0          0          0          0
1717838241         42        853           48112           52051          0          0          0          0
1717838251          0        665               0           40108          0          0          0          0
1717838262          0        451               0           27346          0          0          0          0
1717838272          0        183               0           11240          0          0          0          0
1717838282          0        137               0            8454          0          0          0          0
1717838292          0        148               0            9686          0          0          0          0
1717838303          0        172               0           10788          0          0          0          0
1717838313          7        241             706           15546          0          0          0          0
1717838323          1        294              42           19018          0          0          0          0
1717838334          0        208               0           14950          0          0          0          0
1717838344          0        181               0           11848          0          0          0          0
1717838354          0        122               0            7944          0          0          0          0
1717838364          0        130               0            9152          0          0          0          0
1717838375          1        157              90           10594          0          0          0          0
1717838385          0        135               0            9088          0          0          0          0
1717838395          0         95               0            6220          0          0          0          0
1717838406          2       5867             211          353352          0          0          0          0
1717838416          0        111               0            7700          0          0          0          0
1717838426          0        162               0           11938          0          0          0          0
1717838438          0        212               0           14480          0          0          0          0
1717838449          0        179               0           11572          0          0          0          0
1717838459          0        182               0           11700          0          0          0          0
1717838469          0        277               0           18362          0          0          0          0
1717838479          0        209               0           13710          0          0          0          0
1717838490          0        236               0           16162          0          0          0          0
1717838500          0        160               0           10224          0          0          0          0
1717838510          0        218               0           13782          0          0          0          0
1717838521          0        177               0           11192          0          0          0          0
1717838531          0        182               0           11752          0          0          0          0
1717838541         41        216           50156           14411          0          0          0          0
1717838551          1        180              42           11476          0          0          0          0
1717838562          0        165               0           10446          0          0          0          0
1717838572          0        217               0           14424          0          0          0          0
1717838582          0        188               0           11982          0          0          0          0
1717838593          0        160               0           10250          0          0          0          0
1717838603          0        204               0           13306          0          0          0          0
1717838613          0        492               0           29832          0          0          0          0
1717838623          0        291               0           17694          0          0          0          0
1717838637          0        283               0           18800          0          0          0          0
1717838652          0        301               0           20478          0          0          0          0
1717838662          0        175               0           10864          0          0          0          0
1717838672          0        178               0           10888          0          0          0          0
1717838683          0        638               0           51540          0          0          0          0
1717838693          0        696               0           56398          0          0          0          0
1717838703          0        803               0           64880          0          0          0          0
1717838714          0        826               0           67050          0          0          0          0
1717838724          0        737               0           59794          0          0          0          0
1717838734          0        823               0           66280          0          0          0          0
1717838745          0        900               0           69340          0          0          0          0
1717838755          0        795               0           59218          0          0          0          0
1717838765          0        657               0           52186          0          0          0          0
1717838775          0        655               0           52066          0          0          0          0
1717838786          0        579               0           46310          0          0          0          0
1717838796          0        826               0           66720          0          0          0          0
1717838806          0        747               0           60602          0          0          0          0
1717838817          0        708               0           57638          0          0          0          0
1717838827          0        639               0           51496          0          0          0          0
1717838837         41        595           50405           47013          0          0          0          0
1717838847          1        691              42           55136          0          0          0          0
1717838858          0        593               0           46474          0          0          0          0
1717838868          0        685               0           54386          0          0          0          0
1717838878          1        592              42           47558          0          0          0          0
1717838889          0        549               0           44180          0          0          0          0
1717838899          0        605               0           47576          0          0          0          0
1717838909          0        436               0           33830          0          0          0          0
1717838920          7        679             658           48010          0          0          0          0
1717838930          0        403               0           30186          0          0          0          0
1717838940          0        336               0           25828          0          0          0          0
1717838950          0        317               0           24012          0          0          0          0
1717838961          0        292               0           21056          0          0          0          0
1717838971          0        271               0           18704          0          0          0          0
1717838982          0        199               0           14384          0          0          0          0
1717838992          0        273               0           19604          0          0          0          0
1717839002          2       3240             211          195290          0          0          0          0
1717839012          0         89               0            5704          0          0          0          0
1717839023          0         91               0            6110          0          0          0          0
1717839033          0        188               0           11800          0          0          0          0
1717839043          0        127               0            8218          0          0          0          0
1717839054          0        180               0           11762          0          0          0          0
1717839064          0        382               0           23908          0          0          0          0
1717839074          0        548               0           34700          0          0          0          0
1717839084          0        606               0           37738          0          0          0          0
1717839095          0        342               0           21534          0          0          0          0
1717839105          0        570               0           35994          0          0          0          0
1717839115          0        784               0           50288          0          0          0          0
1717839126          0        555               0           33952          0          0          0          0
1717839136          0        191               0           12526          0          0          0          0
1717839146         42       1337           50527           81991          0          0          0          0
1717839156          0        451               0           27242          0          0          0          0
1717839167          0        188               0           11878          0          0          0          0
1717839177          0        184               0           11664          0          0          0          0
1717839187          0        274               0           17844          0          0          0          0
1717839198          0        486               0           29836          0          0          0          0
1717839208          0        946               0           56864          0          0          0          0
1717839218          0        597               0           35950          0          0          0          0
1717839228          0        688               0           52798          0          0          0          0
1717839239          0        927               0           66852          0          0          0          0
1717839249          0        809               0           62554          0          0          0          0
1717839259          6        610             452           48096          0          0          0          0
1717839270          2        697             172           54274          0          0          0          0
1717839280          0        490               0           38708          0          0          0          0
1717839290          0       1062               0           72872          0          0          0          0
1717839300          0        652               0           52354          0          0          0          0
1717839311          0        494               0           39078          0          0          0          0
1717839321          1        527              86           41448          0          0          0          0
1717839331          3        503             258           40112          0          0          0          0
1717839342          0        475               0           37886          0          0          0          0
1717839352          0        607               0           49160          0          0          0          0
1717839362         20        553            1720           44200          0          0          0          0
1717839373         16        443            1376           34774          0          0          0          0
1717839383          1        332              86           25016          0          0          0          0
1717839393          3        340             258           25912          0          0          0          0
1717839403          0        343               0           26040          0          0          0          0
1717839414          4        359             344           27702          0          0          0          0
1717839424          0        362               0           27102          0          0          0          0
1717839434          0        317               0           23648          0          0          0          0
1717839445         43        345           50700           25835          0          0          0          0
1717839455          1        327              86           24144          0          0          0          0
1717839465          4        277             320           20538          0          0          0          0
1717839475         19        339            1634           26086          0          0          0          0
1717839486         12        302            1032           22270          0          0          0          0
1717839496          1        342              86           25678          0          0          0          0
1717839506          0        307               0           22632          0          0          0          0
1717839517          7        487             706           33998          0          0          0          0
1717839527          1        319              42           23326          0          0          0          0
1717839537          0        216               0           16418          0          0          0          0
1717839548          0        131               0            8978          0          0          0          0
1717839558          0        207               0           14630          0          0          0          0
1717839568          0        110               0            7484          0          0          0          0
1717839578          1        142              90            9434          0          0          0          0
1717839589          0        101               0            6216          0          0          0          0
1717839599          0        138               0            9554          0          0          0          0
1717839609          2       7513             211          451748          0          0          0          0
1717839620          0        189               0           12666          0          0          0          0
1717839630          0         85               0            5646          0          0          0          0
1717839640          0        127               0            8192          0          0          0          0
1717839650          0        232               0           15662          0          0          0          0
1717839661          0        191               0           12370          0          0          0          0
1717839671          0        206               0           12420          0          0          0          0
1717839681          0        254               0           15648          0          0          0          0
1717839692          0        199               0           12434          0          0          0          0
1717839702          0        197               0           12262          0          0          0          0
1717839712          0        196               0           12176          0          0          0          0
1717839722          0        164               0            9918          0          0          0          0
1717839733          0        142               0            8676          0          0          0          0
1717839743         42        174           50693           11235          0          0          0          0
1717839753          0        203               0           12362          0          0          0          0
1717839763          0        147               0            9054          0          0          0          0
1717839774          0        194               0           11744          0          0          0          0
1717839784          0        187               0           11844          0          0          0          0
1717839794          0        156               0            9490          0          0          0          0
1717839805          0        203               0           13246          0          0          0          0
1717839815          0        576               0           35028          0          0          0          0
1717839825          0        341               0           20668          0          0          0          0
1717839835          0        168               0           10444          0          0          0          0
1717839846          0        222               0           14620          0          0          0          0
1717839856          0        193               0           12672          0          0          0          0
1717839866          0        192               0           12014          0          0          0          0
1717839877          0        173               0           11004          0          0          0          0
1717839887          0        183               0           11136          0          0          0          0
1717839897          0        196               0           12826          0          0          0          0
1717839907          0        180               0           10982          0          0          0          0
1717839918          0        162               0            9902          0          0          0          0
1717839928          0        139               0            8496          0          0          0          0
1717839938          0        225               0           14904          0          0          0          0
1717839949          0        225               0           14410          0          0          0          0
1717839959          0        171               0           10910          0          0          0          0
1717839969          0        232               0           15688          0          0          0          0
1717839979          0        173               0           10510          0          0          0          0
1717839990          0        156               0            9490          0          0          0          0
1717840000          0        180               0           11840          0          0          0          0
1717840010          0        198               0           11958          0          0          0          0
1717840020          0        150               0            9130          0          0          0          0
1717840031          0        168               0           10210          0          0          0          0
1717840041         43        208           50892           13373          0          0          0          0
1717840051         21        205            1754           14302          0          0          0          0
1717840062          3        173             258           11446          0          0          0          0
1717840072          0        213               0           13690          0          0          0          0
1717840082          1        183              42           11526          0          0          0          0
1717840092          0        129               0            7844          0          0          0          0
1717840103          0        170               0           10278          0          0          0          0
1717840113          0        143               0            8918          0          0          0          0
1717840123          6        433             616           26516          0          0          0          0
1717840134          0        212               0           14436          0          0          0          0
1717840144          0        215               0           13264          0          0          0          0
1717840154          0        201               0           12996          0          0          0          0
1717840165          0        208               0           13078          0          0          0          0
1717840175          0        160               0            9730          0          0          0          0
1717840185          0        132               0            8214          0          0          0          0
1717840195          0        159               0            9506          0          0          0          0
1717840206          2       3978             211          238764          0          0          0          0
1717840216          0        104               0            6734          0          0          0          0
1717840226          0        145               0           10104          0          0          0          0
1717840237          0        117               0            7176          0          0          0          0
1717840247          0         97               0            5976          0          0          0          0
1717840258          0         83               0            5058          0          0          0          0
1717840269          0        111               0            6816          0          0          0          0
1717840279          0        103               0            6258          0          0          0          0
1717840289          0        175               0           10656          0          0          0          0
1717840300          2        254             132           15374          0          0          0          0
1717840310          0        218               0           14016          0          0          0          0
1717840320          0        172               0           10424          0          0          0          0
1717840331          0        182               0           11128          0          0          0          0
1717840341         41       1418           50820           85869          0          0          0          0
1717840351          1       1464              42           88854          0          0          0          0
1717840361         32       1407            6025           89465          0          0          0          0
1717840372          0       1216               0           73116          0          0          0          0
1717840382          0       1306               0           78568          0          0          0          0
1717840392          0       1325               0           79942          0          0          0          0
1717840402          0        183               0           11604          0          0          0          0
1717840413          0        131               0            8016          0          0          0          0
1717840423          2       1843             108          111444          0          0          0          0
1717840433          0       1457               0           89188          0          0          0          0
1717840444          0        278               0           17200          0          0          0          0
1717840454          0        107               0            7356          0          0          0          0
1717840464          0         84               0            5118          0          0          0          0
1717840475          0        104               0            6318          0          0          0          0
1717840485          2         77             108            4730          0          0          0          0
1717840495          0        775               0           46578          0          0          0          0
1717840506          0       1511               0           90660          0          0          0          0
1717840516          0        974               0           58518          0          0          0          0
1717840526          0        122               0            7788          0          0          0          0
1717840536          0       1163               0           70248          0          0          0          0
1717840547          2        681             108           40918          0          0          0          0
1717840557          0        226               0           13950          0          0          0          0
1717840567          0        320               0           19642          0          0          0          0
1717840578          0        335               0           20238          0          0          0          0
1717840588          0        589               0           36476          0          0          0          0
1717840598          1        332              66           20914          0          0          0          0
1717840608          1        191              42           12058          0          0          0          0
1717840619          0        976               0           60510          0          0          0          0
1717840629          0        259               0           16138          0          0          0          0
1717840639         44        648           51102           40531          0          0          0          0
1717840650          0        840               0           51830          0          0          0          0
1717840660          2        467             132           28546          0          0          0          0
1717840670          1        204              42           12482          0          0          0          0
1717840680          0        207               0           13062          0          0          0          0
1717840691          0        140               0            8712          0          0          0          0
1717840701          0        446               0           26942          0          0          0          0
1717840711          1        868              90           53098          0          0          0          0
1717840722          7        467             658           29466          0          0          0          0
1717840732          0        417               0           26086          0          0          0          0
1717840742          0        373               0           23004          0          0          0          0
1717840753          0        200               0           12884          0          0          0          0
1717840763          0        139               0            8366          0          0          0          0
1717840773          1        260              90           16124          0          0          0          0
1717840784          0        163               0           10300          0          0          0          0
1717840794          0        495               0           30636          0          0          0          0
1717840804          2       3304             211          198324          0          0          0          0
1717840814          0        260               0           16068          0          0          0          0
1717840825          0        162               0           10526          0          0          0          0
1717840835          0         96               0            6254          0          0          0          0
1717840845          0        114               0            8088          0          0          0          0
1717840856          0        119               0            7582          0          0          0          0
1717840866          6       7159             906          429622          0          0          0          0
1717840876          0         69               0            4218          0          0          0          0
1717840886          0        105               0            6647          0          0          0          0
1717840897          0         72               0            4372          0          0          0          0
1717840907          0         69               0            4192          0          0          0          0
1717840917          0         89               0            5782          0          0          0          0
1717840928          0        127               0            7724          0          0          0          0
1717840938         42        109           51050            7673          0          0          0          0
1717840948          1        123              42            8134          0          0          0          0
1717840958          0        553               0           33258          0          0          0          0
1717840969          0        177               0           10646          0          0          0          0
1717840979          0        244               0           15082          0          0          0          0
1717840989          0        219               0           13764          0          0          0          0
1717841000          0        462               0           27798          0          0          0          0
1717841010          0       1044               0           64382          0          0          0          0
1717841020          0        763               0           47054          0          0          0          0
1717841030          0        256               0           15490          0          0          0          0
1717841041          0        504               0           30422          0          0          0          0
1717841051          0        261               0           15764          0          0          0          0
1717841061          0        255               0           15794          0          0          0          0
1717841072          0        269               0           16218          0          0          0          0
1717841082          0        268               0           16938          0          0          0          0
1717841092          0        762               0           47020          0          0          0          0
1717841103          0        220               0           14916          0          0          0          0
1717841113          0        318               0           21576          0          0          0          0
1717841123          0        835               0           53844          0          0          0          0
1717841133          0       1196               0           73840          0          0          0          0
1717841144          0        260               0           17082          0          0          0          0
1717841154          0        300               0           21250          0          0          0          0
1717841164          1        321              42           19546          0          0          0          0
1717841174          0        432               0           27324          0          0          0          0
1717841185          0        621               0           38560          0          0          0          0
1717841195          0        321               0           21028          0          0          0          0
1717841205          0        207               0           14188          0          0          0          0
1717841216          0        269               0           18064          0          0          0          0
1717841226          0        194               0           12654          0          0          0          0
1717841236          0        167               0           10150          0          0          0          0
1717841247         43        237           51094           16413          0          0          0          0
1717841257          0        203               0           12830          0          0          0          0
1717841267          0        198               0           12400          0          0          0          0
1717841277          0        242               0           15803          0          0          0          0
1717841288          0        230               0           15386          0          0          0          0
1717841298          0        187               0           12546          0          0          0          0
1717841308          0        237               0           16100          0          0          0          0
1717841319          6        362             616           22482          0          0          0          0
1717841329          3        314             174           20490          0          0          0          0
1717841339          0        240               0           16628          0          0          0          0
1717841349          0        231               0           16018          0          0          0          0
1717841360          0        187               0           12884          0          0          0          0
1717841370          0        193               0           12542          0          0          0          0
1717841380          0        670               0           53460          0          0          0          0
1717841391          0       1204               0           99202          0          0          0          0
1717841401          1       2086             170          149222          0          0          0          0
1717841411          1       4746              42          315226          0          0          0          0
1717841421          0        929               0           78126          0          0          0          0
1717841432          0       1313               0          110136          0          0          0          0
1717841442          0        931               0           77180          0          0          0          0
1717841452          0       1144               0           95056          0          0          0          0
1717841463          0        830               0           69144          0          0          0          0
1717841473          0       1315               0          110542          0          0          0          0
1717841483          0       1102               0           93056          0          0          0          0
1717841493          0        940               0           79202          0          0          0          0
1717841504          0       1195               0          101392          0          0          0          0
1717841514          0       1083               0           90564          0          0          0          0
1717841524          0       1226               0          103434          0          0          0          0
1717841534          0       1241               0          104074          0          0          0          0
1717841545         43       1333           52225          112833          0          0          0          0
1717841555          0       1119               0           94232          0          0          0          0
1717841565          0       1093               0           91840          0          0          0          0
1717841576          0       1133               0           92212          0          0          0          0
1717841586          0        953               0           76056          0          0          0          0
1717841596          0        850               0           65716          0          0          0          0
1717841606          0        893               0           69622          0          0          0          0
1717841617          0       1110               0           86334          0          0          0          0
1717841627          0        990               0           77236          0          0          0          0
1717841637          0        616               0           49128          0          0          0          0
1717841648          0        661               0           51932          0          0          0          0
1717841658          0        578               0           45600          0          0          0          0
1717841668          0        610               0           48144          0          0          0          0
1717841678          0        851               0           69130          0          0          0          0
1717841689          0        748               0           60480          0          0          0          0
1717841699          0        380               0           28364          0          0          0          0
1717841709          0        307               0           21566          0          0          0          0
1717841720          0        223               0           15382          0          0          0          0
1717841730          0        291               0           19956          0          0          0          0
1717841740          0        248               0           17090          0          0          0          0
1717841751          0        242               0           16782          0          0          0          0
1717841761          0        215               0           15006          0          0          0          0
1717841772          0        227               0           14972          0          0          0          0
1717841782          0        299               0           20852          0          0          0          0
1717841792          0        247               0           16848          0          0          0          0
1717841803          0        263               0           18198          0          0          0          0
1717841813          0        255               0           18290          0          0          0          0
1717841823          0        288               0           21214          0          0          0          0
1717841834          0        258               0           18306          0          0          0          0
1717841844         44        262           52720           17563          0          0          0          0
1717841854          1        235              90           16184          0          0          0          0
1717841864          0        260               0           17680          0          0          0          0
1717841875          0        281               0           20006          0          0          0          0
1717841885          0        224               0           14246          0          0          0          0
1717841896          0        467               0           30308          0          0          0          0
1717841906          0       1235               0           74516          0          0          0          0
1717841916          6        523             616           34880          0          0          0          0
1717841926          2        374             132           23926          0          0          0          0
1717841937          0        524               0           32454          0          0          0          0
1717841947          0        277               0           17790          0          0          0          0
1717841957          0        279               0           18612          0          0          0          0
1717841968          0        304               0           18812          0          0          0          0
1717841978          0        285               0           18634          0          0          0          0
1717841988          1        752              90           46866          0          0          0          0
1717841998          0        238               0           14644          0          0          0          0
1717842009          8       4822             704          289508          0          0          0          0
1717842019          4        520             344           31356          0          0          0          0
1717842029         20        313            1720           19352          0          0          0          0
1717842040          1        909              86           54722          0          0          0          0
1717842050          0        184               0           12106          0          0          0          0
1717842060          0        324               0           20480          0          0          0          0
1717842070          0        201               0           13334          0          0          0          0
1717842081          0        478               0           29616          0          0          0          0
1717842091          0        434               0           27886          0          0          0          0
1717842101          0        383               0           24852          0          0          0          0
1717842112          0        198               0           14610          0          0          0          0
1717842122          0        225               0           16984          0          0          0          0
1717842132          0        201               0           14738          0          0          0          0
1717842143         44        194           52803           14249          0          0          0          0
1717842153          0         96               0            6410          0          0          0          0
1717842163          0        141               0            9500          0          0          0          0
1717842173          0        144               0            9862          0          0          0          0
1717842184          0        153               0           11156          0          0          0          0
1717842194          0        132               0            9064          0          0          0          0
1717842204          0        143               0           10374          0          0          0          0
1717842215          0         84               0            5664          0          0          0          0
1717842225          0        424               0           26454          0          0          0          0
1717842235          0        231               0           14952          0          0          0          0
1717842246          0        292               0           20666          0          0          0          0
1717842256          0        263               0           17704          0          0          0          0
1717842266          0        264               0           18596          0          0          0          0
1717842276          0        227               0           15622          0          0          0          0
1717842287          0        310               0           22916          0          0          0          0
1717842297          0        525               0           40314          0          0          0          0
1717842307          0        470               0           35254          0          0          0          0
1717842318          0        448               0           34126          0          0          0          0
1717842328          0        547               0           42596          0          0          0          0
1717842338          0        436               0           33232          0          0          0          0
1717842349          0        353               0           26831          0          0          0          0
1717842359          1        428              42           32206          0          0          0          0
1717842369          0        395               0           29628          0          0          0          0
1717842379          2        357             132           27014          0          0          0          0
1717842390          0        408               0           30408          0          0          0          0
1717842400          0        463               0           35892          0          0          0          0
1717842410          0        368               0           28069          0          0          0          0
1717842421          0        334               0           25656          0          0          0          0
1717842431          0        433               0           32766          0          0          0          0
1717842441         43        511           52842           40211          0          0          0          0
1717842451          1        630              42           49396          0          0          0          0
1717842462          0        515               0           40260          0          0          0          0
1717842472          0        666               0           52648          0          0          0          0
1717842482          0        444               0           33894          0          0          0          0
1717842493          0        640               0           50048          0          0          0          0
1717842503          0        392               0           29864          0          0          0          0
1717842513          0        329               0           24134          0          0          0          0
1717842524          7        668             658           49127          0          0          0          0
1717842534          0        442               0           34424          0          0          0          0
1717842544          0        533               0           40300          0          0          0          0
1717842554          0        528               0           41378          0          0          0          0
1717842565          0        559               0           42926          0          0          0          0
1717842575          0        382               0           29030          0          0          0          0
1717842585          0        489               0           37660          0          0          0          0
1717842596          0        393               0           29768          0          0          0          0
1717842606          2       5230             212          319916          0          0          0          0
1717842616          0        279               0           21550          0          0          0          0
1717842626          0        347               0           24382          0          0          0          0
1717842637          0        373               0           26592          0          0          0          0
1717842647          0        301               0           22662          0          0          0          0
1717842657          0        274               0           19430          0          0          0          0
1717842668          0        374               0           26548          0          0          0          0
1717842678          0        361               0           26063          0          0          0          0
1717842688          0        336               0           23410          0          0          0          0
1717842699          0        268               0           18940          0          0          0          0
1717842709          0        280               0           20362          0          0          0          0
1717842719          0        260               0           18044          0          0          0          0
1717842730          0        287               0           20678          0          0          0          0
1717842740         43        332           52926           24681          0          0          0          0
1717842750          1        233              42           15800          0          0          0          0
1717842760          0        248               0           16440          0          0          0          0
1717842771          0        158               0            9792          0          0          0          0
1717842781          0        237               0           15832          0          0          0          0
1717842791          0        224               0           15884          0          0          0          0
1717842802          0        157               0            9888          0          0          0          0
1717842812          0        170               0           10806          0          0          0          0
1717842822          0        640               0           39068          0          0          0          0
1717842832          0        235               0           14984          0          0          0          0
1717842843          0        212               0           13266          0          0          0          0
1717842853          0        184               0           12210          0          0          0          0
1717842863          0        194               0           13096          0          0          0          0
1717842874          0        211               0           14246          0          0          0          0
1717842884          0        230               0           15230          0          0          0          0
1717842894          0        222               0           14490          0          0          0          0
1717842905          0        263               0           16846          0          0          0          0
1717842915          0        244               0           17110          0          0          0          0
1717842925          0        283               0           20074          0          0          0          0
1717842936          0        197               0           13666          0          0          0          0
1717842946          0        288               0           20322          0          0          0          0
1717842956          0        258               0           17092          0          0          0          0
1717842966          0        208               0           13910          0          0          0          0
1717842977          0        184               0           11248          0          0          0          0
1717842987          0        266               0           18586          0          0          0          0
1717842997          0        167               0           10540          0          0          0          0
1717843008          0        164               0           10438          0          0          0          0
1717843018          0        224               0           14376          0          0          0          0
1717843028          0        162               0            9824          0          0          0          0
1717843038         43        200           53012           13153          0          0          0          0
1717843049          1        185              42           11698          0          0          0          0
1717843059          0        157               0            9498          0          0          0          0
1717843069          1        159              90           10194          0          0          0          0
1717843080          0        186               0           11654          0          0          0          0
1717843090          0        184               0           11508          0          0          0          0
1717843100          0        187               0           11480          0          0          0          0
1717843111          0        188               0           12112          0          0          0          0
1717843121          6        336             616           21742          0          0          0          0
1717843131          2        233             132           14954          0          0          0          0
1717843141          0        198               0           11950          0          0          0          0
1717843152          0        199               0           12044          0          0          0          0
1717843162          0        160               0            9834          0          0          0          0
1717843172          0        178               0           11018          0          0          0          0
1717843183          0        176               0           11210          0          0          0          0
1717843193          0        130               0            8008          0          0          0          0
1717843203          3       5014             302          301162          0          0          0          0
1717843213          0        136               0            8342          0          0          0          0
1717843224          0         89               0            5652          0          0          0          0
1717843234          0        173               0           10848          0          0          0          0
1717843245          0        127               0            7750          0          0          0          0
1717843255          0         80               0            4930          0          0          0          0
1717843265          0         93               0            5684          0          0          0          0
1717843275          0        119               0            7452          0          0          0          0
1717843286          0        114               0            7230          0          0          0          0
1717843296          0        128               0            8824          0          0          0          0
1717843307          0        116               0            7662          0          0          0          0
1717843317          0        134               0            9522          0          0          0          0
1717843327          0        126               0            9068          0          0          0          0
1717843337         43        145           53441           10549          0          0          0          0
1717843348          1        175              42           11982          0          0          0          0
1717843358          0        108               0            7182          0          0          0          0
1717843368          0        162               0           11280          0          0          0          0
1717843379          0        112               0            7656          0          0          0          0
1717843389          0         87               0            5558          0          0          0          0
1717843399          1        113              42            7482          0          0          0          0
1717843410          1        142              90            9018          0          0          0          0
1717843420          1        422              42           26464          0          0          0          0
1717843430          0        309               0           20542          0          0          0          0
1717843440          0        440               0           28428          0          0          0          0
1717843451          0        254               0           17710          0          0          0          0
1717843461          0        269               0           18870          0          0          0          0
1717843471          0        275               0           18632          0          0          0          0
1717843482          0        216               0           14416          0          0          0          0
1717843492          0        703               0           43168          0          0          0          0
1717843502          0        161               0           11116          0          0          0          0
1717843512          0        182               0           11700          0          0          0          0
1717843523          0        615               0           39266          0          0          0          0
1717843533          0       1322               0           82726          0          0          0          0
1717843543          0        268               0           18524          0          0          0          0
1717843554          0        188               0           13698          0          0          0          0
1717843564          0        290               0           18102          0          0          0          0
1717843574          0        335               0           21920          0          0          0          0
1717843584          0        409               0           25372          0          0          0          0
1717843595          0        267               0           16878          0          0          0          0
1717843605          0        434               0           29186          0          0          0          0
1717843615          0        813               0           52160          0          0          0          0
1717843626          0        495               0           33470          0          0          0          0
1717843636          0        139               0            8938          0          0          0          0
1717843646         51       1288           55833           79207          0          0          0          0
1717843656          8        496             688           31866          0          0          0          0
1717843667          9        137             774            9468          0          0          0          0
1717843677         18        198            1548           13336          0          0          0          0
1717843687         22        240            1892           16402          0          0          0          0
1717843698          0        414               0           25516          0          0          0          0
1717843708          0        650               0           39754          0          0          0          0
1717843718          6        238             616           16038          0          0          0          0
1717843728          1        280              42           18048          0          0          0          0
1717843739          0        426               0           27432          0          0          0          0
1717843749          0        291               0           19956          0          0          0          0
1717843759          0        184               0           12210          0          0          0          0
1717843770          0        192               0           13522          0          0          0          0
1717843780          0        153               0            9934          0          0          0          0
1717843790          0        191               0           12786          0          0          0          0
1717843801          0        205               0           13808          0          0          0          0
1717843811          2       5083             212          307144          0          0          0          0
1717843821          0        180               0           12568          0          0          0          0
1717843831          0        158               0           11664          0          0          0          0
1717843842          0        216               0           16652          0          0          0          0
1717843852          0        253               0           17884          0          0          0          0
1717843862          0        290               0           20286          0          0          0          0
1717843872          0        312               0           22412          0          0          0          0
1717843883          0        214               0           15206          0          0          0          0
1717843893          0        310               0           21850          0          0          0          0
1717843903          0        204               0           14216          0          0          0          0
1717843916          0        324               0           23470          0          0          0          0
1717843927          0        270               0           19086          0          0          0          0
1717843937         46        287           57498           20479          0          0          0          0
1717843947          1        256              42           18688          0          0          0          0
1717843958          0        293               0           20518          0          0          0          0
1717843968          0        187               0           12650          0          0          0          0
1717843978          0        208               0           14534          0          0          0          0
1717843989          0        151               0            9840          0          0          0          0
1717843999          0        565               0           35494          0          0          0          0
1717844009          0        933               0           58008          0          0          0          0
1717844019         31       1152            5811           75009          0          0          0          0
1717844030          0        939               0           57432          0          0          0          0
1717844040          0        780               0           48854          0          0          0          0
1717844050          0       1198               0           72790          0          0          0          0
1717844061          0        542               0           33326          0          0          0          0
1717844071          0        189               0           13498          0          0          0          0
1717844081          1        157              66           11454          0          0          0          0
1717844092          1        173              42           12512          0          0          0          0
1717844102          0       1407               0           85850          0          0          0          0
1717844112          0       1403               0           85852          0          0          0          0
1717844122          0        437               0           26836          0          0          0          0
1717844133          0        164               0           10525          0          0          0          0
1717844143          2        707             108           44566          0          0          0          0
1717844153          0        434               0           27618          0          0          0          0
1717844164          0        182               0           13026          0          0          0          0
1717844174          0        167               0           11502          0          0          0          0
1717844184          6        177             492           12440          0          0          0          0
1717844195         20        191            1720           12734          0          0          0          0
1717844205          5        138             358            9396          0          0          0          0
1717844215          3        224             242           16144          0          0          0          0
1717844226          1        199              86           14696          0          0          0          0
1717844236          5        159             430           11542          0          0          0          0
1717844246         70        284           62417           22043          0          0          0          0
1717844256         18        243            1532           17518          0          0          0          0
1717844267         23        240            1914           17682          0          0          0          0
1717844277          6        263             516           19438          0          0          0          0
1717844287          0        161               0           10908          0          0          0          0
1717844298          0        187               0           13976          0          0          0          0
1717844308          1        238              90           18366          0          0          0          0
1717844318        487        753           51962           67838          0          0          0          0
1717844329         83        368            3534           23386          0          0          0          0
1717844339          0        148               0            9894          0          0          0          0
1717844349          0        157               0           10616          0          0          0          0
1717844360          0        168               0           12082          0          0          0          0
1717844370          0        222               0           14282          0          0          0          0
1717844380          1        164              90           10650          0          0          0          0
1717844390          0        764               0           46984          0          0          0          0
1717844401          0        399               0           24692          0          0          0          0
1717844411          2       3079             212          186646          0          0          0          0
1717844421          0        589               0           36614          0          0          0          0
1717844432          0        488               0           31230          0          0          0          0
1717844442          0       1097               0           70170          0          0          0          0
1717844452          0        200               0           13760          0          0          0          0
1717844462          5       5200             865          314214          0          0          0          0
1717844473          1        395              42           26144          0          0          0          0
1717844483          2        378             132           25596          0          0          0          0
1717844493          1        480              42           32128          0          0          0          0
1717844504          0        435               0           29792          0          0          0          0
1717844514          0        155               0           10730          0          0          0          0
1717844524          0        905               0           54898          0          0          0          0
1717844535          0        119               0            8232          0          0          0          0
1717844545         51       1298           63269           79201          0          0          0          0
1717844555          0        256               0           16426          0          0          0          0
1717844565          0        329               0           20442          0          0          0          0
1717844576          0        210               0           12990          0          0          0          0
1717844586          0        265               0           16134          0          0          0          0
1717844596          0        443               0           26996          0          0          0          0
1717844607          0       1145               0           71144          0          0          0          0
1717844617          0        415               0           26434          0          0          0          0
1717844627          0        606               0           39064          0          0          0          0
1717844638          0        517               0           32580          0          0          0          0
1717844648          0        260               0           17134          0          0          0          0
1717844658          3        251             174           16450          0          0          0          0
1717844669          0        232               0           15142          0          0          0          0
1717844679          0        198               0           12530          0          0          0          0
1717844689          0        201               0           13646          0          0          0          0
1717844699          0        178               0           11798          0          0          0          0
1717844710          0        253               0           17026          0          0          0          0
1717844720          0        239               0           15484          0          0          0          0
1717844730          0        234               0           15912          0          0          0          0
1717844741          0        267               0           17710          0          0          0          0
1717844751          0        183               0           12150          0          0          0          0
1717844761          0        183               0           11708          0          0          0          0
1717844772          0        193               0           12802          0          0          0          0
1717844782          0        231               0           15004          0          0          0          0
1717844792          0        167               0           11060          0          0          0          0
1717844803          0        233               0           15384          0          0          0          0
1717844813          0        200               0           13092          0          0          0          0
1717844823          0        153               0           10272          0          0          0          0
1717844833          0        216               0           14390          0          0          0          0
1717844844         52        215           65965           14345          0          0          0          0
1717844854          0        205               0           13392          0          0          0          0
1717844865          0        290               0           20364          0          0          0          0
1717844876          0        219               0           14570          0          0          0          0
1717844886          0        235               0           16570          0          0          0          0
1717844896          6        202             492           13688          0          0          0          0
1717844907          1        168              86           10176          0          0          0          0
1717844917          3        176             258           10716          0          0          0          0
1717844927        568        915           55408           76760          0          0          0          0
1717844938          4        231             344           15464          0          0          0          0
1717844948          0        226               0           15120          0          0          0          0
1717844958          1        203              86           13662          0          0          0          0
1717844969          3        199             258           13292          0          0          0          0
1717844979          0        252               0           16706          0          0          0          0
1717844989          4        248             344           17532          0          0          0          0
1717845000          0        277               0           19142          0          0          0          0
1717845010          5       4963             474          300390          0          0          0          0
1717845020          4        222             292           16744          0          0          0          0
1717845030          0        235               0           18208          0          0          0          0
1717845041          0        259               0           19622          0          0          0          0
1717845051          0        141               0            9474          0          0          0          0
1717845061          0        296               0           22856          0          0          0          0
1717845072          0        291               0           23074          0          0          0          0
1717845082          0        174               0           12652          0          0          0          0
1717845092          0        228               0           17554          0          0          0          0
1717845103          0        216               0           16600          0          0          0          0
1717845113          0        221               0           15938          0          0          0          0
1717845123          0        159               0           11542          0          0          0          0
1717845133          0        264               0           20156          0          0          0          0
1717845144         54        139           68104           10377          0          0          0          0
1717845154          0        223               0           16786          0          0          0          0
1717845164          0        132               0            9610          0          0          0          0
1717845175          0        197               0           13952          0          0          0          0
1717845185          0        187               0           14262          0          0          0          0
1717845195          0        142               0            8988          0          0          0          0
1717845206          0        145               0           10208          0          0          0          0
1717845216          0        134               0            9730          0          0          0          0
1717845226          0        418               0           27108          0          0          0          0
1717845237          0        195               0           13754          0          0          0          0
1717845247          0        108               0            6974          0          0          0          0
1717845257          0        129               0            8416          0          0          0          0
1717845267          0         86               0            5446          0          0          0          0
1717845278          0        110               0            7250          0          0          0          0
1717845288          0         95               0            6376          0          0          0          0
1717845298          0        120               0            8240          0          0          0          0
1717845309          0        115               0            7186          0          0          0          0
1717845319          0        140               0            9960          0          0          0          0
1717845329          0        265               0           17460          0          0          0          0
1717845340          0        229               0           15300          0          0          0          0
1717845350          0        205               0           13860          0          0          0          0
1717845360          0        212               0           14800          0          0          0          0
1717845370          0        237               0           15442          0          0          0          0
1717845381          0        280               0           19383          0          0          0          0
1717845391          0        234               0           15860          0          0          0          0
1717845401          0        216               0           15308          0          0          0          0
1717845412          0        260               0           17360          0          0          0          0
1717845422          0        202               0           13550          0          0          0          0
1717845432          0        231               0           15706          0          0          0          0
1717845443         56        205           70681           13641          0          0          0          0
1717845453          0        218               0           13782          0          0          0          0
1717845463          1        245              90           15796          0          0          0          0
1717845473          0        166               0           10272          0          0          0          0
1717845484          0        210               0           14394          0          0          0          0
1717845494          0        259               0           17776          0          0          0          0
1717845504          0        223               0           14056          0          0          0          0
1717845515          0        174               0           10882          0          0          0          0
1717845525          9        419             838           27530          0          0          0          0
1717845535          0        265               0           18188          0          0          0          0
1717845546          0        210               0           13796          0          0          0          0
1717845556          0        189               0           12406          0          0          0          0
1717845566          0        240               0           15492          0          0          0          0
1717845576          0        241               0           16280          0          0          0          0
1717845587          0        225               0           14956          0          0          0          0
1717845597          1        221              90           14772          0          0          0          0
1717845607          2       5910             212          354788          0          0          0          0
1717845618          0         96               0            6436          0          0          0          0
1717845628          0        158               0           10910          0          0          0          0
1717845638          0        128               0            8304          0          0          0          0
1717845649          0        120               0            7538          0          0          0          0
1717845659          0         98               0            6192          0          0          0          0
1717845669          0         81               0            5354          0          0          0          0
1717845679          0         81               0            5146          0          0          0          0
1717845690          0         84               0            5274          0          0          0          0
1717845700          0        128               0            7966          0          0          0          0
1717845710          0         79               0            4948          0          0          0          0
1717845721          0        129               0            8494          0          0          0          0
1717845731          0         94               0            6056          0          0          0          0
1717845741         56        135           73231           10215          0          0          0          0
1717845751          1        127              42            8660          0          0          0          0
1717845762          0        185               0           12400          0          0          0          0
1717845772          0        132               0            8804          0          0          0          0
1717845782          0        117               0            7696          0          0          0          0
1717845793          0         79               0            4948          0          0          0          0
1717845803          0         91               0            5668          0          0          0          0
1717845813          0        127               0            9154          0          0          0          0
1717845824          0        353               0           21830          0          0          0          0
1717845834          0        206               0           13244          0          0          0          0
1717845844          0        196               0           11916          0          0          0          0
1717845854          0        225               0           14540          0          0          0          0
1717845865          0        190               0           12830          0          0          0          0
1717845875          0        220               0           15218          0          0          0          0
1717845885          0        213               0           14324          0          0          0          0
1717845895          0        264               0           17712          0          0          0          0
1717845906          0        204               0           13254          0          0          0          0
1717845916          0        208               0           13728          0          0          0          0
1717845926          0        193               0           12412          0          0          0          0
1717845937          0        157               0            9758          0          0          0          0
1717845947          0        172               0           11724          0          0          0          0
1717845957          0        199               0           12122          0          0          0          0
1717845967          1        189              42           11548          0          0          0          0
1717845978          0        191               0           11642          0          0          0          0
1717845988          0        163               0            9884          0          0          0          0
1717845998          0        135               0            8204          0          0          0          0
1717846009          0        144               0            8900          0          0          0          0
1717846019          0        169               0           10400          0          0          0          0
1717846029          0        230               0           14736          0          0          0          0
1717846040         60        202           75408           12867          0          0          0          0
1717846050          1        321              42           23056          0          0          0          0
1717846060          0        294               0           21254          0          0          0          0
1717846070          0        318               0           23240          0          0          0          0
1717846081          0        299               0           21294          0          0          0          0
1717846091          0        375               0           27024          0          0          0          0
1717846101          0        315               0           23164          0          0          0          0
1717846112          0        306               0           21618          0          0          0          0
1717846122          6        520             616           37708          0          0          0          0
1717846132          1        413              42           29434          0          0          0          0
1717846142          0        335               0           24754          0          0          0          0
1717846153          0        350               0           25290          0          0          0          0
1717846163          0        332               0           24444          0          0          0          0
1717846173          0        328               0           23788          0          0          0          0
1717846184          0        279               0           20198          0          0          0          0
1717846194          0        385               0           28950          0          0          0          0
1717846204          1       5369             170          326020          0          0          0          0
1717846215          1        312              42           24709          0          0          0          0
1717846225          0        904               0           74676          0          0          0          0
1717846235          0        942               0           79227          0          0          0          0
1717846245          0        743               0           61116          0          0          0          0
1717846256          0        751               0           62350          0          0          0          0
1717846266          0        733               0           61114          0          0          0          0
1717846276          0        838               0           70274          0          0          0          0
1717846287          0        977               0           81136          0          0          0          0
1717846297          0        837               0           69694          0          0          0          0
1717846307          0        911               0           75460          0          0          0          0
1717846317          0        594               0           48874          0          0          0          0
1717846328          0        884               0           73554          0          0          0          0
1717846338         59        819           77667           67121          0          0          0          0
1717846348          1       1065              42           87118          0          0          0          0
1717846359          0        955               0           77953          0          0          0          0
1717846369          0        951               0           77262          0          0          0          0
1717846379          0        825               0           67024          0          0          0          0
1717846389          0        556               0           43838          0          0          0          0
1717846400          0        699               0           55989          0          0          0          0
1717846410          0        822               0           66454          0          0          0          0
1717846420          0        924               0           69220          0          0          0          0
1717846431          0        549               0           39206          0          0          0          0
1717846441          0        862               0           69582          0          0          0          0
1717846451          0        440               0           34547          0          0          0          0
1717846461          0        609               0           48396          0          0          0          0
1717846472          0        578               0           45860          0          0          0          0
1717846482          0        632               0           49542          0          0          0          0
1717846492          0        521               0           41132          0          0          0          0
1717846502          0        560               0           43194          0          0          0          0
1717846513          0        525               0           40808          0          0          0          0
1717846523          0        536               0           42205          0          0          0          0
1717846533          0        321               0           23377          0          0          0          0
1717846544          0        290               0           20026          0          0          0          0
1717846554          0        221               0           14014          0          0          0          0
1717846564          2        262             132           17726          0          0          0          0
1717846574          0        151               0            9702          0          0          0          0
1717846585          0        185               0           12010          0          0          0          0
1717846595          0        175               0           11020          0          0          0          0
1717846605          0        185               0           11412          0          0          0          0
1717846616          0        220               0           13824          0          0          0          0
1717846626          1        188              90           12012          0          0          0          0
1717846636          0        477               0           28906          0          0          0          0
1717846646         62        175           79862           11373          0          0          0          0
1717846657          0        173               0           10900          0          0          0          0
1717846667          0        175               0           10786          0          0          0          0
1717846677          0        195               0           11908          0          0          0          0
1717846688          1       1130              90           68038          0          0          0          0
1717846699          0        587               0           35428          0          0          0          0
1717846709          0        952               0           57354          0          0          0          0
1717846719          6        384             616           23498          0          0          0          0
1717846730          1        370              42           22720          0          0          0          0
1717846740          0        422               0           25372          0          0          0          0
1717846750          1        271              90           16706          0          0          0          0
1717846761          0        225               0           13656          0          0          0          0
1717846771          0        233               0           14058          0          0          0          0
1717846781          0        184               0           11352          0          0          0          0
1717846791          0        747               0           45730          0          0          0          0
1717846802          1       4272             169          257314          0          0          0          0
1717846812          1        234              42           15080          0          0          0          0
1717846822          0        629               0           39170          0          0          0          0
1717846833          0       1354               0           82228          0          0          0          0
1717846843          0        407               0           26552          0          0          0          0
1717846853          0        315               0           21006          0          0          0          0
1717846863          0        292               0           18924          0          0          0          0
1717846874          0        353               0           22272          0          0          0          0
1717846884          0        418               0           26248          0          0          0          0
1717846894          0        319               0           19948          0          0          0          0
1717846905          0        281               0           17380          0          0          0          0
1717846915          0        152               0           10498          0          0          0          0
1717846925          0        388               0           25568          0          0          0          0
1717846936          0        165               0           11642          0          0          0          0
1717846946         63       1321           81875           80529          0          0          0          0
1717846956          0        448               0           27842          0          0          0          0
1717846966          0        121               0            7806          0          0          0          0
1717846977          0        118               0            8016          0          0          0          0
1717846987          0        178               0           11772          0          0          0          0
1717846997          0        322               0           22700          0          0          0          0
1717847008          1        247              42           16510          0          0          0          0
1717847018          0        262               0           17852          0          0          0          0
1717847028          0        679               0           42560          0          0          0          0
1717847038          0        187               0           11896          0          0          0          0
1717847049          0        223               0           15304          0          0          0          0
1717847059          0        140               0            8582          0          0          0          0
1717847069          0        218               0           13262          0          0          0          0
1717847079          0        218               0           14354          0          0          0          0
1717847090          0       1796               0          150218          0          0          0          0
1717847100          2       1869             132          156560          0          0          0          0
1717847110          1       8491             234          556778          0          0          0          0
1717847121          0       1553               0          131400          0          0          0          0
1717847131          0       1940               0          163798          0          0          0          0
1717847141          0       2237               0          189808          0          0          0          0
1717847152          0       2083               0          175576          0          0          0          0
1717847162          0       1765               0          149970          0          0          0          0
1717847172          0       2004               0          170706          0          0          0          0
1717847182          0       2882               0          246162          0          0          0          0
1717847193          0       1578               0          133810          0          0          0          0
1717847203          0       2640               0          224050          0          0          0          0
1717847213          0       2244               0          191060          0          0          0          0
1717847224          0       2071               0          175584          0          0          0          0
1717847234          0       1679               0          142496          0          0          0          0
1717847244         68       1849           84408          157933          0          0          0          0
1717847254          3       1174             258           98490          0          0          0          0
1717847265          3       1750             258          147476          0          0          0          0
1717847275          0       1106               0           92958          0          0          0          0
1717847285          0       1337               0          112018          0          0          0          0
1717847296          0       1046               0           88500          0          0          0          0
1717847306          0        807               0           67374          0          0          0          0
1717847316          0        848               0           71368          0          0          0          0
1717847326          7        836             658           66140          0          0          0          0
1717847337          0        818               0           67202          0          0          0          0
1717847347          0        868               0           72022          0          0          0          0
1717847357          2        805             132           66920          0          0          0          0
1717847367          0        795               0           66446          0          0          0          0
1717847378          0        809               0           67970          0          0          0          0
1717847388          0        944               0           78836          0          0          0          0
1717847398          0       1069               0           88970          0          0          0          0
1717847409          2       7308             211          447326          0          0          0          0
1717847419          0        445               0           35618          0          0          0          0
1717847429          0        377               0           30446          0          0          0          0
1717847439          0        473               0           38520          0          0          0          0
1717847450          0        474               0           36630          0          0          0          0
1717847460          0        514               0           39342          0          0          0          0
1717847470          0        439               0           33490          0          0          0          0
1717847480          0        389               0           28514          0          0          0          0
1717847491          0        516               0           40320          0          0          0          0
1717847501          0        393               0           30678          0          0          0          0
1717847511          0        499               0           39092          0          0          0          0
1717847521          0        480               0           37640          0          0          0          0
1717847532          0        472               0           35964          0          0          0          0
1717847542         65        258           84767           17833          0          0          0          0
1717847552          0        432               0           32446          0          0          0          0
1717847563          0        300               0           22420          0          0          0          0
1717847573          0        262               0           18970          0          0          0          0
1717847583          0        265               0           19462          0          0          0          0
1717847594          0        396               0           28726          0          0          0          0
1717847604          0        368               0           27228          0          0          0          0
1717847614          0        329               0           22964          0          0          0          0
1717847625          2        538             132           35222          0          0          0          0
1717847635          0        223               0           14888          0          0          0          0
1717847645          0        173               0           11940          0          0          0          0
1717847656          0        279               0           19496          0          0          0          0
1717847666          0       1136               0           69200          0          0          0          0
1717847677          0       1246               0           76476          0          0          0          0
1717847687         31       1156            5811           75959          0          0          0          0
1717847697          0        972               0           59100          0          0          0          0
1717847708          0       1059               0           65594          0          0          0          0
1717847718          0       1357               0           82720          0          0          0          0
1717847728          0        234               0           14820          0          0          0          0
1717847739          0       1171               0           71152          0          0          0          0
1717847749          2       1050             108           63232          0          0          0          0
1717847760          0       1565               0           94628          0          0          0          0
1717847770          0       1519               0           91400          0          0          0          0
1717847781          0       1419               0           85738          0          0          0          0
1717847791          0        446               0           27514          0          0          0          0
1717847802          1        389              66           24386          0          0          0          0
1717847812          1        171              42           10884          0          0          0          0
1717847822          0        352               0           21250          0          0          0          0
1717847833          1        127              90            7754          0          0          0          0
1717847843         65       1225           84852           74333          0          0          0          0
1717847853          0        280               0           16956          0          0          0          0
1717847864          1        443              66           26716          0          0          0          0
1717847874          1        201              42           12190          0          0          0          0
1717847884          0        174               0           10648          0          0          0          0
1717847895          1       1101              90           66324          0          0          0          0
1717847905          1        941              90           56646          0          0          0          0
1717847915          0        312               0           19084          0          0          0          0
1717847926          7        294             682           18156          0          0          0          0
1717847936          1        485              42           29490          0          0          0          0
1717847947          0        238               0           14774          0          0          0          0
1717847957          0        140               0            8634          0          0          0          0
1717847967          1        160              90            9864          0          0          0          0
1717847978          0        150               0            9182          0          0          0          0
1717847988          4        151             240            9254          0          0          0          0
1717847999          0        148               0            9140          0          0          0          0
1717848009          1       2750             169          165162          0          0          0          0
1717848020          0         97               0            6444          0          0          0          0
1717848030          0        122               0            8334          0          0          0          0
1717848041          0        107               0            6914          0          0          0          0
1717848051          0        154               0            9812          0          0          0          0
1717848061          6       1345             906           83304          0          0          0          0
1717848071          0       2901               0          173748          0          0          0          0
1717848082          0        119               0            8154          0          0          0          0
1717848092          0        162               0           11098          0          0          0          0
1717848102          0        115               0            7836          0          0          0          0
1717848113          0        164               0           10022          0          0          0          0
1717848123          0        533               0           34996          0          0          0          0
1717848133          0        280               0           19296          0          0          0          0
1717848144         65       1383           85456           85763          0          0          0          0
1717848154          0        309               0           19008          0          0          0          0
1717848164          2        481             132           29774          0          0          0          0
1717848175          0        279               0           18560          0          0          0          0
1717848185          0        260               0           15860          0          0          0          0
1717848195          0       1245               0           76520          0          0          0          0
1717848205          0       1031               0           62224          0          0          0          0
1717848216          0        326               0           20210          0          0          0          0
1717848226          0        568               0           34626          0          0          0          0
1717848236          0        507               0           31070          0          0          0          0
1717848247          0        354               0           22696          0          0          0          0
1717848257          0        289               0           19082          0          0          0          0
1717848267          0        268               0           17120          0          0          0          0
1717848277          0        306               0           19504          0          0          0          0
1717848288          0        768               0           48238          0          0          0          0
1717848298          0        328               0           23216          0          0          0          0
1717848308          0        330               0           22452          0          0          0          0
1717848319          0        706               0           45749          0          0          0          0
1717848329          0        499               0           33892          0          0          0          0
1717848339          0       1379               0           87264          0          0          0          0
1717848349          0        314               0           22038          0          0          0          0
1717848360          1        245              42           16962          0          0          0          0
1717848370          0        254               0           17658          0          0          0          0
1717848380          0        188               0           11878          0          0          0          0
1717848391          0        244               0           16209          0          0          0          0
1717848402          0        325               0           22620          0          0          0          0
1717848412          0        154               0            9587          0          0          0          0
1717848423          1        145              90            8860          0          0          0          0
1717848433          1        204              42           13176          0          0          0          0
1717848443         66        267           86297           18121          0          0          0          0
1717848453          0        192               0           12092          0          0          0          0
1717848464          0        241               0           15526          0          0          0          0
1717848474          0        187               0           12000          0          0          0          0
1717848484          0        192               0           12794          0          0          0          0
1717848494          0        168               0           10808          0          0          0          0
1717848505          0        236               0           16058          0          0          0          0
1717848515          0        274               0           18780          0          0          0          0
1717848525          7        405             658           27020          0          0          0          0
1717848536          0        244               0           15836          0          0          0          0
1717848546          0        231               0           16200          0          0          0          0
1717848556          0        217               0           15022          0          0          0          0
1717848566          0        236               0           15720          0          0          0          0
1717848577          0        249               0           16760          0          0          0          0
1717848587          0        215               0           13888          0          0          0          0
1717848597          0        273               0           19292          0          0          0          0
1717848608          2       4569             211          275732          0          0          0          0
1717848618          0        161               0           12026          0          0          0          0
1717848628          0        149               0           10474          0          0          0          0
1717848638          0        170               0           11656          0          0          0          0
1717848649          0         96               0            6254          0          0          0          0
1717848659          0        137               0            9000          0          0          0          0
1717848669          0         85               0            5464          0          0          0          0
1717848680          1        114              90            7702          0          0          0          0
1717848690          1         99              42            7162          0          0          0          0
1717848700          0        160               0           11212          0          0          0          0
1717848711          0        149               0           10188          0          0          0          0
1717848721          0        141               0            9474          0          0          0          0
1717848731          0        136               0           10006          0          0          0          0
1717848741         65        114           87039            7927          0          0          0          0
1717848752          1        105              42            7192          0          0          0          0
1717848762          0        142               0            9786          0          0          0          0
1717848772          0        237               0           17470          0          0          0          0
1717848783          0        167               0           11970          0          0          0          0
1717848793          0        140               0            9622          0          0          0          0
1717848803          0        113               0            7898          0          0          0          0
1717848813          0        149               0           11228          0          0          0          0
1717848824          6        196             492           13078          0          0          0          0
1717848834          1        224              86           14714          0          0          0          0
1717848844          1        231              86           16356          0          0          0          0
1717848854          6        263             492           17262          0          0          0          0
1717848865          1        205              86           12994          0          0          0          0
1717848875          1        185              86           11958          0          0          0          0
1717848885          6        201             516           12866          0          0          0          0
1717848896         36        231            3096           15134          0          0          0          0
1717848906         21        215            1806           13862          0          0          0          0
1717848916          3        591             258           45660          0          0          0          0
1717848926          0       1081               0           88694          0          0          0          0
1717848937          0       1548               0          128422          0          0          0          0
1717848947          2       1225             132          101558          0          0          0          0
1717848957          3       1342             234          111174          0          0          0          0
1717848967          3       1535             258          127460          0          0          0          0
1717848978          0       1164               0           95268          0          0          0          0
1717848988          0       1164               0           95450          0          0          0          0
1717848998          4       1143             336           94286          0          0          0          0
1717849009          3       1583             246          132112          0          0          0          0
1717849019          0       1050               0           86088          0          0          0          0
1717849029          0       1223               0           99978          0          0          0          0
1717849039         65       1287           87123          106451          0          0          0          0
1717849050          1       1126              42           92052          0          0          0          0
1717849060          1       1319              86          101084          0          0          0          0
1717849070          4       1082             344           88216          0          0          0          0
1717849080          2       1145             176           92910          0          0          0          0
1717849091         13       1688            1118          121170          0          0          0          0
1717849101          0       1213               0           90746          0          0          0          0
1717849111          0       1600               0          113446          0          0          0          0
1717849121          6        897             616           66992          0          0          0          0
1717849132          0        776               0           55858          0          0          0          0
1717849142          1        789              90           59652          0          0          0          0
1717849152          0        767               0           59254          0          0          0          0
1717849163          0        619               0           46162          0          0          0          0
1717849173          0        619               0           46656          0          0          0          0
1717849183          0        548               0           41434          0          0          0          0
1717849193          0        964               0           64288          0          0          0          0
1717849204          3       5354             301          330792          0          0          0          0
1717849214          0        541               0           41040          0          0          0          0
1717849224          0        806               0           56212          0          0          0          0
1717849234          0       1515               0           99090          0          0          0          0
1717849245          0        263               0           17756          0          0          0          0
1717849255          0        180               0           12776          0          0          0          0
1717849265          0        445               0           31978          0          0          0          0
1717849276          0        386               0           25188          0          0          0          0
1717849286          0        503               0           32728          0          0          0          0
1717849296          0        629               0           42602          0          0          0          0
1717849307          0        361               0           25300          0          0          0          0
1717849317          0        237               0           15858          0          0          0          0
1717849327          0        143               0           10608          0          0          0          0
1717849337         65        262           87203           18159          0          0          0          0
1717849348          1        350              42           24718          0          0          0          0
1717849358          0        205               0           14120          0          0          0          0
1717849368          0        201               0           14504          0          0          0          0
1717849379          0        196               0           14100          0          0          0          0
1717849389          0        179               0           13158          0          0          0          0
1717849399          0        195               0           14872          0          0          0          0
1717849409          0        192               0           14666          0          0          0          0
1717849420          0        368               0           23900          0          0          0          0
1717849430          0        346               0           24114          0          0          0          0
1717849440          0        153               0           10116          0          0          0          0
1717849450          0        174               0           12234          0          0          0          0
1717849461          0        136               0            9434          0          0          0          0
1717849471          2         93             132            6130          0          0          0          0
1717849481          0        120               0            7616          0          0          0          0
1717849492          0        119               0            7452          0          0          0          0
1717849502          0        139               0            9068          0          0          0          0
1717849512          0        143               0            9568          0          0          0          0
1717849523          0        121               0            8664          0          0          0          0
1717849533          0        154               0           11008          0          0          0          0
1717849543          0        128               0            8668          0          0          0          0
1717849554          0        265               0           19488          0          0          0          0
1717849564          0        200               0           14600          0          0          0          0
1717849574          0        165               0           11382          0          0          0          0
1717849584          0        156               0           11700          0          0          0          0
1717849595          0        115               0            8096          0          0          0          0
1717849605          0        109               0            7684          0          0          0          0
1717849615          0        172               0           11750          0          0          0          0
1717849626          0        194               0           13980          0          0          0          0
1717849636          0        229               0           16938          0          0          0          0
1717849646         67        185           87580           13785          0          0          0          0
1717849657          0        168               0           12134          0          0          0          0
1717849667          0        158               0           11664          0          0          0          0
1717849677          0        159               0           11308          0          0          0          0
1717849687          0        205               0           15108          0          0          0          0
1717849698          0        184               0           13276          0          0          0          0
1717849708          0        150               0           10404          0          0          0          0
1717849718          0        131               0            9186          0          0          0          0
1717849729          7        301             706           19666          0          0          0          0
1717849739          1        181              42           13642          0          0          0          0
1717849749          0        178               0           12578          0          0          0          0
1717849759          0        159               0           11204          0          0          0          0
1717849770          0        192               0           13522          0          0          0          0
1717849780          0         86               0            5914          0          0          0          0
1717849790          0        167               0           12724          0          0          0          0
1717849800          0        132               0            9558          0          0          0          0
1717849811         10       3692             876          223674          0          0          0          0
1717849821          0        178               0           12396          0          0          0          0
1717849831          0        181               0           12628          0          0          0          0
1717849841          0        184               0           12314          0          0          0          0
1717849852          0        175               0           11020          0          0          0          0
1717849862          1        236              42           16344          0          0          0          0
1717849872          0        221               0           14950          0          0          0          0
1717849882          0        239               0           15952          0          0          0          0
1717849893          0        211               0           13518          0          0          0          0
1717849903          0        204               0           12734          0          0          0          0
1717849913          0        230               0           15100          0          0          0          0
1717849923          0        163               0           10040          0          0          0          0
1717849934          0        212               0           13864          0          0          0          0
1717849944         67        225           87841           14613          0          0          0          0
1717849954          0        177               0           10958          0          0          0          0
1717849964          0        241               0           15682          0          0          0          0
1717849975          0        187               0           11740          0          0          0          0
1717849985          0        208               0           13650          0          0          0          0
1717849995          2        204             132           13830          0          0          0          0
1717850005          0        195               0           12558          0          0          0          0
1717850016          0        207               0           13070          0          0          0          0
1717850026          0        613               0           40186          0          0          0          0
1717850036          0        285               0           19682          0          0          0          0
1717850046          0        268               0           18880          0          0          0          0
1717850057          0        252               0           17746          0          0          0          0
1717850067          0        224               0           15130          0          0          0          0
1717850077          0        345               0           24756          0          0          0          0
1717850087          0        232               0           15974          0          0          0          0
1717850098          0        263               0           18224          0          0          0          0
1717850108          0        267               0           19296          0          0          0          0
1717850118          0        292               0           21420          0          0          0          0
1717850128          0        311               0           22690          0          0          0          0
1717850139          0        377               0           27612          0          0          0          0
1717850149          0        275               0           19308          0          0          0          0
1717850159          0        303               0           21404          0          0          0          0
1717850169          0        331               0           24540          0          0          0          0
1717850180          0        255               0           17588          0          0          0          0
1717850190          1        210              90           14268          0          0          0          0
1717850200          0        235               0           16284          0          0          0          0
1717850210          0        224               0           14766          0          0          0          0
1717850221          0        238               0           16230          0          0          0          0
1717850231          0        245               0           17066          0          0          0          0
1717850241         66        256           88068           18605          0          0          0          0
1717850251          2        253             132           18495          0          0          0          0
1717850262          2        205             132           14176          0          0          0          0
1717850272          0        238               0           16152          0          0          0          0
1717850282          0        244               0           16746          0          0          0          0
1717850292          0        219               0           15350          0          0          0          0
1717850303          0        168               0           11354          0          0          0          0
1717850313          0        169               0           11024          0          0          0          0
1717850323          7        241             706           15312          0          0          0          0
1717850333          0        242               0           15404          0          0          0          0
1717850344          0        169               0           10816          0          0          0          0
1717850354          0        217               0           14320          0          0          0          0
1717850364          0        188               0           12510          0          0          0          0
1717850374          0        148               0            9340          0          0          0          0
1717850385          0        125               0            7890          0          0          0          0
1717850395          0        161               0           10076          0          0          0          0
1717850405          2       5510             212          332608          0          0          0          0
1717850415          0        206               0           14778          0          0          0          0
1717850426          0        114               0            7724          0          0          0          0
1717850436          0        108               0            7676          0          0          0          0
1717850446          0        127               0            8400          0          0          0          0
1717850456          0        112               0            7838          0          0          0          0
1717850466          5        206             406           14952          0          0          0          0
1717850477          1        163              86           11704          0          0          0          0
1717850487          0        160               0           10952          0          0          0          0
1717850497          1        137              86            9780          0          0          0          0
1717850507          5        160             406           11594          0          0          0          0
1717850518          3        119             262            8132          0          0          0          0
1717850528          5        151             386           10464          0          0          0          0
1717850538         66        170           88154           12171          0          0          0          0
1717850548          1        130              42            8554          0          0          0          0
1717850559          0        157               0           11162          0          0          0          0
1717850569          0        156               0           11440          0          0          0          0
1717850579          0        162               0           12216          0          0          0          0
1717850589         32        160            2752           11628          0          0          0          0
1717850600          5        194             430           13824          0          0          0          0
1717850610         19        131            1634            8510          0          0          0          0
1717850620         10        151             860            9962          0          0          0          0
1717850630          0        239               0           14522          0          0          0          0
1717850641          7        359             622           21848          0          0          0          0
1717850651          0        280               0           19478          0          0          0          0
1717850661          0        332               0           22780          0          0          0          0
1717850671          0        365               0           23044          0          0          0          0
1717850681          0        317               0           20996          0          0          0          0
1717850692          0        825               0           51840          0          0          0          0
1717850702          0        294               0           21176          0          0          0          0
1717850712          0        357               0           24332          0          0          0          0
1717850722          0        687               0           43274          0          0          0          0
1717850732          0       1337               0           82742          0          0          0          0
1717850743          0        409               0           27504          0          0          0          0
1717850753          0        236               0           15954          0          0          0          0
1717850763          0        372               0           23984          0          0          0          0
1717850773          0        429               0           28028          0          0          0          0
1717850784          2        414             132           26638          0          0          0          0
1717850794          0        628               0           41190          0          0          0          0
1717850804          0        535               0           34934          0          0          0          0
1717850814          0        265               0           17408          0          0          0          0
1717850824          0        483               0           31034          0          0          0          0
1717850835          0        266               0           18430          0          0          0          0
1717850845         67       1434           88453           91053          0          0          0          0
1717850855          0        386               0           25240          0          0          0          0
1717850865          0        563               0           38148          0          0          0          0
1717850875          0        335               0           22882          0          0          0          0
1717850886          7        355             622           24982          0          0          0          0
1717850896          0        432               0           29222          0          0          0          0
1717850906          0        437               0           28542          0          0          0          0
1717850916          0        293               0           20276          0          0          0          0
1717850926          6        435             616           28482          0          0          0          0
1717850937          0        279               0           19106          0          0          0          0
1717850947          0        274               0           18624          0          0          0          0
1717850957          0        258               0           18080          0          0          0          0
1717850967          0        259               0           18348          0          0          0          0
1717850977          0        280               0           19946          0          0          0          0
1717850988          0        260               0           17472          0          0          0          0
1717850998          0        207               0           13486          0          0          0          0
1717851008          2       5360             212          324466          0          0          0          0
1717851018          0        114               0            7776          0          0          0          0
1717851028          0        133               0            9098          0          0          0          0
1717851039          0        154               0           10384          0          0          0          0
1717851049          2        240             132           16510          0          0          0          0
1717851059          0        244               0           16226          0          0          0          0
1717851069          0        236               0           15694          0          0          0          0
1717851079          0        198               0           13596          0          0          0          0
1717851090          0        175               0           11782          0          0          0          0
1717851100          0        238               0           17184          0          0          0          0
1717851110          0        219               0           14908          0          0          0          0
1717851120          0        216               0           14312          0          0          0          0
1717851130          0        233               0           15878          0          0          0          0
1717851141         67        300           88907           22395          0          0          0          0
1717851151          1        247              42           17940          0          0          0          0
1717851161          0        259               0           18972          0          0          0          0
1717851171          0        156               0           10322          0          0          0          0
1717851181          0        227               0           15362          0          0          0          0
1717851192          0        189               0           12224          0          0          0          0
1717851202         10        192             944           12124          0          0          0          0
1717851212          0        186               0           12382          0          0          0          0
1717851222          0        214               0           14036          0          0          0          0
1717851232          0        253               0           16402          0          0          0          0
1717851242          0        206               0           14284          0          0          0          0
1717851253          0        308               0           21912          0          0          0          0
1717851263          1        265              42           18032          0          0          0          0
1717851273          0        218               0           15368          0          0          0          0
1717851283          0        277               0           20806          0          0          0          0
1717851293          0        211               0           15390          0          0          0          0
1717851303          0        193               0           13608          0          0          0          0
1717851314          2        280             132           20184          0          0          0          0
1717851324          0        388               0           26322          0          0          0          0
1717851334          0        695               0           44300          0          0          0          0
1717851344          0        673               0           43448          0          0          0          0
1717851354         31        687            5811           49431          0          0          0          0
1717851364          0        549               0           35514          0          0          0          0
1717851375          1       2235              90          137354          0          0          0          0
1717851385          0       2148               0          131038          0          0          0          0
1717851395          6        216             492           15664          0          0          0          0
1717851405         19        599            1634           38280          0          0          0          0
1717851415          2        574             108           36162          0          0          0          0
1717851425          0        301               0           19750          0          0          0          0
1717851436          1       1474              90           91694          0          0          0          0
1717851446         68       2361           89003          146367          0          0          0          0
1717851456          0        617               0           40790          0          0          0          0
1717851467          2        834             108           52394          0          0          0          0
1717851477          0        750               0           46266          0          0          0          0
1717851487          0       1151               0           71608          0          0          0          0
1717851497          0        441               0           29242          0          0          0          0
1717851508          1       1038              90           64182          0          0          0          0
1717851518          0        376               0           25134          0          0          0          0
1717851528          8        355             724           23142          0          0          0          0
1717851538          1        438              42           26774          0          0          0          0
1717851548          0        253               0           16428          0          0          0          0
1717851558          0        215               0           14070          0          0          0          0
1717851569          1        275              90           17622          0          0          0          0
1717851579          1        304              42           21048          0          0          0          0
1717851589          1        734              66           45710          0          0          0          0
1717851599          0        278               0           19020          0          0          0          0
1717851609          2       2954             212          178910          0          0          0          0
1717851619          0        638               0           41348          0          0          0          0
1717851630          0        457               0           29422          0          0          0          0
1717851640          0       1007               0           62110          0          0          0          0
1717851650          3        922             198           56693          0          0          0          0
1717851660          1        293              42           18594          0          0          0          0
1717851670          5       4470             865          269036          0          0          0          0
1717851680          0        378               0           24006          0          0          0          0
1717851691          0        180               0           11814          0          0          0          0
1717851701          0        226               0           14782          0          0          0          0
1717851711          0        207               0           14344          0          0          0          0
1717851721          0        196               0           13346          0          0          0          0
1717851731          0        190               0           13584          0          0          0          0
1717851741         67        177           89043           13331          0          0          0          0
1717851752          1        277              42           21118          0          0          0          0
1717851762          0        135               0            9478          0          0          0          0
1717851772          0        126               0            8340          0          0          0          0
1717851782          0        172               0           11854          0          0          0          0
1717851792          0        188               0           13854          0          0          0          0
1717851802          0        122               0            8438          0          0          0          0
1717851813          0        181               0           13694          0          0          0          0
1717851823          0        378               0           27100          0          0          0          0
1717851833          1        226              90           15098          0          0          0          0
1717851843          1        214              42           15648          0          0          0          0
1717851853          0        173               0           12434          0          0          0          0
1717851863          0        147               0           10068          0          0          0          0
1717851874          0        121               0            8508          0          0          0          0
1717851884          0        162               0           12034          0          0          0          0
1717851894          0        123               0            8992          0          0          0          0
1717851904          0        192               0           13860          0          0          0          0
1717851914          0        225               0           16386          0          0          0          0
1717851924          0        255               0           19434          0          0          0          0
1717851935          0        130               0            9178          0          0          0          0
1717851945          0        145               0           10442          0          0          0          0
1717851955          0        110               0            7432          0          0          0          0
1717851965          0        136               0            8706          0          0          0          0
1717851975          0        176               0           12354          0          0          0          0
1717851986          0        160               0           10900          0          0          0          0
1717851996          0        232               0           17498          0          0          0          0
1717852006          0        205               0           15352          0          0          0          0
1717852016          0        172               0           12972          0          0          0          0
1717852026          0        219               0           16312          0          0          0          0
1717852037          0        260               0           19006          0          0          0          0
1717852047         68        253           89334           18891          0          0          0          0
1717852057          0        283               0           21920          0          0          0          0
1717852067          0        224               0           17470          0          0          0          0
1717852077          0        179               0           13522          0          0          0          0
1717852087          0        226               0           17590          0          0          0          0
1717852098          1        217              90           15858          0          0          0          0
1717852108          1        290              42           22054          0          0          0          0
1717852118          0        179               0           12716          0          0          0          0
1717852128          7        297             658           20002          0          0          0          0
1717852138          0        157               0           11362          0          0          0          0
1717852148          0        122               0            8490          0          0          0          0
1717852159          0        172               0           12478          0          0          0          0
1717852169          0        163               0           11028          0          0          0          0
1717852179          0        227               0           16272          0          0          0          0
1717852189          0        139               0            9640          0          0          0          0
1717852199          0        271               0           19692          0          0          0          0
1717852209          2       7127             212          429238          0          0          0          0
1717852220          0        592               0           37600          0          0          0          0
1717852230          0        557               0           36306          0          0          0          0
1717852240          0       1008               0           61988          0          0          0          0
1717852250          0        274               0           20054          0          0          0          0
1717852260          0        312               0           20644          0          0          0          0
1717852271          0        183               0           11916          0          0          0          0
1717852281          0        452               0           28498          0          0          0          0
1717852291          0        499               0           32852          0          0          0          0
1717852301          0        409               0           26178          0          0          0          0
1717852312          0        241               0           17346          0          0          0          0
1717852322          0        391               0           25410          0          0          0          0
1717852332          0        110               0            6938          0          0          0          0
1717852342         68        784           89416           48705          0          0          0          0
1717852353          0        566               0           34584          0          0          0          0
1717852363          2        575             132           37286          0          0          0          0
1717852373          0        241               0           16566          0          0          0          0
1717852383          0        323               0           23462          0          0          0          0
1717852393          0       1121               0           69548          0          0          0          0
1717852404          0       1111               0           71236          0          0          0          0
1717852414          0        253               0           19054          0          0          0          0
1717852424          0        546               0           35880          0          0          0          0
1717852434          0        315               0           23034          0          0          0          0
1717852444          0        374               0           29356          0          0          0          0
1717852454          0        181               0           13434          0          0          0          0
1717852465          0        174               0           12988          0          0          0          0
1717852475          0        186               0           13370          0          0          0          0
1717852485          0        256               0           17440          0          0          0          0
1717852495          0        269               0           17830          0          0          0          0
1717852505          0        282               0           19182          0          0          0          0
1717852515          0        206               0           13842          0          0          0          0
1717852526          0        291               0           20554          0          0          0          0
1717852536          0        232               0           16234          0          0          0          0
1717852546          1        283              90           20156          0          0          0          0
1717852556          0        304               0           20944          0          0          0          0
1717852566          0        326               0           22550          0          0          0          0
1717852577          0        248               0           16570          0          0          0          0
1717852587          0        233               0           15748          0          0          0          0
1717852597          0        260               0           18338          0          0          0          0
1717852607          0        176               0           11254          0          0          0          0
1717852617          1        222              90           14702          0          0          0          0
1717852627          2        272             132           18092          0          0          0          0
1717852638         67        275           89457           18835          0          0          0          0
1717852648          7        259             534           17880          0          0          0          0
1717852658          0        210               0           13874          0          0          0          0
1717852668          0        166               0           10792          0          0          0          0
1717852678          1        193              42           12256          0          0          0          0
1717852688          1        229              90           14602          0          0          0          0
1717852699          0        224               0           14506          0          0          0          0
1717852709          0        228               0           15292          0          0          0          0
1717852719          6        261             616           16768          0          0          0          0
1717852729          1        347              42           23550          0          0          0          0
1717852739          0        191               0           12760          0          0          0          0
1717852749          0        215               0           14096          0          0          0          0
1717852760          0        364               0           24804          0          0          0          0
1717852770          0        341               0           21604          0          0          0          0
1717852780          0        213               0           13586          0          0          0          0
1717852790          0        829               0           52470          0          0          0          0
1717852800          0        276               0           19316          0          0          0          0
1717852810          2       5232             212          315148          0          0          0          0
1717852821          0        654               0           41658          0          0          0          0
1717852831          0        526               0           33874          0          0          0          0
1717852841          0       1051               0           65556          0          0          0          0
1717852851          0        108               0            6974          0          0          0          0
1717852861          0        314               0           21024          0          0          0          0
1717852872          0        240               0           15128          0          0          0          0
1717852882          1        400              90           25590          0          0          0          0
1717852892          7        460             534           28276          0          0          0          0
1717852902          0        346               0           21462          0          0          0          0
1717852912          0        148               0            9634          0          0          0          0
1717852922          0        391               0           24630          0          0          0          0
1717852933          0        123               0            8862          0          0          0          0
1717852943         68       1145           89581           69637          0          0          0          0
1717852953          4        215             344           13524          0          0          0          0
1717852963          0        442               0           26806          0          0          0          0
1717852974          0        144               0            9290          0          0          0          0
1717852984          4        166             344           10740          0          0          0          0
1717852994          0        924               0           55830          0          0          0          0
1717853004          4        124             344            8558          0          0          0          0
1717853014          0        133               0            8344          0          0          0          0
1717853024          0        295               0           18038          0          0          0          0
1717853035          0        143               0            8814          0          0          0          0
1717853045          0        160               0           10250          0          0          0          0
1717853055          0        193               0           11918          0          0          0          0
1717853065          2        196             172           12514          0          0          0          0
1717853075          4        203             344           12986          0          0          0          0
1717853085          4        196             320           12038          0          0          0          0
1717853096          5        221             430           13598          0          0          0          0
1717853106          4        168             344           10340          0          0          0          0
1717853116          0        162               0            9850          0          0          0          0
1717853126          0        205               0           13652          0          0          0          0
1717853136          0        198               0           12920          0          0          0          0
1717853147          2        158             132            9744          0          0          0          0
1717853157          0        208               0           12636          0          0          0          0
1717853167          0        192               0           11676          0          0          0          0
1717853177          0        171               0           10494          0          0          0          0
1717853187          0        147               0            9080          0          0          0          0
1717853197          0        138               0            8462          0          0          0          0
1717853208          0        176               0           11106          0          0          0          0
1717853218          0        222               0           14230          0          0          0          0
1717853228          0        190               0           11842          0          0          0          0
1717853238         67        212           89623           14203          0          0          0          0
1717853248          1        195              42           12558          0          0          0          0
1717853258          0        166               0           10142          0          0          0          0
1717853269          0        174               0           10960          0          0          0          0
1717853279          0        203               0           13142          0          0          0          0
1717853289          0        255               0           17172          0          0          0          0
1717853299          0        209               0           13632          0          0          0          0
1717853309          0        177               0           11244          0          0          0          0
1717853319          6        200             616           12458          0          0          0          0
1717853330          1        298              42           18946          0          0          0          0
1717853340          0        215               0           13862          0          0          0          0
1717853350          0        221               0           13910          0          0          0          0
1717853360          0        216               0           14312          0          0          0          0
1717853370          0        154               0            9838          0          0          0          0
1717853380          0        175               0           11626          0          0          0          0
1717853391          0        214               0           14392          0          0          0          0
1717853401          1       1306              90           79502          0          0          0          0
1717853411          2       4063             212          244338          0          0          0          0
1717853421          0        155               0           10678          0          0          0          0
1717853431          0        138               0            9632          0          0          0          0
1717853441          0        122               0            8308          0          0          0          0
1717853452          0         91               0            6032          0          0          0          0
1717853462          0        141               0            9708          0          0          0          0
1717853472          0        146               0           10034          0          0          0          0
1717853482          0        200               0           14028          0          0          0          0
1717853492          0        115               0            7654          0          0          0          0
1717853503          0        111               0            7622          0          0          0          0
1717853513          0         86               0            6096          0          0          0          0
1717853523          0        164               0           12050          0          0          0          0
