      time tx_packets rx_packets        tx_bytes        rx_bytes  tx_errors tx_dropped rx_frame_errors rx_crc_errors
1717837436         45        165            6169          135058          0          0          0          0
1717837446         28        298            3240           20235          0          0          0          0
1717837456        149        381           15609          218297          0          0          0          0
1717837467         49        357            4807           88892          0          0          0          0
1717837477         16        207            1376           14682          0          0          0          0
1717837487         12        208            1032           14222          0          0          0          0
1717837497          4        214             280           14560          0          0          0          0
1717837507          0        167               0           10456          0          0          0          0
1717837518          0        195               0           13988          0          0          0          0
1717837528          0        191               0           11902          0          0          0          0
1717837538          0        171               0           11170          0          0          0          0
1717837549          2        182             132           11966          0          0          0          0
1717837559          2        231             132           15372          0          0          0          0
1717837569          0        146               0            8968          0          0          0          0
1717837580          0        270               0           17734          0          0          0          0
1717837590          0        219               0           13738          0          0          0          0
1717837600          0        147               0            8924          0          0          0          0
1717837611          0        150               0            9182          0          0          0          0
1717837621          0        172               0           10528          0          0          0          0
1717837631          0        144               0            8822          0          0          0          0
1717837642         37        149           42969            9769          0          0          0          0
1717837652          0        133               0            8292          0          0          0          0
1717837662          0        186               0           11446          0          0          0          0
1717837673          0        146               0            9046          0          0          0          0
1717837684          0        227               0           14608          0          0          0          0
1717837694          0        142               0            8832          0          0          0          0
1717837704          0        202               0           13134          0          0          0          0
1717837714          8        258             772           16068          0          0          0          0
1717837725          3        241             214           14686          0          0          0          0
1717837735          0        164               0           10464          0          0          0          0
1717837745          0        227               0           14920          0          0          0          0
1717837756          0        196               0           12696          0          0          0          0
1717837766          0        144               0            9238          0          0          0          0
1717837776          0        181               0           12394          0          0          0          0
1717837787          0        201               0           13412          0          0          0          0
1717837797          0        209               0           13736          0          0          0          0
1717837807          2       3516             211          212552          0          0          0          0
1717837818          0        162               0           10630          0          0          0          0
1717837828          0        164               0           11972          0          0          0          0
1717837838          0        186               0           14176          0          0          0          0
1717837848          0        278               0           19202          0          0          0          0
1717837859          0        286               0           19370          0          0          0          0
1717837869          0        233               0           16814          0          0          0          0
1717837879          4        309             320           22258          0          0          0          0
1717837890          9        266             754           18902          0          0          0          0
1717837900          0        238               0           17842          0          0          0          0
1717837910          0        238               0           17374          0          0          0          0
1717837921          0        235               0           16232          0          0          0          0
1717837931          0        229               0           15586          0          0          0          0
1717837941         39        310           46405           23439          0          0          0          0
1717837951          2        295             132           21500          0          0          0          0
1717837962          0        299               0           22490          0          0          0          0
1717837972          0        167               0           11242          0          0          0          0
1717837982          0        242               0           16678          0          0          0          0
1717837993          0        234               0           15842          0          0          0          0
1717838003          0        178               0           12761          0          0          0          0
1717838013          0        575               0           36840          0          0          0          0
1717838024          1        442              90           28110          0          0          0          0
1717838034          0        486               0           31682          0          0          0          0
1717838044          0        441               0           29086          0          0          0          0
1717838054          0        275               0           18788          0          0          0          0
1717838065          0        272               0           19232          0          0          0          0
1717838075          0        385               0           26376          0          0          0          0
1717838085          0        839               0           54786          0          0          0          0
1717838096          0        337               0           23886          0          0          0          0
1717838106          0        249               0           17410          0          0          0          0
1717838116          6        684             492           43718          0          0          0          0
1717838126          3        351             258           24024          0          0          0          0
1717838137          1       1109              86           67476          0          0          0          0
1717838147          0        251               0           16282          0          0          0          0
1717838157          5        271             430           17820          0          0          0          0
1717838168          0        478               0           30760          0          0          0          0
1717838178          2        407             156           25694          0          0          0          0
1717838188         21        704            1798           44216          0          0          0          0
1717838198         26        491            2212           31480          0          0          0          0
1717838209          5        253             430           16662          0          0          0          0
1717838219          0        911               0           55440          0          0          0          0
1717838229          0        301               0           19620          0          0          0          0
1717838239         41        662           49207           40523          0          0          0          0
1717838250          0        849               0           51148          0          0          0          0
1717838260          0        461               0           28024          0          0          0          0
1717838270          0        177               0           10880          0          0          0          0
1717838281          0        148               0            9062          0          0          0          0
1717838291          0        136               0            8914          0          0          0          0
1717838301          0        187               0           11792          0          0          0          0
1717838311          0        169               0           10868          0          0          0          0
1717838322          7        326             658           20382          0          0          0          0
1717838332          0        236               0           17522          0          0          0          0
1717838342          0        186               0           12114          0          0          0          0
1717838353          0        126               0            8158          0          0          0          0
1717838363          0        118               0            7990          0          0          0          0
1717838373          0        163               0           11288          0          0          0          0
1717838383          0        124               0            8038          0          0          0          0
1717838394          0        112               0            7682          0          0          0          0
1717838404          2       5842             212          351436          0          0          0          0
1717838414          0        143               0           10010          0          0          0          0
1717838425          0        129               0            9326          0          0          0          0
1717838437          0        230               0           15958          0          0          0          0
1717838449          0        186               0           11836          0          0          0          0
1717838459          0        177               0           11296          0          0          0          0
1717838469          0        271               0           17872          0          0          0          0
1717838480          0        208               0           13572          0          0          0          0
1717838490          0        186               0           11836          0          0          0          0
1717838500          0        175               0           11566          0          0          0          0
1717838510          0        203               0           12466          0          0          0          0
1717838521          0        179               0           11312          0          0          0          0
1717838531          0        180               0           11632          0          0          0          0
1717838541         42        215           51281           14391          0          0          0          0
1717838552          0        183               0           11734          0          0          0          0
1717838562          0        184               0           12002          0          0          0          0
1717838572          0        215               0           14356          0          0          0          0
1717838582          0        195               0           12532          0          0          0          0
1717838594          0        173               0           11056          0          0          0          0
1717838607          0        243               0           15672          0          0          0          0
1717838617          0        611               0           37492          0          0          0          0
1717838627          2        205             132           12980          0          0          0          0
1717838643          0        364               0           24544          0          0          0          0
1717838653          1        169              42           11206          0          0          0          0
1717838663          0        168               0           10444          0          0          0          0
1717838674          0        177               0           10828          0          0          0          0
1717838684          6        794             492           64644          0          0          0          0
1717838694          0        737               0           60054          0          0          0          0
1717838704          0        748               0           60038          0          0          0          0
1717838715          0        723               0           58382          0          0          0          0
1717838726          0        925               0           75260          0          0          0          0
1717838737          0        683               0           54240          0          0          0          0
1717838748          0       1135               0           84168          0          0          0          0
1717838758          0        720               0           58176          0          0          0          0
1717838768          0        711               0           56388          0          0          0          0
1717838779          0        612               0           48888          0          0          0          0
1717838789          0        653               0           52414          0          0          0          0
1717838799          0        772               0           62032          0          0          0          0
1717838809          0        500               0           39742          0          0          0          0
1717838820          0        825               0           67622          0          0          0          0
1717838830          0        598               0           47580          0          0          0          0
1717838840         42        671           51366           53433          0          0          0          0
1717838851          1        696              42           56008          0          0          0          0
1717838861          0        522               0           40108          0          0          0          0
1717838871          0        593               0           46864          0          0          0          0
1717838881          0        568               0           45416          0          0          0          0
1717838892          0        566               0           45816          0          0          0          0
1717838902          0        463               0           34930          0          0          0          0
1717838912          6        531             616           38428          0          0          0          0
1717838923          1        507              42           36348          0          0          0          0
1717838933          0        355               0           26968          0          0          0          0
1717838943          0        338               0           25610          0          0          0          0
1717838953          0        290               0           21560          0          0          0          0
1717838964          0        298               0           21338          0          0          0          0
1717838974          0        227               0           15882          0          0          0          0
1717838984          0        213               0           15094          0          0          0          0
1717838995          0        262               0           18658          0          0          0          0
1717839005          1       3203             170          192628          0          0          0          0
1717839015          1         81              42            5146          0          0          0          0
1717839025          0        135               0            9140          0          0          0          0
1717839036          0        169               0           10356          0          0          0          0
1717839046          0        127               0            8132          0          0          0          0
1717839056          0        280               0           18204          0          0          0          0
1717839067          1        501              90           31494          0          0          0          0
1717839077          0        427               0           26998          0          0          0          0
1717839087          0        642               0           39560          0          0          0          0
1717839097          0        528               0           33006          0          0          0          0
1717839108          0        279               0           18976          0          0          0          0
1717839118          0       1020               0           63722          0          0          0          0
1717839128          1        287              90           17770          0          0          0          0
1717839139         43        672           51495           42059          0          0          0          0
1717839149          0        841               0           51578          0          0          0          0
1717839159          0        476               0           28794          0          0          0          0
1717839169          0        205               0           12872          0          0          0          0
1717839180          0        234               0           15080          0          0          0          0
1717839190          0        209               0           13632          0          0          0          0
1717839200          1        482              90           29756          0          0          0          0
1717839211          0        951               0           57164          0          0          0          0
1717839221          0        647               0           38976          0          0          0          0
1717839231          0        266               0           16142          0          0          0          0
1717839242          0        481               0           29094          0          0          0          0
1717839252          0        245               0           14986          0          0          0          0
1717839262          0        174               0           10726          0          0          0          0
1717839273          0        245               0           15324          0          0          0          0
1717839283          0        208               0           13962          0          0          0          0
1717839294          0        711               0           42998          0          0          0          0
1717839304          0        147               0            9054          0          0          0          0
1717839314          0        148               0            9140          0          0          0          0
1717839324          0        155               0            9508          0          0          0          0
1717839335          0        126               0            7846          0          0          0          0
1717839345          0        121               0            7494          0          0          0          0
1717839355          0        180               0           12438          0          0          0          0
1717839366          0        155               0            9612          0          0          0          0
1717839376          0        117               0            7254          0          0          0          0
1717839386          1        145              78            8908          0          0          0          0
1717839397          3        201             242           13742          0          0          0          0
1717839407          2        396             172           30702          0          0          0          0
1717839417          1        398              86           30614          0          0          0          0
1717839427          0        455               0           35100          0          0          0          0
1717839438         42        322           51531           24783          0          0          0          0
1717839448         12        380             988           28390          0          0          0          0
1717839458          5        390             406           29736          0          0          0          0
1717839469          4        360             336           27372          0          0          0          0
1717839479          0        367               0           28598          0          0          0          0
1717839489          0        354               0           26492          0          0          0          0
1717839499          4        258             344           19242          0          0          0          0
1717839510          0        351               0           26182          0          0          0          0
1717839520          6        680             616           49370          0          0          0          0
1717839530          0        482               0           38748          0          0          0          0
1717839541          0        386               0           31246          0          0          0          0
1717839551          0        495               0           39476          0          0          0          0
1717839561          0        313               0           24448          0          0          0          0
1717839572          0        413               0           33954          0          0          0          0
1717839582          0        417               0           32226          0          0          0          0
1717839592          0        318               0           24930          0          0          0          0
1717839602          2       7754             212          472240          0          0          0          0
1717839613          0        275               0           21674          0          0          0          0
1717839623          0        341               0           25894          0          0          0          0
1717839633          0        263               0           21032          0          0          0          0
1717839644          0        231               0           16850          0          0          0          0
1717839654          0        351               0           25090          0          0          0          0
1717839664          0        269               0           19208          0          0          0          0
1717839675          0        281               0           18082          0          0          0          0
1717839685          2        313             132           21228          0          0          0          0
1717839695          0        199               0           12720          0          0          0          0
1717839705          0        232               0           15402          0          0          0          0
1717839716          0        203               0           12752          0          0          0          0
1717839726          0        157               0            9498          0          0          0          0
1717839736          0        145               0            8882          0          0          0          0
1717839747         43        189           51577           12077          0          0          0          0
1717839757          0        181               0           10990          0          0          0          0
1717839767          0        166               0           10324          0          0          0          0
1717839777          0        188               0           11504          0          0          0          0
1717839788          0        177               0           11098          0          0          0          0
1717839798          0        174               0           10986          0          0          0          0
1717839808          0        221               0           14560          0          0          0          0
1717839819          0        657               0           39576          0          0          0          0
1717839829          0        233               0           14136          0          0          0          0
1717839839          0        193               0           12334          0          0          0          0
1717839849          0        219               0           14414          0          0          0          0
1717839860          0        174               0           11116          0          0          0          0
1717839870          0        167               0           10202          0          0          0          0
1717839880          0        170               0           10330          0          0          0          0
1717839891          2        180             156           10956          0          0          0          0
1717839901          5        210             422           13718          0          0          0          0
1717839911          3        174             258           10674          0          0          0          0
1717839921          0        150               0            9078          0          0          0          0
1717839932          0        175               0           11020          0          0          0          0
1717839942          1        231              86           15498          0          0          0          0
1717839953          3        191             258           11668          0          0          0          0
1717839963          0        194               0           12966          0          0          0          0
1717839973          0        218               0           14016          0          0          0          0
1717839983          0        167               0           10046          0          0          0          0
1717839994          0        127               0            7698          0          0          0          0
1717840004          0        177               0           10828          0          0          0          0
1717840014          0        194               0           11822          0          0          0          0
1717840025          0        162               0           10240          0          0          0          0
1717840035          0        173               0           10588          0          0          0          0
1717840045         43        197           51662           13057          0          0          0          0
1717840056          0        177               0           11556          0          0          0          0
1717840066          1        131              42            7938          0          0          0          0
1717840076          0        200               0           12104          0          0          0          0
1717840086          0        161               0           10180          0          0          0          0
1717840097          0        134               0            8066          0          0          0          0
1717840107          0        176               0           10664          0          0          0          0
1717840117          6        311             616           18988          0          0          0          0
1717840128          1        281              42           17770          0          0          0          0
1717840138          0        190               0           11920          0          0          0          0
1717840148          0        220               0           13694          0          0          0          0
1717840159          0        172               0           10892          0          0          0          0
1717840169          0        195               0           11804          0          0          0          0
1717840179          0        134               0            8066          0          0          0          0
1717840190          0        147               0            8872          0          0          0          0
1717840200          0        134               0            8066          0          0          0          0
1717840210          2       3967             212          238052          0          0          0          0
1717840220          0        107               0            7278          0          0          0          0
1717840231          1        115              90            7034          0          0          0          0
1717840242          0        109               0            6644          0          0          0          0
1717840253          0         93               0            5658          0          0          0          0
1717840263          0         70               0            4252          0          0          0          0
1717840274          0        121               0            7364          0          0          0          0
1717840284          0        133               0            8058          0          0          0          0
1717840294          1        217              90           13128          0          0          0          0
1717840305          0        224               0           13882          0          0          0          0
1717840315          0        205               0           12846          0          0          0          0
1717840325          0        187               0           11298          0          0          0          0
1717840335          0        686               0           41368          0          0          0          0
1717840346         43       1531           51743           92981          0          0          0          0
1717840356          1       1329              90           80316          0          0          0          0
1717840366         33       1439            6067           91333          0          0          0          0
1717840377          0       1191               0           71642          0          0          0          0
1717840387          0       1290               0           77504          0          0          0          0
1717840397          0        828               0           50200          0          0          0          0
1717840407          0        176               0           11210          0          0          0          0
1717840418          0       1097               0           65872          0          0          0          0
1717840428          2       1531             108           93608          0          0          0          0
1717840438          0        962               0           58734          0          0          0          0
1717840449          0         89               0            6250          0          0          0          0
1717840459          0         94               0            6160          0          0          0          0
1717840469          0        109               0            6592          0          0          0          0
1717840479          1         87              66            5356          0          0          0          0
1717840490          1         83              42            5136          0          0          0          0
1717840500          0       1357               0           81420          0          0          0          0
1717840510          0       1519               0           91140          0          0          0          0
1717840521          0        396               0           23864          0          0          0          0
1717840531          0        374               0           23246          0          0          0          0
1717840541          2       1158             108           69590          0          0          0          0
1717840552          0        442               0           26598          0          0          0          0
1717840562          0        298               0           17906          0          0          0          0
1717840572          0        305               0           18404          0          0          0          0
1717840582          0        434               0           26976          0          0          0          0
1717840593          0        432               0           26726          0          0          0          0
1717840603          1        377              66           23562          0          0          0          0
1717840613          1        163              42           11366          0          0          0          0
1717840624          0       1076               0           65964          0          0          0          0
1717840634          0        117               0            7176          0          0          0          0
1717840644         43       1321           51831           81349          0          0          0          0
1717840654          0        267               0           17112          0          0          0          0
1717840665          3        400             174           24214          0          0          0          0
1717840675          0        186               0           11394          0          0          0          0
1717840685          0        206               0           13010          0          0          0          0
1717840696          0        360               0           21860          0          0          0          0
1717840706          1        945              90           57016          0          0          0          0
1717840716          7        371             658           23654          0          0          0          0
1717840727          1        272              42           16944          0          0          0          0
1717840737          0        503               0           30700          0          0          0          0
1717840747          0        249               0           15876          0          0          0          0
1717840757          0        187               0           11688          0          0          0          0
1717840768          0        191               0           11486          0          0          0          0
1717840778          0        173               0           10900          0          0          0          0
1717840788          0        501               0           30996          0          0          0          0
1717840799          0        166               0           10480          0          0          0          0
1717840809          2       3315             212          199062          0          0          0          0
1717840819          0        268               0           16808          0          0          0          0
1717840830          0        134               0            8872          0          0          0          0
1717840840          0        111               0            7544          0          0          0          0
1717840850          0        101               0            6918          0          0          0          0
1717840861          0        132               0            7972          0          0          0          0
1717840871          6       7128             907          427736          0          0          0          0
1717840881          0         78               0            4784          0          0          0          0
1717840891          0         96               0            6133          0          0          0          0
1717840902          0         76               0            4560          0          0          0          0
1717840912          0         74               0            4492          0          0          0          0
1717840922          0        118               0            7574          0          0          0          0
1717840932          0         99               0            6044          0          0          0          0
1717840943         43        123           51912            8735          0          0          0          0
1717840953          0        168               0           10600          0          0          0          0
1717840963          0        528               0           31732          0          0          0          0
1717840974          0        184               0           11040          0          0          0          0
1717840984          0        255               0           16210          0          0          0          0
1717840994          0        465               0           28142          0          0          0          0
1717841004          0       1016               0           61342          0          0          0          0
1717841015          2        643             156           39490          0          0          0          0
1717841025          7        332             578           20076          0          0          0          0
1717841036          2        494             172           29718          0          0          0          0
1717841046          0        300               0           18026          0          0          0          0
1717841056          0        216               0           13012          0          0          0          0
1717841067          0        232               0           13946          0          0          0          0
1717841077         16        317            1376           19904          0          0          0          0
1717841087          3        724             258           44116          0          0          0          0
1717841097          0        212               0           13214          0          0          0          0
1717841108          0        279               0           18768          0          0          0          0
1717841118          0        760               0           48928          0          0          0          0
1717841128          0        322               0           21010          0          0          0          0
1717841139          0       1136               0           69200          0          0          0          0
1717841149          0        242               0           15222          0          0          0          0
1717841159          0        364               0           23114          0          0          0          0
1717841169          0        260               0           16120          0          0          0          0
1717841180          0        523               0           32264          0          0          0          0
1717841190          0        537               0           33988          0          0          0          0
1717841200          0        227               0           16142          0          0          0          0
1717841211          0        258               0           16806          0          0          0          0
1717841221          1        193              42           12594          0          0          0          0
1717841231          0        179               0           11182          0          0          0          0
1717841242         43        187           51995           12263          0          0          0          0
1717841252          0        216               0           13870          0          0          0          0
1717841262          0        190               0           11478          0          0          0          0
1717841272          0        198               0           12426          0          0          0          0
1717841283          0        214               0           14045          0          0          0          0
1717841293          0        187               0           11818          0          0          0          0
1717841303          0        165               0           10108          0          0          0          0
1717841314          0        224               0           14740          0          0          0          0
1717841324          7        412             658           25048          0          0          0          0
1717841334          0        187               0           12078          0          0          0          0
1717841344          0        212               0           14020          0          0          0          0
1717841355          0        168               0           11120          0          0          0          0
1717841365          0        129               0            7844          0          0          0          0
1717841375          0        188               0           12008          0          0          0          0
1717841386          1       1189              90           97526          0          0          0          0
1717841396          0       1032               0           84982          0          0          0          0
1717841406          2       5591             212          360816          0          0          0          0
1717841416          0        906               0           75836          0          0          0          0
1717841427          0       1341               0          113012          0          0          0          0
1717841437          0       1109               0           92384          0          0          0          0
1717841447          1       1246              90          103858          0          0          0          0
1717841458          0        876               0           72710          0          0          0          0
1717841468          0       1186               0           99708          0          0          0          0
1717841478          2        888             156           74236          0          0          0          0
1717841489          5        991             422           83588          0          0          0          0
1717841499          1        948              86           79890          0          0          0          0
1717841509          0       1363               0          115416          0          0          0          0
1717841519          1       1417              90          119292          0          0          0          0
1717841530          0       1218               0          102772          0          0          0          0
1717841540         43       1246           53157          104793          0          0          0          0
1717841550          1       1046              42           88240          0          0          0          0
1717841561          0       1108               0           93026          0          0          0          0
1717841571          0       1204               0           99904          0          0          0          0
1717841581          0       1149               0           92782          0          0          0          0
1717841591          0        708               0           55584          0          0          0          0
1717841602          0        976               0           74602          0          0          0          0
1717841612          0        664               0           54638          0          0          0          0
1717841622          0       1317               0           98724          0          0          0          0
1717841633          0        700               0           55910          0          0          0          0
1717841643          0        604               0           47134          0          0          0          0
1717841653          0        649               0           51472          0          0          0          0
1717841664          0        551               0           43226          0          0          0          0
1717841674          0        624               0           49478          0          0          0          0
1717841684          0        806               0           65286          0          0          0          0
1717841694          0        530               0           41888          0          0          0          0
1717841705          0        284               0           20030          0          0          0          0
1717841715          2        281             156           19096          0          0          0          0
1717841725         20        233            1712           16476          0          0          0          0
1717841736          5        277             390           18288          0          0          0          0
1717841746          0        221               0           14950          0          0          0          0
1717841756          0        211               0           14766          0          0          0          0
1717841768          0        235               0           15894          0          0          0          0
1717841778          2        287             156           19196          0          0          0          0
1717841790          5        271             422           18860          0          0          0          0
1717841800          5        261             430           17844          0          0          0          0
1717841810          4        254             344           17918          0          0          0          0
1717841821          0        269               0           19442          0          0          0          0
1717841831          2        241             156           17190          0          0          0          0
1717841841         47        273           53926           18833          0          0          0          0
1717841852         13        196            1074           12930          0          0          0          0
1717841862         11        283             946           19372          0          0          0          0
1717841872         14        298            1204           21286          0          0          0          0
1717841882         14        208            1204           12948          0          0          0          0
1717841893          5        202             430           13680          0          0          0          0
1717841903          6       1460             516           88198          0          0          0          0
1717841913          2        323             172           20836          0          0          0          0
1717841924          7        519             658           32742          0          0          0          0
1717841934          0        462               0           28864          0          0          0          0
1717841944          0        345               0           21662          0          0          0          0
1717841955          0        190               0           12336          0          0          0          0
1717841965          0        275               0           17826          0          0          0          0
1717841975          0        376               0           23782          0          0          0          0
1717841985          0        718               0           43938          0          0          0          0
1717841996          0        241               0           14902          0          0          0          0
1717842006          1       4825             170          289532          0          0          0          0
1717842016          1        513              42           30884          0          0          0          0
1717842027          0        131               0            7912          0          0          0          0
1717842037          0       1084               0           65118          0          0          0          0
1717842047          0        158               0            9974          0          0          0          0
1717842058          0        320               0           20292          0          0          0          0
1717842068          0        183               0           11448          0          0          0          0
1717842078          0        291               0           17798          0          0          0          0
1717842088          0        546               0           33254          0          0          0          0
1717842099          0        349               0           22266          0          0          0          0
1717842109          0        151               0            9996          0          0          0          0
1717842119          0        130               0            9204          0          0          0          0
1717842130          0        181               0           12940          0          0          0          0
1717842140         43        174           53672           12451          0          0          0          0
1717842150          1        105              42            7210          0          0          0          0
1717842160          0         95               0            5830          0          0          0          0
1717842171          0        109               0            6696          0          0          0          0
1717842181          0        103               0            6856          0          0          0          0
1717842191          0        102               0            6302          0          0          0          0
1717842202          0         85               0            5568          0          0          0          0
1717842212          0         91               0            5980          0          0          0          0
1717842222          0        381               0           23770          0          0          0          0
1717842233          0        193               0           11736          0          0          0          0
1717842243          1        258              42           17586          0          0          0          0
1717842253          0        249               0           16370          0          0          0          0
1717842264          0        241               0           16436          0          0          0          0
1717842274          0        177               0           11608          0          0          0          0
1717842284          0        300               0           21510          0          0          0          0
1717842294          0        505               0           38880          0          0          0          0
1717842305          0        520               0           39754          0          0          0          0
1717842316          0        506               0           38888          0          0          0          0
1717842326          0        539               0           41622          0          0          0          0
1717842336          0        426               0           32476          0          0          0          0
1717842347          0        358               0           27131          0          0          0          0
1717842357          0        405               0           30488          0          0          0          0
1717842367          0        432               0           32498          0          0          0          0
1717842377          0        373               0           28542          0          0          0          0
1717842388          0        424               0           31732          0          0          0          0
1717842398          0        407               0           31206          0          0          0          0
1717842408          0        470               0           36771          0          0          0          0
1717842419          0        392               0           30670          0          0          0          0
1717842429          0        465               0           35562          0          0          0          0
1717842439         43        493           53753           38501          0          0          0          0
1717842450          1        551              42           42732          0          0          0          0
1717842460          0        638               0           50890          0          0          0          0
1717842470          0        604               0           47342          0          0          0          0
1717842480          0        595               0           46750          0          0          0          0
1717842491          0        556               0           42980          0          0          0          0
1717842501          0        491               0           37988          0          0          0          0
1717842511          0        330               0           24454          0          0          0          0
1717842522          6        544             616           39217          0          0          0          0
1717842532          1        546              42           42562          0          0          0          0
1717842542          1        492              90           37038          0          0          0          0
1717842552          0        419               0           32116          0          0          0          0
1717842563          0        503               0           37946          0          0          0          0
1717842573          0        399               0           30648          0          0          0          0
1717842583          2        489             156           37426          0          0          0          0
1717842594          4        411             336           31230          0          0          0          0
1717842604          2       5249             212          321212          0          0          0          0
1717842614          1        294              90           23026          0          0          0          0
1717842624          0        316               0           21950          0          0          0          0
1717842635          0        374               0           26262          0          0          0          0
1717842645          0        285               0           21572          0          0          0          0
1717842655          0        284               0           20706          0          0          0          0
1717842666          0        388               0           27934          0          0          0          0
1717842676          1        338              90           23881          0          0          0          0
1717842686          0        373               0           26748          0          0          0          0
1717842697          0        267               0           18438          0          0          0          0
1717842707          0        303               0           22210          0          0          0          0
1717842717          0        245               0           16884          0          0          0          0
1717842728          0        278               0           20034          0          0          0          0
1717842738         43        353           53831           26395          0          0          0          0
1717842748          1        239              42           16654          0          0          0          0
1717842758          0        271               0           17976          0          0          0          0
1717842769          0        172               0           11386          0          0          0          0
1717842779          2        210             132           13540          0          0          0          0
1717842789          0        211               0           14012          0          0          0          0
1717842800          0        199               0           13812          0          0          0          0
1717842810          0        174               0           11142          0          0          0          0
1717842820          0        604               0           37150          0          0          0          0
1717842830          0        296               0           19060          0          0          0          0
1717842841          0        229               0           14910          0          0          0          0
1717842851          0        194               0           12966          0          0          0          0
1717842861          0        200               0           13638          0          0          0          0
1717842872          0        207               0           14452          0          0          0          0
1717842882          0        238               0           15498          0          0          0          0
1717842892          0        260               0           17784          0          0          0          0
1717842903          0        234               0           14248          0          0          0          0
1717842913          0        239               0           16342          0          0          0          0
1717842923          0        235               0           16076          0          0          0          0
1717842933          0        216               0           15248          0          0          0          0
1717842944          0        240               0           16584          0          0          0          0
1717842954          0        264               0           17686          0          0          0          0
1717842964          0        226               0           15328          0          0          0          0
1717842975          0        192               0           11728          0          0          0          0
1717842985          0        209               0           13970          0          0          0          0
1717842995          0        227               0           15544          0          0          0          0
1717843005          0        153               0            9362          0          0          0          0
1717843016          0        218               0           14458          0          0          0          0
1717843026          0        184               0           11222          0          0          0          0
1717843036          0        189               0           11938          0          0          0          0
1717843047         44        188           53873           12589          0          0          0          0
1717843057          0        221               0           14638          0          0          0          0
1717843067          0        162               0           10266          0          0          0          0
1717843077          0        170               0           10746          0          0          0          0
1717843088          0        189               0           11418          0          0          0          0
1717843098          0        218               0           14562          0          0          0          0
1717843108          0        195               0           12636          0          0          0          0
1717843119          6        307             616           20724          0          0          0          0
1717843129          1        312              42           19916          0          0          0          0
1717843139          0        198               0           12400          0          0          0          0
1717843150          0        195               0           11752          0          0          0          0
1717843160          0        149               0            9044          0          0          0          0
1717843170          0        182               0           11102          0          0          0          0
1717843180          0        191               0           12110          0          0          0          0
1717843191          0        118               0            7236          0          0          0          0
1717843201          0       1761               0          106338          0          0          0          0
1717843211          2       3384             212          202524          0          0          0          0
1717843222          0         94               0            5718          0          0          0          0
1717843232          0        146               0            9228          0          0          0          0
1717843242          0        134               0            8144          0          0          0          0
1717843252          0         90               0            5426          0          0          0          0
1717843263          0         92               0            5546          0          0          0          0
1717843273          0         97               0            6028          0          0          0          0
1717843283          0        120               0            7408          0          0          0          0
1717843294          0        124               0            8532          0          0          0          0
1717843304          0        117               0            7696          0          0          0          0
1717843314          0        114               0            7802          0          0          0          0
1717843325          0        130               0            9334          0          0          0          0
1717843335          0        377               0           30524          0          0          0          0
1717843345         45        359           54361           28023          0          0          0          0
1717843355          0        310               0           24372          0          0          0          0
1717843366          0        420               0           33650          0          0          0          0
1717843376          0        415               0           33428          0          0          0          0
1717843386          0        373               0           30336          0          0          0          0
1717843397          0        379               0           30332          0          0          0          0
1717843407          0        297               0           22760          0          0          0          0
1717843417          0        670               0           48468          0          0          0          0
1717843427          0        451               0           32962          0          0          0          0
1717843438          0        651               0           45404          0          0          0          0
1717843448          0        451               0           34652          0          0          0          0
1717843458          1        524              42           40878          0          0          0          0
1717843469          0        518               0           39894          0          0          0          0
1717843479          0        396               0           29558          0          0          0          0
1717843489          2        871             156           58438          0          0          0          0
1717843500         19        328            1626           24448          0          0          0          0
1717843510          3        407             258           31292          0          0          0          0
1717843520          0        741               0           49756          0          0          0          0
1717843530          0        659               0           47262          0          0          0          0
1717843541          0       1229               0           80214          0          0          0          0
1717843551          0        266               0           20276          0          0          0          0
1717843561          0        435               0           30130          0          0          0          0
1717843572          0        404               0           29414          0          0          0          0
1717843582          0        470               0           32438          0          0          0          0
1717843592          0        454               0           29502          0          0          0          0
1717843603          0        404               0           27100          0          0          0          0
1717843613          0        280               0           21324          0          0          0          0
1717843623          0       1081               0           68396          0          0          0          0
1717843633          0        209               0           15868          0          0          0          0
1717843644         46       1316           56491           82915          0          0          0          0
1717843654          0        334               0           22952          0          0          0          0
1717843664          0        410               0           26082          0          0          0          0
1717843674          0        208               0           13910          0          0          0          0
1717843685          0        226               0           15536          0          0          0          0
1717843695          0        392               0           24066          0          0          0          0
1717843705          1        701              90           43572          0          0          0          0
1717843716          0        182               0           12402          0          0          0          0
1717843726          6        332             616           21730          0          0          0          0
1717843736          0        444               0           28668          0          0          0          0
1717843746          0        294               0           20422          0          0          0          0
1717843757          0        235               0           16466          0          0          0          0
1717843767          1        208              90           14824          0          0          0          0
1717843777          0        170               0           11422          0          0          0          0
1717843788          0        148               0            9738          0          0          0          0
1717843798          0        223               0           14888          0          0          0          0
1717843808          2       5051             210          303950          0          0          0          0
1717843819          0        189               0           13576          0          0          0          0
1717843829          0        153               0           10844          0          0          0          0
1717843839          1        200              90           15566          0          0          0          0
1717843850          0        282               0           20820          0          0          0          0
1717843860          1        293              90           20834          0          0          0          0
1717843870          1        338              42           23972          0          0          0          0
1717843880          0        219               0           15688          0          0          0          0
1717843891          0        262               0           18086          0          0          0          0
1717843901          0        205               0           13808          0          0          0          0
1717843911          0        238               0           17478          0          0          0          0
1717843922          0        226               0           15250          0          0          0          0
1717843935          0        344               0           23734          0          0          0          0
1717843945         48        213           59391           15441          0          0          0          0
1717843956          0        277               0           19168          0          0          0          0
1717843966          0        202               0           13914          0          0          0          0
1717843976          0        203               0           13844          0          0          0          0
1717843986          0        156               0           10556          0          0          0          0
1717843997          0        439               0           27536          0          0          0          0
1717844007          0        976               0           60978          0          0          0          0
1717844017          0        799               0           49552          0          0          0          0
1717844028         31       1267            5811           82853          0          0          0          0
1717844038          0        856               0           54168          0          0          0          0
1717844048          0       1100               0           67404          0          0          0          0
1717844059          0        783               0           47656          0          0          0          0
1717844069          0        164               0           11322          0          0          0          0
1717844079          0        197               0           15044          0          0          0          0
1717844089          2        189             108           13686          0          0          0          0
1717844100          0       1171               0           72522          0          0          0          0
1717844110          0       1459               0           89594          0          0          0          0
1717844120          0        661               0           40284          0          0          0          0
1717844131          0        196               0           13277          0          0          0          0
1717844141          2        497             108           30762          0          0          0          0
1717844151          0        653               0           42092          0          0          0          0
1717844162          0        164               0           11530          0          0          0          0
1717844172          0        190               0           13376          0          0          0          0
1717844182          0        186               0           13760          0          0          0          0
1717844193          0        184               0           11950          0          0          0          0
1717844203          1        132              66            8836          0          0          0          0
1717844213          1        216              42           15404          0          0          0          0
1717844223          0        215               0           16098          0          0          0          0
1717844234          0        161               0           11740          0          0          0          0
1717844244         50        277           62450           21393          0          0          0          0
1717844254          0        279               0           20978          0          0          0          0
1717844265          1        280              66           20602          0          0          0          0
1717844275          1        282              42           21366          0          0          0          0
1717844285          0        219               0           15662          0          0          0          0
1717844296          0        172               0           12764          0          0          0          0
1717844306          0        263               0           20200          0          0          0          0
1717844316          0        204               0           15100          0          0          0          0
1717844326         11        396             898           25426          0          0          0          0
1717844337          0        156               0           11024          0          0          0          0
1717844347          0        173               0           11654          0          0          0          0
1717844357          0        176               0           12536          0          0          0          0
1717844368          0        211               0           13596          0          0          0          0
1717844378          0        178               0           11590          0          0          0          0
1717844388          0        677               0           41296          0          0          0          0
1717844399          0        208               0           13520          0          0          0          0
1717844409          2       3307             211          199986          0          0          0          0
1717844419          0        616               0           39118          0          0          0          0
1717844429          0        382               0           24774          0          0          0          0
1717844440          0       1159               0           72990          0          0          0          0
1717844450          0        257               0           17838          0          0          0          0
1717844460          0        363               0           23990          0          0          0          0
1717844471          6       5095             906          308226          0          0          0          0
1717844481          0        560               0           37318          0          0          0          0
1717844491          0        502               0           34358          0          0          0          0
1717844501          0        447               0           30720          0          0          0          0
1717844512          0        171               0           11950          0          0          0          0
1717844522          0        883               0           53864          0          0          0          0
1717844532          0        161               0           11012          0          0          0          0
1717844543         52       1228           64670           75351          0          0          0          0
1717844553          0        228               0           14852          0          0          0          0
1717844563          0        436               0           27018          0          0          0          0
1717844573          0        201               0           12424          0          0          0          0
1717844584          1        270              78           16668          0          0          0          0
1717844594          5        454             414           27734          0          0          0          0
1717844604          0       1087               0           66520          0          0          0          0
1717844615          0        339               0           21562          0          0          0          0
1717844625          0        646               0           40684          0          0          0          0
1717844635          0        521               0           32898          0          0          0          0
1717844646          6        241             516           15422          0          0          0          0
1717844656          6        216             452           13432          0          0          0          0
1717844666          1        210              42           13484          0          0          0          0
1717844676          1        188              86           11540          0          0          0          0
1717844687          1        165              42           10316          0          0          0          0
1717844697          0        184               0           12184          0          0          0          0
1717844707          2        221             172           14950          0          0          0          0
1717844718          4        218             344           13444          0          0          0          0
1717844728         17        211            1462           13960          0          0          0          0
1717844738          2        230             172           14476          0          0          0          0
1717844749          0        173               0           11030          0          0          0          0
1717844759          0        176               0           11158          0          0          0          0
1717844769          0        170               0           10538          0          0          0          0
1717844779          0        215               0           13914          0          0          0          0
1717844790          0        163               0           10404          0          0          0          0
1717844800          0        202               0           13030          0          0          0          0
1717844810          0        219               0           14518          0          0          0          0
1717844821          0        153               0           10168          0          0          0          0
1717844831          0        201               0           13412          0          0          0          0
1717844841         53        184           67749           12219          0          0          0          0
1717844852          1        228              42           14538          0          0          0          0
1717844862          6        231             492           15940          0          0          0          0
1717844873          4        247             348           16696          0          0          0          0
1717844883          2        188             172           12736          0          0          0          0
1717844893          2        240             156           16896          0          0          0          0
1717844904          5        163             422            9954          0          0          0          0
1717844914          0        192               0           11676          0          0          0          0
1717844924          8        275             748           17118          0          0          0          0
1717844935          0        282               0           18532          0          0          0          0
1717844945          1        209              90           13844          0          0          0          0
1717844955          0        226               0           15640          0          0          0          0
1717844965          0        239               0           16576          0          0          0          0
1717844976          0        255               0           17380          0          0          0          0
1717844986          0        276               0           19498          0          0          0          0
1717844996          0        236               0           16162          0          0          0          0
1717845007          3       4961             301          299074          0          0          0          0
1717845017          0        202               0           15500          0          0          0          0
1717845027          0        250               0           19316          0          0          0          0
1717845038          0        201               0           14816          0          0          0          0
1717845048          0        176               0           12016          0          0          0          0
1717845058          0        192               0           14068          0          0          0          0
1717845069          0        296               0           23194          0          0          0          0
1717845079          0        208               0           15652          0          0          0          0
1717845089          0        219               0           17022          0          0          0          0
1717845100          0        216               0           16358          0          0          0          0
1717845110          0        200               0           14418          0          0          0          0
1717845120          0        150               0           10638          0          0          0          0
1717845130          0        217               0           16114          0          0          0          0
1717845141         54        203           69520           15829          0          0          0          0
1717845151          1        215              42           16202          0          0          0          0
1717845161          0        118               0            8406          0          0          0          0
1717845172          0        200               0           14574          0          0          0          0
1717845182          0        203               0           15170          0          0          0          0
1717845192          0        146               0            9696          0          0          0          0
1717845203          0        136               0            9252          0          0          0          0
1717845213          0        132               0            9220          0          0          0          0
1717845223          0        369               0           24584          0          0          0          0
1717845233          0        232               0           15948          0          0          0          0
1717845244          0        151               0            9918          0          0          0          0
1717845254          0        106               0            7114          0          0          0          0
1717845264          0        110               0            6886          0          0          0          0
1717845275          0        109               0            7112          0          0          0          0
1717845285          0         79               0            5078          0          0          0          0
1717845296          0        117               0            8060          0          0          0          0
1717845306          0        137               0            8948          0          0          0          0
1717845316          0        115               0            7914          0          0          0          0
1717845327          0        245               0           16424          0          0          0          0
1717845337          0        215               0           14010          0          0          0          0
1717845347          0        239               0           16680          0          0          0          0
1717845357          0        215               0           15006          0          0          0          0
1717845368          0        223               0           14680          0          0          0          0
1717845378          2        257             156           17275          0          0          0          0
1717845388          4        257             336           17630          0          0          0          0
1717845399          0        233               0           16294          0          0          0          0
1717845409          4        223             336           14550          0          0          0          0
1717845419          0        231               0           16018          0          0          0          0
1717845429          1        198              78           13284          0          0          0          0
1717845440         60        234           71662           15947          0          0          0          0
1717845450         34        242            2872           16280          0          0          0          0
1717845460          3        266             242           17156          0          0          0          0
1717845471         17        182            1462           11648          0          0          0          0
1717845481         15        176            1290           11314          0          0          0          0
1717845491          0        172               0           10554          0          0          0          0
1717845502          0        226               0           14262          0          0          0          0
1717845512          0        167               0           10280          0          0          0          0
1717845522          6        326             616           20824          0          0          0          0
1717845532          1        273              42           17420          0          0          0          0
1717845543          0        190               0           12128          0          0          0          0
1717845553          0        146               0            8968          0          0          0          0
1717845563          0        247               0           16302          0          0          0          0
1717845574          0        188               0           11436          0          0          0          0
1717845584          0        225               0           14878          0          0          0          0
1717845594          0        187               0           11844          0          0          0          0
1717845604          2       5929             211          355850          0          0          0          0
1717845615          0         84               0            5352          0          0          0          0
1717845625          0        137               0            9650          0          0          0          0
1717845635          0        159               0           10554          0          0          0          0
1717845646          0        110               0            6860          0          0          0          0
1717845656          0        119               0            7452          0          0          0          0
1717845666          0         75               0            4942          0          0          0          0
1717845676          0         80               0            5190          0          0          0          0
1717845687          0         74               0            4648          0          0          0          0
1717845697          0        133               0            8240          0          0          0          0
1717845707          0         98               0            6556          0          0          0          0
1717845718          0        119               0            7816          0          0          0          0
1717845728          0        125               0            8410          0          0          0          0
1717845738         56        158           72421           12081          0          0          0          0
1717845748          1        140              42            9960          0          0          0          0
1717845759          0        197               0           14082          0          0          0          0
1717845769          0        210               0           14862          0          0          0          0
1717845779          0        122               0            8256          0          0          0          0
1717845790          0        140               0            9726          0          0          0          0
1717845800          0        110               0            7562          0          0          0          0
1717845810          0        120               0            8344          0          0          0          0
1717845820          0        293               0           18802          0          0          0          0
1717845831          0        256               0           16374          0          0          0          0
1717845841          0        211               0           13700          0          0          0          0
1717845851          0        219               0           14154          0          0          0          0
1717845861          0        238               0           16460          0          0          0          0
1717845872          0        171               0           10940          0          0          0          0
1717845882          0        253               0           17702          0          0          0          0
1717845892          0        249               0           16396          0          0          0          0
1717845903          0        205               0           13704          0          0          0          0
1717845913          0        211               0           13700          0          0          0          0
1717845923          0        198               0           12920          0          0          0          0
1717845933          0        161               0            9998          0          0          0          0
1717845944          0        186               0           12538          0          0          0          0
1717845954          0        171               0           10554          0          0          0          0
1717845964          0        199               0           12010          0          0          0          0
1717845974          0        188               0           11514          0          0          0          0
1717845985          0        184               0           11222          0          0          0          0
1717845995          0        140               0            8582          0          0          0          0
1717846005          2        137             132            8536          0          0          0          0
1717846016          0        147               0            9054          0          0          0          0
1717846026          0        261               0           17064          0          0          0          0
1717846036          0        196               0           12592          0          0          0          0
1717846046         57        344           73522           24711          0          0          0          0
1717846057          1        265              90           18764          0          0          0          0
1717846067          0        310               0           22318          0          0          0          0
1717846077          0        283               0           20854          0          0          0          0
1717846087          0        324               0           22326          0          0          0          0
1717846098          0        396               0           29740          0          0          0          0
1717846108          0        282               0           19858          0          0          0          0
1717846118          0        354               0           26154          0          0          0          0
1717846129          9        631             790           44874          0          0          0          0
1717846139          0        302               0           22358          0          0          0          0
1717846149          0        453               0           34642          0          0          0          0
1717846159          0        292               0           20354          0          0          0          0
1717846170          0        394               0           29828          0          0          0          0
1717846180          0        359               0           26506          0          0          0          0
1717846190          1        353              90           26800          0          0          0          0
1717846200          0        393               0           29690          0          0          0          0
1717846211          2       5293             212          320741          0          0          0          0
1717846221          0        860               0           70918          0          0          0          0
1717846231          0        858               0           71812          0          0          0          0
1717846242          0        789               0           65193          0          0          0          0
1717846252          0        865               0           71912          0          0          0          0
1717846262          0        917               0           76912          0          0          0          0
1717846272          0        717               0           59972          0          0          0          0
1717846283          0       1073               0           89678          0          0          0          0
1717846293          0        845               0           70148          0          0          0          0
1717846303          0        833               0           68882          0          0          0          0
1717846314          0        731               0           60734          0          0          0          0
1717846324          0        828               0           68790          0          0          0          0
1717846334          0        899               0           73882          0          0          0          0
1717846344         58       1033           74802           85401          0          0          0          0
1717846355          0       1093               0           89040          0          0          0          0
1717846365          0        871               0           70877          0          0          0          0
1717846375          0        981               0           80102          0          0          0          0
1717846385          0        649               0           51992          0          0          0          0
1717846396          0        580               0           45330          0          0          0          0
1717846406          0        805               0           65781          0          0          0          0
1717846416          0        929               0           74694          0          0          0          0
1717846426          0        786               0           54856          0          0          0          0
1717846437          0        786               0           62266          0          0          0          0
1717846447          0        553               0           44135          0          0          0          0
1717846458          0        543               0           42902          0          0          0          0
1717846468          0        676               0           54314          0          0          0          0
1717846478          0        603               0           47412          0          0          0          0
1717846488          0        522               0           40776          0          0          0          0
1717846499          0        490               0           37512          0          0          0          0
1717846509          0        548               0           42890          0          0          0          0
1717846519          0        529               0           41083          0          0          0          0
1717846530          0        489               0           37426          0          0          0          0
1717846540          0        260               0           18287          0          0          0          0
1717846550          0        222               0           13736          0          0          0          0
1717846560          0        243               0           16374          0          0          0          0
1717846571          0        211               0           13813          0          0          0          0
1717846581          0        154               0           10003          0          0          0          0
1717846591          0        183               0           11942          0          0          0          0
1717846602          0        184               0           11378          0          0          0          0
1717846612          0        204               0           12370          0          0          0          0
1717846622          0        208               0           13598          0          0          0          0
1717846632          0        168               0           10366          0          0          0          0
1717846643         60        484           76905           29913          0          0          0          0
1717846653          0        164               0           10308          0          0          0          0
1717846663          0        180               0           11086          0          0          0          0
1717846674          0        191               0           11798          0          0          0          0
1717846684          0        626               0           37638          0          0          0          0
1717846694          0       1044               0           62960          0          0          0          0
1717846704          0        997               0           59994          0          0          0          0
1717846715          0        283               0           17522          0          0          0          0
1717846725          7        392             658           23956          0          0          0          0
1717846735          0        483               0           29084          0          0          0          0
1717846746          0        286               0           17576          0          0          0          0
1717846756          0        179               0           10818          0          0          0          0
1717846766          0        223               0           13458          0          0          0          0
1717846776          0        235               0           14256          0          0          0          0
1717846787          0        682               0           41518          0          0          0          0
1717846797          0        234               0           15002          0          0          0          0
1717846807          2       4344             212          262362          0          0          0          0
1717846818          0        560               0           34900          0          0          0          0
1717846828          0        332               0           21532          0          0          0          0
1717846838          0       1400               0           85378          0          0          0          0
1717846848          0        346               0           22008          0          0          0          0
1717846859          0        365               0           24084          0          0          0          0
1717846869          0        199               0           12954          0          0          0          0
1717846879          0        389               0           23964          0          0          0          0
1717846890          2        465             156           28498          0          0          0          0
1717846901          3        307             258           18914          0          0          0          0
1717846911          0        150               0           10690          0          0          0          0
1717846922          0        340               0           21804          0          0          0          0
1717846932          0        181               0           12680          0          0          0          0
1717846942         60        913           77842           56765          0          0          0          0
1717846952          0        567               0           34930          0          0          0          0
1717846963          0        445               0           27194          0          0          0          0
1717846973          0         88               0            5384          0          0          0          0
1717846983          0        119               0            7686          0          0          0          0
1717846994          0        270               0           18358          0          0          0          0
1717847004          0        308               0           21028          0          0          0          0
1717847014          0        237               0           16378          0          0          0          0
1717847024          0        650               0           41106          0          0          0          0
1717847035          0        254               0           16228          0          0          0          0
1717847045          0        192               0           12612          0          0          0          0
1717847055          0        184               0           12080          0          0          0          0
1717847066          0        168               0           10210          0          0          0          0
1717847076          0        222               0           13996          0          0          0          0
1717847086          2        221             132           14304          0          0          0          0
1717847097          6        213             492           14262          0          0          0          0
1717847107          1       6756             235          406978          0          0          0          0
1717847117          0         97               0            6028          0          0          0          0
1717847128          4        181             344           13114          0          0          0          0
1717847138          3        216             234           15456          0          0          0          0
1717847148          0        153               0           10090          0          0          0          0
1717847159          0        137               0            9364          0          0          0          0
1717847169         16        128            1376            9214          0          0          0          0
1717847179         13        143            1118           10738          0          0          0          0
1717847190          7        119             602            8700          0          0          0          0
1717847200          5        164             406           10794          0          0          0          0
1717847210          0        112               0            7942          0          0          0          0
1717847221         16        171            1376           12002          0          0          0          0
1717847231         16        157            1376           11578          0          0          0          0
1717847241         61        119           79585            8569          0          0          0          0
1717847251          1        133              42            9540          0          0          0          0
1717847262          1        146              42           10034          0          0          0          0
1717847272          0        153               0           10532          0          0          0          0
1717847282          0        143               0            9490          0          0          0          0
1717847293          0         82               0            5336          0          0          0          0
1717847303          1        122              90            8442          0          0          0          0
1717847313          0        106               0            7712          0          0          0          0
1717847323          6        196             616           12478          0          0          0          0
1717847334          1        193              42           11866          0          0          0          0
1717847344          0         99               0            6304          0          0          0          0
1717847354          0        106               0            6698          0          0          0          0
1717847364          0         99               0            6356          0          0          0          0
1717847375          1        126              90            9098          0          0          0          0
1717847385          0        124               0            8688          0          0          0          0
1717847395          0        162               0           10994          0          0          0          0
1717847406          2       7054             212          425586          0          0          0          0
1717847416          0        164               0           11374          0          0          0          0
1717847426          0        194               0           14552          0          0          0          0
1717847437          0        193               0           14544          0          0          0          0
1717847447          0        275               0           19672          0          0          0          0
1717847457          0        258               0           17664          0          0          0          0
1717847467          0        254               0           17760          0          0          0          0
1717847478          0        230               0           14556          0          0          0          0
1717847488          0        199               0           12832          0          0          0          0
1717847498          0        171               0           11760          0          0          0          0
1717847509          0        206               0           13998          0          0          0          0
1717847519          0        222               0           15192          0          0          0          0
1717847529          0        255               0           17302          0          0          0          0
1717847540         61        185           80694           12155          0          0          0          0
1717847550          1        250              42           16300          0          0          0          0
1717847560          0        208               0           14430          0          0          0          0
1717847570          0        165               0           10654          0          0          0          0
1717847581          0        190               0           12960          0          0          0          0
1717847591          0        228               0           14746          0          0          0          0
1717847601          0        290               0           20728          0          0          0          0
1717847612          0        320               0           22008          0          0          0          0
1717847622          0        443               0           28400          0          0          0          0
1717847632          0        272               0           17438          0          0          0          0
1717847642          0        153               0            9856          0          0          0          0
1717847653          0        224               0           15572          0          0          0          0
1717847663          0        771               0           47196          0          0          0          0
1717847673          0       1266               0           77208          0          0          0          0
1717847684         32       1223            5853           79329          0          0          0          0
1717847694          0        922               0           55502          0          0          0          0
1717847704          0       1039               0           63536          0          0          0          0
1717847714          0        809               0           50048          0          0          0          0
1717847725          0       1072               0           65542          0          0          0          0
1717847735          0       1017               0           61878          0          0          0          0
1717847745          2       1084             108           65514          0          0          0          0
1717847755          0        971               0           58858          0          0          0          0
1717847766          0       1597               0           96236          0          0          0          0
1717847776          0       1539               0           92548          0          0          0          0
1717847786          0        789               0           48484          0          0          0          0
1717847797          0        469               0           29310          0          0          0          0
1717847807          1        273              66           17686          0          0          0          0
1717847817          1        318              42           19262          0          0          0          0
1717847827          0        175               0           11124          0          0          0          0
1717847838         63        636           81421           39227          0          0          0          0
1717847848          0        835               0           50490          0          0          0          0
1717847858          0        488               0           29540          0          0          0          0
1717847868          2        213             108           13202          0          0          0          0
1717847879          0        180               0           10982          0          0          0          0
1717847889          0        880               0           53554          0          0          0          0
1717847899          0        402               0           24588          0          0          0          0
1717847909          0        925               0           55760          0          0          0          0
1717847920          6        371             616           22848          0          0          0          0
1717847930          3        301             150           18352          0          0          0          0
1717847940          0        423               0           25952          0          0          0          0
1717847950          0        221               0           13520          0          0          0          0
1717847961          0        173               0           10640          0          0          0          0
1717847971          0        161               0            9946          0          0          0          0
1717847981          1        133              78            8240          0          0          0          0
1717847992         10        131             740            8132          0          0          0          0
1717848002          8       2811             764          169100          0          0          0          0
1717848013          0         95               0            5960          0          0          0          0
1717848023          0         92               0            6170          0          0          0          0
1717848033          0        122               0            8256          0          0          0          0
1717848043          0        136               0            9096          0          0          0          0
1717848054          0        134               0            8196          0          0          0          0
1717848064          6       4146             907          250818          0          0          0          0
1717848074          0        113               0            7430          0          0          0          0
1717848085          0        116               0            7974          0          0          0          0
1717848095          0        155               0           10678          0          0          0          0
1717848105          0        144               0            9186          0          0          0          0
1717848115          0        207               0           13434          0          0          0          0
1717848126          2        465             132           30114          0          0          0          0
1717848136          0        363               0           25056          0          0          0          0
1717848146         63       1395           82046           85989          0          0          0          0
1717848156          0        482               0           29050          0          0          0          0
1717848167          0        238               0           15632          0          0          0          0
1717848177          0        265               0           17304          0          0          0          0
1717848187          0        991               0           59746          0          0          0          0
1717848198          0        551               0           34906          0          0          0          0
1717848208          0        980               0           59060          0          0          0          0
1717848218          2        347             156           21912          0          0          0          0
1717848229          4        580             336           35398          0          0          0          0
1717848239          0        503               0           30778          0          0          0          0
1717848249          0        365               0           23772          0          0          0          0
1717848260          4        293             344           18490          0          0          0          0
1717848270          2        299             172           18980          0          0          0          0
1717848280          3        236             258           15278          0          0          0          0
1717848290          5        854             414           54352          0          0          0          0
1717848301         17        295            1454           21574          0          0          0          0
1717848311         48        421            4128           29429          0          0          0          0
1717848321         16        764            1376           49766          0          0          0          0
1717848331         18        681            1548           45384          0          0          0          0
1717848342         35       1164            3010           74130          0          0          0          0
1717848352          6        294             516           20812          0          0          0          0
1717848362          2        229             172           15612          0          0          0          0
1717848373          0        237               0           16638          0          0          0          0
1717848383          0        203               0           13021          0          0          0          0
1717848393          0        288               0           19672          0          0          0          0
1717848404          0        257               0           17214          0          0          0          0
1717848414          0        154               0            9673          0          0          0          0
1717848424          0        143               0            8572          0          0          0          0
1717848435          0        197               0           12730          0          0          0          0
1717848445         64        281           83051           19279          0          0          0          0
1717848455          1        202              90           12670          0          0          0          0
1717848465          0        231               0           14874          0          0          0          0
1717848476          0        175               0           10976          0          0          0          0
1717848486          0        176               0           11722          0          0          0          0
1717848496          0        168               0           10730          0          0          0          0
1717848507          0        268               0           18368          0          0          0          0
1717848517          1        248              90           16860          0          0          0          0
1717848527          7        445             658           29394          0          0          0          0
1717848537          0        215               0           14460          0          0          0          0
1717848548          1        248              78           17714          0          0          0          0
1717848558          5        184             378           12184          0          0          0          0
1717848568          0        273               0           18798          0          0          0          0
1717848578          0        229               0           15118          0          0          0          0
1717848589          1        215              90           13970          0          0          0          0
1717848599          0        276               0           19472          0          0          0          0
1717848609          6       4577             532          276706          0          0          0          0
1717848619          2        161             172           12052          0          0          0          0
1717848630          1        134              86            9184          0          0          0          0
1717848640          5        177             414           12250          0          0          0          0
1717848650          1        102              78            6666          0          0          0          0
1717848661          0        162               0           11124          0          0          0          0
1717848671          0        106               0            7218          0          0          0          0
1717848681          0         90               0            5842          0          0          0          0
1717848691          0        122               0            9140          0          0          0          0
1717848702          0        178               0           12370          0          0          0          0
1717848712          0        149               0           10344          0          0          0          0
1717848722          0        165               0           11720          0          0          0          0
1717848732          0        124               0            8922          0          0          0          0
1717848743         71        132           83939            9491          0          0          0          0
1717848753          0        140               0           10194          0          0          0          0
1717848763          0        141               0            9682          0          0          0          0
1717848773          0        204               0           14736          0          0          0          0
1717848784          0        168               0           11978          0          0          0          0
1717848794          0        162               0           11566          0          0          0          0
1717848804          0         98               0            6660          0          0          0          0
1717848814          0        155               0           11822          0          0          0          0
1717848825          2        186             156           11550          0          0          0          0
1717848835          4        215             336           14426          0          0          0          0
1717848845          1        257              86           18280          0          0          0          0
1717848855          1        276              86           18172          0          0          0          0
1717848866          1        173              86           10692          0          0          0          0
1717848876          0        181               0           11562          0          0          0          0
1717848886          0        198               0           12504          0          0          0          0
1717848896          0        201               0           12424          0          0          0          0
1717848907          1        185              86           11516          0          0          0          0
1717848917          3        821             258           65406          0          0          0          0
1717848927          6       1179             492           97182          0          0          0          0
1717848937          0       1110               0           90780          0          0          0          0
1717848948          0       1515               0          126528          0          0          0          0
1717848958          1       1145              86           94172          0          0          0          0
1717848968          4       1384             344          114500          0          0          0          0
1717848978          5       1130             414           92284          0          0          0          0
1717848989          8       1147             656           93988          0          0          0          0
1717848999          5       1158             406           95446          0          0          0          0
1717849009         32       1535            2752          128214          0          0          0          0
1717849020          0       1014               0           82888          0          0          0          0
1717849030          0       1219               0           99478          0          0          0          0
1717849040         64       1429           84287          118905          0          0          0          0
1717849050          1       1092              42           89102          0          0          0          0
1717849061          0       1153               0           86998          0          0          0          0
1717849071          0        920               0           74224          0          0          0          0
1717849081          0       1107               0           89586          0          0          0          0
1717849091          1       1616              86          115056          0          0          0          0
1717849101         15       1614            1290          113094          0          0          0          0
1717849112          2       1162             172           86036          0          0          0          0
1717849122          6        776             616           57366          0          0          0          0
1717849132          1        747              42           52698          0          0          0          0
1717849143          0        697               0           51994          0          0          0          0
1717849153          2        636             132           49800          0          0          0          0
1717849163          0        586               0           43120          0          0          0          0
1717849173          0        601               0           43860          0          0          0          0
1717849183          0        388               0           28948          0          0          0          0
1717849194          7        905             622           59048          0          0          0          0
1717849204          1       5266             170          323402          0          0          0          0
1717849214          1        482              42           35714          0          0          0          0
1717849224          0        728               0           50288          0          0          0          0
1717849235          0       1462               0           93974          0          0          0          0
1717849245          0        207               0           12940          0          0          0          0
1717849255          0        167               0           11658          0          0          0          0
1717849265          0        317               0           21022          0          0          0          0
1717849275          0        352               0           22212          0          0          0          0
1717849286          0        436               0           27070          0          0          0          0
1717849296          0        525               0           33710          0          0          0          0
1717849306          0        321               0           21886          0          0          0          0
1717849316          0        190               0           11894          0          0          0          0
1717849326          0        139               0           10186          0          0          0          0
1717849337          0        245               0           16572          0          0          0          0
1717849347         65        299           84755           20561          0          0          0          0
1717849357          0        178               0           11798          0          0          0          0
1717849367          0        150               0           10066          0          0          0          0
1717849378          0        126               0            8236          0          0          0          0
1717849388          0        134               0            9132          0          0          0          0
1717849398          0         88               0            5566          0          0          0          0
1717849408          0        145               0           10650          0          0          0          0
1717849419          0        236               0           15406          0          0          0          0
1717849429          0        399               0           25918          0          0          0          0
1717849439          0        116               0            7012          0          0          0          0
1717849449          0        128               0            8252          0          0          0          0
1717849459          0         93               0            5632          0          0          0          0
1717849470          0         78               0            4862          0          0          0          0
1717849480          0         95               0            5830          0          0          0          0
1717849490          0        123               0            7458          0          0          0          0
1717849500          0        108               0            6584          0          0          0          0
1717849511          0        116               0            7168          0          0          0          0
1717849521          0         87               0            5792          0          0          0          0
1717849531          0        103               0            6674          0          0          0          0
1717849541          0        105               0            6898          0          0          0          0
1717849552          0        226               0           16446          0          0          0          0
1717849562          0        205               0           14952          0          0          0          0
1717849572          0        167               0           11190          0          0          0          0
1717849582          0        119               0            8466          0          0          0          0
1717849593          0         75               0            4656          0          0          0          0
1717849603          0        109               0            7502          0          0          0          0
1717849613          0        115               0            7342          0          0          0          0
1717849623          0        160               0           10744          0          0          0          0
1717849634          1        187              90           13538          0          0          0          0
1717849644         65        151           84840           10667          0          0          0          0
1717849654          0        135               0            9764          0          0          0          0
1717849664          0        169               0           12168          0          0          0          0
1717849675          0        136               0            9590          0          0          0          0
1717849685          0        160               0           11134          0          0          0          0
1717849695          1        154              90           10856          0          0          0          0
1717849705          0        149               0           10110          0          0          0          0
1717849715          0         94               0            6056          0          0          0          0
1717849726          6        256             616           16000          0          0          0          0
1717849736          0        106               0            7140          0          0          0          0
1717849746          0        164               0           11426          0          0          0          0
1717849756          0        116               0            7610          0          0          0          0
1717849766          1        185              90           13010          0          0          0          0
1717849777          0         96               0            6298          0          0          0          0
1717849787          0        149               0           11150          0          0          0          0
1717849797          0        127               0            9076          0          0          0          0
1717849807          2       3679             212          223034          0          0          0          0
1717849818          0        162               0           10994          0          0          0          0
1717849828          0        159               0           10762          0          0          0          0
1717849838          0        194               0           13278          0          0          0          0
1717849848          0        142               0            8832          0          0          0          0
1717849858          0        211               0           13908          0          0          0          0
1717849869          0        191               0           12552          0          0          0          0
1717849879          0        253               0           16688          0          0          0          0
1717849890          0        163               0           10040          0          0          0          0
1717849900          0        216               0           13688          0          0          0          0
1717849910          0        194               0           11848          0          0          0          0
1717849920          1        177              42           10958          0          0          0          0
1717849930          0        165               0           10134          0          0          0          0
1717849941         64        217           85063           13983          0          0          0          0
1717849951          1        177              42           10932          0          0          0          0
1717849961          0        216               0           13662          0          0          0          0
1717849971          0        211               0           13466          0          0          0          0
1717849982          0        166               0           10324          0          0          0          0
1717849992          0        159               0            9748          0          0          0          0
1717850002          0        170               0           10460          0          0          0          0
1717850012          0        192               0           11858          0          0          0          0
1717850022          0        451               0           28334          0          0          0          0
1717850033          0        422               0           29116          0          0          0          0
1717850043          0        219               0           14570          0          0          0          0
1717850053          0        209               0           14724          0          0          0          0
1717850063          0        170               0           10512          0          0          0          0
1717850073          0        227               0           14790          0          0          0          0
1717850084          0        232               0           15740          0          0          0          0
1717850094          0        220               0           14656          0          0          0          0
1717850104          0        227               0           15466          0          0          0          0
1717850114          0        244               0           16902          0          0          0          0
1717850125          0        230               0           16400          0          0          0          0
1717850135          0        233               0           15852          0          0          0          0
1717850145          0        317               0           22062          0          0          0          0
1717850155          0        256               0           17518          0          0          0          0
1717850166          0        309               0           22492          0          0          0          0
1717850176          0        259               0           18114          0          0          0          0
1717850186          0        215               0           14512          0          0          0          0
1717850196          0        161               0            9894          0          0          0          0
1717850206          2        210             132           13670          0          0          0          0
1717850217          0        211               0           14116          0          0          0          0
1717850227          0        231               0           15238          0          0          0          0
1717850237         64        248           85313           18267          0          0          0          0
1717850247          1        238              42           16750          0          0          0          0
1717850258          0        183               0           12783          0          0          0          0
1717850268          6        208             492           14014          0          0          0          0
1717850278          1        216              86           14260          0          0          0          0
1717850288          4        190             344           12206          0          0          0          0
1717850299          2        185             164           12626          0          0          0          0
1717850309          0        136               0            8628          0          0          0          0
1717850319          6        217             616           13998          0          0          0          0
1717850329          1        267              42           16930          0          0          0          0
1717850339          0        184               0           11482          0          0          0          0
1717850350          0        168               0           10444          0          0          0          0
1717850360          0        169               0           10790          0          0          0          0
1717850370          0        131               0            8276          0          0          0          0
1717850380          0        153               0            9648          0          0          0          0
1717850391          0        135               0            8438          0          0          0          0
1717850401          0       1132               0           69866          0          0          0          0
1717850411          2       4547             212          274078          0          0          0          0
1717850421          0        156               0           10582          0          0          0          0
1717850431          0         84               0            5456          0          0          0          0
1717850442          0        113               0            7742          0          0          0          0
1717850452          0        118               0            8198          0          0          0          0
1717850462          0        172               0           12530          0          0          0          0
1717850472          0        163               0           11600          0          0          0          0
1717850483          2        120             156            7486          0          0          0          0
1717850493          4         94             336            5796          0          0          0          0
1717850503          4        134             344            9418          0          0          0          0
1717850513          2        123             172            8394          0          0          0          0
1717850523          3        120             258            8084          0          0          0          0
1717850534          3        183             258           12852          0          0          0          0
1717850544         67        139           85790            9577          0          0          0          0
1717850554          0        167               0           11580          0          0          0          0
1717850564          0        131               0            9550          0          0          0          0
1717850575          4        134             344            9834          0          0          0          0
1717850585          0        123               0            8888          0          0          0          0
1717850595         33        204            2838           14840          0          0          0          0
1717850605          2        112             172            6954          0          0          0          0
1717850615          0        108               0            6662          0          0          0          0
1717850626          0        198               0           12010          0          0          0          0
1717850636          0        430               0           25982          0          0          0          0
1717850646          0        173               0           10562          0          0          0          0
1717850656          0        227               0           15414          0          0          0          0
1717850667          0        282               0           17492          0          0          0          0
1717850677          0        370               0           23240          0          0          0          0
1717850687          0        716               0           43506          0          0          0          0
1717850697          4        206             320           12568          0          0          0          0
1717850707          2        281             172           18342          0          0          0          0
1717850718          0        623               0           38698          0          0          0          0
1717850728         17        335            1462           22050          0          0          0          0
1717850738          0       1305               0           79262          0          0          0          0
1717850748          0        306               0           20206          0          0          0          0
1717850758          0        344               0           21680          0          0          0          0
1717850769          0        244               0           15368          0          0          0          0
1717850779          0        450               0           28118          0          0          0          0
1717850789          0        550               0           33858          0          0          0          0
1717850799          1        488              90           30636          0          0          0          0
1717850810          0        244               0           15394          0          0          0          0
1717850820          0        446               0           27904          0          0          0          0
1717850830          0        249               0           16188          0          0          0          0
1717850840         68        701           85944           44465          0          0          0          0
1717850850          0        919               0           57168          0          0          0          0
1717850861          1        626              90           40502          0          0          0          0
1717850871          0        278               0           18604          0          0          0          0
1717850881          0        315               0           21474          0          0          0          0
1717850891          0        288               0           18424          0          0          0          0
1717850902          0        507               0           33228          0          0          0          0
1717850912          0        199               0           12694          0          0          0          0
1717850922          7        371             706           24542          0          0          0          0
1717850932          1        265              42           16264          0          0          0          0
1717850942          0        256               0           16452          0          0          0          0
1717850953          0        255               0           17536          0          0          0          0
1717850963          0        243               0           16920          0          0          0          0
1717850973          0        205               0           13782          0          0          0          0
1717850984          0        207               0           13278          0          0          0          0
1717850994          0        260               0           17394          0          0          0          0
1717851004          2       5381             212          325908          0          0          0          0
1717851014          0        148               0           10206          0          0          0          0
1717851024          7        100             622            6328          0          0          0          0
1717851035          0        161               0           11584          0          0          0          0
1717851045          0        235               0           16128          0          0          0          0
1717851055          0        213               0           13924          0          0          0          0
1717851065          1        220              42           14396          0          0          0          0
1717851075          0        225               0           15502          0          0          0          0
1717851085          0        190               0           12752          0          0          0          0
1717851096          0        197               0           13926          0          0          0          0
1717851106          0        207               0           14084          0          0          0          0
1717851116          0        210               0           14238          0          0          0          0
1717851126          0        221               0           14820          0          0          0          0
1717851136          0        274               0           19482          0          0          0          0
1717851147         66        236           86014           16995          0          0          0          0
1717851157          0        236               0           17124          0          0          0          0
1717851167          0        174               0           11714          0          0          0          0
1717851177          0        213               0           14522          0          0          0          0
1717851187          0        210               0           13796          0          0          0          0
1717851198          0        182               0           11388          0          0          0          0
1717851208          0        176               0           11418          0          0          0          0
1717851218          1        141              78            8858          0          0          0          0
1717851228          5        299             414           18738          0          0          0          0
1717851238          0        142               0            9352          0          0          0          0
1717851248          4        195             344           12636          0          0          0          0
1717851259          1        233              86           15566          0          0          0          0
1717851269          5        191             390           12504          0          0          0          0
1717851279          0        281               0           20890          0          0          0          0
1717851289          0        189               0           13532          0          0          0          0
1717851299          3        171             258           11396          0          0          0          0
1717851310          3        226             258           15952          0          0          0          0
1717851320          9        231             774           15784          0          0          0          0
1717851330          2        581             172           36966          0          0          0          0
1717851340          2        743             172           47752          0          0          0          0
1717851350         32        650            5897           45911          0          0          0          0
1717851360          3        571             250           37190          0          0          0          0
1717851371          0       1462               0           91178          0          0          0          0
1717851381          0       2554               0          155476          0          0          0          0
1717851391          0        712               0           45086          0          0          0          0
1717851401          0        211               0           14844          0          0          0          0
1717851411          2        971             108           59774          0          0          0          0
1717851422          0        135               0            9738          0          0          0          0
1717851432          0       1129               0           69716          0          0          0          0
1717851442         66       2106           86096          129839          0          0          0          0
1717851452          0        915               0           58540          0          0          0          0
1717851463          0        642               0           41042          0          0          0          0
1717851473          2       1047             108           63978          0          0          0          0
1717851483          0        625               0           39026          0          0          0          0
1717851493          0       1143               0           70946          0          0          0          0
1717851503          0        981               0           59328          0          0          0          0
1717851514          0        244               0           15940          0          0          0          0
1717851524          7        371             658           23290          0          0          0          0
1717851534         12        438            1052           26890          0          0          0          0
1717851544          0        271               0           16572          0          0          0          0
1717851554          0        172               0           11412          0          0          0          0
1717851564          0        162               0           10006          0          0          0          0
1717851575          0        355               0           22704          0          0          0          0
1717851585          0        232               0           15514          0          0          0          0
1717851595          2        794             108           50316          0          0          0          0
1717851605          1       2960             170          179478          0          0          0          0
1717851615          0        588               0           36762          0          0          0          0
1717851625          0        187               0           13040          0          0          0          0
1717851636          0       1227               0           74738          0          0          0          0
1717851646          0        590               0           36232          0          0          0          0
1717851656          4        582             240           36085          0          0          0          0
1717851666          5       4493             865          270650          0          0          0          0
1717851676          0        344               0           21732          0          0          0          0
1717851686          0        212               0           13396          0          0          0          0
1717851697          0        229               0           15196          0          0          0          0
1717851707          0        172               0           10944          0          0          0          0
1717851717          0        213               0           14626          0          0          0          0
1717851727          0        206               0           14882          0          0          0          0
1717851737         65        164           86282           11967          0          0          0          0
1717851747          1        262              42           19880          0          0          0          0
1717851758          0        142               0           10262          0          0          0          0
1717851768          0        142               0            9664          0          0          0          0
1717851778          0        145               0            9740          0          0          0          0
1717851788          0        203               0           14676          0          0          0          0
1717851798          0        136               0            9616          0          0          0          0
1717851808          0        140               0           10194          0          0          0          0
1717851819          0        216               0           16652          0          0          0          0
1717851829          0        355               0           22886          0          0          0          0
1717851839          0        174               0           12390          0          0          0          0
1717851849          0        160               0           11108          0          0          0          0
1717851859          0        154               0           10774          0          0          0          0
1717851869          0        124               0            8480          0          0          0          0
1717851880          0        119               0            8154          0          0          0          0
1717851890          0        140               0           10662          0          0          0          0
1717851900          0        140               0            9752          0          0          0          0
1717851910          0        160               0           11134          0          0          0          0
1717851921          0        254               0           18698          0          0          0          0
1717851931          0        160               0           11628          0          0          0          0
1717851941          0        101               0            6658          0          0          0          0
1717851951          0        108               0            7208          0          0          0          0
1717851961          0        104               0            6500          0          0          0          0
1717851971          1        142              90            8940          0          0          0          0
1717851982          0        120               0            7460          0          0          0          0
1717851992          0        153               0           10558          0          0          0          0
1717852002          1        150              78           10872          0          0          0          0
1717852012          3         97             258            6314          0          0          0          0
1717852022          0         90               0            5686          0          0          0          0
1717852033          1        118              90            7266          0          0          0          0
1717852043         66        169           86406           11369          0          0          0          0
1717852053          0        126               0            8314          0          0          0          0
1717852063          0        187               0           13768          0          0          0          0
1717852073          0         73               0            4666          0          0          0          0
1717852083          1        172              42           12738          0          0          0          0
1717852093          0        167               0           11918          0          0          0          0
1717852104          1        187              90           13356          0          0          0          0
1717852114          0        206               0           14700          0          0          0          0
1717852124          7        255             658           17448          0          0          0          0
1717852134          0        156               0           10460          0          0          0          0
1717852144          0        162               0           11584          0          0          0          0
1717852154          0        132               0            9506          0          0          0          0
1717852165          0        141               0            9162          0          0          0          0
1717852175          0        169               0           11492          0          0          0          0
1717852185          0        150               0           10170          0          0          0          0
1717852195          0        175               0           11410          0          0          0          0
1717852206          2       7135             212          430108          0          0          0          0
1717852216          0        582               0           36974          0          0          0          0
1717852226          0        287               0           20132          0          0          0          0
1717852236          0       1272               0           77984          0          0          0          0
1717852246          0        197               0           12990          0          0          0          0
1717852257          0        232               0           15142          0          0          0          0
1717852267          0        252               0           16004          0          0          0          0
1717852277          0        346               0           21790          0          0          0          0
1717852287          0        506               0           31852          0          0          0          0
1717852297          0        383               0           24566          0          0          0          0
1717852307          0        221               0           14040          0          0          0          0
1717852318          0        360               0           23264          0          0          0          0
1717852328          1        148              90            9638          0          0          0          0
1717852338         67        526           86528           32569          0          0          0          0
1717852348          0        781               0           47588          0          0          0          0
1717852358          0        445               0           27454          0          0          0          0
1717852368          0        249               0           16578          0          0          0          0
1717852379          0        259               0           17542          0          0          0          0
1717852389          0        908               0           56560          0          0          0          0
1717852399          0        472               0           31440          0          0          0          0
1717852409          0        958               0           59430          0          0          0          0
1717852419          0        445               0           28338          0          0          0          0
1717852430          0        292               0           19236          0          0          0          0
1717852440          0        214               0           15804          0          0          0          0
1717852450          0        152               0           10602          0          0          0          0
1717852460          0        124               0            8870          0          0          0          0
1717852470          0        149               0           10708          0          0          0          0
1717852480          0        206               0           13894          0          0          0          0
1717852491          0        252               0           16628          0          0          0          0
1717852501          0        224               0           14272          0          0          0          0
1717852511          0        243               0           16400          0          0          0          0
1717852521          0        211               0           13804          0          0          0          0
1717852531          0        242               0           16626          0          0          0          0
1717852542          0        219               0           14778          0          0          0          0
1717852552          0        248               0           16856          0          0          0          0
1717852562          0        232               0           14648          0          0          0          0
1717852572          0        226               0           13820          0          0          0          0
1717852582          3        195             234           12506          0          0          0          0
1717852592          4        187             344           11974          0          0          0          0
1717852603          5        162             406           10154          0          0          0          0
1717852613          0        178               0           10862          0          0          0          0
1717852623          2        229             172           14832          0          0          0          0
1717852633         31        242            2666           15430          0          0          0          0
1717852643         84        272           88113           19409          0          0          0          0
1717852653         18        224            1548           14792          0          0          0          0
1717852664          0        159               0            9904          0          0          0          0
1717852674          0        165               0           10532          0          0          0          0
1717852684          0        201               0           12156          0          0          0          0
1717852694          0        186               0           11784          0          0          0          0
1717852704          0        263               0           17652          0          0          0          0
1717852714          0        203               0           13428          0          0          0          0
1717852725        568        886           55364           75054          0          0          0          0
1717852735          0        218               0           13938          0          0          0          0
1717852745          0        160               0            9808          0          0          0          0
1717852755          0        215               0           13576          0          0          0          0
1717852765          0        288               0           18242          0          0          0          0
1717852775          0        312               0           18850          0          0          0          0
1717852785          0        717               0           44242          0          0          0          0
1717852796          0        269               0           17466          0          0          0          0
1717852806          2       5193             210          312288          0          0          0          0
1717852816          0        582               0           36116          0          0          0          0
1717852826          0        253               0           17104          0          0          0          0
1717852836          0       1270               0           77682          0          0          0          0
1717852846          0        190               0           12570          0          0          0          0
1717852857          0        226               0           14704          0          0          0          0
1717852867          0        247               0           15990          0          0          0          0
1717852877          0        333               0           20214          0          0          0          0
1717852887          2        479             156           28922          0          0          0          0
1717852897          6        324             508           19648          0          0          0          0
1717852907          6        169             516           10452          0          0          0          0
1717852918         26        354            2236           22072          0          0          0          0
1717852928         40        168            3440           11718          0          0          0          0
1717852938         83        546           88107           33905          0          0          0          0
1717852948          0        792               0           47702          0          0          0          0
1717852958          0        417               0           25202          0          0          0          0
1717852968          0        157               0            9628          0          0          0          0
1717852979          0        128               0            7862          0          0          0          0
1717852989          0        840               0           50608          0          0          0          0
1717852999          0        193               0           12230          0          0          0          0
1717853009          0        103               0            6336          0          0          0          0
1717853019          0        240               0           14582          0          0          0          0
1717853030          0        221               0           13494          0          0          0          0
1717853040          0         86               0            5316          0          0          0          0
1717853050          0        186               0           11316          0          0          0          0
1717853060          0        196               0           12166          0          0          0          0
1717853070          0        168               0           10246          0          0          0          0
1717853080          1        195              42           11916          0          0          0          0
1717853091          0        223               0           13554          0          0          0          0
1717853101          0        164               0            9996          0          0          0          0
1717853111          0        159               0            9644          0          0          0          0
1717853121          0        181               0           11432          0          0          0          0
1717853131          0        208               0           13884          0          0          0          0
1717853141          0        168               0           10704          0          0          0          0
1717853152          1        172              90           10506          0          0          0          0
1717853162          0        212               0           12850          0          0          0          0
1717853172          0        188               0           11436          0          0          0          0
1717853182          0        160               0            9886          0          0          0          0
1717853192          0        151               0            9268          0          0          0          0
1717853202          0        137               0            8376          0          0          0          0
1717853213          1        211              90           13626          0          0          0          0
1717853223          0        215               0           13420          0          0          0          0
1717853233          0        174               0           10934          0          0          0          0
1717853243         66        207           86727           13877          0          0          0          0
1717853253          0        189               0           11730          0          0          0          0
1717853263          0        144               0            8718          0          0          0          0
1717853274          0        170               0           10356          0          0          0          0
1717853284          1        234              90           15448          0          0          0          0
1717853294          0        224               0           14584          0          0          0          0
1717853304          0        215               0           14824          0          0          0          0
1717853314          0        204               0           12864          0          0          0          0
1717853324        570        859           55448           74032          0          0          0          0
1717853335          0        231               0           14484          0          0          0          0
1717853345          0        234               0           15080          0          0          0          0
1717853355          2        199             132           12516          0          0          0          0
1717853365          0        249               0           17540          0          0          0          0
1717853375          3        143             242            9230          0          0          0          0
1717853385          2        204             172           13956          0          0          0          0
1717853396          0        185               0           11672          0          0          0          0
1717853406          2       5219             211          314186          0          0          0          0
1717853416          0        136               0            8810          0          0          0          0
1717853426          0        171               0           12522          0          0          0          0
1717853436          0        134               0            9340          0          0          0          0
1717853446          0        102               0            6770          0          0          0          0
1717853457          0        100               0            6572          0          0          0          0
1717853467          0        157               0           11058          0          0          0          0
1717853477          0        170               0           11916          0          0          0          0
1717853487          0        156               0           10556          0          0          0          0
1717853497          0        115               0            7654          0          0          0          0
1717853508          0         98               0            6816          0          0          0          0
1717853518          0         94               0            6628          0          0          0          0
1717853528         42        181            7644           55489          0          0          0          0
