      time tx_packets rx_packets        tx_bytes        rx_bytes  tx_errors tx_dropped rx_frame_errors rx_crc_errors
1717837433         13         85            1146            5628          0          0          0          0
1717837444        309        580          176858          174598          0          0          0          0
1717837454        268        576           24170          305982          0          0          0          0
1717837464         33        292            2234           23662          0          0          0          0
1717837474          0        223               0           15928          0          0          0          0
1717837484          1        181              66           12374          0          0          0          0
1717837495          1        268              42           18446          0          0          0          0
1717837505          0        196               0           12982          0          0          0          0
1717837516          0        185               0           13154          0          0          0          0
1717837526          0        188               0           12164          0          0          0          0
1717837536          0        182               0           11908          0          0          0          0
1717837547          4        163             240           10390          0          0          0          0
1717837557          0        248               0           16778          0          0          0          0
1717837567          0        163               0           10040          0          0          0          0
1717837578          0        245               0           15948          0          0          0          0
1717837588          0        232               0           14804          0          0          0          0
1717837598          0        145               0            8804          0          0          0          0
1717837609          0        122               0            7476          0          0          0          0
1717837621          0        231               0           14094          0          0          0          0
1717837631          0        144               0            8822          0          0          0          0
1717837642         37        149           43043            9775          0          0          0          0
1717837652          0        131               0            8172          0          0          0          0
1717837662          0        188               0           11566          0          0          0          0
1717837673          0        149               0            9278          0          0          0          0
1717837683          0        212               0           13682          0          0          0          0
1717837693          0        155               0            9716          0          0          0          0
1717837704          0        205               0           13340          0          0          0          0
1717837714          6        265             616           16904          0          0          0          0
1717837724          1        242              42           14728          0          0          0          0
1717837735          0        169               0           10764          0          0          0          0
1717837745          0        221               0           14560          0          0          0          0
1717837755          0        199               0           12876          0          0          0          0
1717837766          0        145               0            9246          0          0          0          0
1717837776          0        182               0           12506          0          0          0          0
1717837786          0        197               0           13094          0          0          0          0
1717837797          0        213               0           14002          0          0          0          0
1717837807          2       3521             212          212878          0          0          0          0
1717837817          0        159               0           10424          0          0          0          0
1717837828          0        166               0           12118          0          0          0          0
1717837838          0        184               0           14056          0          0          0          0
1717837848          0        313               0           22134          0          0          0          0
1717837859          0        301               0           20660          0          0          0          0
1717837869          0        234               0           16900          0          0          0          0
1717837879          0        307               0           22086          0          0          0          0
1717837890          0        265               0           18812          0          0          0          0
1717837900          0        253               0           19132          0          0          0          0
1717837910          0        239               0           17460          0          0          0          0
1717837921          0        238               0           16464          0          0          0          0
1717837931          0        231               0           15784          0          0          0          0
1717837941         38        314           46104           23765          0          0          0          0
1717837952          2        299             120           21676          0          0          0          0
1717837962          4        298             328           22500          0          0          0          0
1717837972          3        168             258           11440          0          0          0          0
1717837983          0        261               0           18226          0          0          0          0
1717837993          1        237              86           16040          0          0          0          0
1717838003          1        211              86           15703          0          0          0          0
1717838014          0        606               0           39428          0          0          0          0
1717838024          0        478               0           30968          0          0          0          0
1717838034          0        498               0           32948          0          0          0          0
1717838045          3        450             174           29708          0          0          0          0
1717838055          0        278               0           19098          0          0          0          0
1717838065          0        287               0           20522          0          0          0          0
1717838075          0        387               0           26574          0          0          0          0
1717838086          0        840               0           54846          0          0          0          0
1717838096          0        350               0           25056          0          0          0          0
1717838106          0        240               0           16592          0          0          0          0
1717838117          0        741               0           47416          0          0          0          0
1717838127          0        309               0           21452          0          0          0          0
1717838138          0       1123               0           68394          0          0          0          0
1717838148          0        269               0           18220          0          0          0          0
1717838158          0        338               0           21918          0          0          0          0
1717838169          0        451               0           29998          0          0          0          0
1717838179          0        558               0           34806          0          0          0          0
1717838189          0        535               0           33582          0          0          0          0
1717838199          1        526              90           33098          0          0          0          0
1717838210          0        205               0           13860          0          0          0          0
1717838220          0        936               0           57538          0          0          0          0
1717838230          0        308               0           20092          0          0          0          0
1717838241         41        852           49140           52065          0          0          0          0
1717838251          0        673               0           40666          0          0          0          0
1717838261          0        451               0           27424          0          0          0          0
1717838272          1        190              90           11716          0          0          0          0
1717838282          0        139               0            8600          0          0          0          0
1717838292          0        150               0            9936          0          0          0          0
1717838303          0        176               0           11054          0          0          0          0
1717838313          6        240             616           15456          0          0          0          0
1717838323          1        297              42           19250          0          0          0          0
1717838333          1        212              90           15298          0          0          0          0
1717838344          0        185               0           12218          0          0          0          0
1717838354          0        126               0            8262          0          0          0          0
1717838364          0        131               0            9238          0          0          0          0
1717838375          0        157               0           10564          0          0          0          0
1717838385          0        134               0            9028          0          0          0          0
1717838395          0         96               0            6280          0          0          0          0
1717838406          2       5867             212          353352          0          0          0          0
1717838416          0        109               0            7502          0          0          0          0
1717838426          0        156               0           11388          0          0          0          0
1717838440          0        244               0           16382          0          0          0          0
1717838451          0        167               0           10670          0          0          0          0
1717838461          0        195               0           12584          0          0          0          0
1717838471          4        265             336           17408          0          0          0          0
1717838482          0        220               0           14500          0          0          0          0
1717838492          0        185               0           12166          0          0          0          0
1717838502          0        184               0           12184          0          0          0          0
1717838513          0        207               0           12602          0          0          0          0
1717838523          0        171               0           10858          0          0          0          0
1717838533          0        206               0           13634          0          0          0          0
1717838544         43        202           51413           13195          0          0          0          0
1717838554          0        165               0           10524          0          0          0          0
1717838564          0        178               0           11642          0          0          0          0
1717838574          0        215               0           13888          0          0          0          0
1717838587          0        211               0           13414          0          0          0          0
1717838600          0        266               0           17494          0          0          0          0
1717838611          0        148               0            9062          0          0          0          0
1717838621          0        645               0           39254          0          0          0          0
1717838635          0        273               0           18166          0          0          0          0
1717838654          0        422               0           29090          0          0          0          0
1717838665          0        176               0           10898          0          0          0          0
1717838675          0        169               0           10374          0          0          0          0
1717838685          0        915               0           75050          0          0          0          0
1717838696          0        710               0           57888          0          0          0          0
1717838706          0        789               0           63330          0          0          0          0
1717838716          0        721               0           58470          0          0          0          0
1717838727          0        834               0           67018          0          0          0          0
1717838737          0        675               0           54228          0          0          0          0
1717838748          0       1140               0           84650          0          0          0          0
1717838758          0        755               0           61134          0          0          0          0
1717838768          0        699               0           55356          0          0          0          0
1717838779          0        630               0           50410          0          0          0          0
1717838789          0        673               0           54134          0          0          0          0
1717838799          0        759               0           60854          0          0          0          0
1717838810          0        546               0           43758          0          0          0          0
1717838820          0        846               0           69376          0          0          0          0
1717838830          0        618               0           49300          0          0          0          0
1717838840         42        758           51456           60913          0          0          0          0
1717838851          1        619              42           49282          0          0          0          0
1717838861          0        529               0           40736          0          0          0          0
1717838871          0        675               0           53864          0          0          0          0
1717838882          0        568               0           45520          0          0          0          0
1717838892          0        573               0           46340          0          0          0          0
1717838902          0        513               0           39178          0          0          0          0
1717838913          6        539             616           38986          0          0          0          0
1717838923          1        474              42           33718          0          0          0          0
1717838933          0        401               0           30924          0          0          0          0
1717838944          0        306               0           22910          0          0          0          0
1717838954          1        276              42           20252          0          0          0          0
1717838964          0        305               0           21836          0          0          0          0
1717838974          0        225               0           15788          0          0          0          0
1717838985          0        247               0           17862          0          0          0          0
1717838995          0        245               0           17248          0          0          0          0
1717839005          2       3199             212          192414          0          0          0          0
1717839016          0         81               0            5224          0          0          0          0
1717839026          0        136               0            9148          0          0          0          0
1717839036          0        169               0           10322          0          0          0          0
1717839047          0        131               0            8406          0          0          0          0
1717839057          0        286               0           18590          0          0          0          0
1717839067          0        510               0           32030          0          0          0          0
1717839078          0        415               0           26304          0          0          0          0
1717839088          0        647               0           39834          0          0          0          0
1717839098          2        529             132           33174          0          0          0          0
1717839109          0        286               0           19786          0          0          0          0
1717839119          0       1016               0           63092          0          0          0          0
1717839129          0        299               0           18954          0          0          0          0
1717839140         43        674           51584           42243          0          0          0          0
1717839150          0        846               0           51904          0          0          0          0
1717839160          0        477               0           28880          0          0          0          0
1717839171          0        201               0           12632          0          0          0          0
1717839181          0        241               0           15552          0          0          0          0
1717839191          0        235               0           15582          0          0          0          0
1717839201          0        882               0           53282          0          0          0          0
1717839212          0        518               0           31082          0          0          0          0
1717839222          0        663               0           39988          0          0          0          0
1717839232          0        405               0           24586          0          0          0          0
1717839243          0        401               0           24320          0          0          0          0
1717839253          0        180               0           11138          0          0          0          0
1717839263          0        187               0           11922          0          0          0          0
1717839274          0        230               0           13982          0          0          0          0
1717839284          0        206               0           13894          0          0          0          0
1717839294          0        709               0           42904          0          0          0          0
1717839305          0        149               0            9200          0          0          0          0
1717839315          0        145               0            8882          0          0          0          0
1717839325          0        157               0            9628          0          0          0          0
1717839336          0        126               0            7872          0          0          0          0
1717839346          0        121               0            7494          0          0          0          0
1717839356          0        181               0           12472          0          0          0          0
1717839366          0        156               0            9724          0          0          0          0
1717839377          1        119              90            7378          0          0          0          0
1717839387          2        144             156            8874          0          0          0          0
1717839397          2        156             164            9950          0          0          0          0
1717839408          1        149              86            9460          0          0          0          0
1717839418          0        145               0            8830          0          0          0          0
1717839428          1        180              86           11294          0          0          0          0
1717839439         45        170           51887           11765          0          0          0          0
1717839449          1        195              42           12246          0          0          0          0
1717839459          0        241               0           17060          0          0          0          0
1717839470          0        195               0           13234          0          0          0          0
1717839480          0        125               0            7890          0          0          0          0
1717839490          0        199               0           13058          0          0          0          0
1717839500          0        176               0           10820          0          0          0          0
1717839511          1        105              90            6382          0          0          0          0
1717839521          7        375             658           22828          0          0          0          0
1717839531          0        124               0            8480          0          0          0          0
1717839542          0         99               0            6434          0          0          0          0
1717839552          4        142             328            9110          0          0          0          0
1717839562          0        131               0            8744          0          0          0          0
1717839573          0        141               0           10072          0          0          0          0
1717839583          0        192               0           13340          0          0          0          0
1717839593          0        147               0           10276          0          0          0          0
1717839604          2       7562             212          455806          0          0          0          0
1717839614          0        159               0           11282          0          0          0          0
1717839624          0        153               0           10116          0          0          0          0
1717839635          0         95               0            6662          0          0          0          0
1717839645          0        173               0           11316          0          0          0          0
1717839655          0        238               0           15632          0          0          0          0
1717839666          0        176               0           11028          0          0          0          0
1717839676          0        238               0           14306          0          0          0          0
1717839686          0        214               0           12866          0          0          0          0
1717839696          0        163               0            9884          0          0          0          0
1717839707          0        224               0           14272          0          0          0          0
1717839717          0        178               0           10732          0          0          0          0
1717839727          0        155               0            9378          0          0          0          0
1717839738         42        160           51712           10429          0          0          0          0
1717839748          1        183              42           11084          0          0          0          0
1717839758          0        166               0           10038          0          0          0          0
1717839769          0        160               0            9782          0          0          0          0
1717839779          0        190               0           11452          0          0          0          0
1717839789          0        176               0           11132          0          0          0          0
1717839800          0        187               0           11922          0          0          0          0
1717839810          0        198               0           12530          0          0          0          0
1717839820          0        694               0           41822          0          0          0          0
1717839831          0        190               0           11556          0          0          0          0
1717839841          0        219               0           14258          0          0          0          0
1717839851          0        196               0           12782          0          0          0          0
1717839862          0        174               0           10978          0          0          0          0
1717839872          0        164               0           10048          0          0          0          0
1717839882          0        180               0           10904          0          0          0          0
1717839892          0        187               0           11792          0          0          0          0
1717839903          0        197               0           12470          0          0          0          0
1717839913          0        173               0           10562          0          0          0          0
1717839923          0        160               0           10146          0          0          0          0
1717839934          0        214               0           14140          0          0          0          0
1717839944          0        282               0           19806          0          0          0          0
1717839954          0        187               0           11636          0          0          0          0
1717839965          0        199               0           13292          0          0          0          0
1717839975          0        214               0           13776          0          0          0          0
1717839985          0        172               0           10424          0          0          0          0
1717839996          0        127               0            7724          0          0          0          0
1717840006          0        187               0           11376          0          0          0          0
1717840016          0        178               0           10810          0          0          0          0
1717840027          0        150               0            9130          0          0          0          0
1717840037         42        209           51962           13323          0          0          0          0
1717840047          1        150              42            9520          0          0          0          0
1717840057          0        175               0           11410          0          0          0          0
1717840068          0        147               0            8924          0          0          0          0
1717840078          0        196               0           11916          0          0          0          0
1717840088          0        153               0            9648          0          0          0          0
1717840099          0        153               0            9258          0          0          0          0
1717840109          0        155               0            9430          0          0          0          0
1717840119          7        358             658           21842          0          0          0          0
1717840130          0        238               0           15182          0          0          0          0
1717840140          0        208               0           13000          0          0          0          0
1717840150          0        218               0           13990          0          0          0          0
1717840161          2        174             132           10652          0          0          0          0
1717840171          0        184               0           11144          0          0          0          0
1717840181          0        124               0            7440          0          0          0          0
1717840192          1        154              78            9318          0          0          0          0
1717840202          6       3986             584          239244          0          0          0          0
1717840212          4        119             292            7270          0          0          0          0
1717840223         21        124            1782            8854          0          0          0          0
1717840233          2        120             172            7356          0          0          0          0
1717840243          2        100             172            6130          0          0          0          0
1717840254          3         90             258            5452          0          0          0          0
1717840264          0         74               0            4544          0          0          0          0
1717840275         18        131            1548            8328          0          0          0          0
1717840285         20        159            1720           10060          0          0          0          0
1717840295         13        234            1118           14456          0          0          0          0
1717840306         21        258            1806           16780          0          0          0          0
1717840316          1        177              86           10724          0          0          0          0
1717840327          0        192               0           11598          0          0          0          0
1717840337         42        908           52211           55441          0          0          0          0
1717840347          1       1475              42           89290          0          0          0          0
1717840357         33       1372            6067           87365          0          0          0          0
1717840368          0       1429               0           85844          0          0          0          0
1717840378          1       1256              42           75542          0          0          0          0
1717840388          0       1170               0           70278          0          0          0          0
1717840399          0        711               0           43622          0          0          0          0
1717840409          0        146               0            8968          0          0          0          0
1717840419          2       1321             108           79708          0          0          0          0
1717840430          0       1519               0           92856          0          0          0          0
1717840440          0        763               0           46820          0          0          0          0
1717840450          0        104               0            7540          0          0          0          0
1717840461          0         77               0            4698          0          0          0          0
1717840471          0        114               0            6918          0          0          0          0
1717840481          1         84              66            5176          0          0          0          0
1717840492          1        255              42           15404          0          0          0          0
1717840502          0       1489               0           89340          0          0          0          0
1717840512          0       1468               0           88106          0          0          0          0
1717840522          0        144               0            8692          0          0          0          0
1717840533          0       1149               0           69772          0          0          0          0
1717840543          2        510             108           30684          0          0          0          0
1717840553          0        318               0           19106          0          0          0          0
1717840564          0        298               0           17932          0          0          0          0
1717840574          1        368              90           22214          0          0          0          0
1717840584          0        527               0           33076          0          0          0          0
1717840595          0        330               0           21100          0          0          0          0
1717840605          2        348             108           21380          0          0          0          0
1717840615          0        776               0           48640          0          0          0          0
1717840626          0        495               0           31208          0          0          0          0
1717840636          0        185               0           12270          0          0          0          0
1717840646         44       1345           52427           83651          0          0          0          0
1717840657          0        449               0           27538          0          0          0          0
1717840667          4        183             240           11174          0          0          0          0
1717840677          0        198               0           12088          0          0          0          0
1717840687          0        183               0           11734          0          0          0          0
1717840698          0        392               0           23754          0          0          0          0
1717840708          1        923              90           56086          0          0          0          0
1717840718          6        431             616           27722          0          0          0          0
1717840729          1        273              42           17810          0          0          0          0
1717840739          0        482               0           29102          0          0          0          0
1717840749          0        261               0           16570          0          0          0          0
1717840760          0        180               0           11268          0          0          0          0
1717840770          0        188               0           11306          0          0          0          0
1717840780          0        166               0           10532          0          0          0          0
1717840791          0        540               0           33700          0          0          0          0
1717840801          0        829               0           49990          0          0          0          0
1717840811          2       2629             212          157756          0          0          0          0
1717840822          0        284               0           18236          0          0          0          0
1717840832          0        176               0           12848          0          0          0          0
1717840842          0        171               0           12860          0          0          0          0
1717840852          0        144               0           10356          0          0          0          0
1717840863          6       7259             907          437702          0          0          0          0
1717840873          0        109               0            7554          0          0          0          0
1717840883          0         92               0            5893          0          0          0          0
1717840894          0         89               0            5418          0          0          0          0
1717840904          0         68               0            4158          0          0          0          0
1717840914          0        111               0            7544          0          0          0          0
1717840925          0        141               0            9396          0          0          0          0
1717840935          0        120               0            8084          0          0          0          0
1717840945         43        135           52418            9533          0          0          0          0
1717840956          0        451               0           28558          0          0          0          0
1717840966          0        292               0           17530          0          0          0          0
1717840976          0        194               0           11640          0          0          0          0
1717840987          0        274               0           17454          0          0          0          0
1717840997          0        454               0           27370          0          0          0          0
1717841007          0       1014               0           61334          0          0          0          0
1717841018          0        659               0           40424          0          0          0          0
1717841028          0        342               0           21456          0          0          0          0
1717841038          0        538               0           32384          0          0          0          0
1717841048          0        248               0           14880          0          0          0          0
1717841059          0        252               0           15224          0          0          0          0
1717841069          0        269               0           16218          0          0          0          0
1717841079          0        266               0           16844          0          0          0          0
1717841090          0        775               0           47652          0          0          0          0
1717841100          0        197               0           13112          0          0          0          0
1717841110          0        295               0           19416          0          0          0          0
1717841121          0        824               0           53184          0          0          0          0
1717841131          0        431               0           27602          0          0          0          0
1717841141          0        995               0           60740          0          0          0          0
1717841152          0        257               0           17344          0          0          0          0
1717841162          0        341               0           21344          0          0          0          0
1717841172          0        374               0           23410          0          0          0          0
1717841183          0        503               0           31004          0          0          0          0
1717841193          0        478               0           30838          0          0          0          0
1717841203          0        204               0           13956          0          0          0          0
1717841213          0        265               0           17642          0          0          0          0
1717841224          2        198             132           12898          0          0          0          0
1717841234          0        158               0            9558          0          0          0          0
1717841244         44        192           52569           12537          0          0          0          0
1717841255          0        222               0           14308          0          0          0          0
1717841265          0        188               0           11358          0          0          0          0
1717841275          0        215               0           13446          0          0          0          0
1717841286          0        241               0           16523          0          0          0          0
1717841296          0        180               0           11788          0          0          0          0
1717841306          0        221               0           14716          0          0          0          0
1717841317          6        292             616           18264          0          0          0          0
1717841327          1        329              42           20182          0          0          0          0
1717841337          0        174               0           10908          0          0          0          0
1717841348          0        200               0           13300          0          0          0          0
1717841358          0        169               0           11206          0          0          0          0
1717841368          0        159               0            9878          0          0          0          0
1717841379          0        441               0           33792          0          0          0          0
1717841389          0       1100               0           89946          0          0          0          0
1717841399          0       1275               0          105776          0          0          0          0
1717841410          2       5540             211          356950          0          0          0          0
1717841420          0        926               0           77842          0          0          0          0
1717841430          0       1171               0           98002          0          0          0          0
1717841441          0       1185               0           99782          0          0          0          0
1717841451          0       1187               0           98048          0          0          0          0
1717841461          0        816               0           67784          0          0          0          0
1717841472          0       1257               0          105684          0          0          0          0
1717841482          0        933               0           78340          0          0          0          0
1717841492          0        932               0           78644          0          0          0          0
1717841503          0       1058               0           89480          0          0          0          0
1717841513          0       1179               0           98898          0          0          0          0
1717841523          0       1092               0           91858          0          0          0          0
1717841534          0       1519               0          128060          0          0          0          0
1717841544         44       1367           53689          115589          0          0          0          0
1717841554          0       1072               0           90398          0          0          0          0
1717841565          0       1058               0           88726          0          0          0          0
1717841575          0       1127               0           92060          0          0          0          0
1717841585          0        870               0           68658          0          0          0          0
1717841596          0        797               0           61106          0          0          0          0
1717841606          0        974               0           76484          0          0          0          0
1717841616          0       1042               0           80512          0          0          0          0
1717841627          0        954               0           74140          0          0          0          0
1717841637          0        565               0           44794          0          0          0          0
1717841647          0        632               0           49334          0          0          0          0
1717841658          0        542               0           42478          0          0          0          0
1717841668          0        588               0           46226          0          0          0          0
1717841678          0        814               0           65974          0          0          0          0
1717841689          0        719               0           58244          0          0          0          0
1717841699          0        375               0           27754          0          0          0          0
1717841709          0        286               0           19708          0          0          0          0
1717841720          0        201               0           13438          0          0          0          0
1717841730          0        270               0           18176          0          0          0          0
1717841740          0        244               0           16720          0          0          0          0
1717841751          0        237               0           16352          0          0          0          0
1717841761          0        211               0           14662          0          0          0          0
1717841771          1        221              90           14486          0          0          0          0
1717841782          0        276               0           19004          0          0          0          0
1717841792          0        248               0           16986          0          0          0          0
1717841803          1        256              42           17466          0          0          0          0
1717841813          0        260               0           18720          0          0          0          0
1717841823          0        281               0           20526          0          0          0          0
1717841834          0        251               0           17764          0          0          0          0
1717841844         46        257           54275           17065          0          0          0          0
1717841854          0        227               0           15492          0          0          0          0
1717841865          0        251               0           16880          0          0          0          0
1717841875          0        273               0           19344          0          0          0          0
1717841885          0        225               0           14332          0          0          0          0
1717841896          0        498               0           32948          0          0          0          0
1717841906          1       1230              90           74038          0          0          0          0
1717841916          6        465             616           29944          0          0          0          0
1717841927          1        376              42           23938          0          0          0          0
1717841937          0        510               0           31380          0          0          0          0
1717841947          0        273               0           17368          0          0          0          0
1717841958          0        273               0           18148          0          0          0          0
1717841968          0        298               0           18348          0          0          0          0
1717841978          0        283               0           18254          0          0          0          0
1717841989          0        737               0           45520          0          0          0          0
1717841999          0        217               0           13072          0          0          0          0
1717842009          2       4818             211          289138          0          0          0          0
1717842019          0        535               0           32620          0          0          0          0
1717842030          0        295               0           17726          0          0          0          0
1717842040          0        905               0           54352          0          0          0          0
1717842050          0        180               0           11736          0          0          0          0
1717842061          0        303               0           18778          0          0          0          0
1717842071          0        175               0           11124          0          0          0          0
1717842081          0        469               0           28686          0          0          0          0
1717842092          0        424               0           27000          0          0          0          0
1717842102          0        357               0           22746          0          0          0          0
1717842112          0        111               0            7128          0          0          0          0
1717842123          0        159               0           11282          0          0          0          0
1717842133          0        180               0           12932          0          0          0          0
1717842143         45        170           54267           12179          0          0          0          0
1717842154          0         95               0            6246          0          0          0          0
1717842164          0        103               0            6284          0          0          0          0
1717842174          0        115               0            7472          0          0          0          0
1717842185          0         89               0            5496          0          0          0          0
1717842195          0         89               0            5496          0          0          0          0
1717842205          0        101               0            6892          0          0          0          0
1717842216          0         86               0            5654          0          0          0          0
1717842226          0        403               0           24648          0          0          0          0
1717842236          0        237               0           15156          0          0          0          0
1717842247          0        218               0           14432          0          0          0          0
1717842257          0        287               0           19586          0          0          0          0
1717842267          0        243               0           17024          0          0          0          0
1717842278          0        174               0           11012          0          0          0          0
1717842288          2        387             132           29204          0          0          0          0
1717842298          0        498               0           38200          0          0          0          0
1717842308          0        457               0           34180          0          0          0          0
1717842319          0        442               0           33540          0          0          0          0
1717842329          0        497               0           38452          0          0          0          0
1717842339          0        450               0           34497          0          0          0          0
1717842350          0        385               0           29366          0          0          0          0
1717842360          0        425               0           31870          0          0          0          0
1717842370          0        431               0           32932          0          0          0          0
1717842381          0        335               0           24936          0          0          0          0
1717842391          6        420             492           31518          0          0          0          0
1717842401          0        437               0           33422          0          0          0          0
1717842412          0        390               0           30195          0          0          0          0
1717842422          0        374               0           29044          0          0          0          0
1717842432          0        332               0           24028          0          0          0          0
1717842443         45        571           54350           45085          0          0          0          0
1717842453          0        641               0           50498          0          0          0          0
1717842463          0        537               0           42022          0          0          0          0
1717842474          0        532               0           41332          0          0          0          0
1717842484          0        513               0           39750          0          0          0          0
1717842494          0        610               0           47468          0          0          0          0
1717842505          0        425               0           32728          0          0          0          0
1717842515          0        271               0           19172          0          0          0          0
1717842525          7        728             658           53897          0          0          0          0
1717842536          0        357               0           27582          0          0          0          0
1717842546          0        487               0           36396          0          0          0          0
1717842556          0        430               0           32586          0          0          0          0
1717842567          0        489               0           37374          0          0          0          0
1717842577          0        449               0           34194          0          0          0          0
1717842587          0        455               0           34840          0          0          0          0
1717842598          0        382               0           29082          0          0          0          0
1717842608          2       5170             211          315120          0          0          0          0
1717842618          0        284               0           21148          0          0          0          0
1717842629          0        409               0           27920          0          0          0          0
1717842639          0        296               0           22336          0          0          0          0
1717842649          0        270               0           19840          0          0          0          0
1717842660          0        282               0           19832          0          0          0          0
1717842670          0        336               0           23176          0          0          0          0
1717842680          0        365               0           26355          0          0          0          0
1717842691          0        308               0           21210          0          0          0          0
1717842701          0        254               0           18022          0          0          0          0
1717842711          0        245               0           16988          0          0          0          0
1717842722          0        256               0           18090          0          0          0          0
1717842732          0        334               0           24356          0          0          0          0
1717842742         45        226           54433           15981          0          0          0          0
1717842753          0        263               0           17808          0          0          0          0
1717842763          0        202               0           12900          0          0          0          0
1717842773          0        224               0           15034          0          0          0          0
1717842784          0        210               0           13788          0          0          0          0
1717842794          0        204               0           14320          0          0          0          0
1717842804          0        182               0           11752          0          0          0          0
1717842815          0        196               0           12514          0          0          0          0
1717842825          0        693               0           42854          0          0          0          0
1717842836          0        172               0           10788          0          0          0          0
1717842846          0        209               0           13034          0          0          0          0
1717842856          0        183               0           12176          0          0          0          0
1717842866          0        215               0           14772          0          0          0          0
1717842877          0        240               0           16766          0          0          0          0
1717842887          0        246               0           16398          0          0          0          0
1717842897          0        319               0           21558          0          0          0          0
1717842908          0        206               0           13348          0          0          0          0
1717842918          0        251               0           17218          0          0          0          0
1717842928          0        212               0           14566          0          0          0          0
1717842939          0        237               0           16950          0          0          0          0
1717842949          0        277               0           19142          0          0          0          0
1717842959          0        224               0           14272          0          0          0          0
1717842970          0        197               0           12808          0          0          0          0
1717842980          1        190              90           12002          0          0          0          0
1717842990          1        209              42           13840          0          0          0          0
1717843001          0        152               0            9302          0          0          0          0
1717843011          0        187               0           12130          0          0          0          0
1717843021          0        204               0           12734          0          0          0          0
1717843032          0        173               0           10926          0          0          0          0
1717843042         46        246           54609           16769          0          0          0          0
1717843052          0        182               0           11726          0          0          0          0
1717843063          0        174               0           10934          0          0          0          0
1717843073          0        129               0            7896          0          0          0          0
1717843083          0        220               0           13772          0          0          0          0
1717843093          0        199               0           12850          0          0          0          0
1717843104          1        202              90           13216          0          0          0          0
1717843114          0        180               0           11606          0          0          0          0
1717843124          6        386             616           24736          0          0          0          0
1717843135          0        200               0           13022          0          0          0          0
1717843145          0        227               0           14028          0          0          0          0
1717843155          4        183             320           11284          0          0          0          0
1717843166          0        207               0           13824          0          0          0          0
1717843176          0        169               0           10452          0          0          0          0
1717843186          0        204               0           13670          0          0          0          0
1717843197          2        167             172           11008          0          0          0          0
1717843207          4       4995             383          299854          0          0          0          0
1717843217          0        127               0            7698          0          0          0          0
1717843228          0         96               0            5864          0          0          0          0
1717843238          0        175               0           10916          0          0          0          0
1717843248          0        102               0            6120          0          0          0          0
1717843259          0         82               0            4998          0          0          0          0
1717843269          0         84               0            5092          0          0          0          0
1717843279          0        130               0            8138          0          0          0          0
1717843289          0        111               0            7414          0          0          0          0
1717843300          0        135               0            9036          0          0          0          0
1717843310          0        106               0            6906          0          0          0          0
1717843320          0        108               0            7468          0          0          0          0
1717843331          0        158               0           12080          0          0          0          0
1717843341         46        161           55025           11045          0          0          0          0
1717843351          1        214              42           15882          0          0          0          0
1717843362          0        199               0           14774          0          0          0          0
1717843372          0        228               0           17112          0          0          0          0
1717843382          0        100               0            6858          0          0          0          0
1717843393          0        170               0           12618          0          0          0          0
1717843403          0        135               0            9062          0          0          0          0
1717843413          0        185               0           12894          0          0          0          0
1717843424          0        560               0           36538          0          0          0          0
1717843434          0        493               0           33038          0          0          0          0
1717843444          0        355               0           24186          0          0          0          0
1717843455          0        240               0           17234          0          0          0          0
1717843465          0        248               0           18390          0          0          0          0
1717843475          0        284               0           17898          0          0          0          0
1717843486          0        686               0           42694          0          0          0          0
1717843496          0        210               0           13900          0          0          0          0
1717843506          0        175               0           11748          0          0          0          0
1717843517          0        572               0           35906          0          0          0          0
1717843527          0        244               0           17500          0          0          0          0
1717843537          0       1323               0           82734          0          0          0          0
1717843547          0        287               0           20756          0          0          0          0
1717843558          0        402               0           27318          0          0          0          0
1717843568          0        172               0           10918          0          0          0          0
1717843578          0        349               0           22526          0          0          0          0
1717843589          0        470               0           29032          0          0          0          0
1717843599          0        355               0           22990          0          0          0          0
1717843609          0        265               0           19488          0          0          0          0
1717843620          0        980               0           61036          0          0          0          0
1717843630          0        221               0           15652          0          0          0          0
1717843640         46        619           56459           38579          0          0          0          0
1717843651          0        808               0           49650          0          0          0          0
1717843661          0        490               0           31350          0          0          0          0
1717843671          0        179               0           11832          0          0          0          0
1717843685          0        253               0           16688          0          0          0          0
1717843695          0        416               0           26078          0          0          0          0
1717843706          0        667               0           40748          0          0          0          0
1717843716          0        193               0           13270          0          0          0          0
1717843726          6        319             616           20586          0          0          0          0
1717843737          0        411               0           25830          0          0          0          0
1717843747          0        270               0           18124          0          0          0          0
1717843757          0        189               0           12484          0          0          0          0
1717843768          0        201               0           14452          0          0          0          0
1717843778          0        175               0           11748          0          0          0          0
1717843789          0        190               0           12674          0          0          0          0
1717843799          0        205               0           13808          0          0          0          0
1717843810          2       5060             211          304880          0          0          0          0
1717843820          0        176               0           12328          0          0          0          0
1717843830          0        160               0           11732          0          0          0          0
1717843840          0        223               0           17384          0          0          0          0
1717843851          0        262               0           18866          0          0          0          0
1717843861          0        285               0           19908          0          0          0          0
1717843871          0        299               0           21008          0          0          0          0
1717843886          0        286               0           20150          0          0          0          0
1717843898          0        311               0           21000          0          0          0          0
1717843908          0        205               0           14536          0          0          0          0
1717843919          0        201               0           13516          0          0          0          0
1717843929          0        260               0           17654          0          0          0          0
1717843939         47        246           58933           17895          0          0          0          0
1717843950          1        224              42           15416          0          0          0          0
1717843960          0        261               0           17974          0          0          0          0
1717843970          0        187               0           12754          0          0          0          0
1717843981          0        183               0           12540          0          0          0          0
1717843991          0        163               0           10534          0          0          0          0
1717844001          0        778               0           49332          0          0          0          0
1717844012          0        912               0           56748          0          0          0          0
1717844022         31       1200            5811           77975          0          0          0          0
1717844032          0        876               0           54198          0          0          0          0
1717844043          0        829               0           51430          0          0          0          0
1717844053          0       1256               0           76270          0          0          0          0
1717844063          0        292               0           17962          0          0          0          0
1717844074          0        209               0           15842          0          0          0          0
1717844084          1        161              66           11382          0          0          0          0
1717844094          1        444              42           28642          0          0          0          0
1717844105          0       1487               0           90286          0          0          0          0
1717844115          0       1309               0           79606          0          0          0          0
1717844125          0        161               0           10284          0          0          0          0
1717844136          0        143               0            9213          0          0          0          0
1717844146          2        883             108           55482          0          0          0          0
1717844156          0        284               0           19094          0          0          0          0
1717844167          1        146              90           10064          0          0          0          0
1717844177          0        185               0           13050          0          0          0          0
1717844187          0        195               0           13546          0          0          0          0
1717844198          0        183               0           12358          0          0          0          0
1717844208          2        181             108           12920          0          0          0          0
1717844218          0        310               0           23748          0          0          0          0
1717844229          1        124              90            8380          0          0          0          0
1717844239         49        220           62350           16875          0          0          0          0
1717844249          1        244              42           18384          0          0          0          0
1717844259          0        188               0           12476          0          0          0          0
1717844270          2        260             108           19610          0          0          0          0
1717844280          0        210               0           14836          0          0          0          0
1717844290          0        170               0           11838          0          0          0          0
1717844301          1        232              90           17824          0          0          0          0
1717844311          0        210               0           15928          0          0          0          0
1717844321          9        304             814           19932          0          0          0          0
1717844332          2        251              84           16464          0          0          0          0
1717844342          0        175               0           12034          0          0          0          0
1717844353          0        199               0           14228          0          0          0          0
1717844363          0        178               0           13150          0          0          0          0
1717844373          0        262               0           16578          0          0          0          0
1717844384          2        172             132           11858          0          0          0          0
1717844394          1        747              42           45756          0          0          0          0
1717844404          1       3219             170          193926          0          0          0          0
1717844415          0        667               0           42438          0          0          0          0
1717844425          0        154               0            9682          0          0          0          0
1717844435          0       1320               0           81956          0          0          0          0
1717844446          0        261               0           18676          0          0          0          0
1717844456          0        312               0           21294          0          0          0          0
1717844466          6       5092             907          307474          0          0          0          0
1717844477          0        491               0           33776          0          0          0          0
1717844487          0        591               0           37956          0          0          0          0
1717844497          0        378               0           25852          0          0          0          0
1717844508          0        257               0           18150          0          0          0          0
1717844518          0        870               0           53136          0          0          0          0
1717844528          0        160               0           10198          0          0          0          0
1717844539         52        640           64702           39995          0          0          0          0
1717844549          0        823               0           50602          0          0          0          0
1717844559          0        392               0           23806          0          0          0          0
1717844570          0        195               0           12246          0          0          0          0
1717844580          0        261               0           16076          0          0          0          0
1717844591          0        191               0           11616          0          0          0          0
1717844601          0        542               0           33326          0          0          0          0
1717844611          0       1021               0           62742          0          0          0          0
1717844622          0        670               0           41656          0          0          0          0
1717844632          0        499               0           31786          0          0          0          0
1717844642          0        312               0           19370          0          0          0          0
1717844653          5        238             330           14830          0          0          0          0
1717844663         18        216            1068           13662          0          0          0          0
1717844673          4        199             168           12200          0          0          0          0
1717844684          0        157               0            9654          0          0          0          0
1717844694          0        201               0           13542          0          0          0          0
1717844704          0        220               0           15046          0          0          0          0
1717844715          0        243               0           15828          0          0          0          0
1717844725          0        220               0           14240          0          0          0          0
1717844735          0        220               0           14292          0          0          0          0
1717844746          0        189               0           11600          0          0          0          0
1717844756          0        191               0           12500          0          0          0          0
1717844766          6        165             492           10394          0          0          0          0
1717844776         16        217            1376           14476          0          0          0          0
1717844787         20        222            1720           14802          0          0          0          0
1717844797         21        228            1782           15570          0          0          0          0
1717844807         15        221            1290           14560          0          0          0          0
1717844818          0        188               0           12710          0          0          0          0
1717844828          0        156               0            9932          0          0          0          0
1717844838         52        214           66924           14851          0          0          0          0
1717844849          1        232              42           14726          0          0          0          0
1717844859          0        202               0           13758          0          0          0          0
1717844869          0        256               0           17596          0          0          0          0
1717844880          0        196               0           13164          0          0          0          0
1717844890          0        227               0           15674          0          0          0          0
1717844900          2        169             156           10712          0          0          0          0
1717844911          4        185             336           11248          0          0          0          0
1717844921          8        230             788           14440          0          0          0          0
1717844931          1        326              42           20964          0          0          0          0
1717844942          0        230               0           15282          0          0          0          0
1717844952          0        220               0           15046          0          0          0          0
1717844962          0        168               0           10860          0          0          0          0
1717844973          1        215              86           14200          0          0          0          0
1717844983          3        255             258           17328          0          0          0          0
1717844993          0        251               0           17504          0          0          0          0
1717845004          2       4999             212          301818          0          0          0          0
1717845014          0        191               0           14398          0          0          0          0
1717845024          2        234             172           17966          0          0          0          0
1717845035          2        221             172           16614          0          0          0          0
1717845045          1        216              86           15456          0          0          0          0
1717845055          3        156             258           11180          0          0          0          0
1717845066          0        288               0           22324          0          0          0          0
1717845076          3        233             258           17932          0          0          0          0
1717845086          2        220             156           16702          0          0          0          0
1717845097          0        216               0           16730          0          0          0          0
1717845107          0        185               0           13232          0          0          0          0
1717845117          0        212               0           15762          0          0          0          0
1717845128          0        173               0           12200          0          0          0          0
1717845138         53        271           68756           21625          0          0          0          0
1717845148          1        176              42           13212          0          0          0          0
1717845158          0        169               0           12168          0          0          0          0
1717845169          0        160               0           11680          0          0          0          0
1717845179          0        211               0           15650          0          0          0          0
1717845189          0        156               0           10738          0          0          0          0
1717845200          0        145               0            9922          0          0          0          0
1717845210          0        159               0           11230          0          0          0          0
1717845220          0        338               0           23504          0          0          0          0
1717845231          0        277               0           18648          0          0          0          0
1717845241          0        192               0           13210          0          0          0          0
1717845251          0        104               0            7124          0          0          0          0
1717845262          0        175               0           12034          0          0          0          0
1717845273          0        115               0            7680          0          0          0          0
1717845283          0         86               0            5836          0          0          0          0
1717845293          0        111               0            7752          0          0          0          0
1717845304          0        134               0            8716          0          0          0          0
1717845314          0        113               0            7794          0          0          0          0
1717845324          1        214              90           14118          0          0          0          0
1717845335          0        238               0           15892          0          0          0          0
1717845345          0        239               0           16316          0          0          0          0
1717845355          0        235               0           16596          0          0          0          0
1717845366          0        221               0           14742          0          0          0          0
1717845376          0        243               0           16045          0          0          0          0
1717845387          0        268               0           18628          0          0          0          0
1717845397          1        209              90           14000          0          0          0          0
1717845407          0        268               0           18576          0          0          0          0
1717845418          2        229             132           15980          0          0          0          0
1717845428          0        232               0           15922          0          0          0          0
1717845438         55        236           70628           16067          0          0          0          0
1717845448          1        204              42           13202          0          0          0          0
1717845459          1        247              90           15578          0          0          0          0
1717845469          0        190               0           12076          0          0          0          0
1717845479          0        151               0            9398          0          0          0          0
1717845490          0        170               0           10486          0          0          0          0
1717845500          0        215               0           13160          0          0          0          0
1717845510          0        210               0           13874          0          0          0          0
1717845521          6        271             616           17602          0          0          0          0
1717845531          0        371               0           24340          0          0          0          0
1717845541          0        165               0           10108          0          0          0          0
1717845552          0        238               0           16698          0          0          0          0
1717845562          0        241               0           15916          0          0          0          0
1717845572          0        217               0           14034          0          0          0          0
1717845583          0        223               0           14732          0          0          0          0
1717845593          0        196               0           12358          0          0          0          0
1717845603          1       5939             170          356476          0          0          0          0
1717845614          1         82              42            5232          0          0          0          0
1717845624          0        141               0            9890          0          0          0          0
1717845634          0        176               0           11990          0          0          0          0
1717845645          0        108               0            6714          0          0          0          0
1717845655          0        119               0            7374          0          0          0          0
1717845665          0         81               0            5406          0          0          0          0
1717845676          0         78               0            5122          0          0          0          0
1717845686          0         90               0            6102          0          0          0          0
1717845696          0        131               0            8172          0          0          0          0
1717845706          0         91               0            5746          0          0          0          0
1717845717          0        116               0            7662          0          0          0          0
1717845727          0        122               0            8126          0          0          0          0
1717845737         56        163           73335           12427          0          0          0          0
1717845748          0        123               0            8550          0          0          0          0
1717845758          0        180               0           12672          0          0          0          0
1717845768          0        183               0           12410          0          0          0          0
1717845779          0        135               0            9322          0          0          0          0
1717845789          0        105               0            6742          0          0          0          0
1717845799          0         94               0            6238          0          0          0          0
1717845810          0        105               0            7002          0          0          0          0
1717845820          1        273              42           17134          0          0          0          0
1717845830          0        296               0           19840          0          0          0          0
1717845841          0        170               0           10356          0          0          0          0
1717845851          0        213               0           13456          0          0          0          0
1717845861          0        233               0           15462          0          0          0          0
1717845872          0        188               0           12866          0          0          0          0
1717845882          0        255               0           17900          0          0          0          0
1717845892          0        254               0           16774          0          0          0          0
1717845903          0        206               0           13790          0          0          0          0
1717845913          0        211               0           13700          0          0          0          0
1717845923          0        221               0           14940          0          0          0          0
1717845934          0        157               0            9560          0          0          0          0
1717845944          0        188               0           12632          0          0          0          0
1717845954          0        175               0           10812          0          0          0          0
1717845965          0        196               0           11890          0          0          0          0
1717845975          0        190               0           11634          0          0          0          0
1717845985          4        186             320           11360          0          0          0          0
1717845996          2        139             156            8470          0          0          0          0
1717846006          0        160               0           10276          0          0          0          0
1717846016          0        156               0            9958          0          0          0          0
1717846027          2        234             172           14664          0          0          0          0
1717846037          2        208             172           13806          0          0          0          0
1717846047         60        394           76922           28927          0          0          0          0
1717846058          4        294             344           21306          0          0          0          0
1717846068          0        303               0           21508          0          0          0          0
1717846078          0        288               0           21180          0          0          0          0
1717846089          0        323               0           22266          0          0          0          0
1717846099          0        382               0           28640          0          0          0          0
1717846109          0        337               0           24640          0          0          0          0
1717846119          6        430             616           30886          0          0          0          0
1717846130         17        557            1418           40310          0          0          0          0
1717846140          3        308             258           22640          0          0          0          0
1717846150          0        366               0           27368          0          0          0          0
1717846161          0        296               0           20750          0          0          0          0
1717846171          0        370               0           27400          0          0          0          0
1717846181          1        331              86           24384          0          0          0          0
1717846192          4        330             344           24636          0          0          0          0
1717846202          3       5412             298          329068          0          0          0          0
1717846212          5        188             414           14089          0          0          0          0
1717846223          0       1051               0           87318          0          0          0          0
1717846233          0        735               0           61607          0          0          0          0
1717846243          0        839               0           69164          0          0          0          0
1717846254          0        715               0           59176          0          0          0          0
1717846264          0        783               0           65414          0          0          0          0
1717846274          0        877               0           73740          0          0          0          0
1717846285          0        904               0           74720          0          0          0          0
1717846295          0        994               0           83300          0          0          0          0
1717846305          0        732               0           59936          0          0          0          0
1717846316          0        699               0           58034          0          0          0          0
1717846326          0        708               0           58600          0          0          0          0
1717846336          0        925               0           75936          0          0          0          0
1717846347         61        843           78735           68769          0          0          0          0
1717846357          0       1259               0          103178          0          0          0          0
1717846367          0        972               0           79545          0          0          0          0
1717846378          0        674               0           53908          0          0          0          0
1717846388          0        658               0           52662          0          0          0          0
1717846398          0        627               0           49476          0          0          0          0
1717846408          0        835               0           67997          0          0          0          0
1717846419          0        966               0           72520          0          0          0          0
1717846429          0        597               0           43568          0          0          0          0
1717846439          0        777               0           62116          0          0          0          0
1717846450          0        519               0           41445          0          0          0          0
1717846460          2        600             132           47522          0          0          0          0
1717846470          0        623               0           49756          0          0          0          0
1717846481          0        616               0           48374          0          0          0          0
1717846491          0        481               0           37770          0          0          0          0
1717846501          0        536               0           41026          0          0          0          0
1717846511          1        516              90           40142          0          0          0          0
1717846522          0        534               0           41721          0          0          0          0
1717846532          0        410               0           30788          0          0          0          0
1717846542          0        294               0           20717          0          0          0          0
1717846553          0        224               0           14220          0          0          0          0
1717846563          0        302               0           20980          0          0          0          0
1717846573          0        175               0           11662          0          0          0          0
1717846584          1        160              90           10124          0          0          0          0
1717846594          0        193               0           12490          0          0          0          0
1717846604          0        184               0           11300          0          0          0          0
1717846614          0        221               0           13832          0          0          0          0
1717846625          0        185               0           11802          0          0          0          0
1717846635          0        478               0           28940          0          0          0          0
1717846645         63        169           80205           11049          0          0          0          0
1717846656          0        178               0           11174          0          0          0          0
1717846666          0        171               0           10520          0          0          0          0
1717846676          0        207               0           13096          0          0          0          0
1717846687          0       1144               0           69108          0          0          0          0
1717846697          0        556               0           33594          0          0          0          0
1717846707          0        994               0           60290          0          0          0          0
1717846718          0        338               0           20956          0          0          0          0
1717846728          6        401             616           25272          0          0          0          0
1717846739          0        489               0           29782          0          0          0          0
1717846749          2        292             156           18456          0          0          0          0
1717846760          4        248             336           15582          0          0          0          0
1717846770          4        282             344           18124          0          0          0          0
1717846780          0        219               0           14562          0          0          0          0
1717846791          0        806               0           50596          0          0          0          0
1717846801          0       1424               0           86936          0          0          0          0
1717846812          2       3146             212          190728          0          0          0          0
1717846822          0        649               0           40838          0          0          0          0
1717846833          0       1403               0           86000          0          0          0          0
1717846843          0        380               0           24568          0          0          0          0
1717846853          0        326               0           22004          0          0          0          0
1717846864          0        296               0           19294          0          0          0          0
1717846874          0        416               0           27664          0          0          0          0
1717846885          0        410               0           24704          0          0          0          0
1717846895          0        294               0           18576          0          0          0          0
1717846905          0        276               0           17028          0          0          0          0
1717846916          0        231               0           15272          0          0          0          0
1717846926          0        312               0           20974          0          0          0          0
1717846936          0        623               0           39650          0          0          0          0
1717846947         62        913           81143           56893          0          0          0          0
1717846957          0        449               0           27824          0          0          0          0
1717846967          0        118               0            7574          0          0          0          0
1717846978          0         95               0            5778          0          0          0          0
1717846988          0        210               0           14446          0          0          0          0
1717846998          0        292               0           20042          0          0          0          0
1717847009          0        256               0           17466          0          0          0          0
1717847019          1        574              42           36598          0          0          0          0
1717847030          0        360               0           22978          0          0          0          0
1717847040          0        180               0           11398          0          0          0          0
1717847050          0        229               0           15664          0          0          0          0
1717847061          0        143               0            8684          0          0          0          0
1717847071          0        233               0           14638          0          0          0          0
1717847081          0        194               0           12334          0          0          0          0
1717847092          0        227               0           14998          0          0          0          0
1717847102          2       6782             277          408408          0          0          0          0
1717847112          0        116               0            7922          0          0          0          0
1717847122          0        126               0            8548          0          0          0          0
1717847133          0        216               0           15274          0          0          0          0
1717847143          0        187               0           13690          0          0          0          0
1717847153          0        197               0           13432          0          0          0          0
1717847164          0         95               0            6488          0          0          0          0
1717847174          0        143               0           10600          0          0          0          0
1717847184          0         94               0            6472          0          0          0          0
1717847195          0        124               0            8558          0          0          0          0
1717847205          0        154               0           10488          0          0          0          0
1717847215          0        119               0            7998          0          0          0          0
1717847226          0        173               0           12590          0          0          0          0
1717847236          0        124               0            8688          0          0          0          0
1717847246         63        145           82665           10885          0          0          0          0
1717847257          0        112               0            7578          0          0          0          0
1717847267          0        166               0           11078          0          0          0          0
1717847277          0        105               0            7002          0          0          0          0
1717847288          0        125               0            8150          0          0          0          0
1717847298          0        104               0            7176          0          0          0          0
1717847308          0        119               0            8310          0          0          0          0
1717847318          0         78               0            5096          0          0          0          0
1717847329          6        271             616           16718          0          0          0          0
1717847339          0         94               0            5848          0          0          0          0
1717847349          0        114               0            7048          0          0          0          0
1717847360          0        106               0            6750          0          0          0          0
1717847370          0         78               0            4888          0          0          0          0
1717847380          0        105               0            7470          0          0          0          0
1717847390          0        133               0            8708          0          0          0          0
1717847401          0       1079               0           67094          0          0          0          0
1717847411          2       6108             212          366758          0          0          0          0
1717847421          0        186               0           13526          0          0          0          0
1717847432          0        130               0            9438          0          0          0          0
1717847442          0        187               0           13274          0          0          0          0
1717847452          0        206               0           13530          0          0          0          0
1717847463          0        234               0           15054          0          0          0          0
1717847473          0        171               0           10494          0          0          0          0
1717847483          0        210               0           13172          0          0          0          0
1717847493          0        204               0           13930          0          0          0          0
1717847504          0        180               0           12360          0          0          0          0
1717847514          0        229               0           15976          0          0          0          0
1717847524          2        260             132           17944          0          0          0          0
1717847535          0        181               0           11666          0          0          0          0
1717847545         65        236           84446           15611          0          0          0          0
1717847555          0        232               0           15428          0          0          0          0
1717847566          0        182               0           12116          0          0          0          0
1717847576          0        169               0           11232          0          0          0          0
1717847586          0        197               0           13276          0          0          0          0
1717847597          0        315               0           21890          0          0          0          0
1717847607          0        299               0           20774          0          0          0          0
1717847617          0        252               0           16940          0          0          0          0
1717847628          0        537               0           34482          0          0          0          0
1717847638          0        188               0           12658          0          0          0          0
1717847648          0        208               0           14846          0          0          0          0
1717847658          0        493               0           31270          0          0          0          0
1717847669          0       1179               0           72690          0          0          0          0
1717847679          0       1229               0           74910          0          0          0          0
1717847689         32       1034            5901           67993          0          0          0          0
1717847700          0       1011               0           60894          0          0          0          0
1717847710          0        958               0           59378          0          0          0          0
1717847721          0       1284               0           78158          0          0          0          0
1717847731          0        225               0           14176          0          0          0          0
1717847741          2       1403             108           84966          0          0          0          0
1717847752          0        957               0           57948          0          0          0          0
1717847762          1       1619              90           97560          0          0          0          0
1717847772          0       1543               0           92788          0          0          0          0
1717847783          0       1140               0           69718          0          0          0          0
1717847793          0        466               0           29156          0          0          0          0
1717847803          1        387              66           24318          0          0          0          0
1717847813          1        148              42            9062          0          0          0          0
1717847824          1        357              90           21580          0          0          0          0
1717847834          0        121               0            7364          0          0          0          0
1717847844         65       1280           85236           77621          0          0          0          0
1717847855          0        295               0           17882          0          0          0          0
1717847865          1        401              66           24560          0          0          0          0
1717847875          1        193              42           11710          0          0          0          0
1717847886          0        188               0           11904          0          0          0          0
1717847896          0       1098               0           66140          0          0          0          0
1717847906          0        940               0           56686          0          0          0          0
1717847916          0        321               0           19650          0          0          0          0
1717847927          9        300             766           18490          0          0          0          0
1717847937          0        468               0           28496          0          0          0          0
1717847947          0        236               0           14680          0          0          0          0
1717847958          0        167               0           10280          0          0          0          0
1717847968          0        169               0           10400          0          0          0          0
1717847978          0        129               0            8000          0          0          0          0
1717847988          3        140             174            8588          0          0          0          0
1717847999          0        139               0            8574          0          0          0          0
1717848009          1       2753             170          165368          0          0          0          0
1717848019          0         94               0            6212          0          0          0          0
1717848030          0        109               0            7190          0          0          0          0
1717848040          0        116               0            7844          0          0          0          0
1717848050          0        175               0           11540          0          0          0          0
1717848061          0        189               0           12976          0          0          0          0
1717848071          6       4080             907          246002          0          0          0          0
1717848081          0        116               0            8000          0          0          0          0
1717848092          0        198               0           14116          0          0          0          0
1717848102          0        140               0            9934          0          0          0          0
1717848112          0        163               0           10040          0          0          0          0
1717848122          0        532               0           35040          0          0          0          0
1717848133          0        280               0           19400          0          0          0          0
1717848143         65       1422           85322           89001          0          0          0          0
1717848153          0        320               0           20552          0          0          0          0
1717848164          0        484               0           29586          0          0          0          0
1717848174          0        301               0           20374          0          0          0          0
1717848184          0        293               0           18594          0          0          0          0
1717848194          0       1242               0           76392          0          0          0          0
1717848205          0       1033               0           62292          0          0          0          0
1717848215          0        327               0           20322          0          0          0          0
1717848225          1        553              42           33778          0          0          0          0
1717848236          0        522               0           31970          0          0          0          0
1717848246          0        341               0           21474          0          0          0          0
1717848256          0        275               0           18216          0          0          0          0
1717848267          0        301               0           19464          0          0          0          0
1717848277          0        296               0           18774          0          0          0          0
1717848287          0        777               0           49064          0          0          0          0
1717848297          0        310               0           21720          0          0          0          0
1717848308          0        319               0           21376          0          0          0          0
1717848318          0        704               0           45577          0          0          0          0
1717848328          0        398               0           27052          0          0          0          0
1717848339          0       1437               0           90302          0          0          0          0
1717848349          0        324               0           23002          0          0          0          0
1717848359          0        262               0           18372          0          0          0          0
1717848370          0        255               0           17692          0          0          0          0
1717848380          0        186               0           11732          0          0          0          0
1717848391          0        245               0           16269          0          0          0          0
1717848401          0        271               0           18574          0          0          0          0
1717848411          0        199               0           12876          0          0          0          0
1717848422          0        166               0           11165          0          0          0          0
1717848432          0        206               0           13244          0          0          0          0
1717848442         66        264           86324           17863          0          0          0          0
1717848452          0        192               0           12066          0          0          0          0
1717848463          0        243               0           15568          0          0          0          0
1717848473          0        187               0           12060          0          0          0          0
1717848483          0        192               0           12708          0          0          0          0
1717848494          0        173               0           11134          0          0          0          0
1717848504          0        213               0           14210          0          0          0          0
1717848514          0        292               0           20276          0          0          0          0
1717848525          7        386             658           25932          0          0          0          0
1717848535          0        271               0           17482          0          0          0          0
1717848545          0        226               0           15926          0          0          0          0
1717848556          0        223               0           15408          0          0          0          0
1717848566          2        241             132           16076          0          0          0          0
1717848577          0        250               0           16846          0          0          0          0
1717848587          0        201               0           12632          0          0          0          0
1717848597          0        283               0           20308          0          0          0          0
1717848607          2       4575             211          276066          0          0          0          0
1717848618          0        161               0           12078          0          0          0          0
1717848628          0        149               0           10448          0          0          0          0
1717848638          0        171               0           11716          0          0          0          0
1717848649          0         95               0            6194          0          0          0          0
1717848659          0        138               0            9060          0          0          0          0
1717848669          0         85               0            5464          0          0          0          0
1717848680          0        110               0            7406          0          0          0          0
1717848690          0        101               0            7308          0          0          0          0
1717848700          6        164             492           11556          0          0          0          0
1717848710          4        142             328            9578          0          0          0          0
1717848721          1        139              78            9302          0          0          0          0
1717848731          1        134              86            9860          0          0          0          0
1717848741         65        141           86714           10223          0          0          0          0
1717848752          8        111             536            7668          0          0          0          0
1717848762          3        138             258            9502          0          0          0          0
1717848772          0        206               0           14804          0          0          0          0
1717848783          0        165               0           11798          0          0          0          0
1717848793          0        165               0           11772          0          0          0          0
1717848803          0         95               0            6324          0          0          0          0
1717848813          0        142               0           10652          0          0          0          0
1717848824          0        175               0           11202          0          0          0          0
1717848834          0        201               0           12736          0          0          0          0
1717848844          1        226              90           15930          0          0          0          0
1717848855          0        254               0           16358          0          0          0          0
1717848865          4        200             344           12702          0          0          0          0
1717848875          0        180               0           11502          0          0          0          0
1717848886          0        193               0           12100          0          0          0          0
1717848896          0        192               0           11832          0          0          0          0
1717848906          2        192             176           11888          0          0          0          0
1717848916          5        579             430           44386          0          0          0          0
1717848927         15       1027            1290           84318          0          0          0          0
1717848937         10       1528             860          126546          0          0          0          0
1717848947          6       1531             492          127862          0          0          0          0
1717848958          1       1161              86           95582          0          0          0          0
1717848968          0       1397               0          115592          0          0          0          0
1717848978         12       1125            1036           92048          0          0          0          0
1717848989          0       1144               0           93600          0          0          0          0
1717848999          0       1141               0           94430          0          0          0          0
1717849009          0       1533               0          127526          0          0          0          0
1717849019          0       1047               0           85700          0          0          0          0
1717849030          0       1223               0           99994          0          0          0          0
1717849040         65       1453           87151          120705          0          0          0          0
1717849050          1       1098              42           89670          0          0          0          0
1717849061          0       1188               0           89922          0          0          0          0
1717849071          0        928               0           74946          0          0          0          0
1717849081          0       1144               0           92742          0          0          0          0
1717849092          0       1655               0          118202          0          0          0          0
1717849102          0       1901               0          130648          0          0          0          0
1717849112          0        898               0           70572          0          0          0          0
1717849122          6        779             616           57572          0          0          0          0
1717849133          0        806               0           57824          0          0          0          0
1717849143          1        669              42           48928          0          0          0          0
1717849153          0        706               0           55984          0          0          0          0
1717849164          0        507               0           36738          0          0          0          0
1717849174          0        631               0           46544          0          0          0          0
1717849184          0        379               0           28052          0          0          0          0
1717849195          5        927             342           60988          0          0          0          0
1717849205          8       5361             703          330662          0          0          0          0
1717849216          0        725               0           48882          0          0          0          0
1717849226          8        447             656           34136          0          0          0          0
1717849236         10       1426             860           91202          0          0          0          0
1717849247          8        231             580           15076          0          0          0          0
1717849257          3        208             258           13598          0          0          0          0
1717849267          0        292               0           19098          0          0          0          0
1717849277          0        373               0           23654          0          0          0          0
1717849288          0        497               0           30288          0          0          0          0
1717849298          0        422               0           27816          0          0          0          0
1717849308          0        264               0           17686          0          0          0          0
1717849319          0        175               0           10890          0          0          0          0
1717849329         10        114             684            7920          0          0          0          0
1717849339         66        246           87477           16789          0          0          0          0
1717849350          1        260              42           16926          0          0          0          0
1717849360          0        159               0           10138          0          0          0          0
1717849370          5        141             342            9390          0          0          0          0
1717849380          0        133               0            8682          0          0          0          0
1717849391          0        109               0            7294          0          0          0          0
1717849401          5        154             342           11210          0          0          0          0
1717849411          5        175             342           13094          0          0          0          0
1717849422          5        436             342           28632          0          0          0          0
1717849432          0        274               0           18928          0          0          0          0
1717849442          0        165               0           11226          0          0          0          0
1717849452          0        117               0            7540          0          0          0          0
1717849463          0        109               0            7086          0          0          0          0
1717849473          0         86               0            5654          0          0          0          0
1717849483          0        122               0            7398          0          0          0          0
1717849494          0        101               0            6138          0          0          0          0
1717849504          0        112               0            6876          0          0          0          0
1717849514          0        130               0            8528          0          0          0          0
1717849524          0         79               0            4896          0          0          0          0
1717849535          5        114             342            7614          0          0          0          0
1717849545          0        158               0           11196          0          0          0          0
1717849555          0        300               0           22550          0          0          0          0
1717849566          0        245               0           18496          0          0          0          0
1717849576          0        188               0           13620          0          0          0          0
1717849586          0        106               0            7270          0          0          0          0
1717849597          0         87               0            5584          0          0          0          0
1717849607          5        118             342            8348          0          0          0          0
1717849617          0        173               0           11706          0          0          0          0
1717849627          0        177               0           12726          0          0          0          0
1717849638         67        241           87650           18157          0          0          0          0
1717849648          2        152              84           10836          0          0          0          0
1717849658          0        134               0            9340          0          0          0          0
1717849669          0        167               0           12438          0          0          0          0
1717849679          6        191             408           13846          0          0          0          0
1717849689          6        180             384           13082          0          0          0          0
1717849699          0        175               0           12424          0          0          0          0
1717849710          0        126               0            8314          0          0          0          0
1717849720          6        140             616            8910          0          0          0          0
1717849730          0        210               0           13042          0          0          0          0
1717849741          0        128               0            8902          0          0          0          0
1717849751          0        164               0           11270          0          0          0          0
1717849761          0        164               0           11660          0          0          0          0
1717849772          0        192               0           13860          0          0          0          0
1717849782          5        119             342            8590          0          0          0          0
1717849792          0        123               0            8966          0          0          0          0
1717849802          1       3671             169          222554          0          0          0          0
1717849813          7        173             426           12142          0          0          0          0
1717849823          0        155               0           10652          0          0          0          0
1717849833          0        203               0           14364          0          0          0          0
1717849843          0        191               0           12968          0          0          0          0
1717849854          0        203               0           12960          0          0          0          0
1717849864          0        197               0           13354          0          0          0          0
1717849874          5        212             342           14014          0          0          0          0
1717849885          5        200             342           12800          0          0          0          0
1717849895          0        230               0           14502          0          0          0          0
1717849905          0        192               0           11754          0          0          0          0
1717849916          0        176               0           10768          0          0          0          0
1717849926         10        169             684           10752          0          0          0          0
1717849936          0        187               0           11454          0          0          0          0
1717849946         67        217           87863           13879          0          0          0          0
1717849957          0        179               0           11026          0          0          0          0
1717849967          0        242               0           15620          0          0          0          0
1717849977          0        164               0           10178          0          0          0          0
1717849987          0        171               0           10460          0          0          0          0
1717849998          0        160               0            9782          0          0          0          0
1717850008          5        193             342           12068          0          0          0          0
1717850018          0        183               0           11474          0          0          0          0
1717850029          0        673               0           44618          0          0          0          0
1717850039          1        232              90           15822          0          0          0          0
1717850049          0        242               0           16860          0          0          0          0
1717850059          0        182               0           11778          0          0          0          0
1717850069          0        177               0           11036          0          0          0          0
1717850080          0        269               0           18428          0          0          0          0
1717850090          0        210               0           13718          0          0          0          0
1717850100          1        236              90           16088          0          0          0          0
1717850110          0        219               0           15064          0          0          0          0
1717850121          0        207               0           14344          0          0          0          0
1717850131          0        250               0           17184          0          0          0          0
1717850141          0        296               0           20524          0          0          0          0
1717850151          0        253               0           17304          0          0          0          0
1717850162          1        293              90           20626          0          0          0          0
1717850172          0        264               0           18986          0          0          0          0
1717850182          0        205               0           13314          0          0          0          0
1717850192          0        169               0           10790          0          0          0          0
1717850203          0        186               0           11732          0          0          0          0
1717850213          0        210               0           13718          0          0          0          0
1717850223          0        211               0           13752          0          0          0          0
1717850233          0        211               0           14584          0          0          0          0
1717850244         67        241           87936           17191          0          0          0          0
1717850254          6        217             384           15545          0          0          0          0
1717850264          0        207               0           14110          0          0          0          0
1717850274          0        216               0           14390          0          0          0          0
1717850284          0        195               0           12584          0          0          0          0
1717850295          0        199               0           13474          0          0          0          0
1717850305          0        141               0            9214          0          0          0          0
1717850315          0        170               0           11084          0          0          0          0
1717850325          7        259             658           16180          0          0          0          0
1717850335          0        221               0           14066          0          0          0          0
1717850346          0        178               0           11616          0          0          0          0
1717850356          5        213             406           13924          0          0          0          0
1717850366          2        186             172           12850          0          0          0          0
1717850376         32        204            2752           13826          0          0          0          0
1717850387         11        123             858            7964          0          0          0          0
1717850397          1        176              42           11522          0          0          0          0
1717850407          2       5474             211          329590          0          0          0          0
1717850417          0        184               0           12964          0          0          0          0
1717850427          0         93               0            5918          0          0          0          0
1717850438          0         78               0            4940          0          0          0          0
1717850448          0        143               0            9828          0          0          0          0
1717850458          0        119               0            8440          0          0          0          0
1717850468          0        205               0           14614          0          0          0          0
1717850478          0        105               0            6898          0          0          0          0
1717850489          0        142               0            9534          0          0          0          0
1717850499          0        128               0            9032          0          0          0          0
1717850509          0        102               0            6692          0          0          0          0
1717850519          0        117               0            7930          0          0          0          0
1717850529          0        154               0           10514          0          0          0          0
1717850540         66        163           87967           11633          0          0          0          0
1717850550          1        149              42           10084          0          0          0          0
1717850560         10        145             768           10324          0          0          0          0
1717850570          0        156               0           11518          0          0          0          0
1717850581          0        134               0            9782          0          0          0          0
1717850591          0        153               0           11026          0          0          0          0
1717850601          1        151              42           10152          0          0          0          0
1717850611          0        114               0            7100          0          0          0          0
1717850621          0        130               0            8320          0          0          0          0
1717850632          0        241               0           14616          0          0          0          0
1717850642          6        360             408           21932          0          0          0          0
1717850652          0        212               0           13318          0          0          0          0
1717850662          0        251               0           15606          0          0          0          0
1717850672          2        331             132           20150          0          0          0          0
1717850683          0        272               0           17308          0          0          0          0
1717850693         10        745             768           45128          0          0          0          0
1717850703          0        172               0           10788          0          0          0          0
1717850713          0        308               0           20014          0          0          0          0
1717850723          0        660               0           40952          0          0          0          0
1717850734          0       1330               0           80814          0          0          0          0
1717850744          0        322               0           21192          0          0          0          0
1717850754          0        194               0           12394          0          0          0          0
1717850764          0        343               0           21594          0          0          0          0
1717850774          0        421               0           27184          0          0          0          0
1717850785          0        524               0           32948          0          0          0          0
1717850795          0        455               0           29328          0          0          0          0
1717850805         10        475             768           29864          0          0          0          0
1717850815          0        239               0           14834          0          0          0          0
1717850826          0        424               0           26558          0          0          0          0
1717850836          0        236               0           15772          0          0          0          0
1717850846         67       1410           88093           88163          0          0          0          0
1717850856          0        532               0           33142          0          0          0          0
1717850866          0        301               0           20816          0          0          0          0
1717850877          6        327             408           22656          0          0          0          0
1717850887          5        319             342           20460          0          0          0          0
1717850897          0        319               0           20960          0          0          0          0
1717850907          0        400               0           25378          0          0          0          0
1717850917          0        254               0           16722          0          0          0          0
1717850928          7        400             658           25316          0          0          0          0
1717850938          0        190               0           11608          0          0          0          0
1717850948          0        246               0           16216          0          0          0          0
1717850958          0        194               0           12706          0          0          0          0
1717850968          0        209               0           14100          0          0          0          0
1717850979          0        209               0           13736          0          0          0          0
1717850989          0        214               0           13412          0          0          0          0
1717850999          0        213               0           14054          0          0          0          0
1717851009          2       5328             211          322052          0          0          0          0
1717851019          5        122             342            8380          0          0          0          0
1717851029          0        128               0            8772          0          0          0          0
1717851040          0        190               0           13350          0          0          0          0
1717851050          0        204               0           13462          0          0          0          0
1717851060          0        243               0           16192          0          0          0          0
1717851070          0        241               0           16124          0          0          0          0
1717851080          0        208               0           14274          0          0          0          0
1717851091          0        173               0           11836          0          0          0          0
1717851101          0        232               0           16468          0          0          0          0
1717851111          0        228               0           15786          0          0          0          0
1717851121          0        230               0           15490          0          0          0          0
1717851131         10        238             768           16424          0          0          0          0
1717851141         72        304           88504           22767          0          0          0          0
1717851152          1        175              42           11740          0          0          0          0
1717851162          0        260               0           19032          0          0          0          0
1717851172          0        168               0           11328          0          0          0          0
1717851182          0        209               0           13788          0          0          0          0
1717851192          0        187               0           12156          0          0          0          0
1717851202          9        188             702           12014          0          0          0          0
1717851213          0        166               0           10714          0          0          0          0
1717851223          1        206              90           12728          0          0          0          0
1717851233          0        215               0           13706          0          0          0          0
1717851243          0        172               0           11230          0          0          0          0
1717851253          0        230               0           15126          0          0          0          0
1717851264          0        229               0           15040          0          0          0          0
1717851274          0        245               0           17794          0          0          0          0
1717851284          0        246               0           18166          0          0          0          0
1717851294          1        162              90           11128          0          0          0          0
1717851304          0        212               0           15060          0          0          0          0
1717851314          0        234               0           16198          0          0          0          0
1717851325          0        397               0           26186          0          0          0          0
1717851335          0        685               0           43232          0          0          0          0
1717851345          0        627               0           40644          0          0          0          0
1717851355         32        695            5901           49465          0          0          0          0
1717851365          0        574               0           37248          0          0          0          0
1717851375          0       2363               0          145160          0          0          0          0
1717851386          0       1983               0          121320          0          0          0          0
1717851396          6        185             492           13154          0          0          0          0
1717851406          7        712             522           45058          0          0          0          0
1717851416          3        455             250           28626          0          0          0          0
1717851426         17        440            1462           28428          0          0          0          0
1717851437          0       1802               0          110962          0          0          0          0
1717851447         76       1875           89110          116659          0          0          0          0
1717851457          0        597               0           39096          0          0          0          0
1717851467          2        842             108           52476          0          0          0          0
1717851478          0        817               0           49904          0          0          0          0
1717851488          0       1038               0           64828          0          0          0          0
1717851498          0        417               0           26580          0          0          0          0
1717851508          0        971               0           59144          0          0          0          0
1717851518          0        328               0           20954          0          0          0          0
1717851529         17        317            1426           19984          0          0          0          0
1717851539          1        435              42           26542          0          0          0          0
1717851549          0        242               0           15300          0          0          0          0
1717851559          0        190               0           12076          0          0          0          0
1717851569          0        242               0           14754          0          0          0          0
1717851579          1        299              42           20644          0          0          0          0
1717851590          1        799              66           49896          0          0          0          0
1717851600          1        219              42           15376          0          0          0          0
1717851610          1       2958             169          179046          0          0          0          0
1717851620          0        614               0           38634          0          0          0          0
1717851630          0        432               0           28182          0          0          0          0
1717851640          0       1073               0           66772          0          0          0          0
1717851651          3        891             174           54957          0          0          0          0
1717851661          5        306             864           19248          0          0          0          0
1717851671          0       4462               0          268812          0          0          0          0
1717851681          0        355               0           22028          0          0          0          0
1717851691          0        178               0           11694          0          0          0          0
1717851701          0        223               0           14472          0          0          0          0
1717851712          0        199               0           13760          0          0          0          0
1717851722          0        229               0           16106          0          0          0          0
1717851732          0        206               0           14908          0          0          0          0
1717851742         67        171           88489           12907          0          0          0          0
1717851752          2        274             132           20916          0          0          0          0
1717851763          0        140               0            9778          0          0          0          0
1717851773          0        120               0            7928          0          0          0          0
1717851783          0        189               0           13186          0          0          0          0
1717851793          0        189               0           13914          0          0          0          0
1717851803          0        111               0            7700          0          0          0          0
1717851813          0        163               0           12146          0          0          0          0
1717851824          0        345               0           23872          0          0          0          0
1717851834          0        216               0           14468          0          0          0          0
1717851844          0        195               0           14118          0          0          0          0
1717851854          0        153               0           10818          0          0          0          0
1717851864          0        155               0           10730          0          0          0          0
1717851874          0        103               0            6882          0          0          0          0
1717851885          0        168               0           12680          0          0          0          0
1717851895          0        117               0            8372          0          0          0          0
1717851905          0        163               0           11184          0          0          0          0
1717851915          3        201             234           14400          0          0          0          0
1717851925          4        250             344           19048          0          0          0          0
1717851935          1        142              86           10210          0          0          0          0
1717851946          1         89              86            5678          0          0          0          0
1717851956          0         88               0            5592          0          0          0          0
1717851966          0        129               0            8026          0          0          0          0
1717851976          0        121               0            7546          0          0          0          0
1717851986          0        136               0            8914          0          0          0          0
1717851997          0        191               0           13774          0          0          0          0
1717852007          0        122               0            8438          0          0          0          0
1717852017          0         77               0            4854          0          0          0          0
1717852027          0        132               0            8726          0          0          0          0
1717852037         66        160           88695           10517          0          0          0          0
1717852047          1        159              42           10632          0          0          0          0
1717852058          0        147               0           10406          0          0          0          0
1717852068          0        123               0            8784          0          0          0          0
1717852078          0        119               0            8414          0          0          0          0
1717852088          0        165               0           12240          0          0          0          0
1717852098          0        161               0           11770          0          0          0          0
1717852108          0        217               0           14888          0          0          0          0
1717852119          0        217               0           15334          0          0          0          0
1717852129          6        246             616           16466          0          0          0          0
1717852139          0        170               0           12462          0          0          0          0
1717852149          0        120               0            8396          0          0          0          0
1717852159          0        119               0            7920          0          0          0          0
1717852169          0        156               0           10400          0          0          0          0
1717852180          0        218               0           15394          0          0          0          0
1717852190          0        155               0            9794          0          0          0          0
1717852200          0        172               0           12452          0          0          0          0
1717852210          2       7117             212          428144          0          0          0          0
1717852220          0        595               0           37234          0          0          0          0
1717852230          0        493               0           31556          0          0          0          0
1717852241          0        991               0           59720          0          0          0          0
1717852251          0        139               0            9432          0          0          0          0
1717852261          0        269               0           16998          0          0          0          0
1717852271          0        152               0            9302          0          0          0          0
1717852281          0        435               0           27010          0          0          0          0
1717852292          0        452               0           28264          0          0          0          0
1717852302          0        372               0           23542          0          0          0          0
1717852312          0        189               0           12952          0          0          0          0
1717852322          0        376               0           23824          0          0          0          0
1717852332          0        110               0            7182          0          0          0          0
1717852342         68       1059           88884           65617          0          0          0          0
1717852353          0        270               0           15964          0          0          0          0
1717852363          0        526               0           33198          0          0          0          0
1717852373          0        218               0           14614          0          0          0          0
1717852383          0        266               0           18404          0          0          0          0
1717852393          0       1063               0           64560          0          0          0          0
1717852404          0       1085               0           69026          0          0          0          0
1717852414          0        150               0           10170          0          0          0          0
1717852424          1        506              90           32444          0          0          0          0
1717852434          0        245               0           17014          0          0          0          0
1717852444          0        228               0           16800          0          0          0          0
1717852454          0        112               0            7500          0          0          0          0
1717852465          0        141               0           10150          0          0          0          0
1717852475          0        155               0           10756          0          0          0          0
1717852485          1        237              90           15758          0          0          0          0
1717852495          0        265               0           17486          0          0          0          0
1717852505          1        229              42           14572          0          0          0          0
1717852516          0        198               0           13180          0          0          0          0
1717852526          0        250               0           17054          0          0          0          0
1717852536          0        222               0           15374          0          0          0          0
1717852546          1        272              90           19210          0          0          0          0
1717852556          0        248               0           16154          0          0          0          0
1717852566          0        240               0           15128          0          0          0          0
1717852577          0        196               0           12098          0          0          0          0
1717852587          0        194               0           12394          0          0          0          0
1717852597         10        201             768           13288          0          0          0          0
1717852607          0        158               0            9766          0          0          0          0
1717852617          0        193               0           12204          0          0          0          0
1717852627          0        243               0           15620          0          0          0          0
1717852638         67        274           88923           18723          0          0          0          0
1717852648          1        241              42           16332          0          0          0          0
1717852658          0        193               0           12412          0          0          0          0
1717852668          0        147               0            9158          0          0          0          0
1717852679          0        200               0           12624          0          0          0          0
1717852689          0        229               0           14598          0          0          0          0
1717852699          0        221               0           14438          0          0          0          0
1717852709          0        224               0           14888          0          0          0          0
1717852719          6        257             616           16450          0          0          0          0
1717852729          0        308               0           20144          0          0          0          0
1717852740          0        146               0            8916          0          0          0          0
1717852750          0        204               0           13098          0          0          0          0
1717852760          5        315             406           20598          0          0          0          0
1717852770          1        310              86           18826          0          0          0          0
1717852780          2        207             132           13230          0          0          0          0
1717852791          0        799               0           49786          0          0          0          0
1717852801          0        761               0           47468          0          0          0          0
1717852811          2       4688             212          281948          0          0          0          0
1717852821          1        645              86           40988          0          0          0          0
1717852831          4        513             344           32808          0          0          0          0
1717852841          3       1030             258           63776          0          0          0          0
1717852852          0        106               0            6698          0          0          0          0
1717852862          0        292               0           19158          0          0          0          0
1717852872          0        217               0           13176          0          0          0          0
1717852882          0        350               0           21234          0          0          0          0
1717852892         10        449             860           27330          0          0          0          0
1717852902          3        325             258           19708          0          0          0          0
1717852913          0        150               0            9702          0          0          0          0
1717852923          0        354               0           21578          0          0          0          0
1717852933          1         89              86            5938          0          0          0          0
1717852943         71       1154           89306           70431          0          0          0          0
1717852953          1        236              86           14706          0          0          0          0
1717852963          3        433             258           26656          0          0          0          0
1717852974          4        127             344            7854          0          0          0          0
1717852984          0        148               0            9140          0          0          0          0
1717852994          0        918               0           55366          0          0          0          0
1717853004          0        106               0            6958          0          0          0          0
1717853015          0        140               0            8998          0          0          0          0
1717853025          0        311               0           18868          0          0          0          0
1717853035          0        123               0            7588          0          0          0          0
1717853045          0        142               0            8676          0          0          0          0
1717853055          0        189               0           11600          0          0          0          0
1717853065          0        176               0           10794          0          0          0          0
1717853076          4        184             344           11300          0          0          0          0
1717853086          0        196               0           11916          0          0          0          0
1717853096          0        210               0           12808          0          0          0          0
1717853106          0        163               0            9988          0          0          0          0
1717853116          0        160               0            9678          0          0          0          0
1717853127          0        209               0           13892          0          0          0          0
1717853137          0        194               0           12680          0          0          0          0
1717853147          0        163               0            9962          0          0          0          0
1717853157          0        207               0           12550          0          0          0          0
1717853167          0        186               0           11290          0          0          0          0
1717853177          0        171               0           10468          0          0          0          0
1717853188          0        146               0            9020          0          0          0          0
1717853198          0        141               0            8616          0          0          0          0
1717853208          0        175               0           11072          0          0          0          0
1717853218          0        223               0           14316          0          0          0          0
1717853228          0        188               0           11722          0          0          0          0
1717853238         67        194           89090           12701          0          0          0          0
1717853249          1        192              42           12300          0          0          0          0
1717853259          0        164               0            9944          0          0          0          0
1717853269          0        156               0            9464          0          0          0          0
1717853279          0        186               0           11680          0          0          0          0
1717853289          0        257               0           17318          0          0          0          0
1717853299          0        192               0           12170          0          0          0          0
1717853311          0        198               0           12642          0          0          0          0
1717853321          6        213             616           13568          0          0          0          0
1717853331          1        290              42           18128          0          0          0          0
1717853341          0        234               0           15496          0          0          0          0
1717853351          0        208               0           12792          0          0          0          0
1717853361          0        230               0           15542          0          0          0          0
1717853372          0        147               0            9522          0          0          0          0
1717853382          0        225               0           15632          0          0          0          0
1717853392          0        203               0           13636          0          0          0          0
1717853402          2       5269             212          318044          0          0          0          0
1717853412          0        149               0           10058          0          0          0          0
1717853422          0        150               0           10378          0          0          0          0
1717853433          0        154               0           11034          0          0          0          0
1717853443          0        112               0            7448          0          0          0          0
1717853453          0         97               0            6392          0          0          0          0
1717853463          0        139               0            9588          0          0          0          0
1717853473          0        161               0           11350          0          0          0          0
1717853484          0        184               0           12626          0          0          0          0
1717853494          0        129               0            8884          0          0          0          0
1717853504          0         91               0            6006          0          0          0          0
1717853514          0         91               0            6474          0          0          0          0
1717853524         46        202            3988           93572          0          0          0          0
