      time tx_packets rx_packets        tx_bytes        rx_bytes  tx_errors tx_dropped rx_frame_errors rx_crc_errors
1717837436         45        141            6169          133176          0          0          0          0
1717837446         16        283            2134           19363          0          0          0          0
1717837456        189        445           19816          286345          0          0          0          0
1717837467          0        257               0           17292          0          0          0          0
1717837477          0        190               0           13220          0          0          0          0
1717837487          0        198               0           13362          0          0          0          0
1717837497          2        211             132           13990          0          0          0          0
1717837507          0        168               0           10886          0          0          0          0
1717837518          0        195               0           13988          0          0          0          0
1717837528          1        192              90           11992          0          0          0          0
1717837538          0        169               0           11050          0          0          0          0
1717837549          0        183               0           12020          0          0          0          0
1717837559          0        229               0           15222          0          0          0          0
1717837569          0        146               0            8968          0          0          0          0
1717837580          0        270               0           17734          0          0          0          0
1717837591          1        232              90           14548          0          0          0          0
1717837601          0        151               0            9164          0          0          0          0
1717837611          0        142               0            8728          0          0          0          0
1717837622          0        189               0           11548          0          0          0          0
1717837634          0        166               0           10220          0          0          0          0
1717837644         36        134           41419            8843          0          0          0          0
1717837655          1        139              90            8630          0          0          0          0
1717837665          0        188               0           11670          0          0          0          0
1717837676          0        152               0            9432          0          0          0          0
1717837686          0        218               0           14016          0          0          0          0
1717837696          0        130               0            8060          0          0          0          0
1717837708          0        242               0           15638          0          0          0          0
1717837719          7        346             658           21244          0          0          0          0
1717837729          0        174               0           11116          0          0          0          0
1717837739          0        161               0           10336          0          0          0          0
1717837750          0        211               0           13570          0          0          0          0
1717837760          0        186               0           12070          0          0          0          0
1717837770          0        158               0           10494          0          0          0          0
1717837781          0        162               0           10994          0          0          0          0
1717837791          0        257               0           17474          0          0          0          0
1717837801          1       1761             170          107240          0          0          0          0
1717837812          1       1921              42          115792          0          0          0          0
1717837822          0        181               0           12238          0          0          0          0
1717837832          0        186               0           14644          0          0          0          0
1717837842          0        169               0           12012          0          0          0          0
1717837853          0        303               0           20416          0          0          0          0
1717837863          0        276               0           19368          0          0          0          0
1717837873          0        289               0           21500          0          0          0          0
1717837884          0        286               0           19864          0          0          0          0
1717837894          0        226               0           16368          0          0          0          0
1717837904          0        226               0           16732          0          0          0          0
1717837914          0        242               0           17250          0          0          0          0
1717837925          0        274               0           18650          0          0          0          0
1717837935          0        219               0           15818          0          0          0          0
1717837945         38        332           44356           25149          0          0          0          0
1717837956          0        307               0           22554          0          0          0          0
1717837966          0        222               0           16154          0          0          0          0
1717837976          0        192               0           13522          0          0          0          0
1717837987          0        232               0           15324          0          0          0          0
1717837997          0        209               0           14334          0          0          0          0
1717838007          0        239               0           17495          0          0          0          0
1717838017          0        730               0           45074          0          0          0          0
1717838028          0        288               0           19802          0          0          0          0
1717838038          0        573               0           36590          0          0          0          0
1717838048          0        341               0           22800          0          0          0          0
1717838059          0        283               0           19138          0          0          0          0
1717838069          0        359               0           24920          0          0          0          0
1717838079          1        338              42           24804          0          0          0          0
1717838089          0        885               0           57676          0          0          0          0
1717838100          0        278               0           20398          0          0          0          0
1717838110          4        327             320           22636          0          0          0          0
1717838120          5        716             406           44876          0          0          0          0
1717838131          0        407               0           27176          0          0          0          0
1717838141          0        996               0           60852          0          0          0          0
1717838151          1        220              86           15202          0          0          0          0
1717838161          3        324             258           20662          0          0          0          0
1717838172         34        533            2924           34866          0          0          0          0
1717838182          2        540             164           33692          0          0          0          0
1717838192          0        456               0           28478          0          0          0          0
1717838203          0        546               0           34632          0          0          0          0
1717838213          0        174               0           11454          0          0          0          0
1717838223          0       1090               0           67818          0          0          0          0
1717838234          0        179               0           11944          0          0          0          0
1717838244         40       1270           47356           76969          0          0          0          0
1717838254          0        300               0           18260          0          0          0          0
1717838264          0        403               0           24492          0          0          0          0
1717838275          0        177               0           10802          0          0          0          0
1717838285          0        134               0            8326          0          0          0          0
1717838295          0        191               0           12240          0          0          0          0
1717838306          0        152               0            9952          0          0          0          0
1717838316          6        286             616           17956          0          0          0          0
1717838326          1        249              42           16968          0          0          0          0
1717838336          0        210               0           14706          0          0          0          0
1717838347          0        149               0            9538          0          0          0          0
1717838357          0        125               0            8098          0          0          0          0
1717838367          0        121               0            8534          0          0          0          0
1717838377          0        185               0           12634          0          0          0          0
1717838388          0         99               0            6486          0          0          0          0
1717838398          0        124               0            8402          0          0          0          0
1717838408          2       5846             212          351676          0          0          0          0
1717838419          0        141               0           10488          0          0          0          0
1717838429          0        147               0           10224          0          0          0          0
1717838447          0        314               0           20738          0          0          0          0
1717838458          0        171               0           10936          0          0          0          0
1717838468          0        269               0           17336          0          0          0          0
1717838479          0        211               0           13778          0          0          0          0
1717838489          0        198               0           13006          0          0          0          0
1717838499          0        159               0           10104          0          0          0          0
1717838510          0        212               0           13396          0          0          0          0
1717838520          0        185               0           11698          0          0          0          0
1717838530          0        180               0           11684          0          0          0          0
1717838540         41        244           49591           16905          0          0          0          0
1717838551          3        183             174           11686          0          0          0          0
1717838561          0        153               0            9284          0          0          0          0
1717838571          0        223               0           15200          0          0          0          0
1717838582          0        193               0           12256          0          0          0          0
1717838592          0        166               0           10610          0          0          0          0
1717838603          0        214               0           13958          0          0          0          0
1717838613          0        491               0           29772          0          0          0          0
1717838624          0        293               0           17840          0          0          0          0
1717838635          0        219               0           14466          0          0          0          0
1717838645          0        243               0           16530          0          0          0          0
1717838658          0        209               0           13658          0          0          0          0
1717838669          0        183               0           11266          0          0          0          0
1717838679          0        308               0           22744          0          0          0          0
1717838689          0        781               0           63396          0          0          0          0
1717838699          0        834               0           68162          0          0          0          0
1717838710          0        905               0           73696          0          0          0          0
1717838720          1        729              90           59084          0          0          0          0
1717838731          0        773               0           61720          0          0          0          0
1717838742          0        844               0           68320          0          0          0          0
1717838752          0        925               0           66082          0          0          0          0
1717838762          0        700               0           57336          0          0          0          0
1717838773          0        591               0           45526          0          0          0          0
1717838783          1        719              90           58224          0          0          0          0
1717838793          0        731               0           59070          0          0          0          0
1717838803          0        681               0           54406          0          0          0          0
1717838814          0        532               0           42398          0          0          0          0
1717838824          0        733               0           59710          0          0          0          0
1717838834          0        576               0           45246          0          0          0          0
1717838845         43        737           49807           59319          0          0          0          0
1717838855          0        700               0           55806          0          0          0          0
1717838865          0        543               0           42122          0          0          0          0
1717838875          0        640               0           51088          0          0          0          0
1717838886          0        461               0           36968          0          0          0          0
1717838896          2        556             156           43604          0          0          0          0
1717838906          3        394             258           29828          0          0          0          0
1717838916          6        660             616           47936          0          0          0          0
1717838927          1        424              42           30666          0          0          0          0
1717838937          0        345               0           26446          0          0          0          0
1717838947          0        356               0           27080          0          0          0          0
1717838958          0        277               0           20312          0          0          0          0
1717838968          0        330               0           23760          0          0          0          0
1717838978          0        210               0           15010          0          0          0          0
1717838988          0        285               0           20792          0          0          0          0
1717838999          0        193               0           12984          0          0          0          0
1717839009          2       3207             212          193648          0          0          0          0
1717839019          0         81               0            5276          0          0          0          0
1717839030          0        178               0           11720          0          0          0          0
1717839040          0        148               0            9244          0          0          0          0
1717839050          0        166               0           11182          0          0          0          0
1717839060          0        415               0           26642          0          0          0          0
1717839071          0        408               0           26326          0          0          0          0
1717839081          0        632               0           40026          0          0          0          0
1717839091          0        496               0           31502          0          0          0          0
1717839102          0        603               0           38260          0          0          0          0
1717839112          1        221              42           16146          0          0          0          0
1717839122          0       1175               0           73126          0          0          0          0
1717839132          0        222               0           15616          0          0          0          0
1717839143         42       1307           49801           80917          0          0          0          0
1717839153          0        230               0           14762          0          0          0          0
1717839163          0        527               0           32790          0          0          0          0
1717839174          0        221               0           14716          0          0          0          0
1717839184          0        328               0           22488          0          0          0          0
1717839194          0        429               0           27118          0          0          0          0
1717839204          0       1059               0           64138          0          0          0          0
1717839215          0        457               0           27904          0          0          0          0
1717839225          0        394               0           23702          0          0          0          0
1717839235          0        482               0           29180          0          0          0          0
1717839246          0        301               0           18294          0          0          0          0
1717839256          2        160             156            9886          0          0          0          0
1717839266          5        197             422           12158          0          0          0          0
1717839276          4        224             320           14160          0          0          0          0
1717839287          0        719               0           44284          0          0          0          0
1717839297         13        199            1118           12642          0          0          0          0
1717839307          3        138             258            8540          0          0          0          0
1717839318          2        176             172           11184          0          0          0          0
1717839328          5        163             430           10560          0          0          0          0
1717839338         47        166            4042           11312          0          0          0          0
1717839349          0        113               0            7040          0          0          0          0
1717839359          0        197               0           13380          0          0          0          0
1717839369          0        142               0            8832          0          0          0          0
1717839379          0        129               0            7974          0          0          0          0
1717839390          0        148               0            9062          0          0          0          0
1717839400          0        131               0            7990          0          0          0          0
1717839410          0        124               0            7466          0          0          0          0
1717839421          0        163               0           10222          0          0          0          0
1717839431          0        174               0           10830          0          0          0          0
1717839441         41        162           49845           10873          0          0          0          0
1717839451          1        177              42           10672          0          0          0          0
1717839462          0        147               0            9366          0          0          0          0
1717839472          0        134               0            8248          0          0          0          0
1717839482          0        162               0           10786          0          0          0          0
1717839492          0        173               0           10926          0          0          0          0
1717839503          0        173               0           10614          0          0          0          0
1717839513          6        223             616           13708          0          0          0          0
1717839523          1        257              42           15654          0          0          0          0
1717839534          0        122               0            8152          0          0          0          0
1717839544          0        109               0            7450          0          0          0          0
1717839554          0        128               0            7784          0          0          0          0
1717839564          0        131               0            9030          0          0          0          0
1717839575          0        106               0            6854          0          0          0          0
1717839585          0        142               0            9066          0          0          0          0
1717839595          1        134              90            9214          0          0          0          0
1717839606          2       7552             212          454972          0          0          0          0
1717839616          0        157               0           10798          0          0          0          0
1717839626          0        159               0           10944          0          0          0          0
1717839637          0        122               0            8724          0          0          0          0
1717839647          0        207               0           14214          0          0          0          0
1717839657          0        229               0           15092          0          0          0          0
1717839667          0        177               0           10698          0          0          0          0
1717839678          0        241               0           14486          0          0          0          0
1717839688          0        209               0           12618          0          0          0          0
1717839698          0        156               0            9412          0          0          0          0
1717839709          0        235               0           14984          0          0          0          0
1717839719          0        166               0           10012          0          0          0          0
1717839729          0        166               0           10480          0          0          0          0
1717839739         41        176           49930           11375          0          0          0          0
1717839750          1        191              42           11590          0          0          0          0
1717839760          0        156               0            9516          0          0          0          0
1717839770          0        169               0           10296          0          0          0          0
1717839780          0        204               0           12760          0          0          0          0
1717839791          0        165               0           10472          0          0          0          0
1717839801          0        206               0           13582          0          0          0          0
1717839811          0        213               0           13508          0          0          0          0
1717839822          0        729               0           44364          0          0          0          0
1717839832          0        177               0           11088          0          0          0          0
1717839842          0        242               0           16314          0          0          0          0
1717839852          0        201               0           13230          0          0          0          0
1717839863          0        176               0           11184          0          0          0          0
1717839873          0        164               0           10048          0          0          0          0
1717839883          0        181               0           10990          0          0          0          0
1717839894          0        187               0           11792          0          0          0          0
1717839904          0        200               0           12676          0          0          0          0
1717839914          1        167              90           10258          0          0          0          0
1717839924          0        147               0            8950          0          0          0          0
1717839935          0        203               0           13220          0          0          0          0
1717839945          0        225               0           14800          0          0          0          0
1717839956          0        172               0           10502          0          0          0          0
1717839966          0        223               0           15122          0          0          0          0
1717839976          0        199               0           12512          0          0          0          0
1717839986          1        168              90           10240          0          0          0          0
1717839997          0        133               0            8136          0          0          0          0
1717840007          0        189               0           11522          0          0          0          0
1717840017          0        170               0           10356          0          0          0          0
1717840027          0        164               0           10074          0          0          0          0
1717840038         41        229           50017           14945          0          0          0          0
1717840048          2        144             132            9216          0          0          0          0
1717840058          0        171               0           11196          0          0          0          0
1717840069          0        154               0            9396          0          0          0          0
1717840079          1        195              42           11882          0          0          0          0
1717840089          0        151               0            9606          0          0          0          0
1717840100          0        161               0            9738          0          0          0          0
1717840110          0        148               0            9036          0          0          0          0
1717840120          6        375             616           22828          0          0          0          0
1717840130          0        218               0           14068          0          0          0          0
1717840141          0        212               0           13266          0          0          0          0
1717840151          0        219               0           14024          0          0          0          0
1717840161          0        169               0           10322          0          0          0          0
1717840172          0        186               0           11264          0          0          0          0
1717840182          0        123               0            7380          0          0          0          0
1717840192          0        152               0            9172          0          0          0          0
1717840202          2       3994             212          239672          0          0          0          0
1717840213          0        103               0            6232          0          0          0          0
1717840223          0        104               0            7098          0          0          0          0
1717840233          0        119               0            7364          0          0          0          0
1717840244          0         97               0            5778          0          0          0          0
1717840255          0         90               0            5478          0          0          0          0
1717840266          0         82               0            4972          0          0          0          0
1717840276          0        114               0            6918          0          0          0          0
1717840287          0        156               0            9438          0          0          0          0
1717840297          0        250               0           15078          0          0          0          0
1717840307          0        212               0           13630          0          0          0          0
1717840317          0        165               0           10004          0          0          0          0
1717840328          0        196               0           11838          0          0          0          0
1717840338         41        998           50103           60901          0          0          0          0
1717840348          1       1536              42           92924          0          0          0          0
1717840359         33       1403            6067           89191          0          0          0          0
1717840369          0       1410               0           84678          0          0          0          0
1717840379          0       1146               0           68994          0          0          0          0
1717840390          0       1248               0           75322          0          0          0          0
1717840400          0        583               0           35552          0          0          0          0
1717840410          0        138               0            8488          0          0          0          0
1717840420          2       1519             108           91562          0          0          0          0
1717840431          0       1424               0           87208          0          0          0          0
1717840441          0        635               0           38672          0          0          0          0
1717840451          0        114               0            8140          0          0          0          0
1717840462          0         74               0            4518          0          0          0          0
1717840472          0        115               0            6978          0          0          0          0
1717840482          1         79              66            4850          0          0          0          0
1717840492          1        323              42           19484          0          0          0          0
1717840503          0       1601               0           96060          0          0          0          0
1717840513          0       1325               0           79526          0          0          0          0
1717840523          0        126               0            8028          0          0          0          0
1717840534          0       1134               0           68456          0          0          0          0
1717840544          2        591             108           35518          0          0          0          0
1717840554          0        236               0           14160          0          0          0          0
1717840564          0        289               0           17366          0          0          0          0
1717840575          0        364               0           21892          0          0          0          0
1717840585          0        509               0           31502          0          0          0          0
1717840595          0        342               0           21690          0          0          0          0
1717840606          2        317             108           19104          0          0          0          0
1717840616          0        821               0           51450          0          0          0          0
1717840626          0        422               0           26094          0          0          0          0
1717840636         42        529           50146           33099          0          0          0          0
1717840647          0        947               0           58122          0          0          0          0
1717840657          0        448               0           27452          0          0          0          0
1717840667          3        182             174           11108          0          0          0          0
1717840678          1        198              90           12144          0          0          0          0
1717840688          0        180               0           11528          0          0          0          0
1717840698          0        391               0           23642          0          0          0          0
1717840708          0        916               0           55506          0          0          0          0
1717840719          6        399             616           24918          0          0          0          0
1717840729          1        294              42           18774          0          0          0          0
1717840739          0        442               0           26556          0          0          0          0
1717840750          0        265               0           16810          0          0          0          0
1717840760          0        177               0           11062          0          0          0          0
1717840770          0        186               0           11186          0          0          0          0
1717840780          0        165               0           10472          0          0          0          0
1717840791          0        541               0           33760          0          0          0          0
1717840801          0        931               0           56230          0          0          0          0
1717840811          2       2527             212          151516          0          0          0          0
1717840822          0        281               0           17978          0          0          0          0
1717840832          0        107               0            6888          0          0          0          0
1717840842          0        104               0            7124          0          0          0          0
1717840852          0        108               0            7312          0          0          0          0
1717840863          6       7178             907          430762          0          0          0          0
1717840873          0         76               0            4638          0          0          0          0
1717840883          0        139               0            9935          0          0          0          0
1717840894          0        119               0            8076          0          0          0          0
1717840904          0         87               0            5740          0          0          0          0
1717840914          0        114               0            7776          0          0          0          0
1717840924          0        125               0            8072          0          0          0          0
1717840935          0        109               0            7112          0          0          0          0
1717840945         42        122           50232            8369          0          0          0          0
1717840955          0        333               0           21254          0          0          0          0
1717840966          0        400               0           24104          0          0          0          0
1717840976          0        198               0           11958          0          0          0          0
1717840986          0        284               0           18470          0          0          0          0
1717840996          0        460               0           27782          0          0          0          0
1717841007          0       1012               0           61240          0          0          0          0
1717841017          0        687               0           42936          0          0          0          0
1717841027          0        318               0           19236          0          0          0          0
1717841038          0        561               0           34570          0          0          0          0
1717841048          0        271               0           16754          0          0          0          0
1717841058          0        277               0           17504          0          0          0          0
1717841068          0        308               0           19390          0          0          0          0
1717841079          0        278               0           17980          0          0          0          0
1717841089          1        732              90           45068          0          0          0          0
1717841099          0        228               0           14616          0          0          0          0
1717841110          0        279               0           18456          0          0          0          0
1717841120          0        817               0           52348          0          0          0          0
1717841130          0        434               0           28224          0          0          0          0
1717841140          0        983               0           60098          0          0          0          0
1717841151          1        262              90           16920          0          0          0          0
1717841161          0        342               0           21456          0          0          0          0
1717841171          0        306               0           20128          0          0          0          0
1717841181          0        612               0           38046          0          0          0          0
1717841192          0        503               0           32780          0          0          0          0
1717841202          0        199               0           13630          0          0          0          0
1717841212          1        252              90           16476          0          0          0          0
1717841223          0        203               0           13610          0          0          0          0
1717841233          0        175               0           10578          0          0          0          0
1717841243         42        183           50314           11983          0          0          0          0
1717841253          0        224               0           14402          0          0          0          0
1717841264          0        185               0           11126          0          0          0          0
1717841274          0        201               0           12606          0          0          0          0
1717841284          0        225               0           14783          0          0          0          0
1717841295          1        169              42           10686          0          0          0          0
1717841305          0        176               0           11158          0          0          0          0
1717841315          6        303             616           19340          0          0          0          0
1717841325          1        324              42           19492          0          0          0          0
1717841336          0        184               0           11924          0          0          0          0
1717841346          0        208               0           13780          0          0          0          0
1717841356          0        167               0           11060          0          0          0          0
1717841367          0        146               0            9072          0          0          0          0
1717841377          0        178               0           11200          0          0          0          0
1717841387          0       1371               0          113044          0          0          0          0
1717841397          0       1112               0           91914          0          0          0          0
1717841408          6       5540            1159          356688          0          0          0          0
1717841418          0        822               0           68690          0          0          0          0
1717841428          0       1224               0          102716          0          0          0          0
1717841439          0       1076               0           89884          0          0          0          0
1717841449          0       1242               0          103120          0          0          0          0
1717841459          0       1098               0           92036          0          0          0          0
1717841469          0       1081               0           90704          0          0          0          0
1717841480          0        918               0           76946          0          0          0          0
1717841490          0        855               0           71892          0          0          0          0
1717841500          0       1093               0           92386          0          0          0          0
1717841511          0       1059               0           89020          0          0          0          0
1717841521          0       1404               0          118430          0          0          0          0
1717841531          0       1237               0          104198          0          0          0          0
1717841541         43       1201           51510          101027          0          0          0          0
1717841552          0       1301               0          110118          0          0          0          0
1717841562          0       1061               0           88958          0          0          0          0
1717841572          0       1117               0           92110          0          0          0          0
1717841583          0        950               0           75408          0          0          0          0
1717841593          0        864               0           67492          0          0          0          0
1717841603          0        880               0           68088          0          0          0          0
1717841613          0        654               0           52240          0          0          0          0
1717841624          0       1246               0           93714          0          0          0          0
1717841634          0        656               0           52880          0          0          0          0
1717841644          0        617               0           47888          0          0          0          0
1717841655          0        665               0           52952          0          0          0          0
1717841665          0        573               0           45196          0          0          0          0
1717841675          0        723               0           58122          0          0          0          0
1717841685          0        687               0           55026          0          0          0          0
1717841696          0        538               0           42238          0          0          0          0
1717841706          0        283               0           19658          0          0          0          0
1717841717          7        251             570           16984          0          0          0          0
1717841727          0        240               0           16402          0          0          0          0
1717841737          1        249              86           16578          0          0          0          0
1717841748          5        225             390           15246          0          0          0          0
1717841758          0        218               0           15472          0          0          0          0
1717841768          4        207             344           13746          0          0          0          0
1717841779          0        273               0           18278          0          0          0          0
1717841789          0        259               0           18062          0          0          0          0
1717841800          0        258               0           17586          0          0          0          0
1717841810          0        254               0           17918          0          0          0          0
1717841820          4        260             344           18590          0          0          0          0
1717841831          0        253               0           18196          0          0          0          0
1717841841         42        266           51904           18381          0          0          0          0
1717841851          1        196              42           12774          0          0          0          0
1717841861          2        280             172           19114          0          0          0          0
1717841872          5        299             406           21312          0          0          0          0
1717841882          1        198              86           12218          0          0          0          0
1717841892          0        188               0           12398          0          0          0          0
1717841903          0       1466               0           88922          0          0          0          0
1717841913          0        322               0           20724          0          0          0          0
1717841923          6        510             616           32254          0          0          0          0
1717841934          0        478               0           29824          0          0          0          0
1717841944          0        345               0           21662          0          0          0          0
1717841954          0        184               0           11976          0          0          0          0
1717841964          0        278               0           18006          0          0          0          0
1717841975          0        358               0           22286          0          0          0          0
1717841985          0        399               0           25678          0          0          0          0
1717841995          0        586               0           35320          0          0          0          0
1717842006          1       4830             170          289858          0          0          0          0
1717842016          1        514              42           30970          0          0          0          0
1717842026          0        124               0            7596          0          0          0          0
1717842036          0       1095               0           65856          0          0          0          0
1717842047          0        163               0           10326          0          0          0          0
1717842057          0        233               0           14994          0          0          0          0
1717842067          0        266               0           16402          0          0          0          0
1717842078          0        291               0           17772          0          0          0          0
1717842088          0        542               0           33014          0          0          0          0
1717842098          0        304               0           19566          0          0          0          0
1717842108          0        195               0           12584          0          0          0          0
1717842119          0        124               0            8766          0          0          0          0
1717842129          0        169               0           11830          0          0          0          0
1717842139         42        188           51983           13707          0          0          0          0
1717842150          1        104              42            7150          0          0          0          0
1717842160          0         96               0            5890          0          0          0          0
1717842170          0        112               0            6850          0          0          0          0
1717842180          0        102               0            6744          0          0          0          0
1717842191          0        101               0            6190          0          0          0          0
1717842201          0         81               0            5328          0          0          0          0
1717842211          0         92               0            5988          0          0          0          0
1717842222          0        359               0           22398          0          0          0          0
1717842232          0        207               0           12550          0          0          0          0
1717842242          0        257               0           17526          0          0          0          0
1717842253          0        244               0           15992          0          0          0          0
1717842263          0        240               0           16298          0          0          0          0
1717842273          0        178               0           11642          0          0          0          0
1717842284          0        226               0           15276          0          0          0          0
1717842294          1        525              90           40656          0          0          0          0
1717842304          0        502               0           38206          0          0          0          0
1717842314          0        484               0           37100          0          0          0          0
1717842325          0        447               0           33710          0          0          0          0
1717842335          0        395               0           30018          0          0          0          0
1717842345          0        388               0           29451          0          0          0          0
1717842356          1        377              90           28344          0          0          0          0
1717842366          0        453               0           34122          0          0          0          0
1717842376          0        385               0           29730          0          0          0          0
1717842387          0        414               0           30716          0          0          0          0
1717842397          0        377               0           28470          0          0          0          0
1717842407          0        427               0           33143          0          0          0          0
1717842417          0        311               0           23704          0          0          0          0
1717842428          1        361              90           26656          0          0          0          0
1717842438         42        470           52068           36523          0          0          0          0
1717842448          1        571              42           44764          0          0          0          0
1717842459          0        562               0           43938          0          0          0          0
1717842469          1        589              42           46156          0          0          0          0
1717842479          0        508               0           39398          0          0          0          0
1717842489          0        550               0           42724          0          0          0          0
1717842500          4        510             320           39232          0          0          0          0
1717842510          2        331             172           24540          0          0          0          0
1717842520          6        491             616           36011          0          0          0          0
1717842531         17        576            1418           43660          0          0          0          0
1717842541         19        499            1634           37688          0          0          0          0
1717842551          5        394             430           30062          0          0          0          0
1717842561         20        480            1720           36132          0          0          0          0
1717842572          3        400             258           30630          0          0          0          0
1717842582          0        489               0           37348          0          0          0          0
1717842592          0        366               0           27714          0          0          0          0
1717842603          2       5295             211          324666          0          0          0          0
1717842613          0        223               0           17046          0          0          0          0
1717842623          0        358               0           25926          0          0          0          0
1717842634          0        384               0           26732          0          0          0          0
1717842644          0        284               0           21408          0          0          0          0
1717842654          0        230               0           16426          0          0          0          0
1717842665          0        359               0           25362          0          0          0          0
1717842675          0        334               0           23403          0          0          0          0
1717842685          0        346               0           24556          0          0          0          0
1717842695          0        251               0           16932          0          0          0          0
1717842706          0        285               0           20688          0          0          0          0
1717842716          0        242               0           16574          0          0          0          0
1717842726          0        218               0           14770          0          0          0          0
1717842737         42        364           52312           27263          0          0          0          0
1717842747          1        204              42           13930          0          0          0          0
1717842757          0        269               0           17804          0          0          0          0
1717842768          0        147               0            9106          0          0          0          0
1717842778          0        192               0           12118          0          0          0          0
1717842788          0        191               0           12266          0          0          0          0
1717842798          0        179               0           12014          0          0          0          0
1717842809          0        164               0           10204          0          0          0          0
1717842819          0        514               0           31126          0          0          0          0
1717842829          2        351             132           22544          0          0          0          0
1717842840          0        203               0           12494          0          0          0          0
1717842850          0        178               0           11434          0          0          0          0
1717842860          0        231               0           16252          0          0          0          0
1717842871          0        226               0           15328          0          0          0          0
1717842881          0        228               0           15526          0          0          0          0
1717842891          0        206               0           13140          0          0          0          0
1717842901          0        267               0           16982          0          0          0          0
1717842912          0        202               0           13212          0          0          0          0
1717842922          0        257               0           17812          0          0          0          0
1717842932          0        182               0           12324          0          0          0          0
1717842943          0        268               0           19122          0          0          0          0
1717842953          0        247               0           16172          0          0          0          0
1717842963          0        227               0           15284          0          0          0          0
1717842974          0        185               0           11256          0          0          0          0
1717842984          0        190               0           12388          0          0          0          0
1717842994          0        194               0           12602          0          0          0          0
1717843005          0        152               0            9198          0          0          0          0
1717843015          0        210               0           13926          0          0          0          0
1717843025          0        180               0           10904          0          0          0          0
1717843035          0        187               0           11740          0          0          0          0
1717843046         43        191           52434           12685          0          0          0          0
1717843056          0        166               0           10038          0          0          0          0
1717843066          0        173               0           11004          0          0          0          0
1717843077          0        162               0           10318          0          0          0          0
1717843087          0        227               0           14556          0          0          0          0
1717843097          0        190               0           12128          0          0          0          0
1717843108          0        182               0           11570          0          0          0          0
1717843118          6        266             616           17562          0          0          0          0
1717843128          0        319               0           20128          0          0          0          0
1717843138          0        182               0           11960          0          0          0          0
1717843149          0        231               0           13990          0          0          0          0
1717843159          0        158               0            9636          0          0          0          0
1717843169          0        191               0           12084          0          0          0          0
1717843180          0        223               0           14810          0          0          0          0
1717843190          0        118               0            7210          0          0          0          0
1717843200          0        255               0           15430          0          0          0          0
1717843210          2       4892             211          293656          0          0          0          0
1717843221          0        103               0            6284          0          0          0          0
1717843231          0        138               0            8722          0          0          0          0
1717843241          0        151               0            9502          0          0          0          0
1717843252          0        112               0            7162          0          0          0          0
1717843262          0         93               0            5684          0          0          0          0
1717843272          0         90               0            5634          0          0          0          0
1717843283          0        160               0           10666          0          0          0          0
1717843293          0        110               0            7380          0          0          0          0
1717843303          0        148               0           10258          0          0          0          0
1717843313          0        117               0            8008          0          0          0          0
1717843324          0        123               0            8888          0          0          0          0
1717843334          0        128               0            9266          0          0          0          0
1717843344         45        182           52673           12655          0          0          0          0
1717843355          1        119              42            7868          0          0          0          0
1717843365          0        154               0           10800          0          0          0          0
1717843375          0        119               0            7972          0          0          0          0
1717843385          0         95               0            6480          0          0          0          0
1717843396          0        113               0            7456          0          0          0          0
1717843406          0        125               0            7942          0          0          0          0
1717843416          0        122               0            8100          0          0          0          0
1717843427          0        511               0           31414          0          0          0          0
1717843437          0        487               0           31222          0          0          0          0
1717843447          0        237               0           16222          0          0          0          0
1717843457          0        293               0           21168          0          0          0          0
1717843468          0        270               0           18462          0          0          0          0
1717843478          0        225               0           14800          0          0          0          0
1717843488          0        660               0           40692          0          0          0          0
1717843499          0        229               0           15482          0          0          0          0
1717843509          1        171              90           11200          0          0          0          0
1717843519          0        592               0           37522          0          0          0          0
1717843529          0        529               0           35882          0          0          0          0
1717843540          0       1048               0           65056          0          0          0          0
1717843550          0        212               0           14618          0          0          0          0
1717843560          0        349               0           22864          0          0          0          0
1717843571          1        185              90           12560          0          0          0          0
1717843581          0        420               0           26006          0          0          0          0
1717843591          0        397               0           25042          0          0          0          0
1717843602          0        361               0           23228          0          0          0          0
1717843612          0        265               0           20016          0          0          0          0
1717843622          0       1015               0           62990          0          0          0          0
1717843632          0        158               0           11040          0          0          0          0
1717843643         45       1221           53777           74709          0          0          0          0
1717843653          0        229               0           15742          0          0          0          0
1717843663          0        456               0           28348          0          0          0          0
1717843674          0        193               0           12646          0          0          0          0
1717843684          0        174               0           11038          0          0          0          0
1717843694          0        414               0           25880          0          0          0          0
1717843705          0        663               0           40456          0          0          0          0
1717843715          0        172               0           11360          0          0          0          0
1717843725          7        305             658           19278          0          0          0          0
1717843735          0        290               0           18570          0          0          0          0
1717843746          0        375               0           24450          0          0          0          0
1717843756          0        202               0           13628          0          0          0          0
1717843766          0        212               0           15034          0          0          0          0
1717843776          0        168               0           11302          0          0          0          0
1717843787          0        147               0            9704          0          0          0          0
1717843797          0        206               0           13556          0          0          0          0
1717843807          2       5070             211          305298          0          0          0          0
1717843818          0        175               0           12710          0          0          0          0
1717843828          0        151               0           10360          0          0          0          0
1717843838          0        198               0           15364          0          0          0          0
1717843849          0        252               0           18630          0          0          0          0
1717843859          0        258               0           17846          0          0          0          0
1717843869          0        315               0           22020          0          0          0          0
1717843880          0        237               0           17158          0          0          0          0
1717843890          2        235             132           16028          0          0          0          0
1717843900          0        201               0           13152          0          0          0          0
1717843910          0        226               0           16264          0          0          0          0
1717843921          0        201               0           13386          0          0          0          0
1717843931          1        265              42           17954          0          0          0          0
1717843941         45        256           56386           18925          0          0          0          0
1717843952          1        263              42           18588          0          0          0          0
1717843962          0        234               0           15990          0          0          0          0
1717843972          0        206               0           14214          0          0          0          0
1717843983          0        188               0           13092          0          0          0          0
1717843993          0        224               0           15242          0          0          0          0
1717844003          0        907               0           56206          0          0          0          0
1717844014          0        902               0           55680          0          0          0          0
1717844024         31       1178            5811           76577          0          0          0          0
1717844034          0        808               0           50118          0          0          0          0
1717844044          0        792               0           49288          0          0          0          0
1717844055          0       1342               0           81196          0          0          0          0
1717844065          0        139               0            8886          0          0          0          0
1717844075          0        215               0           16670          0          0          0          0
1717844086          2        180             108           12808          0          0          0          0
1717844096          0        691               0           44242          0          0          0          0
1717844106          0       1494               0           92014          0          0          0          0
1717844116          0       1117               0           67714          0          0          0          0
1717844127          0        218               0           15030          0          0          0          0
1717844137          0        211               0           14263          0          0          0          0
1717844147          2        979             108           61754          0          0          0          0
1717844158          0        201               0           14998          0          0          0          0
1717844168          0        189               0           13784          0          0          0          0
1717844178          0        199               0           14150          0          0          0          0
1717844189          0        179               0           12196          0          0          0          0
1717844199          0        150               0            9494          0          0          0          0
1717844209          2        192             108           13970          0          0          0          0
1717844219          0        239               0           17642          0          0          0          0
1717844230          0        126               0            8652          0          0          0          0
1717844240         47        263           59003           20469          0          0          0          0
1717844250          1        218              42           16148          0          0          0          0
1717844261          0        232               0           16000          0          0          0          0
1717844271          2        256             108           19474          0          0          0          0
1717844281          0        237               0           17106          0          0          0          0
1717844292          0        184               0           13198          0          0          0          0
1717844302          0        206               0           15636          0          0          0          0
1717844312          0        250               0           19238          0          0          0          0
1717844323          9        325             814           21192          0          0          0          0
1717844333          2        241              84           16176          0          0          0          0
1717844343          0        223               0           16240          0          0          0          0
1717844353          0        214               0           15518          0          0          0          0
1717844364          0        147               0           10458          0          0          0          0
1717844374          0        276               0           17808          0          0          0          0
1717844384          0        164               0           10932          0          0          0          0
1717844395          0        765               0           47538          0          0          0          0
1717844405          2       3303             211          200188          0          0          0          0
1717844415          0        611               0           38662          0          0          0          0
1717844426          1        184              90           12162          0          0          0          0
1717844436          0       1308               0           81080          0          0          0          0
1717844446          0        248               0           17402          0          0          0          0
1717844457          0        298               0           20220          0          0          0          0
1717844467          6       5121             906          308304          0          0          0          0
1717844477          0        474               0           32392          0          0          0          0
1717844488          0        556               0           36324          0          0          0          0
1717844498          0        370               0           25320          0          0          0          0
1717844508          0        246               0           17282          0          0          0          0
1717844519          0        871               0           53248          0          0          0          0
1717844529          0        160               0           10250          0          0          0          0
1717844539         50        645           62091           40321          0          0          0          0
1717844550          0        824               0           50766          0          0          0          0
1717844560          0        396               0           24098          0          0          0          0
1717844570          0        197               0           12418          0          0          0          0
1717844581          0        285               0           18036          0          0          0          0
1717844591          0        192               0           11676          0          0          0          0
1717844601          0        601               0           36926          0          0          0          0
1717844611          0        964               0           59262          0          0          0          0
1717844622          0        678               0           42136          0          0          0          0
1717844632          0        481               0           30706          0          0          0          0
1717844642          0        316               0           19610          0          0          0          0
1717844653          1        222              66           13638          0          0          0          0
1717844663          2        199             108           12570          0          0          0          0
1717844673          0        195               0           11960          0          0          0          0
1717844684          1        158              90            9744          0          0          0          0
1717844694          0        168               0           10704          0          0          0          0
1717844704          0        205               0           13756          0          0          0          0
1717844714          0        210               0           12990          0          0          0          0
1717844725          0        202               0           12692          0          0          0          0
1717844735          0        218               0           14120          0          0          0          0
1717844745          0        183               0           11240          0          0          0          0
1717844756          1        192              90           12512          0          0          0          0
1717844766          5        166             414           10394          0          0          0          0
1717844776          0        182               0           11544          0          0          0          0
1717844787          0        207               0           13460          0          0          0          0
1717844797          0        188               0           12216          0          0          0          0
1717844807          0        209               0           13450          0          0          0          0
1717844818          1        188              90           12688          0          0          0          0
1717844828          0        157               0            9992          0          0          0          0
1717844839         51        216           64770           14977          0          0          0          0
1717844849          1        231              42           14666          0          0          0          0
1717844859          0        201               0           13698          0          0          0          0
1717844869          0        256               0           17596          0          0          0          0
1717844880          0        196               0           13164          0          0          0          0
1717844890          0        226               0           15614          0          0          0          0
1717844900          0        167               0           10540          0          0          0          0
1717844911          0        183               0           11084          0          0          0          0
1717844921          6        226             616           14070          0          0          0          0
1717844931          1        325              42           20878          0          0          0          0
1717844942          0        230               0           15282          0          0          0          0
1717844952          0        220               0           15046          0          0          0          0
1717844962          2        168             132           10890          0          0          0          0
1717844973          0        213               0           14054          0          0          0          0
1717844983          0        254               0           17268          0          0          0          0
1717844993          0        247               0           17186          0          0          0          0
1717845004          1       5001             169          301886          0          0          0          0
1717845014          0        171               0           12730          0          0          0          0
1717845024          0        231               0           17760          0          0          0          0
1717845035          0        225               0           16880          0          0          0          0
1717845045          0        197               0           13822          0          0          0          0
1717845055          0        140               0            9830          0          0          0          0
1717845065          0        305               0           23760          0          0          0          0
1717845076          0        230               0           17700          0          0          0          0
1717845086          0        217               0           16478          0          0          0          0
1717845096          0        217               0           16764          0          0          0          0
1717845107          0        182               0           12974          0          0          0          0
1717845117          1        176              42           12692          0          0          0          0
1717845127          0        174               0           12260          0          0          0          0
1717845137         52        270           67352           21513          0          0          0          0
1717845148          1        176              42           13212          0          0          0          0
1717845158          0        168               0           12134          0          0          0          0
1717845168          0        154               0           11320          0          0          0          0
1717845179          0        217               0           16036          0          0          0          0
1717845189          0        151               0           10464          0          0          0          0
1717845199          0        134               0            8924          0          0          0          0
1717845209          0        152               0           10602          0          0          0          0
1717845220          0        275               0           18138          0          0          0          0
1717845230          0        276               0           18536          0          0          0          0
1717845240          0        190               0           13064          0          0          0          0
1717845251          0         90               0            5894          0          0          0          0
1717845261          0        140               0            8998          0          0          0          0
1717845271          0         85               0            5308          0          0          0          0
1717845282          0         95               0            6402          0          0          0          0
1717845292          0        104               0            7254          0          0          0          0
1717845302          0        137               0            9208          0          0          0          0
1717845312          0        110               0            7198          0          0          0          0
1717845323          6        204             492           13982          0          0          0          0
1717845333          5        256             422           17354          0          0          0          0
1717845343         18        262            1532           18086          0          0          0          0
1717845354         14        241            1204           17320          0          0          0          0
1717845364          1        204              86           13540          0          0          0          0
1717845374          4        269             344           17839          0          0          0          0
1717845384          5        232             430           15974          0          0          0          0
1717845395          2        254             164           17572          0          0          0          0
1717845405          0        218               0           14588          0          0          0          0
1717845415          0        265               0           18708          0          0          0          0
1717845426          0        205               0           13756          0          0          0          0
1717845436          0        229               0           15248          0          0          0          0
1717845446         55        204           70217           13529          0          0          0          0
1717845456          0        248               0           15946          0          0          0          0
1717845467          0        210               0           13406          0          0          0          0
1717845477          0        185               0           12322          0          0          0          0
1717845487          2        164             132           10052          0          0          0          0
1717845498          0        198               0           12062          0          0          0          0
1717845508          0        196               0           12384          0          0          0          0
1717845518          0        193               0           12282          0          0          0          0
1717845528          7        399             658           25178          0          0          0          0
1717845539          0        174               0           11168          0          0          0          0
1717845549          0        180               0           11476          0          0          0          0
1717845559          0        216               0           13974          0          0          0          0
1717845570          0        201               0           12684          0          0          0          0
1717845580          0        225               0           14852          0          0          0          0
1717845590          0        190               0           11972          0          0          0          0
1717845600          0        156               0            9542          0          0          0          0
1717845611          2       5895             212          353940          0          0          0          0
1717845621          0        101               0            6684          0          0          0          0
1717845631          0        174               0           11844          0          0          0          0
1717845642          0        115               0            7550          0          0          0          0
1717845652          0        123               0            7640          0          0          0          0
1717845662          0         91               0            5876          0          0          0          0
1717845673          0         73               0            4770          0          0          0          0
1717845683          0         77               0            4854          0          0          0          0
1717845693          0        108               0            6714          0          0          0          0
1717845703          0        105               0            6508          0          0          0          0
1717845714          0        104               0            6838          0          0          0          0
1717845724          0        107               0            6732          0          0          0          0
1717845734          0         88               0            5592          0          0          0          0
1717845744         56        142           71146           10543          0          0          0          0
1717845755          0        127               0            8556          0          0          0          0
1717845765          0        187               0           12520          0          0          0          0
1717845775          0        102               0            6640          0          0          0          0
1717845786          0        130               0            8450          0          0          0          0
1717845796          0         75               0            4656          0          0          0          0
1717845806          0         79               0            4896          0          0          0          0
1717845816          0         96               0            6852          0          0          0          0
1717845827          0        423               0           25978          0          0          0          0
1717845837          0        148               0            9348          0          0          0          0
1717845847          0        223               0           13926          0          0          0          0
1717845858          0        220               0           14240          0          0          0          0
1717845868          1        201              90           13988          0          0          0          0
1717845878          0        241               0           16566          0          0          0          0
1717845888          0        199               0           12902          0          0          0          0
1717845899          0        253               0           17286          0          0          0          0
1717845909          0        179               0           11104          0          0          0          0
1717845919          0        210               0           14030          0          0          0          0
1717845930          0        182               0           11414          0          0          0          0
1717845940          1        161              90           10236          0          0          0          0
1717845950          0        182               0           11882          0          0          0          0
1717845960          0        206               0           12464          0          0          0          0
1717845971          0        174               0           10674          0          0          0          0
1717845981          0        184               0           11170          0          0          0          0
1717845991          0        153               0            9310          0          0          0          0
1717846002          1        130              90            8046          0          0          0          0
1717846012          0        143               0            8676          0          0          0          0
1717846022          2        193             132           11818          0          0          0          0
1717846032          0        212               0           13656          0          0          0          0
1717846043         57        275           73192           18673          0          0          0          0
1717846053          0        288               0           20582          0          0          0          0
1717846063          0        269               0           19052          0          0          0          0
1717846074          0        351               0           26234          0          0          0          0
1717846084          0        292               0           20198          0          0          0          0
1717846094          0        375               0           27492          0          0          0          0
1717846104          6        313             492           22680          0          0          0          0
1717846115          5        307             430           21956          0          0          0          0
1717846125          7        559             658           39882          0          0          0          0
1717846135          5        367             414           26762          0          0          0          0
1717846146         17        412            1454           31350          0          0          0          0
1717846156         17        312            1462           21918          0          0          0          0
1717846166         36        342            3088           25374          0          0          0          0
1717846176         19        348            1574           25222          0          0          0          0
1717846187         49        358            4214           27356          0          0          0          0
1717846197          3        332             258           24418          0          0          0          0
1717846207          9       5380             814          327755          0          0          0          0
1717846218          3        473             258           37896          0          0          0          0
1717846228          2       1038             164           86842          0          0          0          0
1717846238          0        791               0           65747          0          0          0          0
1717846248          0        740               0           61092          0          0          0          0
1717846259          0        937               0           78242          0          0          0          0
1717846269          0        691               0           57658          0          0          0          0
1717846279          0        810               0           67554          0          0          0          0
1717846290          0        777               0           64222          0          0          0          0
1717846300          0        923               0           76596          0          0          0          0
1717846310          0        722               0           59908          0          0          0          0
1717846320          0        800               0           66278          0          0          0          0
1717846331          0       1035               0           85968          0          0          0          0
1717846341         57        856           74159           70381          0          0          0          0
1717846351          1       1001              42           81354          0          0          0          0
1717846362          0        885               0           72141          0          0          0          0
1717846372          0        833               0           67140          0          0          0          0
1717846382          0        681               0           54874          0          0          0          0
1717846392          0        616               0           48504          0          0          0          0
1717846403          0        825               0           67215          0          0          0          0
1717846413          0        795               0           63742          0          0          0          0
1717846423          0        864               0           62404          0          0          0          0
1717846434          0        693               0           53220          0          0          0          0
1717846444          0        674               0           54359          0          0          0          0
1717846454          0        471               0           36710          0          0          0          0
1717846464          0        652               0           52120          0          0          0          0
1717846475          0        611               0           48490          0          0          0          0
1717846485          0        530               0           40952          0          0          0          0
1717846495          0        505               0           39054          0          0          0          0
1717846506          0        534               0           42210          0          0          0          0
1717846516          0        559               0           43000          0          0          0          0
1717846526          0        511               0           39951          0          0          0          0
1717846536          0        310               0           22301          0          0          0          0
1717846547          0        245               0           15766          0          0          0          0
1717846557          2        230             132           15312          0          0          0          0
1717846567          0        240               0           15596          0          0          0          0
1717846578          0        151               0           10092          0          0          0          0
1717846588          0        176               0           11054          0          0          0          0
1717846598          0        179               0           11338          0          0          0          0
1717846608          0        195               0           11882          0          0          0          0
1717846619          0        191               0           12058          0          0          0          0
1717846629          0        189               0           11964          0          0          0          0
1717846639         58        491           76041           30437          0          0          0          0
1717846649          1        157              42            9706          0          0          0          0
1717846660          0        195               0           12090          0          0          0          0
1717846670          0        162               0           10006          0          0          0          0
1717846680          0        194               0           11796          0          0          0          0
1717846691          0       1235               0           74282          0          0          0          0
1717846701          0        517               0           31176          0          0          0          0
1717846711          0        885               0           53360          0          0          0          0
1717846722          6        461             616           28508          0          0          0          0
1717846733          1        455              42           27404          0          0          0          0
1717846743          0        394               0           23744          0          0          0          0
1717846754          0        196               0           12644          0          0          0          0
1717846764          0        215               0           12952          0          0          0          0
1717846774          0        259               0           15696          0          0          0          0
1717846785          0        172               0           10588          0          0          0          0
1717846795          0        728               0           44634          0          0          0          0
1717846805          1       4316             170          260240          0          0          0          0
1717846815          1        568              42           35146          0          0          0          0
1717846826          0        264               0           16724          0          0          0          0
1717846836          0       1421               0           86976          0          0          0          0
1717846846          0        339               0           21562          0          0          0          0
1717846857          0        318               0           20848          0          0          0          0
1717846867          0        287               0           18650          0          0          0          0
1717846877          0        369               0           22824          0          0          0          0
1717846888          0        483               0           29518          0          0          0          0
1717846898          0        281               0           17796          0          0          0          0
1717846908          0        152               0            9952          0          0          0          0
1717846918          0        363               0           23548          0          0          0          0
1717846929          0        172               0           12192          0          0          0          0
1717846939         60        685           77635           43013          0          0          0          0
1717846949          0        799               0           48954          0          0          0          0
1717846960          0        440               0           26894          0          0          0          0
1717846970          0        118               0            7548          0          0          0          0
1717846980          0        110               0            7120          0          0          0          0
1717846990          0        201               0           13490          0          0          0          0
1717847001          0        345               0           24028          0          0          0          0
1717847011          0        238               0           16412          0          0          0          0
1717847021          0        555               0           35068          0          0          0          0
1717847031          1        340              90           21340          0          0          0          0
1717847042          0        198               0           12946          0          0          0          0
1717847052          0        207               0           13902          0          0          0          0
1717847062          0        142               0            8650          0          0          0          0
1717847072          2        240             132           15002          0          0          0          0
1717847083          0        200               0           12728          0          0          0          0
1717847093          1        225              90           15298          0          0          0          0
1717847103          1       6754             235          406104          0          0          0          0
1717847114          0        124               0            8428          0          0          0          0
1717847124          0        162               0           11878          0          0          0          0
1717847134          0        226               0           15952          0          0          0          0
1717847144          0        159               0           11282          0          0          0          0
1717847155          0        189               0           12952          0          0          0          0
1717847165          1         94              90            6398          0          0          0          0
1717847175          0        142               0           10600          0          0          0          0
1717847185          0        121               0            8794          0          0          0          0
1717847196          0         94               0            5978          0          0          0          0
1717847206          0        154               0           10566          0          0          0          0
1717847216          0        134               0            9288          0          0          0          0
1717847226          0        160               0           11368          0          0          0          0
1717847237          0        117               0            8242          0          0          0          0
1717847247         61        149           79548           11139          0          0          0          0
1717847257          0        109               0            7372          0          0          0          0
1717847268          0        165               0           10992          0          0          0          0
1717847278          0        114               0            7568          0          0          0          0
1717847288          0        113               0            7404          0          0          0          0
1717847299          0        110               0            7562          0          0          0          0
1717847309          0        118               0            8276          0          0          0          0
1717847319          6        120             616            7840          0          0          0          0
1717847330          1        232              42           14102          0          0          0          0
1717847340          0         92               0            5728          0          0          0          0
1717847350          0        117               0            7254          0          0          0          0
1717847360          0        101               0            6398          0          0          0          0
1717847371          0         94               0            6290          0          0          0          0
1717847381          0         89               0            6068          0          0          0          0
1717847391          0        168               0           11640          0          0          0          0
1717847402          2       7065             212          426012          0          0          0          0
1717847412          0        151               0           10464          0          0          0          0
1717847422          0        250               0           19004          0          0          0          0
1717847433          0        134               0            9756          0          0          0          0
1717847443          1        190              42           13402          0          0          0          0
1717847453          0        211               0           13830          0          0          0          0
1717847464          0        228               0           14668          0          0          0          0
1717847474          0        178               0           10914          0          0          0          0
1717847484          0        205               0           12820          0          0          0          0
1717847494          0        205               0           14302          0          0          0          0
1717847505          0        144               0            9030          0          0          0          0
1717847515          0        247               0           17446          0          0          0          0
1717847526          0        262               0           17670          0          0          0          0
1717847536          0        171               0           11066          0          0          0          0
1717847546         62        238           80126           15731          0          0          0          0
1717847557          0        238               0           16204          0          0          0          0
1717847567          0        172               0           11074          0          0          0          0
1717847577          0        164               0           10906          0          0          0          0
1717847588          0        200               0           13456          0          0          0          0
1717847598          2        313             132           21774          0          0          0          0
1717847608          0        323               0           22630          0          0          0          0
1717847619          0        334               0           21834          0          0          0          0
1717847629          0        405               0           25730          0          0          0          0
1717847639          0        157               0            9732          0          0          0          0
1717847649          0        190               0           13350          0          0          0          0
1717847660          0        561               0           34986          0          0          0          0
1717847670          0       1198               0           73154          0          0          0          0
1717847680          0       1092               0           66612          0          0          0          0
1717847690         31       1092            5811           70585          0          0          0          0
1717847701          0       1012               0           61370          0          0          0          0
1717847711          0        936               0           57668          0          0          0          0
1717847721          0       1232               0           75480          0          0          0          0
1717847732          0        213               0           13066          0          0          0          0
1717847742          0       1488               0           89982          0          0          0          0
1717847752          2        974             108           59000          0          0          0          0
1717847762          0       1631               0           98164          0          0          0          0
1717847773          0       1488               0           89462          0          0          0          0
1717847783          0       1054               0           64202          0          0          0          0
1717847793          0        444               0           27420          0          0          0          0
1717847804          1        386              66           24180          0          0          0          0
1717847814          1        147              42            9028          0          0          0          0
1717847824          0        356               0           21464          0          0          0          0
1717847834          0        120               0            7304          0          0          0          0
1717847845         62       1281           80887           77707          0          0          0          0
1717847855          0        300               0           18156          0          0          0          0
1717847865          1        382              66           23056          0          0          0          0
1717847875          1        191              42           11590          0          0          0          0
1717847886          0        177               0           10888          0          0          0          0
1717847896          0       1095               0           65874          0          0          0          0
1717847906          0        934               0           56248          0          0          0          0
1717847917          0        316               0           19272          0          0          0          0
1717847927          7        299             682           18430          0          0          0          0
1717847937          1        467              42           28410          0          0          0          0
1717847947          0        235               0           14594          0          0          0          0
1717847958          0        167               0           10280          0          0          0          0
1717847968          0        168               0           10314          0          0          0          0
1717847978          0        125               0            7708          0          0          0          0
1717847988          4        142             240            8688          0          0          0          0
1717847999          0        139               0            8574          0          0          0          0
1717848009          1       2751             170          165222          0          0          0          0
1717848019          0         94               0            6212          0          0          0          0
1717848029          0        107               0            7070          0          0          0          0
1717848040          0        116               0            7844          0          0          0          0
1717848050          0        157               0           10018          0          0          0          0
1717848060          0        139               0            9692          0          0          0          0
1717848070          6       4108             907          247420          0          0          0          0
1717848081          0        117               0            8008          0          0          0          0
1717848091          0        150               0           10404          0          0          0          0
1717848101          0        133               0            8916          0          0          0          0
1717848112          0        149               0            9096          0          0          0          0
1717848122          0        496               0           32802          0          0          0          0
1717848132          2        312             132           21246          0          0          0          0
1717848142         64       1300           83018           80641          0          0          0          0
1717848153          0        347               0           21430          0          0          0          0
1717848163          0        506               0           30828          0          0          0          0
1717848173          0        290               0           19220          0          0          0          0
1717848184          0        273               0           17004          0          0          0          0
1717848194          0       1227               0           75492          0          0          0          0
1717848204          0       1047               0           63080          0          0          0          0
1717848214          1        221              90           13550          0          0          0          0
1717848225          0        662               0           40708          0          0          0          0
1717848235          0        453               0           27804          0          0          0          0
1717848245          0        403               0           25194          0          0          0          0
1717848256          0        270               0           17916          0          0          0          0
1717848266          0        306               0           19764          0          0          0          0
1717848276          1        278              90           17230          0          0          0          0
1717848286          0        765               0           48240          0          0          0          0
1717848297          0        338               0           23790          0          0          0          0
1717848307          0        291               0           19202          0          0          0          0
1717848317          0       1722               0          133125          0          0          0          0
1717848328          0       1616               0          131826          0          0          0          0
1717848338          0       2429               0          175770          0          0          0          0
1717848348          1       1400              90          115360          0          0          0          0
1717848358          0       1004               0           82184          0          0          0          0
1717848369          0       1129               0           93020          0          0          0          0
1717848379          0       1334               0          110374          0          0          0          0
1717848389          0       1097               0           89593          0          0          0          0
1717848399          0       1142               0           93376          0          0          0          0
1717848410          0       1085               0           89124          0          0          0          0
1717848420          0       1017               0           84377          0          0          0          0
1717848430          0       1170               0           96512          0          0          0          0
1717848441         63       1362           83767          112707          0          0          0          0
1717848451          2        899              84           72420          0          0          0          0
1717848461          0       1024               0           82578          0          0          0          0
1717848471          0        791               0           63840          0          0          0          0
1717848482          0       1006               0           82668          0          0          0          0
1717848492          0        883               0           72272          0          0          0          0
1717848502          0        924               0           75642          0          0          0          0
1717848512          0        968               0           78412          0          0          0          0
1717848523          6        794             616           62190          0          0          0          0
1717848533          1        799              42           61330          0          0          0          0
1717848543          0        595               0           47998          0          0          0          0
1717848554          0        572               0           45396          0          0          0          0
1717848564          0        596               0           47044          0          0          0          0
1717848574          0        456               0           34224          0          0          0          0
1717848584          0        556               0           43552          0          0          0          0
1717848595          0        629               0           49726          0          0          0          0
1717848605          1       4946             170          307452          0          0          0          0
1717848615          1        456              42           37734          0          0          0          0
1717848626          0        437               0           35398          0          0          0          0
1717848636          0        295               0           22432          0          0          0          0
1717848646          0        147               0           10328          0          0          0          0
1717848656          0        208               0           15236          0          0          0          0
1717848667          0        122               0            8412          0          0          0          0
1717848677          2        146             132           10558          0          0          0          0
1717848687          0        146               0           10866          0          0          0          0
1717848698          5        167             406           12360          0          0          0          0
1717848708          1        185              86           13076          0          0          0          0
1717848718          0        120               0            7668          0          0          0          0
1717848728          4        251             344           19740          0          0          0          0
1717848739         63        165           84034           12495          0          0          0          0
1717848749          6        144             472           10434          0          0          0          0
1717848759          0        147               0           10510          0          0          0          0
1717848769          0        206               0           14596          0          0          0          0
1717848780          0        182               0           13338          0          0          0          0
1717848790          0        173               0           12226          0          0          0          0
1717848800          0        103               0            7246          0          0          0          0
1717848811          0        141               0           10280          0          0          0          0
1717848821          0        157               0           11552          0          0          0          0
1717848831          0        256               0           16218          0          0          0          0
1717848842          1        219              86           15636          0          0          0          0
1717848852          6        316             492           22072          0          0          0          0
1717848862          0        217               0           13878          0          0          0          0
1717848872          0        205               0           13028          0          0          0          0
1717848883          4        169             344           10686          0          0          0          0
1717848893          4        216             344           13740          0          0          0          0
1717848903          0        201               0           12372          0          0          0          0
1717848914          2        204             156           12552          0          0          0          0
1717848924          4       1378             336          114426          0          0          0          0
1717848934          0       1336               0          109868          0          0          0          0
1717848944          6       1157             516           95716          0          0          0          0
1717848955          1       1270              86          105294          0          0          0          0
1717848965          5       1293             414          106328          0          0          0          0
1717848975          6       1130             508           92734          0          0          0          0
1717848985          5       1337             430          110094          0          0          0          0
1717848996          1       1402              86          116550          0          0          0          0
1717849006          4       1329             344          110230          0          0          0          0
1717849016          4       1093             344           89968          0          0          0          0
1717849026          3       1061             258           86228          0          0          0          0
1717849038         66       1387           84705          114415          0          0          0          0
1717849048         10       1031             792           83874          0          0          0          0
1717849058          0       1556               0          121882          0          0          0          0
1717849068          2       1038             172           83860          0          0          0          0
1717849079         73       1064            6278           86572          0          0          0          0
1717849089         28       1777            2408          128608          0          0          0          0
1717849099         14       1122            1204           84220          0          0          0          0
1717849110         13       1582            1118          110312          0          0          0          0
1717849120         10        932             960           69976          0          0          0          0
1717849130          2        725             128           53198          0          0          0          0
1717849141          5        756             406           55024          0          0          0          0
1717849151         35        815            3010           63434          0          0          0          0
1717849161          4        628             344           46832          0          0          0          0
1717849171          5        589             430           44076          0          0          0          0
1717849182          0        550               0           41528          0          0          0          0
1717849192          0        935               0           61716          0          0          0          0
1717849202          2       5335             212          328894          0          0          0          0
1717849212          1        408              90           31166          0          0          0          0
1717849223          0        795               0           53992          0          0          0          0
1717849233          0       1565               0          103450          0          0          0          0
1717849243          0        283               0           19572          0          0          0          0
1717849254          0        198               0           14116          0          0          0          0
1717849264          0        312               0           20488          0          0          0          0
1717849274          0        373               0           24486          0          0          0          0
1717849284          0        496               0           31970          0          0          0          0
1717849295          0        394               0           25954          0          0          0          0
1717849305          0        447               0           29030          0          0          0          0
1717849315          0        187               0           12598          0          0          0          0
1717849325          0        139               0            9016          0          0          0          0
1717849336          0        140               0            9778          0          0          0          0
1717849346         64        385           85155           25975          0          0          0          0
1717849356          0        213               0           14834          0          0          0          0
1717849366          0        151               0           10100          0          0          0          0
1717849377          1        164              90           11378          0          0          0          0
1717849387          0        149               0           10422          0          0          0          0
1717849397          0        108               0            7338          0          0          0          0
1717849407          7        166             622           12290          0          0          0          0
1717849418          0        191               0           13956          0          0          0          0
1717849428          0        566               0           37834          0          0          0          0
1717849438          0        157               0           10616          0          0          0          0
1717849448          1        196              90           13922          0          0          0          0
1717849459          0        171               0           12600          0          0          0          0
1717849469          0        115               0            8344          0          0          0          0
1717849479          0        148               0            9984          0          0          0          0
1717849489          0        139               0            8730          0          0          0          0
1717849500          0        116               0            7324          0          0          0          0
1717849510          1        160              90           11008          0          0          0          0
1717849520          0        133               0            9748          0          0          0          0
1717849530          0        149               0           10552          0          0          0          0
1717849541          0        118               0            7938          0          0          0          0
1717849551          0        195               0           14092          0          0          0          0
1717849561          0        213               0           15718          0          0          0          0
1717849571          0        227               0           16194          0          0          0          0
1717849582          0        139               0           10004          0          0          0          0
1717849592          0         82               0            5310          0          0          0          0
1717849602          0        113               0            7924          0          0          0          0
1717849612          0        112               0            7110          0          0          0          0
1717849623          0        174               0           11870          0          0          0          0
1717849633          0        185               0           13310          0          0          0          0
1717849643         65        174           85458           12749          0          0          0          0
1717849653          0        139               0           10082          0          0          0          0
1717849664          0        200               0           14860          0          0          0          0
1717849674          1        129              42            8988          0          0          0          0
1717849684          0        171               0           12054          0          0          0          0
1717849694          0        141               0            9630          0          0          0          0
1717849705          6        166             492           11624          0          0          0          0
1717849715          4        101             336            6702          0          0          0          0
1717849725          6        241             616           15074          0          0          0          0
1717849735          0        109               0            6956          0          0          0          0
1717849746          0        181               0           12810          0          0          0          0
1717849756          0         97               0            6002          0          0          0          0
1717849766          0        210               0           15252          0          0          0          0
1717849776          0        113               0            7690          0          0          0          0
1717849786          0        149               0           11098          0          0          0          0
1717849797          0        122               0            8698          0          0          0          0
1717849807          2       3679             212          223008          0          0          0          0
1717849817          0        161               0           10934          0          0          0          0
1717849827          0        157               0           10590          0          0          0          0
1717849838          0        190               0           12986          0          0          0          0
1717849848          0        143               0            8840          0          0          0          0
1717849858          0        221               0           14924          0          0          0          0
1717849868          0        196               0           12852          0          0          0          0
1717849879          0        225               0           14644          0          0          0          0
1717849889          0        187               0           11870          0          0          0          0
1717849899          0        219               0           13816          0          0          0          0
1717849910          0        194               0           11822          0          0          0          0
1717849920          0        170               0           10434          0          0          0          0
1717849930          7        167             622           10244          0          0          0          0
1717849940         64        210           85504           13491          0          0          0          0
1717849951          1        182              42           11180          0          0          0          0
1717849961          0        214               0           13542          0          0          0          0
1717849971          0        206               0           13010          0          0          0          0
1717849981          0        163               0           10066          0          0          0          0
1717849991          0        153               0            9388          0          0          0          0
1717850002          0        174               0           10674          0          0          0          0
1717850012          0        195               0           11986          0          0          0          0
1717850022          0        446               0           28060          0          0          0          0
1717850032          0        435               0           30156          0          0          0          0
1717850042          0        229               0           15456          0          0          0          0
1717850053          0        210               0           14784          0          0          0          0
1717850063          0        174               0           10830          0          0          0          0
1717850073          0        232               0           15220          0          0          0          0
1717850083          0        227               0           15492          0          0          0          0
1717850094          0        218               0           14432          0          0          0          0
1717850104          0        213               0           14184          0          0          0          0
1717850114          0        248               0           17142          0          0          0          0
1717850124          0        189               0           13056          0          0          0          0
1717850134          0        240               0           16298          0          0          0          0
1717850145          0        311               0           21650          0          0          0          0
1717850155          0        255               0           17458          0          0          0          0
1717850165          0        263               0           18458          0          0          0          0
1717850175          0        260               0           18278          0          0          0          0
1717850185          0        210               0           13952          0          0          0          0
1717850196          0        161               0            9894          0          0          0          0
1717850206          0        188               0           11938          0          0          0          0
1717850216          0        215               0           14296          0          0          0          0
1717850226          0        211               0           13726          0          0          0          0
1717850236          0        222               0           15816          0          0          0          0
1717850247         66        254           85857           18329          0          0          0          0
1717850257          0        198               0           13891          0          0          0          0
1717850267          2        212             132           14466          0          0          0          0
1717850277          0        193               0           12602          0          0          0          0
1717850288          0        275               0           19404          0          0          0          0
1717850298          0        213               0           14808          0          0          0          0
1717850308          0        158               0           10494          0          0          0          0
1717850318          0        171               0           11196          0          0          0          0
1717850328          7        365             658           24412          0          0          0          0
1717850339          0        223               0           14810          0          0          0          0
1717850349          0        237               0           16482          0          0          0          0
1717850359          0        187               0           12078          0          0          0          0
1717850369          0        164               0           11088          0          0          0          0
1717850379          0        166               0           10896          0          0          0          0
1717850390          8        169             664           11404          0          0          0          0
1717850400          0        209               0           13918          0          0          0          0
1717850410          2       5510             210          333414          0          0          0          0
1717850420          0        252               0           18760          0          0          0          0
1717850430          0        136               0            9850          0          0          0          0
1717850441          0        172               0           12868          0          0          0          0
1717850451          0        163               0           12016          0          0          0          0
1717850461          0        226               0           17148          0          0          0          0
1717850471          0        187               0           13612          0          0          0          0
1717850481          0        211               0           15468          0          0          0          0
1717850491          0        154               0           10904          0          0          0          0
1717850502          0        250               0           19342          0          0          0          0
1717850512          0        235               0           18286          0          0          0          0
1717850522          0        267               0           20726          0          0          0          0
1717850532          0        296               0           22518          0          0          0          0
1717850542         66        206           85932           15475          0          0          0          0
1717850553          0        282               0           21496          0          0          0          0
1717850563          0        272               0           21364          0          0          0          0
1717850573          0        210               0           16318          0          0          0          0
1717850583          0        112               0            7994          0          0          0          0
1717850593          1        145              90           10186          0          0          0          0
1717850603          0        185               0           12920          0          0          0          0
1717850614          0        148               0           10102          0          0          0          0
1717850624          0        215               0           14486          0          0          0          0
1717850634          0        433               0           27150          0          0          0          0
1717850644          0        244               0           14848          0          0          0          0
1717850654          0        163               0           10768          0          0          0          0
1717850665          1        275              90           17258          0          0          0          0
1717850675          0        403               0           25506          0          0          0          0
1717850685          0        441               0           27758          0          0          0          0
1717850695          0        549               0           33670          0          0          0          0
1717850705          0        231               0           14562          0          0          0          0
1717850716          0        703               0           45170          0          0          0          0
1717850726          1        357              90           24752          0          0          0          0
1717850736          0       1339               0           81952          0          0          0          0
1717850746          0        333               0           22164          0          0          0          0
1717850756          0        309               0           20412          0          0          0          0
1717850766          0        312               0           20332          0          0          0          0
1717850777          0        419               0           26856          0          0          0          0
1717850787          0        634               0           39210          0          0          0          0
1717850797          0        518               0           34538          0          0          0          0
1717850807         11        337            1010           21610          0          0          0          0
1717850817          0        459               0           29256          0          0          0          0
1717850827          0        279               0           18872          0          0          0          0
1717850838         66        711           85996           45547          0          0          0          0
1717850848          0        994               0           63332          0          0          0          0
1717850858          0        602               0           38980          0          0          0          0
1717850868          0        322               0           22586          0          0          0          0
1717850878          0        353               0           24180          0          0          0          0
1717850888          0        312               0           20982          0          0          0          0
1717850899          0        354               0           23710          0          0          0          0
1717850909          1        447              42           29870          0          0          0          0
1717850919          6        319             616           21150          0          0          0          0
1717850929          1        378              42           24604          0          0          0          0
1717850939          0        223               0           14316          0          0          0          0
1717850949          0        289               0           19888          0          0          0          0
1717850960          0        185               0           12114          0          0          0          0
1717850970          0        235               0           16232          0          0          0          0
1717850980          0        224               0           14948          0          0          0          0
1717850990          0        273               0           18330          0          0          0          0
1717851000          0        209               0           13814          0          0          0          0
1717851010          2       5347             211          324076          0          0          0          0
1717851021          0        117               0            7956          0          0          0          0
1717851031          0        184               0           13640          0          0          0          0
1717851041          0        236               0           16942          0          0          0          0
1717851051          0        214               0           14192          0          0          0          0
1717851061          0        238               0           15970          0          0          0          0
1717851071          0        264               0           18336          0          0          0          0
1717851081          0        202               0           13680          0          0          0          0
1717851092          0        189               0           13134          0          0          0          0
1717851102          0        208               0           14612          0          0          0          0
1717851112          0        253               0           17728          0          0          0          0
1717851122          0        196               0           12644          0          0          0          0
1717851132          0        264               0           18544          0          0          0          0
1717851142         66        303           86076           22789          0          0          0          0
1717851153          0        194               0           13356          0          0          0          0
1717851163          0        231               0           16746          0          0          0          0
1717851173          0        181               0           12238          0          0          0          0
1717851183          0        216               0           14390          0          0          0          0
1717851193          0        215               0           14434          0          0          0          0
1717851203          0        235               0           15868          0          0          0          0
1717851214          0        163               0           10716          0          0          0          0
1717851224          0        233               0           14578          0          0          0          0
1717851234          0        237               0           16040          0          0          0          0
1717851244          0        185               0           12218          0          0          0          0
1717851254          0        265               0           18240          0          0          0          0
1717851264          0        244               0           16486          0          0          0          0
1717851275          0        267               0           19634          0          0          0          0
1717851285          0        243               0           17934          0          0          0          0
1717851295          0        168               0           11588          0          0          0          0
1717851305          0        198               0           13830          0          0          0          0
1717851315          0        220               0           14942          0          0          0          0
1717851325          2        438             132           29482          0          0          0          0
1717851336          0        785               0           50800          0          0          0          0
1717851346          0        644               0           41882          0          0          0          0
1717851356         31        712            5811           51919          0          0          0          0
1717851366          0        600               0           40212          0          0          0          0
1717851376          0       2500               0          153458          0          0          0          0
1717851386          0       1876               0          115576          0          0          0          0
1717851397          0        203               0           14676          0          0          0          0
1717851407          0        821               0           52432          0          0          0          0
1717851417          2        394             108           25518          0          0          0          0
1717851427          0        471               0           30226          0          0          0          0
1717851437         66       1934           86320          120109          0          0          0          0
1717851448          0       1763               0          109620          0          0          0          0
1717851458          0        626               0           41564          0          0          0          0
1717851468          2        852             108           52738          0          0          0          0
1717851478          0        873               0           54668          0          0          0          0
1717851489          0       1032               0           65378          0          0          0          0
1717851499          0        448               0           29064          0          0          0          0
1717851509          0       1019               0           63064          0          0          0          0
1717851519          6        459             616           31768          0          0          0          0
1717851529          2        503             108           35204          0          0          0          0
1717851539          1        504              42           33828          0          0          0          0
1717851550          0        390               0           27950          0          0          0          0
1717851560          0        273               0           19292          0          0          0          0
1717851570          0        341               0           23112          0          0          0          0
1717851580          0        367               0           26778          0          0          0          0
1717851590          1        870              66           55898          0          0          0          0
1717851601          1        340              42           25164          0          0          0          0
1717851611          1       2953             169          178818          0          0          0          0
1717851621          0        688               0           45518          0          0          0          0
1717851631          0        483               0           31970          0          0          0          0
1717851641          0       1075               0           67308          0          0          0          0
1717851651          3        939             174           59189          0          0          0          0
1717851662          5       4502             864          272916          0          0          0          0
1717851672          0        403               0           24872          0          0          0          0
1717851682          0        314               0           20660          0          0          0          0
1717851692          0        222               0           15296          0          0          0          0
1717851702          0        204               0           12994          0          0          0          0
1717851712          0        217               0           15282          0          0          0          0
1717851722          0        228               0           16150          0          0          0          0
1717851733          0        214               0           15492          0          0          0          0
1717851743         66        180           86400           13635          0          0          0          0
1717851753          1        331              90           25870          0          0          0          0
1717851763          0        160               0           11576          0          0          0          0
1717851773          0        132               0            8778          0          0          0          0
1717851783          0        198               0           13934          0          0          0          0
1717851794          0        184               0           13640          0          0          0          0
1717851804          0        134               0            9730          0          0          0          0
1717851814          0        201               0           15414          0          0          0          0
1717851824          1        329              90           22578          0          0          0          0
1717851834          0        227               0           15336          0          0          0          0
1717851844          0        182               0           13026          0          0          0          0
1717851855          0        157               0           11136          0          0          0          0
1717851865          0        142               0            9638          0          0          0          0
1717851875          0        106               0            7062          0          0          0          0
1717851885          1        172              90           13080          0          0          0          0
1717851895          0        114               0            8036          0          0          0          0
1717851905          0        169               0           11622          0          0          0          0
1717851915          0        229               0           16886          0          0          0          0
1717851926          0        187               0           13638          0          0          0          0
1717851936          0        120               0            8318          0          0          0          0
1717851946          0         84               0            5326          0          0          0          0
1717851956          0         84               0            5300          0          0          0          0
1717851966          0        126               0            7742          0          0          0          0
1717851976          0        125               0            7838          0          0          0          0
1717851987          0        129               0            8338          0          0          0          0
1717851997          0        187               0           13430          0          0          0          0
1717852007          0        115               0            7862          0          0          0          0
1717852017          0         78               0            4888          0          0          0          0
1717852027          0        112               0            7006          0          0          0          0
1717852037         65        152           86440            9947          0          0          0          0
1717852048          1        158              42           10494          0          0          0          0
1717852058          0        146               0           10346          0          0          0          0
1717852068          0        128               0            9110          0          0          0          0
1717852078          0        132               0            9610          0          0          0          0
1717852088          0        152               0           11096          0          0          0          0
1717852098          0        182               0           12792          0          0          0          0
1717852109          0        194               0           13720          0          0          0          0
1717852119          6        228             616           16270          0          0          0          0
1717852129          1        235              42           15582          0          0          0          0
1717852139          0        172               0           12582          0          0          0          0
1717852149          0        123               0            8628          0          0          0          0
1717852159          0        117               0            7800          0          0          0          0
1717852170          0        154               0           10176          0          0          0          0
1717852180          0        200               0           13924          0          0          0          0
1717852190          0        153               0            9596          0          0          0          0
1717852200          0        155               0           10964          0          0          0          0
1717852210          2       7122             211          428496          0          0          0          0
1717852220          0        607               0           38396          0          0          0          0
1717852231          0        512               0           33190          0          0          0          0
1717852241          0        994               0           59978          0          0          0          0
1717852251          0        141               0            9604          0          0          0          0
1717852261          0        263               0           16482          0          0          0          0
1717852271          6        162             492           10162          0          0          0          0
1717852281          0        435               0           27036          0          0          0          0
1717852292          1        470              42           29786          0          0          0          0
1717852302          0        369               0           23310          0          0          0          0
1717852312          0        187               0           12754          0          0          0          0
1717852322          0        383               0           24514          0          0          0          0
1717852332          5        101             430            6346          0          0          0          0
1717852342         67        843           86650           52263          0          0          0          0
1717852353          4        492             344           29782          0          0          0          0
1717852363          1        543              86           34772          0          0          0          0
1717852373          3        224             258           14966          0          0          0          0
1717852383          0        264               0           18310          0          0          0          0
1717852393          0       1069               0           65076          0          0          0          0
1717852404          2       1089             132           69348          0          0          0          0
1717852414          0        150               0           10196          0          0          0          0
1717852424          0        510               0           32758          0          0          0          0
1717852434          0        246               0           17126          0          0          0          0
1717852444          0        248               0           18580          0          0          0          0
1717852454          0        113               0            7500          0          0          0          0
1717852465          0        141               0           10280          0          0          0          0
1717852475          0        162               0           11228          0          0          0          0
1717852485          0        235               0           15608          0          0          0          0
1717852495          0        265               0           17512          0          0          0          0
1717852505          0        228               0           14564          0          0          0          0
1717852515         31        218           34626           15079          0          0          0          0
1717852526          1        251              42           17088          0          0          0          0
1717852536          0        202               0           13732          0          0          0          0
1717852546          0        244               0           16720          0          0          0          0
1717852556          0        242               0           15794          0          0          0          0
1717852566          0        241               0           15188          0          0          0          0
1717852576          0        197               0           12106          0          0          0          0
1717852586          0        193               0           12360          0          0          0          0
1717852597          0        202               0           13316          0          0          0          0
1717852607          0        161               0            9920          0          0          0          0
1717852617          0        213               0           13950          0          0          0          0
1717852627          0        263               0           17340          0          0          0          0
1717852637         28        270           30666           18499          0          0          0          0
1717852647          1        271              42           18990          0          0          0          0
1717852658          0        210               0           13822          0          0          0          0
1717852668          0        216               0           15118          0          0          0          0
1717852678          0        211               0           14012          0          0          0          0
1717852688          0        277               0           18674          0          0          0          0
1717852698          0        245               0           16338          0          0          0          0
1717852708          0        270               0           18748          0          0          0          0
1717852719          6        267             616           17258          0          0          0          0
1717852729          1        384              42           26732          0          0          0          0
1717852739          0        202               0           13818          0          0          0          0
1717852749          0        251               0           17002          0          0          0          0
1717852759          0        353               0           24040          0          0          0          0
1717852769          0        358               0           22910          0          0          0          0
1717852780          0        223               0           14394          0          0          0          0
1717852790          0        809               0           51010          0          0          0          0
1717852800          0        220               0           14318          0          0          0          0
1717852810          2       5220             211          314454          0          0          0          0
1717852820          0        680               0           43530          0          0          0          0
1717852830          0        467               0           29476          0          0          0          0
1717852841          0       1072               0           66712          0          0          0          0
1717852851          0        150               0           10638          0          0          0          0
1717852861          0        354               0           24386          0          0          0          0
1717852871          0        172               0           11438          0          0          0          0
1717852881          0        488               0           30996          0          0          0          0
1717852891          0        486               0           30694          0          0          0          0
1717852902          0        383               0           24644          0          0          0          0
1717852912          0        128               0            8898          0          0          0          0
1717852922          0        420               0           26738          0          0          0          0
1717852932          1        182              90           13264          0          0          0          0
1717852943         29       1177           30793           72425          0          0          0          0
1717852953          0        260               0           17394          0          0          0          0
1717852963          0        507               0           32422          0          0          0          0
1717852974          0        196               0           13736          0          0          0          0
1717852984          0        262               0           18996          0          0          0          0
1717852994          1       1034              90           65294          0          0          0          0
1717853004          0        187               0           14002          0          0          0          0
1717853014          0        167               0           11328          0          0          0          0
1717853024          6        380             492           25262          0          0          0          0
1717853035          4        202             328           13906          0          0          0          0
1717853045         18        197            1540           13406          0          0          0          0
1717853055         10        207             860           13148          0          0          0          0
1717853065          1        205              90           13266          0          0          0          0
1717853075          0        205               0           13158          0          0          0          0
1717853085          0        199               0           12382          0          0          0          0
1717853096          0        241               0           15266          0          0          0          0
1717853106          0        169               0           10452          0          0          0          0
1717853116          0        163               0            9962          0          0          0          0
1717853126          0        207               0           13902          0          0          0          0
1717853136          0        211               0           13882          0          0          0          0
1717853146          0        159               0            9930          0          0          0          0
1717853157          0        229               0           14468          0          0          0          0
1717853167          0        203               0           12570          0          0          0          0
1717853177          0        178               0           11044          0          0          0          0
1717853187          0        170               0           11058          0          0          0          0
1717853197          0        177               0           11816          0          0          0          0
1717853207          0        227               0           15492          0          0          0          0
1717853218          0        280               0           19218          0          0          0          0
1717853228          0        231               0           15420          0          0          0          0
1717853238         28        246           30834           17241          0          0          0          0
1717853248          1        249              42           17202          0          0          0          0
1717853258          0        225               0           15216          0          0          0          0
1717853268          0        240               0           16662          0          0          0          0
1717853279          0        210               0           13804          0          0          0          0
1717853289          0        324               0           23072          0          0          0          0
1717853299          1        227              78           15206          0          0          0          0
1717853309          4        246             336           17204          0          0          0          0
1717853319          6        236             616           15632          0          0          0          0
1717853329          1        343              42           22660          0          0          0          0
1717853340          0        257               0           17448          0          0          0          0
1717853350          0        274               0           18624          0          0          0          0
1717853360          0        256               0           17700          0          0          0          0
1717853370          0        246               0           17620          0          0          0          0
1717853380          0        242               0           17406          0          0          0          0
1717853390          0        254               0           17866          0          0          0          0
1717853400          0        200               0           12832          0          0          0          0
1717853411          2       5228             211          316130          0          0          0          0
1717853421          0        163               0           11340          0          0          0          0
1717853431          0        156               0           11206          0          0          0          0
1717853441          0        164               0           11868          0          0          0          0
1717853451          0        109               0            7632          0          0          0          0
1717853461          0        172               0           12374          0          0          0          0
1717853472          1        166              90           11810          0          0          0          0
1717853482          1        213              42           15016          0          0          0          0
1717853492          0        161               0           11610          0          0          0          0
1717853502          0        111               0            7674          0          0          0          0
1717853512          0         92               0            6560          0          0          0          0
1717853522          0        121               0            8482          0          0          0          0
1717853533         22        164            4007           14112          0          0          0          0
