      time tx_packets rx_packets        tx_bytes        rx_bytes  tx_errors tx_dropped rx_frame_errors rx_crc_errors
1717837437          0         60               0            4042          0          0          0          0
1717837447         16        343            2134           24757          0          0          0          0
1717837457        134        435           14097          222332          0          0          0          0
1717837468         58        327            5977           86554          0          0          0          0
1717837478          4        198             336           13960          0          0          0          0
1717837488          6        252             500           17902          0          0          0          0
1717837498         14        232            1204           15948          0          0          0          0
1717837508          9        209             774           14126          0          0          0          0
1717837519         24        256            2048           19400          0          0          0          0
1717837529         21        240            1778           16172          0          0          0          0
1717837539         68        271            5848           19796          0          0          0          0
1717837550         65        277            5590           19974          0          0          0          0
1717837560         37        308            3182           22224          0          0          0          0
1717837570         16        167            1376           10826          0          0          0          0
1717837583         20        467            1720           32570          0          0          0          0
1717837593          3        166             258           10272          0          0          0          0
1717837604         10        176             836           11522          0          0          0          0
1717837614         22        189            1892           12302          0          0          0          0
1717837625          6        177             516           10906          0          0          0          0
1717837635         41        220            3526           15358          0          0          0          0
1717837645         43        177           42280           12625          0          0          0          0
1717837656         17        193            1462           12802          0          0          0          0
1717837666          3        196             258           12644          0          0          0          0
1717837677         18        191            1540           12908          0          0          0          0
1717837687          2        232             156           15064          0          0          0          0
1717837697          0        133               0            8500          0          0          0          0
1717837708          0        244               0           16278          0          0          0          0
1717837718          7        369             658           23638          0          0          0          0
1717837729          0        195               0           12532          0          0          0          0
1717837739          0        187               0           12416          0          0          0          0
1717837749          0        218               0           14198          0          0          0          0
1717837759          0        190               0           12414          0          0          0          0
1717837770          0        148               0            9634          0          0          0          0
1717837780          0        183               0           12748          0          0          0          0
1717837791          0        261               0           17870          0          0          0          0
1717837801          1        727             170           45670          0          0          0          0
1717837811          1       3013              42          182246          0          0          0          0
1717837821          0        204               0           14346          0          0          0          0
1717837832          0        179               0           13886          0          0          0          0
1717837842          0        177               0           12882          0          0          0          0
1717837852          0        332               0           22780          0          0          0          0
1717837863          0        312               0           22490          0          0          0          0
1717837873          0        291               0           21724          0          0          0          0
1717837883          0        301               0           21206          0          0          0          0
1717837894          0        234               0           16926          0          0          0          0
1717837904          0        228               0           16878          0          0          0          0
1717837914          0        267               0           19530          0          0          0          0
1717837924          0        284               0           19796          0          0          0          0
1717837935          0        261               0           19144          0          0          0          0
1717837945         43        367           45498           28067          0          0          0          0
1717837955          2        310             172           22864          0          0          0          0
1717837966          0        267               0           19998          0          0          0          0
1717837976          3        219             242           15844          0          0          0          0
1717837986          5        241             422           16072          0          0          0          0
1717837997          6        218             516           15082          0          0          0          0
1717838007          4        272             344           20385          0          0          0          0
1717838017          1        726              86           44834          0          0          0          0
1717838027          0        326               0           22888          0          0          0          0
1717838038          0        559               0           35412          0          0          0          0
1717838048          0        333               0           22346          0          0          0          0
1717838058          2        316             172           22018          0          0          0          0
1717838069          0        375               0           25986          0          0          0          0
1717838079          0        343               0           25312          0          0          0          0
1717838089          0        826               0           53824          0          0          0          0
1717838099          0        305               0           21420          0          0          0          0
1717838110          0        314               0           21804          0          0          0          0
1717838120          0        725               0           45450          0          0          0          0
1717838130          0        409               0           27322          0          0          0          0
1717838141          1       1016              42           62598          0          0          0          0
1717838151          0        223               0           15460          0          0          0          0
1717838161          0        353               0           23156          0          0          0          0
1717838171          0        435               0           28596          0          0          0          0
1717838182          0        623               0           38732          0          0          0          0
1717838192          0        474               0           30000          0          0          0          0
1717838202          0        541               0           34436          0          0          0          0
1717838212          0        253               0           17962          0          0          0          0
1717838223          0       1111               0           69728          0          0          0          0
1717838233          0        221               0           15470          0          0          0          0
1717838243         40       1313           47889           80753          0          0          0          0
1717838254          0        321               0           20534          0          0          0          0
1717838264          0        457               0           28720          0          0          0          0
1717838274          2        241             132           16310          0          0          0          0
1717838284          0        167               0           11112          0          0          0          0
1717838295          0        228               0           15422          0          0          0          0
1717838305          0        173               0           11732          0          0          0          0
1717838315          6        302             616           19774          0          0          0          0
1717838325          1        249              42           16604          0          0          0          0
1717838336          0        215               0           15006          0          0          0          0
1717838346          0        171               0           11404          0          0          0          0
1717838356          0        122               0            7944          0          0          0          0
1717838367          0        124               0            8740          0          0          0          0
1717838377          0        189               0           13004          0          0          0          0
1717838387          1        126              78            8652          0          0          0          0
1717838397          3        158             242           11396          0          0          0          0
1717838408          3       5885             296          354978          0          0          0          0
1717838418          8        187             664           14444          0          0          0          0
1717838428          2        195             164           14300          0          0          0          0
1717838444         43        362            3690           26236          0          0          0          0
1717838454         19        216            1634           14910          0          0          0          0
1717838465          0        230               0           14320          0          0          0          0
1717838475          3        243             242           16210          0          0          0          0
1717838485          0        223               0           15096          0          0          0          0
1717838495          0        156               0            9646          0          0          0          0
1717838506          0        222               0           14646          0          0          0          0
1717838516          0        220               0           14422          0          0          0          0
1717838526          0        161               0           10336          0          0          0          0
1717838537         11        223           50618           14915          0          0          0          0
1717838547         35        184              84           11430          0          0          0          0
1717838557          1        171              90           10940          0          0          0          0
1717838567          0        181               0           12004          0          0          0          0
1717838578          0        225               0           14930          0          0          0          0
1717838592          0        241               0           15318          0          0          0          0
1717838603          0        212               0           13864          0          0          0          0
1717838613          0        491               0           29798          0          0          0          0
1717838623          1        292              90           17810          0          0          0          0
1717838638          0        297               0           19744          0          0          0          0
1717838652          0        307               0           21306          0          0          0          0
1717838662          0        177               0           11062          0          0          0          0
1717838672          0        180               0           11034          0          0          0          0
1717838683          1        642              90           51810          0          0          0          0
1717838693          0        697               0           56484          0          0          0          0
1717838703          2        924             156           75226          0          0          0          0
1717838714          4        712             336           57332          0          0          0          0
1717838724         21        761            1806           62434          0          0          0          0
1717838734          5        837             430           66908          0          0          0          0
1717838746          4       1079             344           81874          0          0          0          0
1717838756          0        753               0           57946          0          0          0          0
1717838767          0        752               0           60226          0          0          0          0
1717838777          0        595               0           47166          0          0          0          0
1717838787          0        684               0           55236          0          0          0          0
1717838798          0        673               0           53536          0          0          0          0
1717838808          0        720               0           58540          0          0          0          0
1717838818          0        714               0           58024          0          0          0          0
1717838828          0        709               0           57230          0          0          0          0
1717838839         43        627           50243           49739          0          0          0          0
1717838849          4        619             292           49170          0          0          0          0
1717838859          0        697               0           55236          0          0          0          0
1717838870          0        571               0           44738          0          0          0          0
1717838880          4        739             344           60304          0          0          0          0
1717838890          3        498             258           39786          0          0          0          0
1717838900          2        583             172           45536          0          0          0          0
1717838911          0        409               0           31664          0          0          0          0
1717838921         12        727            1088           51488          0          0          0          0
1717838931          5        477             430           37304          0          0          0          0
1717838942          0        349               0           26530          0          0          0          0
1717838952          0        357               0           27478          0          0          0          0
1717838962          0        374               0           27822          0          0          0          0
1717838973          1        286              86           20644          0          0          0          0
1717838983          3        201             258           14322          0          0          0          0
1717838993          0        340               0           25418          0          0          0          0
1717839003         20       3356            1803          205344          0          0          0          0
1717839014          1         99              42            6746          0          0          0          0
1717839024          0        118               0            8224          0          0          0          0
1717839034          0        221               0           14586          0          0          0          0
1717839045          0        148               0           10024          0          0          0          0
1717839055          0        189               0           12484          0          0          0          0
1717839065          0        401               0           25724          0          0          0          0
1717839075          0        597               0           38238          0          0          0          0
1717839086          0        657               0           42782          0          0          0          0
1717839096          0        659               0           41014          0          0          0          0
1717839106          0        251               0           16490          0          0          0          0
1717839116          1       1065              78           67358          0          0          0          0
1717839127          9        292             726           18170          0          0          0          0
1717839137         45        656           50635           41079          0          0          0          0
1717839147          0        918               0           57576          0          0          0          0
1717839158          1        464              86           28152          0          0          0          0
1717839168          3        197             258           12522          0          0          0          0
1717839178          0        230               0           14892          0          0          0          0
1717839189          2        241             172           15942          0          0          0          0
1717839199          2        986             172           72914          0          0          0          0
1717839209          0       1587               0          111912          0          0          0          0
1717839219          0       1273               0           93670          0          0          0          0
1717839230          3        964             258           75390          0          0          0          0
1717839240          1       1059              86           80608          0          0          0          0
1717839250          2       1067             172           83950          0          0          0          0
1717839261          6       1068             516           87428          0          0          0          0
1717839271          3        842             234           66736          0          0          0          0
1717839281         49        747            4214           60524          0          0          0          0
1717839292          0       1320               0           95294          0          0          0          0
1717839302          1        750              90           60968          0          0          0          0
1717839312          5        847             362           69020          0          0          0          0
1717839323         21        876            1806           71696          0          0          0          0
1717839333          5        866             430           71200          0          0          0          0
1717839343          3        531             258           42772          0          0          0          0
1717839353          0        632               0           51414          0          0          0          0
1717839364          0        647               0           51768          0          0          0          0
1717839374          0        483               0           38860          0          0          0          0
1717839384          1        456              42           35576          0          0          0          0
1717839395          0        493               0           39044          0          0          0          0
1717839405          0        492               0           38802          0          0          0          0
1717839415          5        506             406           40318          0          0          0          0
1717839425          1        449              86           34506          0          0          0          0
1717839436          0        455               0           35594          0          0          0          0
1717839446         42        399           50454           30579          0          0          0          0
1717839456          0        297               0           21564          0          0          0          0
1717839467          0        255               0           18550          0          0          0          0
1717839477          4        201             344           14140          0          0          0          0
1717839487          2        239             172           16680          0          0          0          0
1717839497          2        263             164           19386          0          0          0          0
1717839508          0        313               0           23070          0          0          0          0
1717839518          7        365             658           22878          0          0          0          0
1717839528          0        177               0           11686          0          0          0          0
1717839539          0        124               0            8558          0          0          0          0
1717839549          8        133             640            8856          0          0          0          0
1717839559          3        150             258           10040          0          0          0          0
1717839570          7        101             602            6632          0          0          0          0
1717839580          4        148             344            9946          0          0          0          0
1717839590          0        127               0            8244          0          0          0          0
1717839600          6        192             508           14242          0          0          0          0
1717839611          5       7511             453          451732          0          0          0          0
1717839621         22        212            1892           14618          0          0          0          0
1717839631         22        108            1892            7650          0          0          0          0
1717839642         24        153            2064           10350          0          0          0          0
1717839652          4        275             344           18814          0          0          0          0
1717839662          4        175             344           11098          0          0          0          0
1717839672          0        240               0           15414          0          0          0          0
1717839683          1        250              86           15182          0          0          0          0
1717839693          4        177             344           10828          0          0          0          0
1717839703          6        200             516           12598          0          0          0          0
1717839714          3        207             258           13018          0          0          0          0
1717839724          4        165             344           10134          0          0          0          0
1717839734          6        153             516            9552          0          0          0          0
1717839744         48        184           51058           11919          0          0          0          0
1717839755          7        217             606           13700          0          0          0          0
1717839765          5        187             430           12468          0          0          0          0
1717839775          8        201             688           12450          0          0          0          0
1717839786          3        188             234           12052          0          0          0          0
1717839796          0        178               0           11304          0          0          0          0
1717839806          0        215               0           14330          0          0          0          0
1717839816          1        627              90           38846          0          0          0          0
1717839827          0        319               0           19348          0          0          0          0
1717839837          0        183               0           11760          0          0          0          0
1717839847          0        245               0           16416          0          0          0          0
1717839858          0        195               0           12948          0          0          0          0
1717839868          0        211               0           13674          0          0          0          0
1717839878          0        162               0            9876          0          0          0          0
1717839888          1        182              90           11184          0          0          0          0
1717839899          0        220               0           14786          0          0          0          0
1717839909          0        182               0           11180          0          0          0          0
1717839919          0        163               0           10014          0          0          0          0
1717839929          0        181               0           11952          0          0          0          0
1717839940          0        269               0           18766          0          0          0          0
1717839950          0        229               0           14780          0          0          0          0
1717839960          0        167               0           10618          0          0          0          0
1717839971          0        242               0           16392          0          0          0          0
1717839981          0        169               0           10166          0          0          0          0
1717839991          0        153               0            9310          0          0          0          0
1717840002          0        154               0            9448          0          0          0          0
1717840012          0        200               0           12104          0          0          0          0
1717840022          0        142               0            8598          0          0          0          0
1717840032          0        167               0           10228          0          0          0          0
1717840043         42        201           50625           12877          0          0          0          0
1717840053          6        181             492           12230          0          0          0          0
1717840063          0        135               0            8204          0          0          0          0
1717840074          0        198               0           12036          0          0          0          0
1717840084          0        165               0           10446          0          0          0          0
1717840094          0        139               0            8418          0          0          0          0
1717840104          0        173               0           10510          0          0          0          0
1717840115          6        194             616           11994          0          0          0          0
1717840125          0        359               0           21670          0          0          0          0
1717840135          0        216               0           14338          0          0          0          0
1717840146          0        198               0           11984          0          0          0          0
1717840156          0        193               0           12568          0          0          0          0
1717840166          0        205               0           12456          0          0          0          0
1717840177          0        149               0            9070          0          0          0          0
1717840187          0        129               0            7766          0          0          0          0
1717840197          0        156               0            9386          0          0          0          0
1717840207          2       3969             211          238198          0          0          0          0
1717840218          0         95               0            6142          0          0          0          0
1717840228          0        116               0            7402          0          0          0          0
1717840239          0        119               0            7322          0          0          0          0
1717840250          0        100               0            6208          0          0          0          0
1717840260          0         72               0            4502          0          0          0          0
1717840271          0        128               0            8068          0          0          0          0
1717840281          0        117               0            7022          0          0          0          0
1717840291          0        195               0           11882          0          0          0          0
1717840301          0        243               0           15152          0          0          0          0
1717840312          0        207               0           12992          0          0          0          0
1717840322          0        179               0           10922          0          0          0          0
1717840332          0        384               0           23326          0          0          0          0
1717840343         42       1398           50709           85131          0          0          0          0
1717840353          0       1447               0           87470          0          0          0          0
1717840363         33       1432            6067           91043          0          0          0          0
1717840373          0       1193               0           71918          0          0          0          0
1717840384          1       1335              90           81326          0          0          0          0
1717840394          1       1256              42           77700          0          0          0          0
1717840404          0        244               0           16720          0          0          0          0
1717840415          0        713               0           44496          0          0          0          0
1717840425          2       1657             108          102996          0          0          0          0
1717840435          1       1411              42           86784          0          0          0          0
1717840445          0        140               0           10402          0          0          0          0
1717840456          0        151               0           11088          0          0          0          0
1717840466          0        125               0            8280          0          0          0          0
1717840476          0        166               0           11988          0          0          0          0
1717840486          2        117             108            8196          0          0          0          0
1717840497          0       1022               0           63018          0          0          0          0
1717840507          0       1575               0           96390          0          0          0          0
1717840517          0        852               0           52368          0          0          0          0
1717840528          3        191             234           13072          0          0          0          0
1717840538          5       1151             430           69710          0          0          0          0
1717840548         10        709             788           43500          0          0          0          0
1717840558          2        326             156           20366          0          0          0          0
1717840569         19        245            1626           15524          0          0          0          0
1717840579          1        506              86           32084          0          0          0          0
1717840589          5        496             430           31156          0          0          0          0
1717840600          4        427             324           27758          0          0          0          0
1717840610          1        209              42           15140          0          0          0          0
1717840620          0       1106               0           71430          0          0          0          0
1717840630          0        307               0           20396          0          0          0          0
1717840641         42        856           50792           53709          0          0          0          0
1717840651          0        745               0           48132          0          0          0          0
1717840661          2        522             132           33172          0          0          0          0
1717840672          1        290              42           19896          0          0          0          0
1717840682          0        338               0           24518          0          0          0          0
1717840692          0        242               0           17666          0          0          0          0
1717840702          0       1304               0           81698          0          0          0          0
1717840713          0        295               0           20690          0          0          0          0
1717840723          7        464             658           30872          0          0          0          0
1717840733          0        486               0           31680          0          0          0          0
1717840743          0        463               0           30954          0          0          0          0
1717840754          0        256               0           18272          0          0          0          0
1717840764          0        179               0           11910          0          0          0          0
1717840774          0        286               0           18382          0          0          0          0
1717840785          0        201               0           13308          0          0          0          0
1717840795          0        526               0           33536          0          0          0          0
1717840805          1       3326             169          200008          0          0          0          0
1717840815          1        275              42           17540          0          0          0          0
1717840826          0        167               0           11112          0          0          0          0
1717840836          0        151               0           10776          0          0          0          0
1717840846          0         98               0            6972          0          0          0          0
1717840857          0        144               0            9446          0          0          0          0
1717840867          6       7160             906          429968          0          0          0          0
1717840877          0        135               0            9712          0          0          0          0
1717840888          0        179               0           13011          0          0          0          0
1717840898          0        119               0            8518          0          0          0          0
1717840908          0         86               0            5524          0          0          0          0
1717840918          0        147               0           10692          0          0          0          0
1717840929          0        131               0            8120          0          0          0          0
1717840939         42        422           50919           34791          0          0          0          0
1717840949          1        494              42           39936          0          0          0          0
1717840960          0        804               0           54792          0          0          0          0
1717840970          0        432               0           32394          0          0          0          0
1717840980          0        511               0           38226          0          0          0          0
1717840990          0        458               0           34110          0          0          0          0
1717841001          1        741              90           51172          0          0          0          0
1717841011          0       1207               0           79188          0          0          0          0
1717841021          0        960               0           63624          0          0          0          0
1717841031          0        440               0           31738          0          0          0          0
1717841042          0        808               0           56376          0          0          0          0
1717841052          0        598               0           44486          0          0          0          0
1717841062          3        471             246           34850          0          0          0          0
1717841073          4        503             336           36308          0          0          0          0
1717841083          3        543             258           40432          0          0          0          0
1717841093          1        991              86           66888          0          0          0          0
1717841103          0        365               0           27540          0          0          0          0
1717841114          0        476               0           35018          0          0          0          0
1717841124          0        916               0           60568          0          0          0          0
1717841134          0       1362               0           88272          0          0          0          0
1717841145          0        360               0           25708          0          0          0          0
1717841155          0        465               0           35422          0          0          0          0
1717841165          0        503               0           35268          0          0          0          0
1717841175          0        567               0           38414          0          0          0          0
1717841186          0        731               0           48098          0          0          0          0
1717841196          0        446               0           32376          0          0          0          0
1717841206          0        318               0           23500          0          0          0          0
1717841217          0        336               0           23904          0          0          0          0
1717841227          0        352               0           26034          0          0          0          0
1717841237         42        341           51147           25629          0          0          0          0
1717841247          1        421              42           31708          0          0          0          0
1717841258          0        266               0           18352          0          0          0          0
1717841268          0        241               0           16124          0          0          0          0
1717841278          0        300               0           20713          0          0          0          0
1717841289          0        312               0           22490          0          0          0          0
1717841299          0        273               0           19708          0          0          0          0
1717841309          0        205               0           13574          0          0          0          0
1717841320          6        457             616           30088          0          0          0          0
1717841330          1        254              42           15968          0          0          0          0
1717841340          0        218               0           14614          0          0          0          0
1717841350          0        186               0           12096          0          0          0          0
1717841361          1        161              78           10778          0          0          0          0
1717841371          6        223             500           15270          0          0          0          0
1717841381          0        640               0           50646          0          0          0          0
1717841392          1       1182              86           97440          0          0          0          0
1717841402          3       5503             298          353040          0          0          0          0
1717841412          0       1280               0          107376          0          0          0          0
1717841422          1        944              90           79290          0          0          0          0
1717841433          0       1513               0          127284          0          0          0          0
1717841443          0       1064               0           88592          0          0          0          0
1717841453          0        936               0           77246          0          0          0          0
1717841464          0       1066               0           89492          0          0          0          0
1717841474          0        988               0           82472          0          0          0          0
1717841484          0       1122               0           94828          0          0          0          0
1717841494          0        965               0           81404          0          0          0          0
1717841505          0       1310               0          111178          0          0          0          0
1717841515          0       1107               0           92654          0          0          0          0
1717841525          0       1188               0          100114          0          0          0          0
1717841536          0       1523               0          128352          0          0          0          0
1717841546         46       1040           52210           87649          0          0          0          0
1717841556          3       1282             250          108190          0          0          0          0
1717841566          1       1150              86           96638          0          0          0          0
1717841577          0       1046               0           84548          0          0          0          0
1717841587          0        837               0           65846          0          0          0          0
1717841597          0        929               0           70456          0          0          0          0
1717841608          0        794               0           63552          0          0          0          0
1717841618          0       1164               0           88924          0          0          0          0
1717841628          0        899               0           72360          0          0          0          0
1717841638          0        686               0           53966          0          0          0          0
1717841649          0        606               0           47280          0          0          0          0
1717841659          0        524               0           41060          0          0          0          0
1717841669          0        641               0           51044          0          0          0          0
1717841680          0        797               0           64278          0          0          0          0
1717841690          0        740               0           59974          0          0          0          0
1717841700          0        339               0           24864          0          0          0          0
1717841710          0        318               0           22226          0          0          0          0
1717841721          0        220               0           15332          0          0          0          0
1717841731          0        249               0           16214          0          0          0          0
1717841741          0        284               0           20186          0          0          0          0
1717841752          0        254               0           18022          0          0          0          0
1717841762          0        245               0           17456          0          0          0          0
1717841773          0        272               0           18452          0          0          0          0
1717841783          0        296               0           20880          0          0          0          0
1717841794          0        305               0           21394          0          0          0          0
1717841805          0        308               0           22380          0          0          0          0
1717841815          0        270               0           19372          0          0          0          0
1717841825          0        317               0           23726          0          0          0          0
1717841836          0        284               0           20212          0          0          0          0
1717841846         44        269           52825           18769          0          0          0          0
1717841856          0        252               0           17122          0          0          0          0
1717841867          0        339               0           24422          0          0          0          0
1717841877          0        231               0           16304          0          0          0          0
1717841887          0        296               0           20334          0          0          0          0
1717841897          1        525              42           35200          0          0          0          0
1717841908          0       1254               0           76298          0          0          0          0
1717841918          6        555             616           35916          0          0          0          0
1717841928          1        334              42           21938          0          0          0          0
1717841939          0        537               0           33520          0          0          0          0
1717841949          0        262               0           16448          0          0          0          0
1717841959          0        282               0           19208          0          0          0          0
1717841969          0        334               0           21028          0          0          0          0
1717841980          0        273               0           17654          0          0          0          0
1717841990          0        770               0           47188          0          0          0          0
1717842000          0        215               0           14200          0          0          0          0
1717842011          3       4884             426          294456          0          0          0          0
1717842021          6        564             492           34906          0          0          0          0
1717842031          5        297             422           18028          0          0          0          0
1717842041         37        950            3166           57988          0          0          0          0
1717842052          6        161             516           10700          0          0          0          0
1717842062          2        295             172           18454          0          0          0          0
1717842072         11        317             922           19990          0          0          0          0
1717842083          6        340             516           20964          0          0          0          0
1717842093          6        390             492           24068          0          0          0          0
1717842103          3        366             262           23368          0          0          0          0
1717842113          6        127             516            8712          0          0          0          0
1717842124         13        154            1118           10696          0          0          0          0
1717842134          9        200             774           14730          0          0          0          0
1717842144         64        162           54625           11601          0          0          0          0
1717842155          6        103             516            6830          0          0          0          0
1717842165         17        116            1466            7380          0          0          0          0
1717842175         11        118             946            7782          0          0          0          0
1717842185         11        100             946            6312          0          0          0          0
1717842196         12         91            1032            5790          0          0          0          0
1717842206         10        106             852            7348          0          0          0          0
1717842216          7        268             602           16712          0          0          0          0
1717842227          4        231             344           14320          0          0          0          0
1717842237          1        243              90           15494          0          0          0          0
1717842247          0        222               0           14698          0          0          0          0
1717842258          0        261               0           17506          0          0          0          0
1717842268          0        234               0           16354          0          0          0          0
1717842278          0        176               0           11158          0          0          0          0
1717842289          0        394               0           29880          0          0          0          0
1717842299          0        493               0           37536          0          0          0          0
1717842309          0        457               0           34292          0          0          0          0
1717842320          0        444               0           33652          0          0          0          0
1717842330          0        466               0           35916          0          0          0          0
1717842340          0        433               0           33113          0          0          0          0
1717842350          0        430               0           33080          0          0          0          0
1717842361          0        418               0           31294          0          0          0          0
1717842371          0        366               0           27550          0          0          0          0
1717842381          0        361               0           26860          0          0          0          0
1717842392          0        397               0           29696          0          0          0          0
1717842402          0        434               0           33190          0          0          0          0
1717842412          0        380               0           29543          0          0          0          0
1717842422          0        379               0           29344          0          0          0          0
1717842433          0        350               0           25576          0          0          0          0
1717842443         48        565           53307           44667          0          0          0          0
1717842453          2        738             172           59038          0          0          0          0
1717842464          0        603               0           47474          0          0          0          0
1717842474          2        639             132           50658          0          0          0          0
1717842484          0        549               0           42726          0          0          0          0
1717842495          0        628               0           48938          0          0          0          0
1717842505          0        521               0           41036          0          0          0          0
1717842515          0        399               0           30568          0          0          0          0
1717842525          7        808             658           60493          0          0          0          0
1717842536          0        496               0           39484          0          0          0          0
1717842546          0        554               0           42210          0          0          0          0
1717842556          0        515               0           39922          0          0          0          0
1717842567          0        585               0           45630          0          0          0          0
1717842577          2        536             156           41676          0          0          0          0
1717842587          4        570             336           44782          0          0          0          0
1717842597          0        480               0           37536          0          0          0          0
1717842608          2       5267             212          323410          0          0          0          0
1717842618          0        304               0           23128          0          0          0          0
1717842628          0        477               0           33716          0          0          0          0
1717842639          0        299               0           22542          0          0          0          0
1717842649          0        433               0           33884          0          0          0          0
1717842659          0        384               0           28552          0          0          0          0
1717842669          0        368               0           25954          0          0          0          0
1717842680          0        432               0           32091          0          0          0          0
1717842690          0        371               0           26680          0          0          0          0
1717842700          0        343               0           25572          0          0          0          0
1717842711          0        273               0           19578          0          0          0          0
1717842721          6        323             492           23748          0          0          0          0
1717842731         20        372            1704           27650          0          0          0          0
1717842742         48        282           53415           20693          0          0          0          0
1717842752         19        340            1634           24638          0          0          0          0
1717842762          0        265               0           18292          0          0          0          0
1717842772          0        191               0           12292          0          0          0          0
1717842783          0        192               0           12118          0          0          0          0
1717842793          0        194               0           13486          0          0          0          0
1717842803          0        236               0           16422          0          0          0          0
1717842814          0        257               0           18150          0          0          0          0
1717842824          0        745               0           47534          0          0          0          0
1717842834          0        245               0           16468          0          0          0          0
1717842845          0        268               0           18350          0          0          0          0
1717842855          0        207               0           14180          0          0          0          0
1717842865          0        238               0           16672          0          0          0          0
1717842876          0        300               0           21978          0          0          0          0
1717842886          0        253               0           16948          0          0          0          0
1717842896          0        297               0           21044          0          0          0          0
1717842906          0        312               0           21112          0          0          0          0
1717842917          0        332               0           24496          0          0          0          0
1717842927          1        277              78           19974          0          0          0          0
1717842937          3        339             258           25740          0          0          0          0
1717842948          0        329               0           23588          0          0          0          0
1717842958          0        272               0           18348          0          0          0          0
1717842968          0        256               0           18064          0          0          0          0
1717842979          0        249               0           16968          0          0          0          0
1717842989          2        262             132           18350          0          0          0          0
1717842999          1        167              78           10644          0          0          0          0
1717843009          6        272             500           19388          0          0          0          0
1717843020         12        240            1008           15796          0          0          0          0
1717843030          6        186             516           11966          0          0          0          0
1717843040         45        234           53281           15837          0          0          0          0
1717843051          1        164              42           10360          0          0          0          0
1717843061          3        196             214           12584          0          0          0          0
1717843071          3        170             234           11604          0          0          0          0
1717843081          0        225               0           14514          0          0          0          0
1717843092         32        256            2752           17700          0          0          0          0
1717843102          3        261             258           17818          0          0          0          0
1717843112          0        216               0           14858          0          0          0          0
1717843123          6        399             616           26088          0          0          0          0
1717843133          0        232               0           15480          0          0          0          0
1717843143          0        232               0           14856          0          0          0          0
1717843153          6        231             492           15056          0          0          0          0
1717843164          0        153               0            9414          0          0          0          0
1717843174          4        199             344           12746          0          0          0          0
1717843184          0        181               0           11874          0          0          0          0
1717843195          0        133               0            8248          0          0          0          0
1717843205          2       5001             212          300084          0          0          0          0
1717843215          0        132               0            7998          0          0          0          0
1717843225          0         87               0            5454          0          0          0          0
1717843236          0        177               0           11010          0          0          0          0
1717843246          0        114               0            6952          0          0          0          0
1717843256          0        106               0            6950          0          0          0          0
1717843267          0        113               0            7560          0          0          0          0
1717843277          1        161              90           10912          0          0          0          0
1717843287          0        154               0           10982          0          0          0          0
1717843298          0        167               0           11996          0          0          0          0
1717843308          0        110               0            7172          0          0          0          0
1717843318          0        125               0            8982          0          0          0          0
1717843328          0        168               0           12654          0          0          0          0
1717843339         43        145           53191           10263          0          0          0          0
1717843349          2        175             132           12194          0          0          0          0
1717843359          0        120               0            8136          0          0          0          0
1717843370          0        187               0           13404          0          0          0          0
1717843380          4        124             320            8714          0          0          0          0
1717843390          2        158             172           11690          0          0          0          0
1717843401         21        197            1798           14646          0          0          0          0
1717843411          2        226             168           16268          0          0          0          0
1717843421          0        559               0           37908          0          0          0          0
1717843432          0        356               0           24844          0          0          0          0
1717843442          0        492               0           33030          0          0          0          0
1717843452          0        352               0           24968          0          0          0          0
1717843462          0        245               0           18080          0          0          0          0
1717843473          0        309               0           21296          0          0          0          0
1717843483          0        301               0           21726          0          0          0          0
1717843493          0        747               0           46796          0          0          0          0
1717843504          0        227               0           17104          0          0          0          0
1717843514          0        259               0           17004          0          0          0          0
1717843524          2        651             132           43658          0          0          0          0
1717843534          0       1366               0           86406          0          0          0          0
1717843545          0        290               0           20520          0          0          0          0
1717843555          0        226               0           16966          0          0          0          0
1717843565          0        306               0           19452          0          0          0          0
1717843576          0        369               0           24324          0          0          0          0
1717843586          0        424               0           27234          0          0          0          0
1717843596          0        441               0           28176          0          0          0          0
1717843607          0        320               0           22788          0          0          0          0
1717843617          0        979               0           61106          0          0          0          0
1717843627          0        290               0           21222          0          0          0          0
1717843637         45        622           54244           39351          0          0          0          0
1717843648          1        869              78           54532          0          0          0          0
1717843658          6        521             500           33730          0          0          0          0
1717843668          3        142             258            9248          0          0          0          0
1717843679         36        210            3096           14134          0          0          0          0
1717843689          0        207               0           14396          0          0          0          0
1717843699          0        441               0           27942          0          0          0          0
1717843710          0        675               0           41930          0          0          0          0
1717843720          6        248             616           16352          0          0          0          0
1717843730          1        301              42           20270          0          0          0          0
1717843740          0        487               0           30910          0          0          0          0
1717843751          0        239               0           17278          0          0          0          0
1717843761          0        202               0           13810          0          0          0          0
1717843772          0        185               0           12816          0          0          0          0
1717843782          1        157              78           10330          0          0          0          0
1717843792          4        229             328           16046          0          0          0          0
1717843803          9       5137             790          310116          0          0          0          0
1717843813          1        122              86            8568          0          0          0          0
1717843824          0        232               0           16884          0          0          0          0
1717843834          0        179               0           13522          0          0          0          0
1717843844          4        247             336           19032          0          0          0          0
1717843855          0        280               0           19920          0          0          0          0
1717843865          1        301              86           21050          0          0          0          0
1717843878          3        351             258           25376          0          0          0          0
1717843888          0        255               0           18056          0          0          0          0
1717843899          2        244             172           16434          0          0          0          0
1717843909          5        241             430           17632          0          0          0          0
1717843919          2        237             172           16612          0          0          0          0
1717843930          1        294              86           20630          0          0          0          0
1717843940         50        299           56555           22413          0          0          0          0
1717843950          1        308              42           22380          0          0          0          0
1717843961          0        293               0           21012          0          0          0          0
1717843971          0        262               0           19204          0          0          0          0
1717843981          0        218               0           15576          0          0          0          0
1717843991          0        177               0           11660          0          0          0          0
1717844002          0        782               0           49598          0          0          0          0
1717844012          0       1008               0           63850          0          0          0          0
1717844022         32       1200            5853           78625          0          0          0          0
1717844033          0        876               0           54832          0          0          0          0
1717844043          0        877               0           55584          0          0          0          0
1717844053          1       1313              90           81150          0          0          0          0
1717844064          0        327               0           20998          0          0          0          0
1717844074          0        251               0           19532          0          0          0          0
1717844084          1        250              66           19036          0          0          0          0
1717844094          1        521              42           35160          0          0          0          0
1717844105          2       1563             156           96432          0          0          0          0
1717844115          5       1338             422           82594          0          0          0          0
1717844125         21        261            1790           18962          0          0          0          0
1717844136          0        226               0           16265          0          0          0          0
1717844146          2        904             108           57392          0          0          0          0
1717844156          0        375               0           26816          0          0          0          0
1717844166          0        181               0           13070          0          0          0          0
1717844177          0        243               0           18038          0          0          0          0
1717844187          0        198               0           13804          0          0          0          0
1717844197          0        150               0            9546          0          0          0          0
1717844208          2        215             108           15844          0          0          0          0
1717844218          0        273               0           20566          0          0          0          0
1717844228          0        130               0            8892          0          0          0          0
1717844239         48        225           60045           17363          0          0          0          0
1717844249          1        293              42           22494          0          0          0          0
1717844259          0        192               0           12992          0          0          0          0
1717844270          2        269             108           20212          0          0          0          0
1717844280          0        258               0           18990          0          0          0          0
1717844290          0        216               0           15768          0          0          0          0
1717844301          0        271               0           21226          0          0          0          0
1717844311          0        245               0           18938          0          0          0          0
1717844321         10        307             880           20214          0          0          0          0
1717844331          1        241              42           15760          0          0          0          0
1717844342          0        186               0           12798          0          0          0          0
1717844352          0        201               0           14478          0          0          0          0
1717844362          0        186               0           13890          0          0          0          0
1717844373          0        237               0           15416          0          0          0          0
1717844383          0        197               0           13094          0          0          0          0
1717844393          0        785               0           48894          0          0          0          0
1717844404          2       3241             212          195922          0          0          0          0
1717844414          0        314               0           21968          0          0          0          0
1717844424          0        596               0           37754          0          0          0          0
1717844434          0       1383               0           87478          0          0          0          0
1717844445          1        318              90           23530          0          0          0          0
1717844455          0        240               0           17156          0          0          0          0
1717844465          7       5171             949          312214          0          0          0          0
1717844476          0        536               0           37620          0          0          0          0
1717844486          0        508               0           34354          0          0          0          0
1717844496          0        592               0           41058          0          0          0          0
1717844507          0        336               0           24814          0          0          0          0
1717844517          1        976              90           62386          0          0          0          0
1717844527          0        282               0           20352          0          0          0          0
1717844537         50        688           62859           45063          0          0          0          0
1717844548          0        900               0           56368          0          0          0          0
1717844558          0        525               0           35140          0          0          0          0
1717844568          0        288               0           20608          0          0          0          0
1717844579          3        319             222           21930          0          0          0          0
1717844589          0        307               0           20994          0          0          0          0
1717844599          0        507               0           31902          0          0          0          0
1717844610          0       1127               0           70116          0          0          0          0
1717844620          0        676               0           43914          0          0          0          0
1717844630          2        497             156           33616          0          0          0          0
1717844641          4        490             336           31506          0          0          0          0
1717844651          0        279               0           18222          0          0          0          0
1717844661          2        267             132           18138          0          0          0          0
1717844672          2        214             128           13672          0          0          0          0
1717844682          3        191             258           12266          0          0          0          0
1717844692          0        200               0           13742          0          0          0          0
1717844702          0        237               0           16378          0          0          0          0
1717844713          9        244             750           16096          0          0          0          0
1717844723         35        295            3010           20456          0          0          0          0
1717844733          3        238             258           15918          0          0          0          0
1717844744         26        271            2204           18618          0          0          0          0
1717844754         42        248            3604           17566          0          0          0          0
1717844764         24        239            2064           16282          0          0          0          0
1717844775         23        221            1978           15288          0          0          0          0
1717844785         22        266            1892           18274          0          0          0          0
1717844795          2        221             172           15080          0          0          0          0
1717844806          7        232             602           15498          0          0          0          0
1717844816          3        244             234           17370          0          0          0          0
1717844827          0        235               0           16544          0          0          0          0
1717844838         61        232           66558           16435          0          0          0          0
1717844848          8        275             532           18390          0          0          0          0
1717844858         14        247            1204           17602          0          0          0          0
1717844869          0        308               0           21964          0          0          0          0
1717844879          0        243               0           17206          0          0          0          0
1717844890          0        325               0           24050          0          0          0          0
1717844900          0        269               0           19416          0          0          0          0
1717844910          0        268               0           18368          0          0          0          0
1717844921          6        257             616           16658          0          0          0          0
1717844931          1        326              42           21042          0          0          0          0
1717844941          0        237               0           15806          0          0          0          0
1717844952          4        231             320           16018          0          0          0          0
1717844962          2        168             172           10886          0          0          0          0
1717844972          2        233             172           15722          0          0          0          0
1717844983          5        283             430           19788          0          0          0          0
1717844993          5        305             430           22226          0          0          0          0
1717845003          7       5033             642          304456          0          0          0          0
1717845013          3        174             258           13092          0          0          0          0
1717845024          0        238               0           18284          0          0          0          0
1717845034          0        210               0           15642          0          0          0          0
1717845044          1        219              86           15740          0          0          0          0
1717845055          3        139             258            9848          0          0          0          0
1717845065          4        320             344           24894          0          0          0          0
1717845075          1        233              86           17958          0          0          0          0
1717845085          3        220             258           16788          0          0          0          0
1717845096          1        207              86           15878          0          0          0          0
1717845106          4        198             304           14536          0          0          0          0
1717845116          2        187             172           13456          0          0          0          0
1717845127          1        175              86           12450          0          0          0          0
1717845137         56        281           68333           22289          0          0          0          0
1717845147          1        181              42           13668          0          0          0          0
1717845158          4        175             344           12736          0          0          0          0
1717845168          5        161             414           11940          0          0          0          0
1717845178          2        193             164           13894          0          0          0          0
1717845188         10        196             860           14386          0          0          0          0
1717845199          2        138             172            9294          0          0          0          0
1717845209         19        172            1634           12322          0          0          0          0
1717845219         17        297            1462           19952          0          0          0          0
1717845230         20        293            1720           19972          0          0          0          0
1717845240         22        208            1892           14664          0          0          0          0
1717845250         19        105            1634            7236          0          0          0          0
1717845261         20        160            1720           10692          0          0          0          0
1717845271         20        102            1720            6718          0          0          0          0
1717845281         32        127            2752            9128          0          0          0          0
1717845292          5        105             430            7314          0          0          0          0
1717845302          6        129             516            8520          0          0          0          0
1717845312         19        126            1634            8574          0          0          0          0
1717845323          0        193               0           13244          0          0          0          0
1717845333          5        249             430           16552          0          0          0          0
1717845343          5        258             430           17820          0          0          0          0
1717845353          8        237             688           16976          0          0          0          0
1717845364          7        213             562           14318          0          0          0          0
1717845374         21        279            1806           18647          0          0          0          0
1717845384         20        266            1720           18924          0          0          0          0
1717845395          6        288             516           20452          0          0          0          0
1717845405          7        217             602           14528          0          0          0          0
1717845415          5        259             430           18218          0          0          0          0
1717845425         22        233            1892           16164          0          0          0          0
1717845436          5        260             430           17862          0          0          0          0
1717845446         61        260           70715           18417          0          0          0          0
1717845456          5        271             430           18080          0          0          0          0
1717845467          7        255             602           17172          0          0          0          0
1717845477          7        183             602           12098          0          0          0          0
1717845487         23        205            1978           13592          0          0          0          0
1717845497          3        237             234           15442          0          0          0          0
1717845508          0        234               0           15600          0          0          0          0
1717845518          0        224               0           14948          0          0          0          0
1717845528          7        403             658           25574          0          0          0          0
1717845539          0        194               0           12836          0          0          0          0
1717845549          0        203               0           13480          0          0          0          0
1717845559          0        314               0           22376          0          0          0          0
1717845569          0        257               0           17500          0          0          0          0
1717845580          0        246               0           16718          0          0          0          0
1717845590          0        207               0           13374          0          0          0          0
1717845600          0        173               0           10952          0          0          0          0
1717845611          2       5923             212          356348          0          0          0          0
1717845621          1        152              90           11074          0          0          0          0
1717845631          4        196             288           13792          0          0          0          0
1717845641          4        167             336           11970          0          0          0          0
1717845652          0        181               0           12680          0          0          0          0
1717845662          0        100               0            6676          0          0          0          0
1717845672          3         97             234            6808          0          0          0          0
1717845683          2        120             176            8522          0          0          0          0
1717845693          2        118             172            7574          0          0          0          0
1717845703          1        109              86            6878          0          0          0          0
1717845713          5        115             430            7732          0          0          0          0
1717845724          5        113             430            7248          0          0          0          0
1717845734          3         96             258            6280          0          0          0          0
1717845744         61        149           73075           11163          0          0          0          0
1717845755          7        131             534            8970          0          0          0          0
1717845765          4        197             344           13328          0          0          0          0
1717845775          4        110             344            7328          0          0          0          0
1717845785          7        139             594            9346          0          0          0          0
1717845796          3         84             242            5404          0          0          0          0
1717845806          2         89             172            5626          0          0          0          0
1717845816          5        107             430            7850          0          0          0          0
1717845827         10        435             860           26958          0          0          0          0
1717845837          7        155             602            9950          0          0          0          0
1717845847          8        232             688           14700          0          0          0          0
1717845858          7        232             602           15358          0          0          0          0
1717845868          8        215             664           15094          0          0          0          0
1717845878          3        249             258           17254          0          0          0          0
1717845889          6        208             476           13680          0          0          0          0
1717845899          7        264             602           18232          0          0          0          0
1717845909          0        184               0           11534          0          0          0          0
1717845919          0        216               0           14520          0          0          0          0
1717845930          0        185               0           11672          0          0          0          0
1717845940          5        166             406           10662          0          0          0          0
1717845950          1        184              86           12054          0          0          0          0
1717845961          0        209               0           12696          0          0          0          0
1717845971          2        176             156           10898          0          0          0          0
1717845981          4        185             336           11256          0          0          0          0
1717845991          0        154               0            9396          0          0          0          0
1717846002          0        134               0            8300          0          0          0          0
1717846012          0        146               0            9020          0          0          0          0
1717846022          0        195               0           11960          0          0          0          0
1717846033          0        232               0           15376          0          0          0          0
1717846043         60        279           74910           19017          0          0          0          0
1717846053          4        309             336           22388          0          0          0          0
1717846064          1        300              86           21692          0          0          0          0
1717846074          4        371             344           27980          0          0          0          0
1717846084          0        388               0           28376          0          0          0          0
1717846094          3        560             258           43402          0          0          0          0
1717846105          3        403             258           30394          0          0          0          0
1717846115          7        422             602           31872          0          0          0          0
1717846125         10        746             916           55878          0          0          0          0
1717846136          0        555               0           43076          0          0          0          0
1717846146          0        533               0           41418          0          0          0          0
1717846156          2        375             132           27626          0          0          0          0
1717846167          0        532               0           41748          0          0          0          0
1717846177          0        451               0           34080          0          0          0          0
1717846187          0        501               0           39480          0          0          0          0
1717846198          0        528               0           41318          0          0          0          0
1717846208          2       5463             212          334893          0          0          0          0
1717846218          0        713               0           58692          0          0          0          0
1717846228          0        925               0           77080          0          0          0          0
1717846239          0        837               0           69651          0          0          0          0
1717846249          0        820               0           67972          0          0          0          0
1717846259          0       1032               0           86464          0          0          0          0
1717846270          0        743               0           62130          0          0          0          0
1717846280          0        897               0           74828          0          0          0          0
1717846290          0        859               0           71508          0          0          0          0
1717846301          0       1129               0           94156          0          0          0          0
1717846311          0        846               0           70624          0          0          0          0
1717846321          1        709              78           58426          0          0          0          0
1717846331         21       1169            1790           97466          0          0          0          0
1717846342         63        950           76352           78511          0          0          0          0
1717846352          8       1095             644           89282          0          0          0          0
1717846362          4        915             320           74869          0          0          0          0
1717846372         33        943            2838           76548          0          0          0          0
1717846383          0        823               0           67164          0          0          0          0
1717846393          0        790               0           63338          0          0          0          0
1717846403          0        963               0           79377          0          0          0          0
1717846414          0       1072               0           87140          0          0          0          0
1717846424          2        882             132           63800          0          0          0          0
1717846434          0        760               0           59450          0          0          0          0
1717846444          0        850               0           69391          0          0          0          0
1717846455          0        547               0           43194          0          0          0          0
1717846465          0        720               0           58072          0          0          0          0
1717846475          0        788               0           63608          0          0          0          0
1717846485          0        633               0           49784          0          0          0          0
1717846496          0        568               0           44550          0          0          0          0
1717846506          0        632               0           50010          0          0          0          0
1717846516          0        709               0           56554          0          0          0          0
1717846527          0        580               0           45703          0          0          0          0
1717846537          0        472               0           36337          0          0          0          0
1717846547          0        434               0           31942          0          0          0          0
1717846558          0        345               0           25250          0          0          0          0
1717846568          0        376               0           27248          0          0          0          0
1717846578          0        267               0           20086          0          0          0          0
1717846589          0        375               0           28246          0          0          0          0
1717846599          0        240               0           16272          0          0          0          0
1717846609          0        349               0           25204          0          0          0          0
1717846620          4        302             320           21474          0          0          0          0
1717846630          2        269             172           19234          0          0          0          0
1717846640         59        524           76791           33119          0          0          0          0
1717846651          4        180             300           11702          0          0          0          0
1717846661          3        234             234           15366          0          0          0          0
1717846671          3        235             258           16258          0          0          0          0
1717846681          3        247             262           16488          0          0          0          0
1717846692         34       1354            2864           83936          0          0          0          0
1717846702         17       1289            1454           78900          0          0          0          0
1717846712         47        313            4042           21094          0          0          0          0
1717846723         23        448            2078           29444          0          0          0          0
1717846734         22        530            1848           32814          0          0          0          0
1717846744          0        345               0           20856          0          0          0          0
1717846755          6        192             492           12222          0          0          0          0
1717846765          2        280             172           18698          0          0          0          0
1717846775          5        271             410           16672          0          0          0          0
1717846785          0        672               0           40632          0          0          0          0
1717846796          0        235               0           15218          0          0          0          0
1717846806          2       4325             211          260884          0          0          0          0
1717846816          0        565               0           35018          0          0          0          0
1717846827          0        292               0           18872          0          0          0          0
1717846837          1       1421              90           86668          0          0          0          0
1717846847          0        337               0           21726          0          0          0          0
1717846857          0        393               0           25636          0          0          0          0
1717846868          0        201               0           13126          0          0          0          0
1717846878          0        373               0           23108          0          0          0          0
1717846888          0        469               0           28400          0          0          0          0
1717846899          0        374               0           24624          0          0          0          0
1717846909          1        106              90            7274          0          0          0          0
1717846919          0        363               0           23600          0          0          0          0
1717846930          0        177               0           12544          0          0          0          0
1717846940         62        708           79277           44969          0          0          0          0
1717846950          8        785             612           47750          0          0          0          0
1717846960          1        452              42           27614          0          0          0          0
1717846971         15        120            1274            8050          0          0          0          0
1717846981         33        148            2830           10284          0          0          0          0
1717846991          1        213              86           14210          0          0          0          0
1717847002         15        362            1290           25464          0          0          0          0
1717847012          0        234               0           16146          0          0          0          0
1717847022          0        623               0           39590          0          0          0          0
1717847032          0        301               0           19386          0          0          0          0
1717847043          0        180               0           11424          0          0          0          0
1717847053          0        206               0           13842          0          0          0          0
1717847063          0        141               0            8642          0          0          0          0
1717847073          0        247               0           15392          0          0          0          0
1717847084          0        211               0           13752          0          0          0          0
1717847094          0        204               0           13618          0          0          0          0
1717847104          1       6766             234          407162          0          0          0          0
1717847115          1        112              42            7344          0          0          0          0
1717847125          0        132               0            9298          0          0          0          0
1717847135          0        230               0           16166          0          0          0          0
1717847145          0        138               0            9632          0          0          0          0
1717847156          0        188               0           12866          0          0          0          0
1717847166          0         94               0            6394          0          0          0          0
1717847177          0        143               0           10660          0          0          0          0
1717847187          0        117               0            8580          0          0          0          0
1717847197          1        147              90            9630          0          0          0          0
1717847208          1        111              42            7544          0          0          0          0
1717847218          0        144               0            9940          0          0          0          0
1717847228          0        151               0           10828          0          0          0          0
1717847238         61        135           80344           10019          0          0          0          0
1717847249          2        137             120            9780          0          0          0          0
1717847259          5        130             414            9126          0          0          0          0
1717847269          5        146             430            9488          0          0          0          0
1717847280          0        135               0            8880          0          0          0          0
1717847290          1         96              86            6436          0          0          0          0
1717847300          3        110             258            7588          0          0          0          0
1717847310          0        114               0            8010          0          0          0          0
1717847321          6        126             616            8200          0          0          0          0
1717847331          5        242             386           14754          0          0          0          0
1717847341          4         90             344            5660          0          0          0          0
1717847352          5        118             422            7462          0          0          0          0
1717847362          1        100              78            6416          0          0          0          0
1717847372          0        112               0            7786          0          0          0          0
1717847382          0        107               0            7616          0          0          0          0
1717847393          0        143               0            9386          0          0          0          0
1717847403          7       7044             661          424414          0          0          0          0
1717847413          2        128             128            8304          0          0          0          0
1717847424         11        192             898           14164          0          0          0          0
1717847434          7        158             602           11716          0          0          0          0
1717847444         16        240            1376           17442          0          0          0          0
1717847454          5        226             430           14860          0          0          0          0
1717847465          6        233             476           15518          0          0          0          0
1717847475          6        202             516           12666          0          0          0          0
1717847485         31        242            2666           16106          0          0          0          0
1717847496          0        186               0           12772          0          0          0          0
1717847506          0        232               0           16622          0          0          0          0
1717847516          2        248             172           17560          0          0          0          0
1717847526          2        257             172           17526          0          0          0          0
1717847537          0        201               0           13464          0          0          0          0
1717847547         63        272           81731           18753          0          0          0          0
1717847557          0        258               0           17976          0          0          0          0
1717847568          0        204               0           13904          0          0          0          0
1717847578         18        173            1548           11654          0          0          0          0
1717847588          1        227              86           15648          0          0          0          0
1717847598          0        396               0           29184          0          0          0          0
1717847609          0        414               0           30362          0          0          0          0
1717847619          0        430               0           28270          0          0          0          0
1717847629          0        375               0           24944          0          0          0          0
1717847639          0        211               0           14376          0          0          0          0
1717847650          0        315               0           24048          0          0          0          0
1717847660          0        749               0           49646          0          0          0          0
1717847670          0       1200               0           74678          0          0          0          0
1717847681          0       1231               0           75628          0          0          0          0
1717847691         31        976            5811           63755          0          0          0          0
1717847701          0       1061               0           65636          0          0          0          0
1717847711          0       1027               0           64038          0          0          0          0
1717847722          0       1213               0           75224          0          0          0          0
1717847732          2        309             132           20294          0          0          0          0
1717847742          0       1475               0           89610          0          0          0          0
1717847752          1       1048              66           64290          0          0          0          0
1717847763          0       1639               0           98808          0          0          0          0
1717847773          0       1454               0           87968          0          0          0          0
1717847783          0       1078               0           66162          0          0          0          0
1717847793          0        460               0           28926          0          0          0          0
1717847804          1        393              66           24790          0          0          0          0
1717847814          1        148              42            9106          0          0          0          0
1717847824          0        374               0           23038          0          0          0          0
1717847835          0        139               0            8912          0          0          0          0
1717847845         63       1300           81813           79321          0          0          0          0
1717847855          0        340               0           21388          0          0          0          0
1717847865          1        377              66           22886          0          0          0          0
1717847876          1        192              42           11702          0          0          0          0
1717847886          0        192               0           11754          0          0          0          0
1717847896          0       1082               0           65154          0          0          0          0
1717847906          0        935               0           56308          0          0          0          0
1717847917          0        316               0           19298          0          0          0          0
1717847927          8        303             724           18696          0          0          0          0
1717847937          1        467              42           28410          0          0          0          0
1717847947          0        266               0           17260          0          0          0          0
1717847958          1        167              90           10336          0          0          0          0
1717847968          1        171              78           10572          0          0          0          0
1717847978          6        148             500            9634          0          0          0          0
1717847989         10        144             760            8942          0          0          0          0
1717847999          9        146             774            9176          0          0          0          0
1717848009          8       2757             771          165686          0          0          0          0
1717848019          7         99             606            6672          0          0          0          0
1717848030         36        143            3096           10114          0          0          0          0
1717848040          3        119             258            8102          0          0          0          0
1717848050          1        159              42           10164          0          0          0          0
1717848061          0        142               0            9976          0          0          0          0
1717848071          6       4137             906          249966          0          0          0          0
1717848081          0        118               0            8068          0          0          0          0
1717848091          1        154              90           10674          0          0          0          0
1717848102          0        131               0            8822          0          0          0          0
1717848112          0        151               0            9216          0          0          0          0
1717848122          0        520               0           34302          0          0          0          0
1717848132          0        289               0           19776          0          0          0          0
1717848143         64       1367           82821           84349          0          0          0          0
1717848153          0        277               0           17530          0          0          0          0
1717848163          0        508               0           30948          0          0          0          0
1717848174          0        289               0           19186          0          0          0          0
1717848184          0        275               0           17176          0          0          0          0
1717848194          0       1226               0           75432          0          0          0          0
1717848204          0       1049               0           63226          0          0          0          0
1717848215          0        253               0           15474          0          0          0          0
1717848225          0        626               0           38514          0          0          0          0
1717848235          0        520               0           31824          0          0          0          0
1717848246          2        340             132           21496          0          0          0          0
1717848256          0        269               0           17882          0          0          0          0
1717848266          1        309              78           19996          0          0          0          0
1717848276          5        281             414           17476          0          0          0          0
1717848287          1        800              86           51172          0          0          0          0
1717848297          9        368             774           26500          0          0          0          0
1717848307          0        344               0           23656          0          0          0          0
1717848317          0        723               0           47263          0          0          0          0
1717848328          0        415               0           28566          0          0          0          0
1717848338          0       1459               0           92376          0          0          0          0
1717848348          0        320               0           22424          0          0          0          0
1717848358          0        296               0           21270          0          0          0          0
1717848369          0        265               0           18682          0          0          0          0
1717848379          0        198               0           12790          0          0          0          0
1717848389          0        246               0           16303          0          0          0          0
1717848400          2        278             156           19072          0          0          0          0
1717848410          5        196             422           12774          0          0          0          0
1717848420         21        177            1782           12163          0          0          0          0
1717848430          1        213              86           14098          0          0          0          0
1717848441         64        263           83293           17835          0          0          0          0
1717848451          7        227             550           14946          0          0          0          0
1717848461          8        255             672           16444          0          0          0          0
1717848472         12        233            1008           15844          0          0          0          0
1717848482         11        204             946           13748          0          0          0          0
1717848492         20        192            1696           12812          0          0          0          0
1717848502          2        212             132           14336          0          0          0          0
1717848513          0        278               0           19150          0          0          0          0
1717848523          6        389             616           26892          0          0          0          0
1717848533          1        336              42           21954          0          0          0          0
1717848543          0        249               0           18294          0          0          0          0
1717848554          4        246             320           17282          0          0          0          0
1717848564         19        274            1626           19396          0          0          0          0
1717848574         18        303            1548           20988          0          0          0          0
1717848584          2        243             172           16634          0          0          0          0
1717848595         21        260            1806           18070          0          0          0          0
1717848605          4       4663             427          283114          0          0          0          0
1717848615          2        138             128           10438          0          0          0          0
1717848626          3        162             258           11748          0          0          0          0
1717848636          3        175             258           12112          0          0          0          0
1717848646          1        103              86            6570          0          0          0          0
1717848656          0        117               0            7410          0          0          0          0
1717848667          1        119              86            8154          0          0          0          0
1717848677          3        115             258            7888          0          0          0          0
1717848687          5        118             430            8432          0          0          0          0
1717848697         10        135             836            9608          0          0          0          0
1717848708         23        181            1978           12784          0          0          0          0
1717848718          6        113             516            7006          0          0          0          0
1717848728          3        175             234           13204          0          0          0          0
1717848739         64        109           83553            7639          0          0          0          0
1717848749          4        112             300            7682          0          0          0          0
1717848759          5        113             434            7590          0          0          0          0
1717848769          7        206             534           14562          0          0          0          0
1717848780          4        180             320           13218          0          0          0          0
1717848790         19        153            1634           10558          0          0          0          0
1717848800          3        169             258           12844          0          0          0          0
1717848810          0        196               0           15036          0          0          0          0
1717848821          0        198               0           15104          0          0          0          0
1717848831          0        316               0           21482          0          0          0          0
1717848841          0        386               0           29998          0          0          0          0
1717848852          0        372               0           26792          0          0          0          0
1717848862          0        370               0           27088          0          0          0          0
1717848872          0        290               0           20364          0          0          0          0
1717848882          0        185               0           12036          0          0          0          0
1717848893          0        327               0           23182          0          0          0          0
1717848903          0        275               0           18840          0          0          0          0
1717848913          0        240               0           15648          0          0          0          0
1717848923          0       1416               0          117694          0          0          0          0
1717848934          0       1380               0          113506          0          0          0          0
1717848944          0       1227               0          101882          0          0          0          0
1717848954          0       1300               0          107770          0          0          0          0
1717848965          0       1376               0          113552          0          0          0          0
1717848975          0       1183               0           97292          0          0          0          0
1717848985          0       1422               0          117326          0          0          0          0
1717848995          0       1174               0           96882          0          0          0          0
1717849006          0       1637               0          136778          0          0          0          0
1717849016          0       1166               0           96272          0          0          0          0
1717849026          2       1166             132           95210          0          0          0          0
1717849037          3       1475             618          122032          0          0          0          0
1717849047         64       1261           83877          103813          0          0          0          0
1717849057          0       1630               0          128428          0          0          0          0
1717849068          0        981               0           79556          0          0          0          0
1717849078          0       1187               0           96232          0          0          0          0
1717849088          0       1840               0          134086          0          0          0          0
1717849099          0       1208               0           91694          0          0          0          0
1717849109          0       1581               0          110122          0          0          0          0
1717849119          6        896             616           67062          0          0          0          0
1717849129          2        783             132           58190          0          0          0          0
1717849140          0        689               0           49218          0          0          0          0
1717849150          0        707               0           54276          0          0          0          0
1717849160          0        637               0           47736          0          0          0          0
1717849170          0        547               0           40490          0          0          0          0
1717849181          0        444               0           32186          0          0          0          0
1717849191          1        941              90           62280          0          0          0          0
1717849201          1       3884             169          242044          0          0          0          0
1717849212          1       1868              42          118578          0          0          0          0
1717849222          0        837               0           57708          0          0          0          0
1717849232          1        957              78           65874          0          0          0          0
1717849242          5        758             414           45736          0          0          0          0
1717849253          7        166             582           11290          0          0          0          0
1717849263          4        286             344           18070          0          0          0          0
1717849273         35        389            3010           25992          0          0          0          0
1717849283         24        336            2064           21538          0          0          0          0
1717849294         22        517            1852           33096          0          0          0          0
1717849304         51        476            4386           31732          0          0          0          0
1717849314         21        197            1806           13534          0          0          0          0
1717849325         37        168            3182           11200          0          0          0          0
1717849335         20        149            1720           10526          0          0          0          0
1717849345         67        368           84220           24649          0          0          0          0
1717849355          0        158               0           10286          0          0          0          0
1717849366          0        129               0            8078          0          0          0          0
1717849376          0        135               0            8854          0          0          0          0
1717849386          0        138               0            9424          0          0          0          0
1717849396          0         88               0            5592          0          0          0          0
1717849407          0        171               0           12652          0          0          0          0
1717849417          0        129               0            8806          0          0          0          0
1717849427          0        491               0           31306          0          0          0          0
1717849437          0        130               0            8372          0          0          0          0
1717849448          0        123               0            7874          0          0          0          0
1717849458          0        103               0            6518          0          0          0          0
1717849468          0         95               0            6064          0          0          0          0
1717849479          0        103               0            6726          0          0          0          0
1717849489          0        133               0            8110          0          0          0          0
1717849499          0        105               0            6534          0          0          0          0
1717849509          2        141             156            9188          0          0          0          0
1717849520          4        108             336            7546          0          0          0          0
1717849530          0        119               0            8050          0          0          0          0
1717849540          2        147             128           10380          0          0          0          0
1717849550          3        184             258           13146          0          0          0          0
1717849561          2        208             132           15214          0          0          0          0
1717849571          1        195              86           13468          0          0          0          0
1717849581          3        147             258           10718          0          0          0          0
1717849591          0         81               0            5172          0          0          0          0
1717849602          0        113               0            7924          0          0          0          0
1717849612          7        124             622            8054          0          0          0          0
1717849622          0        167               0           11424          0          0          0          0
1717849632          0        187               0           13300          0          0          0          0
1717849643         66        181           84380           13455          0          0          0          0
1717849653          5        165             422           12266          0          0          0          0
1717849663          3        182             258           13312          0          0          0          0
1717849673          0        136               0            9590          0          0          0          0
1717849684          0        169               0           11882          0          0          0          0
1717849694          1        132              86            9038          0          0          0          0
1717849704          4        180             344           12750          0          0          0          0
1717849714          3        111             258            7466          0          0          0          0
1717849724          7        232             658           14794          0          0          0          0
1717849735          0        127               0            7984          0          0          0          0
1717849745          6        177             516           12700          0          0          0          0
1717849755          2        116             172            7454          0          0          0          0
1717849765          2        184             172           12964          0          0          0          0
1717849776          1        129              86            9144          0          0          0          0
1717849786          2        183             164           13962          0          0          0          0
1717849796          0        126               0            9094          0          0          0          0
1717849806          2       3697             212          224556          0          0          0          0
1717849817          0        179               0           12534          0          0          0          0
1717849827          1        178              90           12348          0          0          0          0
1717849837          0        188               0           12918          0          0          0          0
1717849847          0        142               0            8832          0          0          0          0
1717849858          0        207               0           13728          0          0          0          0
1717849868          0        210               0           14022          0          0          0          0
1717849878          0        246               0           16372          0          0          0          0
1717849889          0        212               0           13812          0          0          0          0
1717849899          0        219               0           13842          0          0          0          0
1717849910          0        207               0           12914          0          0          0          0
1717849920          0        187               0           11896          0          0          0          0
1717849930         17        173            1434           10838          0          0          0          0
1717849940         67        214           84946           13823          0          0          0          0
1717849950          4        187             284           11576          0          0          0          0
1717849961          0        212               0           13448          0          0          0          0
1717849971          4        208             344           13156          0          0          0          0
1717849981          4        169             344           10530          0          0          0          0
1717849991          2        158             172            9792          0          0          0          0
1717850001          4        175             344           10812          0          0          0          0
1717850012         10        205             880           12784          0          0          0          0
1717850022          0        449               0           28318          0          0          0          0
1717850032          5        420             430           28840          0          0          0          0
1717850042          0        235               0           16102          0          0          0          0
1717850052          1        221              86           15574          0          0          0          0
1717850063          3        168             258           10496          0          0          0          0
1717850073          5        213             430           13690          0          0          0          0
1717850083          0        238               0           16256          0          0          0          0
1717850093          4        224             344           14974          0          0          0          0
1717850103          4        251             344           17426          0          0          0          0
1717850113          6        237             492           16326          0          0          0          0
1717850124          9        231             774           16642          0          0          0          0
1717850134          7        279             602           19600          0          0          0          0
1717850144          4        344             344           24592          0          0          0          0
1717850154          0        265               0           18162          0          0          0          0
1717850164          4        260             344           18442          0          0          0          0
1717850175          0        287               0           20436          0          0          0          0
1717850185          1        201              86           13204          0          0          0          0
1717850195          5        192             430           12664          0          0          0          0
1717850205          2        220             172           14630          0          0          0          0
1717850215          1        259              78           18088          0          0          0          0
1717850225         25        276            2134           19264          0          0          0          0
1717850236         38        282            3236           21012          0          0          0          0
1717850246         83        268           86338           19611          0          0          0          0
1717850256         32        236            2752           17029          0          0          0          0
1717850266         29        233            2494           16372          0          0          0          0
1717850276          3        194             258           12516          0          0          0          0
1717850287          0        207               0           13668          0          0          0          0
1717850297          1        197              90           13384          0          0          0          0
1717850307          0        125               0            7864          0          0          0          0
1717850317          0        180               0           11840          0          0          0          0
1717850327          7        324             658           21094          0          0          0          0
1717850337          2        210             132           13618          0          0          0          0
1717850348          0        199               0           13266          0          0          0          0
1717850358          8        198             660           12924          0          0          0          0
1717850368          0        156               0           10322          0          0          0          0
1717850378          0        175               0           11722          0          0          0          0
1717850388          1        149              86           10014          0          0          0          0
1717850399          4        212             328           14108          0          0          0          0
1717850409          5       5505             462          332802          0          0          0          0
1717850419          0        201               0           14270          0          0          0          0
1717850429          1        106              90            7300          0          0          0          0
1717850439          2        125             172            8904          0          0          0          0
1717850450         18        155            1548           11146          0          0          0          0
1717850460          4        192             344           14458          0          0          0          0
1717850470          5        235             406           17472          0          0          0          0
1717850480          0        237               0           17808          0          0          0          0
1717850490          1        183              86           13320          0          0          0          0
1717850501          5        210             430           16032          0          0          0          0
1717850511          0        169               0           12662          0          0          0          0
1717850521          1        244              42           18774          0          0          0          0
1717850531          1        266              86           19964          0          0          0          0
1717850541         68        250           85177           19153          0          0          0          0
1717850551          0        171               0           11924          0          0          0          0
1717850562          0        210               0           16384          0          0          0          0
1717850572          0        195               0           14624          0          0          0          0
1717850582          0        186               0           14228          0          0          0          0
1717850592          0        178               0           13340          0          0          0          0
1717850602          0        231               0           16764          0          0          0          0
1717850613          0        194               0           14188          0          0          0          0
1717850623          0        227               0           15700          0          0          0          0
1717850633          0        461               0           30442          0          0          0          0
1717850643          0        303               0           18778          0          0          0          0
1717850653          0        171               0           11690          0          0          0          0
1717850663          0        277               0           17582          0          0          0          0
1717850674          0        363               0           22118          0          0          0          0
1717850684          0        271               0           18080          0          0          0          0
1717850694         11        765            1010           47056          0          0          0          0
1717850704          0        186               0           11810          0          0          0          0
1717850714          0        467               0           30428          0          0          0          0
1717850724          0        534               0           33246          0          0          0          0
1717850735          0       1316               0           79948          0          0          0          0
1717850745          0        328               0           21578          0          0          0          0
1717850755          0        196               0           12592          0          0          0          0
1717850765          0        350               0           22092          0          0          0          0
1717850775          0        393               0           24672          0          0          0          0
1717850786          0        494               0           30316          0          0          0          0
1717850796          0        567               0           35580          0          0          0          0
1717850806          0        323               0           20420          0          0          0          0
1717850816          0        427               0           26452          0          0          0          0
1717850826          0        230               0           14502          0          0          0          0
1717850836          2        542             249           34554          0          0          0          0
1717850847         65       1107           84865           69645          0          0          0          0
1717850857          6        543             492           33854          0          0          0          0
1717850867         23        313            1982           22138          0          0          0          0
1717850877          3        326             258           22394          0          0          0          0
1717850887          0        306               0           19582          0          0          0          0
1717850897          0        323               0           21252          0          0          0          0
1717850907          0        399               0           25370          0          0          0          0
1717850918          0        259               0           17022          0          0          0          0
1717850928          7        402             658           25592          0          0          0          0
1717850938          0        194               0           11978          0          0          0          0
1717850948          0        255               0           16912          0          0          0          0
1717850958          0        211               0           14220          0          0          0          0
1717850968          0        221               0           15210          0          0          0          0
1717850979          0        211               0           13934          0          0          0          0
1717850989          0        229               0           14702          0          0          0          0
1717850999          2        218             156           14458          0          0          0          0
1717851009          6       5329             548          322164          0          0          0          0
1717851019          0        116               0            7844          0          0          0          0
1717851029          4        161             344           11636          0          0          0          0
1717851040          0        209               0           14984          0          0          0          0
1717851050          1        210              86           13978          0          0          0          0
1717851060          3        256             258           17284          0          0          0          0
1717851070          7        242             594           16348          0          0          0          0
1717851080          8        212             672           14480          0          0          0          0
1717851090          1        168              86           11484          0          0          0          0
1717851101          9        233             774           16632          0          0          0          0
1717851111          7        254             594           17858          0          0          0          0
1717851121          3        222             242           14828          0          0          0          0
1717851131          3        230             258           15724          0          0          0          0
1717851141         66        299           85078           22329          0          0          0          0
1717851151          4        180             300           12204          0          0          0          0
1717851162          2        287             172           21294          0          0          0          0
1717851172          2        163             156           10976          0          0          0          0
1717851182          0        250               0           17366          0          0          0          0
1717851192          0        235               0           16310          0          0          0          0
1717851202          0        277               0           19480          0          0          0          0
1717851212          0        219               0           15272          0          0          0          0
1717851222          0        233               0           15566          0          0          0          0
1717851233          0        322               0           22466          0          0          0          0
1717851243          0        213               0           14808          0          0          0          0
1717851253          0        289               0           20226          0          0          0          0
1717851263          0        291               0           20346          0          0          0          0
1717851273          0        307               0           23074          0          0          0          0
1717851283          0        406               0           31822          0          0          0          0
1717851294          0        337               0           26252          0          0          0          0
1717851304          0        273               0           20470          0          0          0          0
1717851314          0        268               0           19114          0          0          0          0
1717851324          0        445               0           31224          0          0          0          0
1717851334          6        846             492           55986          0          0          0          0
1717851344         28        710            2408           48060          0          0          0          0
1717851355         52        824            7617           60615          0          0          0          0
1717851365          7        638             602           43376          0          0          0          0
1717851375         25       2370            2094          147846          0          0          0          0
1717851385         23       2149            1978          132580          0          0          0          0
1717851395          6        269             516           20300          0          0          0          0
1717851405         20        680            1720           45116          0          0          0          0
1717851416          7        600             538           38398          0          0          0          0
1717851426         23        406            1978           28060          0          0          0          0
1717851436          6       1531             516           96324          0          0          0          0
1717851446         70       2332           85458          144985          0          0          0          0
1717851456         21        626            1810           41568          0          0          0          0
1717851467          2        839             172           52750          0          0          0          0
1717851477          2        755             108           46814          0          0          0          0
1717851487          0       1198               0           75572          0          0          0          0
1717851497          0        443               0           29414          0          0          0          0
1717851507          0       1037               0           64274          0          0          0          0
1717851517          0        418               0           28616          0          0          0          0
1717851528          9        363             814           23886          0          0          0          0
1717851538          1        481              42           30394          0          0          0          0
1717851548          0        279               0           18846          0          0          0          0
1717851558          0        221               0           14534          0          0          0          0
1717851568          0        245               0           15012          0          0          0          0
1717851578          0        270               0           18124          0          0          0          0
1717851589          2        732             156           45568          0          0          0          0
1717851599          1        281              42           19252          0          0          0          0
1717851609          1       2950             170          178592          0          0          0          0
1717851619          0        599               0           37864          0          0          0          0
1717851629          0        338               0           22074          0          0          0          0
1717851639          0       1111               0           68402          0          0          0          0
1717851650          3        919             174           56351          0          0          0          0
1717851660          0        312               0           20202          0          0          0          0
1717851670          5       4481             865          269956          0          0          0          0
1717851680          0        372               0           24452          0          0          0          0
1717851690          0        220               0           14318          0          0          0          0
1717851700          0        257               0           17474          0          0          0          0
1717851711          0        196               0           13398          0          0          0          0
1717851721          0        209               0           14438          0          0          0          0
1717851731          0        174               0           12182          0          0          0          0
1717851741         64        192           85071           14687          0          0          0          0
1717851751          1        263              42           19862          0          0          0          0
1717851761          0        145               0           10468          0          0          0          0
1717851771          0        127               0            8374          0          0          0          0
1717851782          0        169               0           11596          0          0          0          0
1717851792          0        190               0           13922          0          0          0          0
1717851802          0        119               0            8206          0          0          0          0
1717851812          1        170              42           12774          0          0          0          0
1717851822          0        322               0           22752          0          0          0          0
1717851833          0        282               0           19442          0          0          0          0
1717851843          0        166               0           11520          0          0          0          0
1717851853          0        170               0           12254          0          0          0          0
1717851863          0        145               0            9844          0          0          0          0
1717851873          6        121             492            8474          0          0          0          0
1717851883          0        159               0           11776          0          0          0          0
1717851893          0        119               0            8726          0          0          0          0
1717851904          0        158               0           10858          0          0          0          0
1717851914          2        195             132           14018          0          0          0          0
1717851924          0        224               0           16638          0          0          0          0
1717851934          4        126             344            8782          0          0          0          0
1717851944         13        106            1118            7088          0          0          0          0
1717851955          4         94             320            5996          0          0          0          0
1717851965         17        140            1462            9102          0          0          0          0
1717851975          1        124              86            7830          0          0          0          0
1717851985         21        157            1806           10668          0          0          0          0
1717851995         19        186            1634           13396          0          0          0          0
1717852005         33        166            2814           12170          0          0          0          0
1717852016          8         78             688            4862          0          0          0          0
1717852026         21        123            1806            8134          0          0          0          0
1717852036         23        150            1978            9702          0          0          0          0
1717852046         71        176           85711           12317          0          0          0          0
1717852056          4        158             344           11092          0          0          0          0
1717852066          0        129               0            9222          0          0          0          0
1717852077          0        104               0            7098          0          0          0          0
1717852087          0        207               0           15956          0          0          0          0
1717852097          0        163               0           11340          0          0          0          0
1717852107          0        239               0           17694          0          0          0          0
1717852117          0        194               0           13980          0          0          0          0
1717852128          6        304             616           20414          0          0          0          0
1717852138          0        151               0           10984          0          0          0          0
1717852148          0        125               0            8670          0          0          0          0
1717852158          6        134             492            9418          0          0          0          0
1717852168         50        196            4300           13684          0          0          0          0
1717852178         21        210            1806           14836          0          0          0          0
1717852189         37        169            3182           12194          0          0          0          0
1717852199         20        219            1720           15376          0          0          0          0
1717852209         38       7169            3308          432746          0          0          0          0
1717852219          3        591             258           37514          0          0          0          0
1717852229          4        427             344           28012          0          0          0          0
1717852240         19       1148            1634           70968          0          0          0          0
1717852251          0        182               0           12082          0          0          0          0
1717852261          0        263               0           16560          0          0          0          0
1717852271          0        178               0           11486          0          0          0          0
1717852281          0        438               0           27294          0          0          0          0
1717852291          0        466               0           30014          0          0          0          0
1717852301          0        396               0           25060          0          0          0          0
1717852312          0        192               0           13158          0          0          0          0
1717852322          0        360               0           22744          0          0          0          0
1717852332          0        111               0            6998          0          0          0          0
1717852342         65        784           85277           48959          0          0          0          0
1717852352          0        581               0           35796          0          0          0          0
1717852362          0        542               0           34626          0          0          0          0
1717852373          0        237               0           16222          0          0          0          0
1717852383          0        311               0           22378          0          0          0          0
1717852393          0        921               0           57366          0          0          0          0
1717852403          0       1571               0          105804          0          0          0          0
1717852413          0        661               0           53986          0          0          0          0
1717852423          1        940              90           70444          0          0          0          0
1717852434          1        571              42           44400          0          0          0          0
1717852444          0        551               0           44474          0          0          0          0
1717852454          0        461               0           37540          0          0          0          0
1717852464          0        446               0           36458          0          0          0          0
1717852474          0        432               0           34578          0          0          0          0
1717852484          0        740               0           58934          0          0          0          0
1717852495          2        714             156           56412          0          0          0          0
1717852505          4        576             336           44328          0          0          0          0
1717852515         31        597           34546           47647          0          0          0          0
1717852525          1        611              42           48048          0          0          0          0
1717852535          0        617               0           49396          0          0          0          0
1717852545          0        675               0           53838          0          0          0          0
1717852556          0        553               0           42592          0          0          0          0
1717852566          0        595               0           45606          0          0          0          0
1717852576          4        498             344           37906          0          0          0          0
1717852586          3        391             234           29310          0          0          0          0
1717852596          1        487              86           37930          0          0          0          0
1717852606         25        405            2150           30826          0          0          0          0
1717852617          4        397             336           29766          0          0          0          0
1717852627          1        329              90           23072          0          0          0          0
1717852637         28        411           30758           30573          0          0          0          0
1717852647          1        391              42           29336          0          0          0          0
1717852657          0        354               0           26414          0          0          0          0
1717852667          0        395               0           30382          0          0          0          0
1717852678          0        380               0           28494          0          0          0          0
1717852688          1        497              90           37728          0          0          0          0
1717852698          0        405               0           30098          0          0          0          0
1717852708          0        358               0           26420          0          0          0          0
1717852718          0        226               0           15536          0          0          0          0
1717852728          7        402             658           26164          0          0          0          0
1717852738          0        161               0           10336          0          0          0          0
1717852749          0        188               0           11592          0          0          0          0
1717852759          1        305              90           19942          0          0          0          0
1717852769          0        311               0           18868          0          0          0          0
1717852779          0        207               0           13044          0          0          0          0
1717852789          0        812               0           51320          0          0          0          0
1717852800          0        218               0           14094          0          0          0          0
1717852810          2       5200             212          312786          0          0          0          0
1717852820          2        658             156           41378          0          0          0          0
1717852830          5        468             414           29554          0          0          0          0
1717852840          5       1016             414           63006          0          0          0          0
1717852850         23        209            1978           14724          0          0          0          0
1717852861          0        282               0           18116          0          0          0          0
1717852871          0        153               0            9804          0          0          0          0
1717852881          4        432             344           26284          0          0          0          0
1717852891          0        411               0           24790          0          0          0          0
1717852901          0        351               0           21294          0          0          0          0
1717852911          0        110               0            6886          0          0          0          0
1717852922          0        347               0           21158          0          0          0          0
1717852932          0        123               0            8004          0          0          0          0
1717852942         30        760           30929           46455          0          0          0          0
1717852952          1        579              90           34900          0          0          0          0
1717852962          1        443              42           26840          0          0          0          0
1717852973          0        128               0            7888          0          0          0          0
1717852983          0        142               0            8702          0          0          0          0
1717852993          0        908               0           54740          0          0          0          0
1717853003          0        111               0            7310          0          0          0          0
1717853013          0        123               0            7562          0          0          0          0
1717853024          0        295               0           17986          0          0          0          0
1717853034          0        165               0           10576          0          0          0          0
1717853044          0        134               0            8274          0          0          0          0
1717853054          0        193               0           11918          0          0          0          0
1717853064          0        183               0           11240          0          0          0          0
1717853074          0        181               0           11198          0          0          0          0
1717853085          0        195               0           11960          0          0          0          0
1717853095          0        253               0           16280          0          0          0          0
1717853105          0        171               0           10512          0          0          0          0
1717853115          0        163               0           10040          0          0          0          0
1717853125          0        209               0           14048          0          0          0          0
1717853135          0        204               0           13436          0          0          0          0
1717853146          0        160               0            9938          0          0          0          0
1717853156          0        207               0           12758          0          0          0          0
1717853166          0        208               0           12844          0          0          0          0
1717853176          0        185               0           11724          0          0          0          0
1717853186          0        160               0           10016          0          0          0          0
1717853196          0        142               0            8780          0          0          0          0
1717853207          0        181               0           11510          0          0          0          0
1717853217          0        201               0           12684          0          0          0          0
1717853227          0        211               0           13596          0          0          0          0
1717853237         28        190           31094           12535          0          0          0          0
1717853247          6        194             448           12264          0          0          0          0
1717853257          3        178             258           11252          0          0          0          0
1717853268          4        165             344           10134          0          0          0          0
1717853278          5        187             430           11896          0          0          0          0
1717853288          0        259               0           17464          0          0          0          0
1717853298          0        195               0           12402          0          0          0          0
1717853308          0        180               0           11692          0          0          0          0
1717853318          0        214               0           13534          0          0          0          0
1717853329          7        334             658           21954          0          0          0          0
1717853339          0        209               0           13580          0          0          0          0
1717853349          0        226               0           14314          0          0          0          0
1717853359          0        216               0           14390          0          0          0          0
1717853369          1        170              78           10876          0          0          0          0
1717853379          4        178             336           11894          0          0          0          0
1717853390          0        202               0           13472          0          0          0          0
1717853400          0        202               0           12822          0          0          0          0
1717853410          2       5194             212          313206          0          0          0          0
1717853420          0        157               0           10902          0          0          0          0
1717853430          0        165               0           11824          0          0          0          0
1717853440          0        118               0            8042          0          0          0          0
1717853451          0         94               0            6316          0          0          0          0
1717853461          0        134               0            9314          0          0          0          0
1717853471          0        155               0           10652          0          0          0          0
1717853481          1        194              90           13412          0          0          0          0
1717853491          1        129              42            8832          0          0          0          0
1717853501          0        123               0            8550          0          0          0          0
1717853512          0        134               0           10224          0          0          0          0
1717853522          0         97               0            6548          0          0          0          0
1717853532          4        113             320            7326          0          0          0          0
1717853542         47        198           32772           14471          0          0          0          0
