time              msgs_alloc        msgs_max          errors            send_count        recv_count        route_count       drop_count        send_length       recv_length       route_length      drop_length      
1717837436        0                 0                 0                 0                 0                 0                 0                 0                 0                 0                 0                
1717837446        0                 0                 0                 0                 0                 0                 0                 0                 0                 0                 0                
1717837456        0                 0                 0                 0                 0                 0                 0                 0                 0                 0                 0                
1717837467        0                 0                 0                 0                 0                 0                 0                 0                 0                 0                 0                
1717837477        0                 0                 0                 0                 0                 0                 0                 0                 0                 0                 0                
1717837487        0                 0                 0                 0                 0                 0                 0                 0                 0                 0                 0                
1717837497        0                 0                 0                 0                 0                 0                 0                 0                 0                 0                 0                
1717837508        0                 0                 0                 0                 0                 0                 0                 0                 0                 0                 0                
1717837518        0                 0                 0                 0                 0                 0                 0                 0                 0                 0                 0                
1717837528        0                 0                 0                 0                 0                 0                 0                 0                 0                 0                 0                
1717837538        0                 0                 0                 0                 0                 0                 0                 0                 0                 0                 0                
1717837549        0                 0                 0                 0                 0                 0                 0                 0                 0                 0                 0                
1717837559        0                 0                 0                 0                 0                 0                 0                 0                 0                 0                 0                
1717837569        0                 0                 0                 0                 0                 0                 0                 0                 0                 0                 0                
1717837582        0                 0                 0                 0                 0                 0                 0                 0                 0                 0                 0                
1717837593        0                 0                 0                 0                 0                 0                 0                 0                 0                 0                 0                
1717837604        0                 0                 0                 0                 0                 0                 0                 0                 0                 0                 0                
1717837614        0                 0                 0                 0                 0                 0                 0                 0                 0                 0                 0                
1717837625        0                 0                 0                 0                 0                 0                 0                 0                 0                 0                 0                
1717837635        0                 0                 0                 0                 0                 0                 0                 0                 0                 0                 0                
1717837645        0                 0                 0                 0                 0                 0                 0                 0                 0                 0                 0                
1717837655        0                 0                 0                 0                 0                 0                 0                 0                 0                 0                 0                
1717837666        0                 0                 0                 0                 0                 0                 0                 0                 0                 0                 0                
1717837676        0                 0                 0                 0                 0                 0                 0                 0                 0                 0                 0                
1717837686        0                 0                 0                 0                 0                 0                 0                 0                 0                 0                 0                
1717837697        0                 0                 0                 0                 0                 0                 0                 0                 0                 0                 0                
1717837707        0                 0                 0                 0                 0                 0                 0                 0                 0                 0                 0                
1717837717        0                 0                 0                 0                 0                 0                 0                 0                 0                 0                 0                
1717837727        0                 0                 0                 0                 0                 0                 0                 0                 0                 0                 0                
1717837738        0                 0                 0                 0                 0                 0                 0                 0                 0                 0                 0                
1717837748        0                 0                 0                 0                 0                 0                 0                 0                 0                 0                 0                
1717837759        0                 0                 0                 0                 0                 0                 0                 0                 0                 0                 0                
1717837769        0                 0                 0                 0                 0                 0                 0                 0                 0                 0                 0                
1717837779        0                 0                 0                 0                 0                 0                 0                 0                 0                 0                 0                
1717837789        0                 0                 0                 0                 0                 0                 0                 0                 0                 0                 0                
1717837800        0                 0                 0                 0                 0                 0                 0                 0                 0                 0                 0                
1717837810        0                 0                 0                 0                 0                 0                 0                 0                 0                 0                 0                
1717837820        0                 0                 0                 0                 0                 0                 0                 0                 0                 0                 0                
1717837831        0                 0                 0                 0                 0                 0                 0                 0                 0                 0                 0                
1717837841        0                 0                 0                 0                 0                 0                 0                 0                 0                 0                 0                
1717837851        0                 0                 0                 0                 0                 0                 0                 0                 0                 0                 0                
1717837862        0                 0                 0                 0                 0                 0                 0                 0                 0                 0                 0                
1717837872        0                 0                 0                 0                 0                 0                 0                 0                 0                 0                 0                
1717837882        0                 0                 0                 0                 0                 0                 0                 0                 0                 0                 0                
1717837893        0                 0                 0                 0                 0                 0                 0                 0                 0                 0                 0                
1717837903        0                 0                 0                 0                 0                 0                 0                 0                 0                 0                 0                
1717837913        0                 0                 0                 0                 0                 0                 0                 0                 0                 0                 0                
1717837923        0                 0                 0                 0                 0                 0                 0                 0                 0                 0                 0                
1717837934        0                 0                 0                 0                 0                 0                 0                 0                 0                 0                 0                
1717837944        0                 0                 0                 0                 0                 0                 0                 0                 0                 0                 0                
1717837954        0                 0                 0                 0                 0                 0                 0                 0                 0                 0                 0                
1717837965        0                 0                 0                 0                 0                 0                 0                 0                 0                 0                 0                
1717837975        0                 0                 0                 0                 0                 0                 0                 0                 0                 0                 0                
1717837985        0                 0                 0                 0                 0                 0                 0                 0                 0                 0                 0                
1717837995        0                 0                 0                 0                 0                 0                 0                 0                 0                 0                 0                
1717838006        0                 0                 0                 0                 0                 0                 0                 0                 0                 0                 0                
1717838016        0                 0                 0                 0                 0                 0                 0                 0                 0                 0                 0                
1717838026        0                 0                 0                 0                 0                 0                 0                 0                 0                 0                 0                
1717838037        0                 0                 0                 0                 0                 0                 0                 0                 0                 0                 0                
1717838047        0                 0                 0                 0                 0                 0                 0                 0                 0                 0                 0                
1717838057        0                 0                 0                 0                 0                 0                 0                 0                 0                 0                 0                
1717838068        0                 0                 0                 0                 0                 0                 0                 0                 0                 0                 0                
1717838078        0                 0                 0                 0                 0                 0                 0                 0                 0                 0                 0                
1717838088        0                 0                 0                 0                 0                 0                 0                 0                 0                 0                 0                
1717838098        0                 0                 0                 0                 0                 0                 0                 0                 0                 0                 0                
1717838109        0                 0                 0                 0                 0                 0                 0                 0                 0                 0                 0                
1717838119        0                 0                 0                 0                 0                 0                 0                 0                 0                 0                 0                
1717838129        0                 0                 0                 0                 0                 0                 0                 0                 0                 0                 0                
1717838139        0                 0                 0                 0                 0                 0                 0                 0                 0                 0                 0                
1717838150        0                 0                 0                 0                 0                 0                 0                 0                 0                 0                 0                
1717838160        0                 0                 0                 0                 0                 0                 0                 0                 0                 0                 0                
1717838170        0                 0                 0                 0                 0                 0                 0                 0                 0                 0                 0                
1717838181        0                 0                 0                 0                 0                 0                 0                 0                 0                 0                 0                
1717838191        0                 0                 0                 0                 0                 0                 0                 0                 0                 0                 0                
1717838201        0                 0                 0                 0                 0                 0                 0                 0                 0                 0                 0                
1717838211        0                 0                 0                 0                 0                 0                 0                 0                 0                 0                 0                
1717838222        0                 0                 0                 0                 0                 0                 0                 0                 0                 0                 0                
1717838232        0                 0                 0                 0                 0                 0                 0                 0                 0                 0                 0                
1717838242        0                 0                 0                 0                 0                 0                 0                 0                 0                 0                 0                
1717838253        0                 0                 0                 0                 0                 0                 0                 0                 0                 0                 0                
1717838263        0                 0                 0                 0                 0                 0                 0                 0                 0                 0                 0                
1717838273        0                 0                 0                 0                 0                 0                 0                 0                 0                 0                 0                
1717838283        0                 0                 0                 0                 0                 0                 0                 0                 0                 0                 0                
1717838294        0                 0                 0                 0                 0                 0                 0                 0                 0                 0                 0                
1717838304        0                 0                 0                 0                 0                 0                 0                 0                 0                 0                 0                
1717838314        0                 0                 0                 0                 0                 0                 0                 0                 0                 0                 0                
1717838324        0                 0                 0                 0                 0                 0                 0                 0                 0                 0                 0                
1717838335        0                 0                 0                 0                 0                 0                 0                 0                 0                 0                 0                
1717838345        0                 0                 0                 0                 0                 0                 0                 0                 0                 0                 0                
1717838355        0                 0                 0                 0                 0                 0                 0                 0                 0                 0                 0                
1717838366        0                 0                 0                 0                 0                 0                 0                 0                 0                 0                 0                
1717838376        0                 0                 0                 0                 0                 0                 0                 0                 0                 0                 0                
1717838386        0                 0                 0                 0                 0                 0                 0                 0                 0                 0                 0                
1717838396        0                 0                 0                 0                 0                 0                 0                 0                 0                 0                 0                
1717838407        0                 0                 0                 0                 0                 0                 0                 0                 0                 0                 0                
1717838417        0                 0                 0                 0                 0                 0                 0                 0                 0                 0                 0                
1717838427        0                 0                 0                 0                 0                 0                 0                 0                 0                 0                 0                
1717838442        0                 0                 0                 0                 0                 0                 0                 0                 0                 0                 0                
1717838453        0                 0                 0                 0                 0                 0                 0                 0                 0                 0                 0                
1717838463        0                 0                 0                 0                 0                 0                 0                 0                 0                 0                 0                
1717838473        0                 0                 0                 0                 0                 0                 0                 0                 0                 0                 0                
1717838483        0                 0                 0                 0                 0                 0                 0                 0                 0                 0                 0                
1717838494        0                 0                 0                 0                 0                 0                 0                 0                 0                 0                 0                
1717838504        0                 0                 0                 0                 0                 0                 0                 0                 0                 0                 0                
1717838514        0                 0                 0                 0                 0                 0                 0                 0                 0                 0                 0                
1717838525        0                 0                 0                 0                 0                 0                 0                 0                 0                 0                 0                
1717838535        0                 0                 0                 0                 0                 0                 0                 0                 0                 0                 0                
1717838545        0                 0                 0                 0                 0                 0                 0                 0                 0                 0                 0                
1717838555        0                 0                 0                 0                 0                 0                 0                 0                 0                 0                 0                
1717838566        0                 0                 0                 0                 0                 0                 0                 0                 0                 0                 0                
1717838576        0                 0                 0                 0                 0                 0                 0                 0                 0                 0                 0                
1717838587        0                 0                 0                 0                 0                 0                 0                 0                 0                 0                 0                
1717838599        0                 0                 0                 0                 0                 0                 0                 0                 0                 0                 0                
1717838609        0                 0                 0                 0                 0                 0                 0                 0                 0                 0                 0                
1717838620        0                 0                 0                 0                 0                 0                 0                 0                 0                 0                 0                
1717838630        0                 0                 0                 0                 0                 0                 0                 0                 0                 0                 0                
1717838644        0                 0                 0                 0                 0                 0                 0                 0                 0                 0                 0                
1717838655        0                 0                 0                 0                 0                 0                 0                 0                 0                 0                 0                
1717838665        0                 0                 0                 0                 0                 0                 0                 0                 0                 0                 0                
1717838675        0                 0                 0                 0                 0                 0                 0                 0                 0                 0                 0                
1717838685        0                 0                 0                 0                 0                 0                 0                 0                 0                 0                 0                
1717838696        0                 0                 0                 0                 0                 0                 0                 0                 0                 0                 0                
1717838706        0                 0                 0                 0                 0                 0                 0                 0                 0                 0                 0                
1717838716        0                 0                 0                 0                 0                 0                 0                 0                 0                 0                 0                
1717838727        0                 0                 0                 0                 0                 0                 0                 0                 0                 0                 0                
1717838737        0                 0                 0                 0                 0                 0                 0                 0                 0                 0                 0                
1717838748        0                 0                 0                 0                 0                 0                 0                 0                 0                 0                 0                
1717838758        0                 0                 0                 0                 0                 0                 0                 0                 0                 0                 0                
1717838768        0                 0                 0                 0                 0                 0                 0                 0                 0                 0                 0                
1717838779        0                 0                 0                 0                 0                 0                 0                 0                 0                 0                 0                
1717838789        0                 0                 0                 0                 0                 0                 0                 0                 0                 0                 0                
1717838799        0                 0                 0                 0                 0                 0                 0                 0                 0                 0                 0                
1717838810        0                 0                 0                 0                 0                 0                 0                 0                 0                 0                 0                
1717838820        0                 0                 0                 0                 0                 0                 0                 0                 0                 0                 0                
1717838830        0                 0                 0                 0                 0                 0                 0                 0                 0                 0                 0                
1717838840        0                 0                 0                 0                 0                 0                 0                 0                 0                 0                 0                
1717838851        0                 0                 0                 0                 0                 0                 0                 0                 0                 0                 0                
1717838861        0                 0                 0                 0                 0                 0                 0                 0                 0                 0                 0                
1717838871        0                 0                 0                 0                 0                 0                 0                 0                 0                 0                 0                
1717838882        0                 0                 0                 0                 0                 0                 0                 0                 0                 0                 0                
1717838892        0                 0                 0                 0                 0                 0                 0                 0                 0                 0                 0                
1717838902        0                 0                 0                 0                 0                 0                 0                 0                 0                 0                 0                
1717838912        0                 0                 0                 0                 0                 0                 0                 0                 0                 0                 0                
1717838923        0                 0                 0                 0                 0                 0                 0                 0                 0                 0                 0                
1717838933        0                 0                 0                 0                 0                 0                 0                 0                 0                 0                 0                
1717838943        0                 0                 0                 0                 0                 0                 0                 0                 0                 0                 0                
1717838954        0                 0                 0                 0                 0                 0                 0                 0                 0                 0                 0                
1717838964        0                 0                 0                 0                 0                 0                 0                 0                 0                 0                 0                
1717838974        0                 0                 0                 0                 0                 0                 0                 0                 0                 0                 0                
1717838984        0                 0                 0                 0                 0                 0                 0                 0                 0                 0                 0                
1717838995        0                 0                 0                 0                 0                 0                 0                 0                 0                 0                 0                
1717839005        0                 0                 0                 0                 0                 0                 0                 0                 0                 0                 0                
1717839015        0                 0                 0                 0                 0                 0                 0                 0                 0                 0                 0                
1717839026        0                 0                 0                 0                 0                 0                 0                 0                 0                 0                 0                
1717839036        0                 0                 0                 0                 0                 0                 0                 0                 0                 0                 0                
1717839046        0                 0                 0                 0                 0                 0                 0                 0                 0                 0                 0                
1717839056        0                 0                 0                 0                 0                 0                 0                 0                 0                 0                 0                
1717839067        0                 0                 0                 0                 0                 0                 0                 0                 0                 0                 0                
1717839077        0                 0                 0                 0                 0                 0                 0                 0                 0                 0                 0                
1717839087        0                 0                 0                 0                 0                 0                 0                 0                 0                 0                 0                
1717839098        0                 0                 0                 0                 0                 0                 0                 0                 0                 0                 0                
1717839108        0                 0                 0                 0                 0                 0                 0                 0                 0                 0                 0                
1717839118        0                 0                 0                 0                 0                 0                 0                 0                 0                 0                 0                
1717839128        0                 0                 0                 0                 0                 0                 0                 0                 0                 0                 0                
1717839139        0                 0                 0                 0                 0                 0                 0                 0                 0                 0                 0                
1717839149        0                 0                 0                 0                 0                 0                 0                 0                 0                 0                 0                
1717839159        0                 0                 0                 0                 0                 0                 0                 0                 0                 0                 0                
1717839170        0                 0                 0                 0                 0                 0                 0                 0                 0                 0                 0                
1717839180        0                 0                 0                 0                 0                 0                 0                 0                 0                 0                 0                
1717839190        0                 0                 0                 0                 0                 0                 0                 0                 0                 0                 0                
1717839200        0                 0                 0                 0                 0                 0                 0                 0                 0                 0                 0                
1717839211        0                 0                 0                 0                 0                 0                 0                 0                 0                 0                 0                
1717839221        0                 0                 0                 0                 0                 0                 0                 0                 0                 0                 0                
1717839231        0                 0                 0                 0                 0                 0                 0                 0                 0                 0                 0                
1717839241        0                 0                 0                 0                 0                 0                 0                 0                 0                 0                 0                
1717839252        0                 0                 0                 0                 0                 0                 0                 0                 0                 0                 0                
1717839262        0                 0                 0                 0                 0                 0                 0                 0                 0                 0                 0                
1717839272        0                 0                 0                 0                 0                 0                 0                 0                 0                 0                 0                
1717839283        0                 0                 0                 0                 0                 0                 0                 0                 0                 0                 0                
1717839293        0                 0                 0                 0                 0                 0                 0                 0                 0                 0                 0                
1717839303        0                 0                 0                 0                 0                 0                 0                 0                 0                 0                 0                
1717839313        0                 0                 0                 0                 0                 0                 0                 0                 0                 0                 0                
1717839324        0                 0                 0                 0                 0                 0                 0                 0                 0                 0                 0                
1717839334        0                 0                 0                 0                 0                 0                 0                 0                 0                 0                 0                
1717839344        0                 0                 0                 0                 0                 0                 0                 0                 0                 0                 0                
1717839355        0                 0                 0                 0                 0                 0                 0                 0                 0                 0                 0                
1717839365        0                 0                 0                 0                 0                 0                 0                 0                 0                 0                 0                
1717839375        0                 0                 0                 0                 0                 0                 0                 0                 0                 0                 0                
1717839385        0                 0                 0                 0                 0                 0                 0                 0                 0                 0                 0                
1717839396        0                 0                 0                 0                 0                 0                 0                 0                 0                 0                 0                
1717839406        0                 0                 0                 0                 0                 0                 0                 0                 0                 0                 0                
1717839416        0                 0                 0                 0                 0                 0                 0                 0                 0                 0                 0                
1717839427        0                 0                 0                 0                 0                 0                 0                 0                 0                 0                 0                
1717839437        0                 0                 0                 0                 0                 0                 0                 0                 0                 0                 0                
1717839447        0                 0                 0                 0                 0                 0                 0                 0                 0                 0                 0                
1717839458        0                 0                 0                 0                 0                 0                 0                 0                 0                 0                 0                
1717839468        0                 0                 0                 0                 0                 0                 0                 0                 0                 0                 0                
1717839478        0                 0                 0                 0                 0                 0                 0                 0                 0                 0                 0                
1717839488        0                 0                 0                 0                 0                 0                 0                 0                 0                 0                 0                
1717839499        0                 0                 0                 0                 0                 0                 0                 0                 0                 0                 0                
1717839509        0                 0                 0                 0                 0                 0                 0                 0                 0                 0                 0                
1717839519        0                 0                 0                 0                 0                 0                 0                 0                 0                 0                 0                
1717839530        0                 0                 0                 0                 0                 0                 0                 0                 0                 0                 0                
1717839540        0                 0                 0                 0                 0                 0                 0                 0                 0                 0                 0                
1717839550        0                 0                 0                 0                 0                 0                 0                 0                 0                 0                 0                
1717839560        0                 0                 0                 0                 0                 0                 0                 0                 0                 0                 0                
1717839571        0                 0                 0                 0                 0                 0                 0                 0                 0                 0                 0                
1717839581        0                 0                 0                 0                 0                 0                 0                 0                 0                 0                 0                
1717839591        0                 0                 0                 0                 0                 0                 0                 0                 0                 0                 0                
1717839601        0                 0                 0                 0                 0                 0                 0                 0                 0                 0                 0                
1717839612        0                 0                 0                 0                 0                 0                 0                 0                 0                 0                 0                
1717839622        0                 0                 0                 0                 0                 0                 0                 0                 0                 0                 0                
1717839632        0                 0                 0                 0                 0                 0                 0                 0                 0                 0                 0                
1717839643        0                 0                 0                 0                 0                 0                 0                 0                 0                 0                 0                
1717839653        0                 0                 0                 0                 0                 0                 0                 0                 0                 0                 0                
1717839663        0                 0                 0                 0                 0                 0                 0                 0                 0                 0                 0                
1717839674        0                 0                 0                 0                 0                 0                 0                 0                 0                 0                 0                
1717839684        0                 0                 0                 0                 0                 0                 0                 0                 0                 0                 0                
1717839694        0                 0                 0                 0                 0                 0                 0                 0                 0                 0                 0                
1717839704        0                 0                 0                 0                 0                 0                 0                 0                 0                 0                 0                
1717839715        0                 0                 0                 0                 0                 0                 0                 0                 0                 0                 0                
1717839725        0                 0                 0                 0                 0                 0                 0                 0                 0                 0                 0                
1717839735        0                 0                 0                 0                 0                 0                 0                 0                 0                 0                 0                
1717839745        0                 0                 0                 0                 0                 0                 0                 0                 0                 0                 0                
1717839756        0                 0                 0                 0                 0                 0                 0                 0                 0                 0                 0                
1717839766        0                 0                 0                 0                 0                 0                 0                 0                 0                 0                 0                
1717839776        0                 0                 0                 0                 0                 0                 0                 0                 0                 0                 0                
1717839787        0                 0                 0                 0                 0                 0                 0                 0                 0                 0                 0                
1717839797        0                 0                 0                 0                 0                 0                 0                 0                 0                 0                 0                
1717839807        0                 0                 0                 0                 0                 0                 0                 0                 0                 0                 0                
1717839817        0                 0                 0                 0                 0                 0                 0                 0                 0                 0                 0                
1717839828        0                 0                 0                 0                 0                 0                 0                 0                 0                 0                 0                
1717839838        0                 0                 0                 0                 0                 0                 0                 0                 0                 0                 0                
1717839848        0                 0                 0                 0                 0                 0                 0                 0                 0                 0                 0                
1717839859        0                 0                 0                 0                 0                 0                 0                 0                 0                 0                 0                
1717839869        0                 0                 0                 0                 0                 0                 0                 0                 0                 0                 0                
1717839879        0                 0                 0                 0                 0                 0                 0                 0                 0                 0                 0                
1717839889        0                 0                 0                 0                 0                 0                 0                 0                 0                 0                 0                
1717839900        0                 0                 0                 0                 0                 0                 0                 0                 0                 0                 0                
1717839910        0                 0                 0                 0                 0                 0                 0                 0                 0                 0                 0                
1717839920        0                 0                 0                 0                 0                 0                 0                 0                 0                 0                 0                
1717839931        0                 0                 0                 0                 0                 0                 0                 0                 0                 0                 0                
1717839941        0                 0                 0                 0                 0                 0                 0                 0                 0                 0                 0                
1717839951        0                 0                 0                 0                 0                 0                 0                 0                 0                 0                 0                
1717839961        0                 0                 0                 0                 0                 0                 0                 0                 0                 0                 0                
1717839972        0                 0                 0                 0                 0                 0                 0                 0                 0                 0                 0                
1717839982        0                 0                 0                 0                 0                 0                 0                 0                 0                 0                 0                
1717839992        0                 0                 0                 0                 0                 0                 0                 0                 0                 0                 0                
1717840003        0                 0                 0                 0                 0                 0                 0                 0                 0                 0                 0                
1717840013        0                 0                 0                 0                 0                 0                 0                 0                 0                 0                 0                
1717840023        0                 0                 0                 0                 0                 0                 0                 0                 0                 0                 0                
1717840033        0                 0                 0                 0                 0                 0                 0                 0                 0                 0                 0                
1717840044        0                 0                 0                 0                 0                 0                 0                 0                 0                 0                 0                
1717840054        0                 0                 0                 0                 0                 0                 0                 0                 0                 0                 0                
1717840064        0                 0                 0                 0                 0                 0                 0                 0                 0                 0                 0                
1717840075        0                 0                 0                 0                 0                 0                 0                 0                 0                 0                 0                
1717840085        0                 0                 0                 0                 0                 0                 0                 0                 0                 0                 0                
1717840095        0                 0                 0                 0                 0                 0                 0                 0                 0                 0                 0                
1717840106        0                 0                 0                 0                 0                 0                 0                 0                 0                 0                 0                
1717840116        0                 0                 0                 0                 0                 0                 0                 0                 0                 0                 0                
1717840126        0                 0                 0                 0                 0                 0                 0                 0                 0                 0                 0                
1717840137        0                 0                 0                 0                 0                 0                 0                 0                 0                 0                 0                
1717840147        0                 0                 0                 0                 0                 0                 0                 0                 0                 0                 0                
1717840157        0                 0                 0                 0                 0                 0                 0                 0                 0                 0                 0                
1717840167        0                 0                 0                 0                 0                 0                 0                 0                 0                 0                 0                
1717840178        0                 0                 0                 0                 0                 0                 0                 0                 0                 0                 0                
1717840188        0                 0                 0                 0                 0                 0                 0                 0                 0                 0                 0                
1717840198        0                 0                 0                 0                 0                 0                 0                 0                 0                 0                 0                
1717840209        0                 0                 0                 0                 0                 0                 0                 0                 0                 0                 0                
1717840219        0                 0                 0                 0                 0                 0                 0                 0                 0                 0                 0                
1717840229        0                 0                 0                 0                 0                 0                 0                 0                 0                 0                 0                
1717840239        0                 0                 0                 0                 0                 0                 0                 0                 0                 0                 0                
1717840250        0                 0                 0                 0                 0                 0                 0                 0                 0                 0                 0                
1717840261        0                 0                 0                 0                 0                 0                 0                 0                 0                 0                 0                
1717840272        0                 0                 0                 0                 0                 0                 0                 0                 0                 0                 0                
1717840282        0                 0                 0                 0                 0                 0                 0                 0                 0                 0                 0                
1717840292        0                 0                 0                 0                 0                 0                 0                 0                 0                 0                 0                
1717840303        0                 0                 0                 0                 0                 0                 0                 0                 0                 0                 0                
1717840313        0                 0                 0                 0                 0                 0                 0                 0                 0                 0                 0                
1717840323        0                 0                 0                 0                 0                 0                 0                 0                 0                 0                 0                
1717840334        0                 0                 0                 0                 0                 0                 0                 0                 0                 0                 0                
1717840344        0                 0                 0                 0                 0                 0                 0                 0                 0                 0                 0                
1717840354        0                 0                 0                 0                 0                 0                 0                 0                 0                 0                 0                
1717840364        0                 0                 0                 0                 0                 0                 0                 0                 0                 0                 0                
1717840375        0                 0                 0                 0                 0                 0                 0                 0                 0                 0                 0                
1717840385        0                 0                 0                 0                 0                 0                 0                 0                 0                 0                 0                
1717840395        0                 0                 0                 0                 0                 0                 0                 0                 0                 0                 0                
1717840406        0                 0                 0                 0                 0                 0                 0                 0                 0                 0                 0                
1717840416        0                 0                 0                 0                 0                 0                 0                 0                 0                 0                 0                
1717840426        0                 0                 0                 0                 0                 0                 0                 0                 0                 0                 0                
1717840436        0                 0                 0                 0                 0                 0                 0                 0                 0                 0                 0                
1717840447        0                 0                 0                 0                 0                 0                 0                 0                 0                 0                 0                
1717840457        0                 0                 0                 0                 0                 0                 0                 0                 0                 0                 0                
1717840467        0                 0                 0                 0                 0                 0                 0                 0                 0                 0                 0                
1717840478        0                 0                 0                 0                 0                 0                 0                 0                 0                 0                 0                
1717840488        0                 0                 0                 0                 0                 0                 0                 0                 0                 0                 0                
1717840498        0                 0                 0                 0                 0                 0                 0                 0                 0                 0                 0                
1717840508        0                 0                 0                 0                 0                 0                 0                 0                 0                 0                 0                
1717840519        0                 0                 0                 0                 0                 0                 0                 0                 0                 0                 0                
1717840529        0                 0                 0                 0                 0                 0                 0                 0                 0                 0                 0                
1717840539        0                 0                 0                 0                 0                 0                 0                 0                 0                 0                 0                
1717840550        0                 0                 0                 0                 0                 0                 0                 0                 0                 0                 0                
1717840560        0                 0                 0                 0                 0                 0                 0                 0                 0                 0                 0                
1717840570        0                 0                 0                 0                 0                 0                 0                 0                 0                 0                 0                
1717840580        0                 0                 0                 0                 0                 0                 0                 0                 0                 0                 0                
1717840591        0                 0                 0                 0                 0                 0                 0                 0                 0                 0                 0                
1717840601        0                 0                 0                 0                 0                 0                 0                 0                 0                 0                 0                
1717840611        0                 0                 0                 0                 0                 0                 0                 0                 0                 0                 0                
1717840622        0                 0                 0                 0                 0                 0                 0                 0                 0                 0                 0                
1717840632        0                 0                 0                 0                 0                 0                 0                 0                 0                 0                 0                
1717840642        0                 0                 0                 0                 0                 0                 0                 0                 0                 0                 0                
1717840652        0                 0                 0                 0                 0                 0                 0                 0                 0                 0                 0                
1717840663        0                 0                 0                 0                 0                 0                 0                 0                 0                 0                 0                
1717840673        0                 0                 0                 0                 0                 0                 0                 0                 0                 0                 0                
1717840683        0                 0                 0                 0                 0                 0                 0                 0                 0                 0                 0                
1717840694        0                 0                 0                 0                 0                 0                 0                 0                 0                 0                 0                
1717840704        0                 0                 0                 0                 0                 0                 0                 0                 0                 0                 0                
1717840714        0                 0                 0                 0                 0                 0                 0                 0                 0                 0                 0                
1717840724        0                 0                 0                 0                 0                 0                 0                 0                 0                 0                 0                
1717840735        0                 0                 0                 0                 0                 0                 0                 0                 0                 0                 0                
1717840745        0                 0                 0                 0                 0                 0                 0                 0                 0                 0                 0                
1717840755        0                 0                 0                 0                 0                 0                 0                 0                 0                 0                 0                
1717840766        0                 0                 0                 0                 0                 0                 0                 0                 0                 0                 0                
1717840776        0                 0                 0                 0                 0                 0                 0                 0                 0                 0                 0                
1717840786        0                 0                 0                 0                 0                 0                 0                 0                 0                 0                 0                
1717840796        0                 0                 0                 0                 0                 0                 0                 0                 0                 0                 0                
1717840807        0                 0                 0                 0                 0                 0                 0                 0                 0                 0                 0                
1717840817        0                 0                 0                 0                 0                 0                 0                 0                 0                 0                 0                
1717840827        0                 0                 0                 0                 0                 0                 0                 0                 0                 0                 0                
1717840838        0                 0                 0                 0                 0                 0                 0                 0                 0                 0                 0                
1717840848        0                 0                 0                 0                 0                 0                 0                 0                 0                 0                 0                
1717840858        0                 0                 0                 0                 0                 0                 0                 0                 0                 0                 0                
1717840868        0                 0                 0                 0                 0                 0                 0                 0                 0                 0                 0                
1717840879        0                 0                 0                 0                 0                 0                 0                 0                 0                 0                 0                
1717840889        0                 0                 0                 0                 0                 0                 0                 0                 0                 0                 0                
1717840899        0                 0                 0                 0                 0                 0                 0                 0                 0                 0                 0                
1717840909        0                 0                 0                 0                 0                 0                 0                 0                 0                 0                 0                
1717840920        0                 0                 0                 0                 0                 0                 0                 0                 0                 0                 0                
1717840930        0                 0                 0                 0                 0                 0                 0                 0                 0                 0                 0                
1717840940        0                 0                 0                 0                 0                 0                 0                 0                 0                 0                 0                
1717840951        0                 0                 0                 0                 0                 0                 0                 0                 0                 0                 0                
1717840961        0                 0                 0                 0                 0                 0                 0                 0                 0                 0                 0                
1717840971        0                 0                 0                 0                 0                 0                 0                 0                 0                 0                 0                
1717840982        0                 0                 0                 0                 0                 0                 0                 0                 0                 0                 0                
1717840992        0                 0                 0                 0                 0                 0                 0                 0                 0                 0                 0                
1717841002        0                 0                 0                 0                 0                 0                 0                 0                 0                 0                 0                
1717841012        0                 0                 0                 0                 0                 0                 0                 0                 0                 0                 0                
1717841023        0                 0                 0                 0                 0                 0                 0                 0                 0                 0                 0                
1717841033        0                 0                 0                 0                 0                 0                 0                 0                 0                 0                 0                
1717841043        0                 0                 0                 0                 0                 0                 0                 0                 0                 0                 0                
1717841053        0                 0                 0                 0                 0                 0                 0                 0                 0                 0                 0                
1717841064        0                 0                 0                 0                 0                 0                 0                 0                 0                 0                 0                
1717841074        0                 0                 0                 0                 0                 0                 0                 0                 0                 0                 0                
1717841084        0                 0                 0                 0                 0                 0                 0                 0                 0                 0                 0                
1717841095        0                 0                 0                 0                 0                 0                 0                 0                 0                 0                 0                
1717841105        0                 0                 0                 0                 0                 0                 0                 0                 0                 0                 0                
1717841115        0                 0                 0                 0                 0                 0                 0                 0                 0                 0                 0                
1717841125        0                 0                 0                 0                 0                 0                 0                 0                 0                 0                 0                
1717841136        0                 0                 0                 0                 0                 0                 0                 0                 0                 0                 0                
1717841146        0                 0                 0                 0                 0                 0                 0                 0                 0                 0                 0                
1717841156        0                 0                 0                 0                 0                 0                 0                 0                 0                 0                 0                
1717841167        0                 0                 0                 0                 0                 0                 0                 0                 0                 0                 0                
1717841177        0                 0                 0                 0                 0                 0                 0                 0                 0                 0                 0                
1717841187        0                 0                 0                 0                 0                 0                 0                 0                 0                 0                 0                
1717841197        0                 0                 0                 0                 0                 0                 0                 0                 0                 0                 0                
1717841208        0                 0                 0                 0                 0                 0                 0                 0                 0                 0                 0                
1717841218        0                 0                 0                 0                 0                 0                 0                 0                 0                 0                 0                
1717841228        0                 0                 0                 0                 0                 0                 0                 0                 0                 0                 0                
1717841239        0                 0                 0                 0                 0                 0                 0                 0                 0                 0                 0                
1717841249        0                 0                 0                 0                 0                 0                 0                 0                 0                 0                 0                
1717841259        0                 0                 0                 0                 0                 0                 0                 0                 0                 0                 0                
1717841269        0                 0                 0                 0                 0                 0                 0                 0                 0                 0                 0                
1717841280        0                 0                 0                 0                 0                 0                 0                 0                 0                 0                 0                
1717841290        0                 0                 0                 0                 0                 0                 0                 0                 0                 0                 0                
1717841300        0                 0                 0                 0                 0                 0                 0                 0                 0                 0                 0                
1717841311        0                 0                 0                 0                 0                 0                 0                 0                 0                 0                 0                
1717841321        0                 0                 0                 0                 0                 0                 0                 0                 0                 0                 0                
1717841331        0                 0                 0                 0                 0                 0                 0                 0                 0                 0                 0                
1717841341        0                 0                 0                 0                 0                 0                 0                 0                 0                 0                 0                
1717841352        0                 0                 0                 0                 0                 0                 0                 0                 0                 0                 0                
1717841362        0                 0                 0                 0                 0                 0                 0                 0                 0                 0                 0                
1717841372        0                 0                 0                 0                 0                 0                 0                 0                 0                 0                 0                
1717841383        0                 0                 0                 0                 0                 0                 0                 0                 0                 0                 0                
1717841393        0                 0                 0                 0                 0                 0                 0                 0                 0                 0                 0                
1717841403        0                 0                 0                 0                 0                 0                 0                 0                 0                 0                 0                
1717841413        0                 0                 0                 0                 0                 0                 0                 0                 0                 0                 0                
1717841424        0                 0                 0                 0                 0                 0                 0                 0                 0                 0                 0                
1717841434        0                 0                 0                 0                 0                 0                 0                 0                 0                 0                 0                
1717841444        0                 0                 0                 0                 0                 0                 0                 0                 0                 0                 0                
1717841455        0                 0                 0                 0                 0                 0                 0                 0                 0                 0                 0                
1717841465        0                 0                 0                 0                 0                 0                 0                 0                 0                 0                 0                
1717841475        0                 0                 0                 0                 0                 0                 0                 0                 0                 0                 0                
1717841485        0                 0                 0                 0                 0                 0                 0                 0                 0                 0                 0                
1717841496        0                 0                 0                 0                 0                 0                 0                 0                 0                 0                 0                
1717841506        0                 0                 0                 0                 0                 0                 0                 0                 0                 0                 0                
1717841516        0                 0                 0                 0                 0                 0                 0                 0                 0                 0                 0                
1717841527        0                 0                 0                 0                 0                 0                 0                 0                 0                 0                 0                
1717841537        0                 0                 0                 0                 0                 0                 0                 0                 0                 0                 0                
1717841547        0                 0                 0                 0                 0                 0                 0                 0                 0                 0                 0                
1717841557        0                 0                 0                 0                 0                 0                 0                 0                 0                 0                 0                
1717841568        0                 0                 0                 0                 0                 0                 0                 0                 0                 0                 0                
1717841578        0                 0                 0                 0                 0                 0                 0                 0                 0                 0                 0                
1717841588        0                 0                 0                 0                 0                 0                 0                 0                 0                 0                 0                
1717841599        0                 0                 0                 0                 0                 0                 0                 0                 0                 0                 0                
1717841609        0                 0                 0                 0                 0                 0                 0                 0                 0                 0                 0                
1717841619        0                 0                 0                 0                 0                 0                 0                 0                 0                 0                 0                
1717841630        0                 0                 0                 0                 0                 0                 0                 0                 0                 0                 0                
1717841640        0                 0                 0                 0                 0                 0                 0                 0                 0                 0                 0                
1717841650        0                 0                 0                 0                 0                 0                 0                 0                 0                 0                 0                
1717841661        0                 0                 0                 0                 0                 0                 0                 0                 0                 0                 0                
1717841671        0                 0                 0                 0                 0                 0                 0                 0                 0                 0                 0                
1717841682        0                 0                 0                 0                 0                 0                 0                 0                 0                 0                 0                
1717841692        0                 0                 0                 0                 0                 0                 0                 0                 0                 0                 0                
1717841702        0                 0                 0                 0                 0                 0                 0                 0                 0                 0                 0                
1717841712        0                 0                 0                 0                 0                 0                 0                 0                 0                 0                 0                
1717841723        0                 0                 0                 0                 0                 0                 0                 0                 0                 0                 0                
1717841733        0                 0                 0                 0                 0                 0                 0                 0                 0                 0                 0                
1717841743        0                 0                 0                 0                 0                 0                 0                 0                 0                 0                 0                
1717841754        0                 0                 0                 0                 0                 0                 0                 0                 0                 0                 0                
1717841764        0                 0                 0                 0                 0                 0                 0                 0                 0                 0                 0                
1717841775        0                 0                 0                 0                 0                 0                 0                 0                 0                 0                 0                
1717841785        0                 0                 0                 0                 0                 0                 0                 0                 0                 0                 0                
1717841795        0                 0                 0                 0                 0                 0                 0                 0                 0                 0                 0                
1717841806        0                 0                 0                 0                 0                 0                 0                 0                 0                 0                 0                
1717841816        0                 0                 0                 0                 0                 0                 0                 0                 0                 0                 0                
1717841826        0                 0                 0                 0                 0                 0                 0                 0                 0                 0                 0                
1717841836        0                 0                 0                 0                 0                 0                 0                 0                 0                 0                 0                
1717841847        0                 0                 0                 0                 0                 0                 0                 0                 0                 0                 0                
1717841857        0                 0                 0                 0                 0                 0                 0                 0                 0                 0                 0                
1717841867        0                 0                 0                 0                 0                 0                 0                 0                 0                 0                 0                
1717841878        0                 0                 0                 0                 0                 0                 0                 0                 0                 0                 0                
1717841888        0                 0                 0                 0                 0                 0                 0                 0                 0                 0                 0                
1717841898        0                 0                 0                 0                 0                 0                 0                 0                 0                 0                 0                
1717841908        0                 0                 0                 0                 0                 0                 0                 0                 0                 0                 0                
1717841919        0                 0                 0                 0                 0                 0                 0                 0                 0                 0                 0                
1717841929        0                 0                 0                 0                 0                 0                 0                 0                 0                 0                 0                
1717841939        0                 0                 0                 0                 0                 0                 0                 0                 0                 0                 0                
1717841949        0                 0                 0                 0                 0                 0                 0                 0                 0                 0                 0                
1717841960        0                 0                 0                 0                 0                 0                 0                 0                 0                 0                 0                
1717841970        0                 0                 0                 0                 0                 0                 0                 0                 0                 0                 0                
1717841980        0                 0                 0                 0                 0                 0                 0                 0                 0                 0                 0                
1717841991        0                 0                 0                 0                 0                 0                 0                 0                 0                 0                 0                
1717842001        0                 0                 0                 0                 0                 0                 0                 0                 0                 0                 0                
1717842011        0                 0                 0                 0                 0                 0                 0                 0                 0                 0                 0                
1717842021        0                 0                 0                 0                 0                 0                 0                 0                 0                 0                 0                
1717842032        0                 0                 0                 0                 0                 0                 0                 0                 0                 0                 0                
1717842042        0                 0                 0                 0                 0                 0                 0                 0                 0                 0                 0                
1717842052        0                 0                 0                 0                 0                 0                 0                 0                 0                 0                 0                
1717842063        0                 0                 0                 0                 0                 0                 0                 0                 0                 0                 0                
1717842073        0                 0                 0                 0                 0                 0                 0                 0                 0                 0                 0                
1717842083        0                 0                 0                 0                 0                 0                 0                 0                 0                 0                 0                
1717842093        0                 0                 0                 0                 0                 0                 0                 0                 0                 0                 0                
1717842104        0                 0                 0                 0                 0                 0                 0                 0                 0                 0                 0                
1717842114        0                 0                 0                 0                 0                 0                 0                 0                 0                 0                 0                
1717842124        0                 0                 0                 0                 0                 0                 0                 0                 0                 0                 0                
1717842135        0                 0                 0                 0                 0                 0                 0                 0                 0                 0                 0                
1717842145        0                 0                 0                 0                 0                 0                 0                 0                 0                 0                 0                
1717842155        0                 0                 0                 0                 0                 0                 0                 0                 0                 0                 0                
1717842165        0                 0                 0                 0                 0                 0                 0                 0                 0                 0                 0                
1717842176        0                 0                 0                 0                 0                 0                 0                 0                 0                 0                 0                
1717842186        0                 0                 0                 0                 0                 0                 0                 0                 0                 0                 0                
1717842196        0                 0                 0                 0                 0                 0                 0                 0                 0                 0                 0                
1717842207        0                 0                 0                 0                 0                 0                 0                 0                 0                 0                 0                
1717842217        0                 0                 0                 0                 0                 0                 0                 0                 0                 0                 0                
1717842227        0                 0                 0                 0                 0                 0                 0                 0                 0                 0                 0                
1717842237        0                 0                 0                 0                 0                 0                 0                 0                 0                 0                 0                
1717842248        0                 0                 0                 0                 0                 0                 0                 0                 0                 0                 0                
1717842258        0                 0                 0                 0                 0                 0                 0                 0                 0                 0                 0                
1717842268        0                 0                 0                 0                 0                 0                 0                 0                 0                 0                 0                
1717842279        0                 0                 0                 0                 0                 0                 0                 0                 0                 0                 0                
1717842289        0                 0                 0                 0                 0                 0                 0                 0                 0                 0                 0                
1717842299        0                 0                 0                 0                 0                 0                 0                 0                 0                 0                 0                
1717842309        0                 0                 0                 0                 0                 0                 0                 0                 0                 0                 0                
1717842320        0                 0                 0                 0                 0                 0                 0                 0                 0                 0                 0                
1717842330        0                 0                 0                 0                 0                 0                 0                 0                 0                 0                 0                
1717842340        0                 0                 0                 0                 0                 0                 0                 0                 0                 0                 0                
1717842351        0                 0                 0                 0                 0                 0                 0                 0                 0                 0                 0                
1717842361        0                 0                 0                 0                 0                 0                 0                 0                 0                 0                 0                
1717842371        0                 0                 0                 0                 0                 0                 0                 0                 0                 0                 0                
1717842382        0                 0                 0                 0                 0                 0                 0                 0                 0                 0                 0                
1717842392        0                 0                 0                 0                 0                 0                 0                 0                 0                 0                 0                
1717842402        0                 0                 0                 0                 0                 0                 0                 0                 0                 0                 0                
1717842412        0                 0                 0                 0                 0                 0                 0                 0                 0                 0                 0                
1717842423        0                 0                 0                 0                 0                 0                 0                 0                 0                 0                 0                
1717842433        0                 0                 0                 0                 0                 0                 0                 0                 0                 0                 0                
1717842443        0                 0                 0                 0                 0                 0                 0                 0                 0                 0                 0                
1717842454        0                 0                 0                 0                 0                 0                 0                 0                 0                 0                 0                
1717842464        0                 0                 0                 0                 0                 0                 0                 0                 0                 0                 0                
1717842474        0                 0                 0                 0                 0                 0                 0                 0                 0                 0                 0                
1717842484        0                 0                 0                 0                 0                 0                 0                 0                 0                 0                 0                
1717842495        0                 0                 0                 0                 0                 0                 0                 0                 0                 0                 0                
1717842505        0                 0                 0                 0                 0                 0                 0                 0                 0                 0                 0                
1717842515        0                 0                 0                 0                 0                 0                 0                 0                 0                 0                 0                
1717842526        0                 0                 0                 0                 0                 0                 0                 0                 0                 0                 0                
1717842536        0                 0                 0                 0                 0                 0                 0                 0                 0                 0                 0                
1717842546        0                 0                 0                 0                 0                 0                 0                 0                 0                 0                 0                
1717842556        0                 0                 0                 0                 0                 0                 0                 0                 0                 0                 0                
1717842567        0                 0                 0                 0                 0                 0                 0                 0                 0                 0                 0                
1717842577        0                 0                 0                 0                 0                 0                 0                 0                 0                 0                 0                
1717842587        0                 0                 0                 0                 0                 0                 0                 0                 0                 0                 0                
1717842598        0                 0                 0                 0                 0                 0                 0                 0                 0                 0                 0                
1717842608        0                 0                 0                 0                 0                 0                 0                 0                 0                 0                 0                
1717842618        0                 0                 0                 0                 0                 0                 0                 0                 0                 0                 0                
1717842629        0                 0                 0                 0                 0                 0                 0                 0                 0                 0                 0                
1717842639        0                 0                 0                 0                 0                 0                 0                 0                 0                 0                 0                
1717842649        0                 0                 0                 0                 0                 0                 0                 0                 0                 0                 0                
1717842660        0                 0                 0                 0                 0                 0                 0                 0                 0                 0                 0                
1717842670        0                 0                 0                 0                 0                 0                 0                 0                 0                 0                 0                
1717842680        0                 0                 0                 0                 0                 0                 0                 0                 0                 0                 0                
1717842691        0                 0                 0                 0                 0                 0                 0                 0                 0                 0                 0                
1717842701        0                 0                 0                 0                 0                 0                 0                 0                 0                 0                 0                
1717842711        0                 0                 0                 0                 0                 0                 0                 0                 0                 0                 0                
1717842722        0                 0                 0                 0                 0                 0                 0                 0                 0                 0                 0                
1717842732        0                 0                 0                 0                 0                 0                 0                 0                 0                 0                 0                
1717842742        0                 0                 0                 0                 0                 0                 0                 0                 0                 0                 0                
1717842752        0                 0                 0                 0                 0                 0                 0                 0                 0                 0                 0                
1717842763        0                 0                 0                 0                 0                 0                 0                 0                 0                 0                 0                
1717842773        0                 0                 0                 0                 0                 0                 0                 0                 0                 0                 0                
1717842783        0                 0                 0                 0                 0                 0                 0                 0                 0                 0                 0                
1717842793        0                 0                 0                 0                 0                 0                 0                 0                 0                 0                 0                
1717842804        0                 0                 0                 0                 0                 0                 0                 0                 0                 0                 0                
1717842814        0                 0                 0                 0                 0                 0                 0                 0                 0                 0                 0                
1717842824        0                 0                 0                 0                 0                 0                 0                 0                 0                 0                 0                
1717842835        0                 0                 0                 0                 0                 0                 0                 0                 0                 0                 0                
1717842845        0                 0                 0                 0                 0                 0                 0                 0                 0                 0                 0                
1717842855        0                 0                 0                 0                 0                 0                 0                 0                 0                 0                 0                
1717842866        0                 0                 0                 0                 0                 0                 0                 0                 0                 0                 0                
1717842876        0                 0                 0                 0                 0                 0                 0                 0                 0                 0                 0                
1717842886        0                 0                 0                 0                 0                 0                 0                 0                 0                 0                 0                
1717842896        0                 0                 0                 0                 0                 0                 0                 0                 0                 0                 0                
1717842907        0                 0                 0                 0                 0                 0                 0                 0                 0                 0                 0                
1717842917        0                 0                 0                 0                 0                 0                 0                 0                 0                 0                 0                
1717842927        0                 0                 0                 0                 0                 0                 0                 0                 0                 0                 0                
1717842938        0                 0                 0                 0                 0                 0                 0                 0                 0                 0                 0                
1717842948        0                 0                 0                 0                 0                 0                 0                 0                 0                 0                 0                
1717842958        0                 0                 0                 0                 0                 0                 0                 0                 0                 0                 0                
1717842968        0                 0                 0                 0                 0                 0                 0                 0                 0                 0                 0                
1717842979        0                 0                 0                 0                 0                 0                 0                 0                 0                 0                 0                
1717842989        0                 0                 0                 0                 0                 0                 0                 0                 0                 0                 0                
1717842999        0                 0                 0                 0                 0                 0                 0                 0                 0                 0                 0                
1717843010        0                 0                 0                 0                 0                 0                 0                 0                 0                 0                 0                
1717843020        0                 0                 0                 0                 0                 0                 0                 0                 0                 0                 0                
1717843030        0                 0                 0                 0                 0                 0                 0                 0                 0                 0                 0                
1717843040        0                 0                 0                 0                 0                 0                 0                 0                 0                 0                 0                
1717843051        0                 0                 0                 0                 0                 0                 0                 0                 0                 0                 0                
1717843061        0                 0                 0                 0                 0                 0                 0                 0                 0                 0                 0                
1717843071        0                 0                 0                 0                 0                 0                 0                 0                 0                 0                 0                
1717843082        0                 0                 0                 0                 0                 0                 0                 0                 0                 0                 0                
1717843092        0                 0                 0                 0                 0                 0                 0                 0                 0                 0                 0                
1717843102        0                 0                 0                 0                 0                 0                 0                 0                 0                 0                 0                
1717843112        0                 0                 0                 0                 0                 0                 0                 0                 0                 0                 0                
1717843123        0                 0                 0                 0                 0                 0                 0                 0                 0                 0                 0                
1717843133        0                 0                 0                 0                 0                 0                 0                 0                 0                 0                 0                
1717843143        0                 0                 0                 0                 0                 0                 0                 0                 0                 0                 0                
1717843154        0                 0                 0                 0                 0                 0                 0                 0                 0                 0                 0                
1717843164        0                 0                 0                 0                 0                 0                 0                 0                 0                 0                 0                
1717843174        0                 0                 0                 0                 0                 0                 0                 0                 0                 0                 0                
1717843184        0                 0                 0                 0                 0                 0                 0                 0                 0                 0                 0                
1717843195        0                 0                 0                 0                 0                 0                 0                 0                 0                 0                 0                
1717843205        0                 0                 0                 0                 0                 0                 0                 0                 0                 0                 0                
1717843215        0                 0                 0                 0                 0                 0                 0                 0                 0                 0                 0                
1717843226        0                 0                 0                 0                 0                 0                 0                 0                 0                 0                 0                
1717843236        0                 0                 0                 0                 0                 0                 0                 0                 0                 0                 0                
1717843246        0                 0                 0                 0                 0                 0                 0                 0                 0                 0                 0                
1717843256        0                 0                 0                 0                 0                 0                 0                 0                 0                 0                 0                
1717843267        0                 0                 0                 0                 0                 0                 0                 0                 0                 0                 0                
1717843277        0                 0                 0                 0                 0                 0                 0                 0                 0                 0                 0                
1717843287        0                 0                 0                 0                 0                 0                 0                 0                 0                 0                 0                
1717843298        0                 0                 0                 0                 0                 0                 0                 0                 0                 0                 0                
1717843308        0                 0                 0                 0                 0                 0                 0                 0                 0                 0                 0                
1717843318        0                 0                 0                 0                 0                 0                 0                 0                 0                 0                 0                
1717843329        0                 0                 0                 0                 0                 0                 0                 0                 0                 0                 0                
1717843339        0                 0                 0                 0                 0                 0                 0                 0                 0                 0                 0                
1717843349        0                 0                 0                 0                 0                 0                 0                 0                 0                 0                 0                
1717843359        0                 0                 0                 0                 0                 0                 0                 0                 0                 0                 0                
1717843370        0                 0                 0                 0                 0                 0                 0                 0                 0                 0                 0                
1717843380        0                 0                 0                 0                 0                 0                 0                 0                 0                 0                 0                
1717843390        0                 0                 0                 0                 0                 0                 0                 0                 0                 0                 0                
1717843401        0                 0                 0                 0                 0                 0                 0                 0                 0                 0                 0                
1717843411        0                 0                 0                 0                 0                 0                 0                 0                 0                 0                 0                
1717843421        0                 0                 0                 0                 0                 0                 0                 0                 0                 0                 0                
1717843431        0                 0                 0                 0                 0                 0                 0                 0                 0                 0                 0                
1717843442        0                 0                 0                 0                 0                 0                 0                 0                 0                 0                 0                
1717843452        0                 0                 0                 0                 0                 0                 0                 0                 0                 0                 0                
1717843462        0                 0                 0                 0                 0                 0                 0                 0                 0                 0                 0                
1717843473        0                 0                 0                 0                 0                 0                 0                 0                 0                 0                 0                
1717843483        0                 0                 0                 0                 0                 0                 0                 0                 0                 0                 0                
1717843493        0                 0                 0                 0                 0                 0                 0                 0                 0                 0                 0                
1717843503        0                 0                 0                 0                 0                 0                 0                 0                 0                 0                 0                
1717843514        0                 0                 0                 0                 0                 0                 0                 0                 0                 0                 0                
1717843524        0                 0                 0                 0                 0                 0                 0                 0                 0                 0                 0                
1717843534        0                 0                 0                 0                 0                 0                 0                 0                 0                 0                 0                
1717843544        0                 0                 0                 0                 0                 0                 0                 0                 0                 0                 0                
1717843555        0                 0                 0                 0                 0                 0                 0                 0                 0                 0                 0                
1717843565        0                 0                 0                 0                 0                 0                 0                 0                 0                 0                 0                
1717843575        0                 0                 0                 0                 0                 0                 0                 0                 0                 0                 0                
1717843586        0                 0                 0                 0                 0                 0                 0                 0                 0                 0                 0                
1717843596        0                 0                 0                 0                 0                 0                 0                 0                 0                 0                 0                
1717843606        0                 0                 0                 0                 0                 0                 0                 0                 0                 0                 0                
1717843616        0                 0                 0                 0                 0                 0                 0                 0                 0                 0                 0                
1717843627        0                 0                 0                 0                 0                 0                 0                 0                 0                 0                 0                
1717843637        0                 0                 0                 0                 0                 0                 0                 0                 0                 0                 0                
1717843647        0                 0                 0                 0                 0                 0                 0                 0                 0                 0                 0                
1717843658        0                 0                 0                 0                 0                 0                 0                 0                 0                 0                 0                
1717843668        0                 0                 0                 0                 0                 0                 0                 0                 0                 0                 0                
1717843678        0                 0                 0                 0                 0                 0                 0                 0                 0                 0                 0                
1717843688        0                 0                 0                 0                 0                 0                 0                 0                 0                 0                 0                
1717843699        0                 0                 0                 0                 0                 0                 0                 0                 0                 0                 0                
1717843709        0                 0                 0                 0                 0                 0                 0                 0                 0                 0                 0                
1717843719        0                 0                 0                 0                 0                 0                 0                 0                 0                 0                 0                
1717843730        0                 0                 0                 0                 0                 0                 0                 0                 0                 0                 0                
1717843740        0                 0                 0                 0                 0                 0                 0                 0                 0                 0                 0                
1717843750        0                 0                 0                 0                 0                 0                 0                 0                 0                 0                 0                
1717843761        0                 0                 0                 0                 0                 0                 0                 0                 0                 0                 0                
1717843771        0                 0                 0                 0                 0                 0                 0                 0                 0                 0                 0                
1717843781        0                 0                 0                 0                 0                 0                 0                 0                 0                 0                 0                
1717843792        0                 0                 0                 0                 0                 0                 0                 0                 0                 0                 0                
1717843802        0                 0                 0                 0                 0                 0                 0                 0                 0                 0                 0                
1717843812        0                 0                 0                 0                 0                 0                 0                 0                 0                 0                 0                
1717843823        0                 0                 0                 0                 0                 0                 0                 0                 0                 0                 0                
1717843833        0                 0                 0                 0                 0                 0                 0                 0                 0                 0                 0                
1717843843        0                 0                 0                 0                 0                 0                 0                 0                 0                 0                 0                
1717843854        0                 0                 0                 0                 0                 0                 0                 0                 0                 0                 0                
1717843864        0                 0                 0                 0                 0                 0                 0                 0                 0                 0                 0                
1717843874        0                 0                 0                 0                 0                 0                 0                 0                 0                 0                 0                
1717843885        0                 0                 0                 0                 0                 0                 0                 0                 0                 0                 0                
1717843895        0                 0                 0                 0                 0                 0                 0                 0                 0                 0                 0                
1717843905        0                 0                 0                 0                 0                 0                 0                 0                 0                 0                 0                
1717843915        0                 0                 0                 0                 0                 0                 0                 0                 0                 0                 0                
1717843927        0                 0                 0                 0                 0                 0                 0                 0                 0                 0                 0                
1717843937        0                 0                 0                 0                 0                 0                 0                 0                 0                 0                 0                
1717843947        0                 0                 0                 0                 0                 0                 0                 0                 0                 0                 0                
1717843957        0                 0                 0                 0                 0                 0                 0                 0                 0                 0                 0                
1717843968        0                 0                 0                 0                 0                 0                 0                 0                 0                 0                 0                
1717843978        0                 0                 0                 0                 0                 0                 0                 0                 0                 0                 0                
1717843988        0                 0                 0                 0                 0                 0                 0                 0                 0                 0                 0                
1717843999        0                 0                 0                 0                 0                 0                 0                 0                 0                 0                 0                
1717844009        0                 0                 0                 0                 0                 0                 0                 0                 0                 0                 0                
1717844019        0                 0                 0                 0                 0                 0                 0                 0                 0                 0                 0                
1717844029        0                 0                 0                 0                 0                 0                 0                 0                 0                 0                 0                
1717844040        0                 0                 0                 0                 0                 0                 0                 0                 0                 0                 0                
1717844050        0                 0                 0                 0                 0                 0                 0                 0                 0                 0                 0                
1717844060        0                 0                 0                 0                 0                 0                 0                 0                 0                 0                 0                
1717844071        0                 0                 0                 0                 0                 0                 0                 0                 0                 0                 0                
1717844081        0                 0                 0                 0                 0                 0                 0                 0                 0                 0                 0                
1717844091        0                 0                 0                 0                 0                 0                 0                 0                 0                 0                 0                
1717844101        0                 0                 0                 0                 0                 0                 0                 0                 0                 0                 0                
1717844112        0                 0                 0                 0                 0                 0                 0                 0                 0                 0                 0                
1717844122        0                 0                 0                 0                 0                 0                 0                 0                 0                 0                 0                
1717844132        0                 0                 0                 0                 0                 0                 0                 0                 0                 0                 0                
1717844143        0                 0                 0                 0                 0                 0                 0                 0                 0                 0                 0                
1717844153        0                 0                 0                 0                 0                 0                 0                 0                 0                 0                 0                
1717844163        0                 0                 0                 0                 0                 0                 0                 0                 0                 0                 0                
1717844174        0                 0                 0                 0                 0                 0                 0                 0                 0                 0                 0                
1717844184        0                 0                 0                 0                 0                 0                 0                 0                 0                 0                 0                
1717844194        0                 0                 0                 0                 0                 0                 0                 0                 0                 0                 0                
1717844204        0                 0                 0                 0                 0                 0                 0                 0                 0                 0                 0                
1717844215        0                 0                 0                 0                 0                 0                 0                 0                 0                 0                 0                
1717844225        0                 0                 0                 0                 0                 0                 0                 0                 0                 0                 0                
1717844235        0                 0                 0                 0                 0                 0                 0                 0                 0                 0                 0                
1717844246        0                 0                 0                 0                 0                 0                 0                 0                 0                 0                 0                
1717844256        0                 0                 0                 0                 0                 0                 0                 0                 0                 0                 0                
1717844266        0                 0                 0                 0                 0                 0                 0                 0                 0                 0                 0                
1717844277        0                 0                 0                 0                 0                 0                 0                 0                 0                 0                 0                
1717844287        0                 0                 0                 0                 0                 0                 0                 0                 0                 0                 0                
1717844297        0                 0                 0                 0                 0                 0                 0                 0                 0                 0                 0                
1717844307        0                 0                 0                 0                 0                 0                 0                 0                 0                 0                 0                
1717844318        0                 0                 0                 0                 0                 0                 0                 0                 0                 0                 0                
1717844328        0                 0                 0                 0                 0                 0                 0                 0                 0                 0                 0                
1717844338        0                 0                 0                 0                 0                 0                 0                 0                 0                 0                 0                
1717844349        0                 0                 0                 0                 0                 0                 0                 0                 0                 0                 0                
1717844359        0                 0                 0                 0                 0                 0                 0                 0                 0                 0                 0                
1717844369        0                 0                 0                 0                 0                 0                 0                 0                 0                 0                 0                
1717844380        0                 0                 0                 0                 0                 0                 0                 0                 0                 0                 0                
1717844390        0                 0                 0                 0                 0                 0                 0                 0                 0                 0                 0                
1717844400        0                 0                 0                 0                 0                 0                 0                 0                 0                 0                 0                
1717844411        0                 0                 0                 0                 0                 0                 0                 0                 0                 0                 0                
1717844421        0                 0                 0                 0                 0                 0                 0                 0                 0                 0                 0                
1717844431        0                 0                 0                 0                 0                 0                 0                 0                 0                 0                 0                
1717844442        0                 0                 0                 0                 0                 0                 0                 0                 0                 0                 0                
1717844452        0                 0                 0                 0                 0                 0                 0                 0                 0                 0                 0                
1717844462        0                 0                 0                 0                 0                 0                 0                 0                 0                 0                 0                
1717844472        0                 0                 0                 0                 0                 0                 0                 0                 0                 0                 0                
1717844483        0                 0                 0                 0                 0                 0                 0                 0                 0                 0                 0                
1717844493        0                 0                 0                 0                 0                 0                 0                 0                 0                 0                 0                
1717844503        0                 0                 0                 0                 0                 0                 0                 0                 0                 0                 0                
1717844514        0                 0                 0                 0                 0                 0                 0                 0                 0                 0                 0                
1717844524        0                 0                 0                 0                 0                 0                 0                 0                 0                 0                 0                
1717844534        0                 0                 0                 0                 0                 0                 0                 0                 0                 0                 0                
1717844545        0                 0                 0                 0                 0                 0                 0                 0                 0                 0                 0                
1717844555        0                 0                 0                 0                 0                 0                 0                 0                 0                 0                 0                
1717844565        0                 0                 0                 0                 0                 0                 0                 0                 0                 0                 0                
1717844576        0                 0                 0                 0                 0                 0                 0                 0                 0                 0                 0                
1717844586        0                 0                 0                 0                 0                 0                 0                 0                 0                 0                 0                
1717844597        0                 0                 0                 0                 0                 0                 0                 0                 0                 0                 0                
1717844607        0                 0                 0                 0                 0                 0                 0                 0                 0                 0                 0                
1717844617        0                 0                 0                 0                 0                 0                 0                 0                 0                 0                 0                
1717844627        0                 0                 0                 0                 0                 0                 0                 0                 0                 0                 0                
1717844638        0                 0                 0                 0                 0                 0                 0                 0                 0                 0                 0                
1717844648        0                 0                 0                 0                 0                 0                 0                 0                 0                 0                 0                
1717844658        0                 0                 0                 0                 0                 0                 0                 0                 0                 0                 0                
1717844669        0                 0                 0                 0                 0                 0                 0                 0                 0                 0                 0                
1717844679        0                 0                 0                 0                 0                 0                 0                 0                 0                 0                 0                
1717844689        0                 0                 0                 0                 0                 0                 0                 0                 0                 0                 0                
1717844699        0                 0                 0                 0                 0                 0                 0                 0                 0                 0                 0                
1717844710        0                 0                 0                 0                 0                 0                 0                 0                 0                 0                 0                
1717844720        0                 0                 0                 0                 0                 0                 0                 0                 0                 0                 0                
1717844730        0                 0                 0                 0                 0                 0                 0                 0                 0                 0                 0                
1717844741        0                 0                 0                 0                 0                 0                 0                 0                 0                 0                 0                
1717844751        0                 0                 0                 0                 0                 0                 0                 0                 0                 0                 0                
1717844761        0                 0                 0                 0                 0                 0                 0                 0                 0                 0                 0                
1717844772        0                 0                 0                 0                 0                 0                 0                 0                 0                 0                 0                
1717844782        0                 0                 0                 0                 0                 0                 0                 0                 0                 0                 0                
1717844792        0                 0                 0                 0                 0                 0                 0                 0                 0                 0                 0                
1717844803        0                 0                 0                 0                 0                 0                 0                 0                 0                 0                 0                
1717844813        0                 0                 0                 0                 0                 0                 0                 0                 0                 0                 0                
1717844823        0                 0                 0                 0                 0                 0                 0                 0                 0                 0                 0                
1717844834        0                 0                 0                 0                 0                 0                 0                 0                 0                 0                 0                
1717844844        0                 0                 0                 0                 0                 0                 0                 0                 0                 0                 0                
1717844854        0                 0                 0                 0                 0                 0                 0                 0                 0                 0                 0                
1717844865        0                 0                 0                 0                 0                 0                 0                 0                 0                 0                 0                
1717844875        0                 0                 0                 0                 0                 0                 0                 0                 0                 0                 0                
1717844885        0                 0                 0                 0                 0                 0                 0                 0                 0                 0                 0                
1717844896        0                 0                 0                 0                 0                 0                 0                 0                 0                 0                 0                
1717844906        0                 0                 0                 0                 0                 0                 0                 0                 0                 0                 0                
1717844916        0                 0                 0                 0                 0                 0                 0                 0                 0                 0                 0                
1717844926        0                 0                 0                 0                 0                 0                 0                 0                 0                 0                 0                
1717844937        0                 0                 0                 0                 0                 0                 0                 0                 0                 0                 0                
1717844947        0                 0                 0                 0                 0                 0                 0                 0                 0                 0                 0                
1717844957        0                 0                 0                 0                 0                 0                 0                 0                 0                 0                 0                
1717844968        0                 0                 0                 0                 0                 0                 0                 0                 0                 0                 0                
1717844978        0                 0                 0                 0                 0                 0                 0                 0                 0                 0                 0                
1717844988        0                 0                 0                 0                 0                 0                 0                 0                 0                 0                 0                
1717844998        0                 0                 0                 0                 0                 0                 0                 0                 0                 0                 0                
1717845009        0                 0                 0                 0                 0                 0                 0                 0                 0                 0                 0                
1717845019        0                 0                 0                 0                 0                 0                 0                 0                 0                 0                 0                
1717845029        0                 0                 0                 0                 0                 0                 0                 0                 0                 0                 0                
1717845040        0                 0                 0                 0                 0                 0                 0                 0                 0                 0                 0                
1717845050        0                 0                 0                 0                 0                 0                 0                 0                 0                 0                 0                
1717845060        0                 0                 0                 0                 0                 0                 0                 0                 0                 0                 0                
1717845071        0                 0                 0                 0                 0                 0                 0                 0                 0                 0                 0                
1717845081        0                 0                 0                 0                 0                 0                 0                 0                 0                 0                 0                
1717845091        0                 0                 0                 0                 0                 0                 0                 0                 0                 0                 0                
1717845101        0                 0                 0                 0                 0                 0                 0                 0                 0                 0                 0                
1717845112        0                 0                 0                 0                 0                 0                 0                 0                 0                 0                 0                
1717845122        0                 0                 0                 0                 0                 0                 0                 0                 0                 0                 0                
1717845132        0                 0                 0                 0                 0                 0                 0                 0                 0                 0                 0                
1717845143        0                 0                 0                 0                 0                 0                 0                 0                 0                 0                 0                
1717845153        0                 0                 0                 0                 0                 0                 0                 0                 0                 0                 0                
1717845163        0                 0                 0                 0                 0                 0                 0                 0                 0                 0                 0                
1717845173        0                 0                 0                 0                 0                 0                 0                 0                 0                 0                 0                
1717845184        0                 0                 0                 0                 0                 0                 0                 0                 0                 0                 0                
1717845194        0                 0                 0                 0                 0                 0                 0                 0                 0                 0                 0                
1717845204        0                 0                 0                 0                 0                 0                 0                 0                 0                 0                 0                
1717845215        0                 0                 0                 0                 0                 0                 0                 0                 0                 0                 0                
1717845225        0                 0                 0                 0                 0                 0                 0                 0                 0                 0                 0                
1717845235        0                 0                 0                 0                 0                 0                 0                 0                 0                 0                 0                
1717845245        0                 0                 0                 0                 0                 0                 0                 0                 0                 0                 0                
1717845256        0                 0                 0                 0                 0                 0                 0                 0                 0                 0                 0                
1717845266        0                 0                 0                 0                 0                 0                 0                 0                 0                 0                 0                
1717845276        0                 0                 0                 0                 0                 0                 0                 0                 0                 0                 0                
1717845287        0                 0                 0                 0                 0                 0                 0                 0                 0                 0                 0                
1717845297        0                 0                 0                 0                 0                 0                 0                 0                 0                 0                 0                
1717845307        0                 0                 0                 0                 0                 0                 0                 0                 0                 0                 0                
1717845317        0                 0                 0                 0                 0                 0                 0                 0                 0                 0                 0                
1717845328        0                 0                 0                 0                 0                 0                 0                 0                 0                 0                 0                
1717845338        0                 0                 0                 0                 0                 0                 0                 0                 0                 0                 0                
1717845349        0                 0                 0                 0                 0                 0                 0                 0                 0                 0                 0                
1717845359        0                 0                 0                 0                 0                 0                 0                 0                 0                 0                 0                
1717845369        0                 0                 0                 0                 0                 0                 0                 0                 0                 0                 0                
1717845379        0                 0                 0                 0                 0                 0                 0                 0                 0                 0                 0                
1717845390        0                 0                 0                 0                 0                 0                 0                 0                 0                 0                 0                
1717845400        0                 0                 0                 0                 0                 0                 0                 0                 0                 0                 0                
1717845410        0                 0                 0                 0                 0                 0                 0                 0                 0                 0                 0                
1717845420        0                 0                 0                 0                 0                 0                 0                 0                 0                 0                 0                
1717845431        0                 0                 0                 0                 0                 0                 0                 0                 0                 0                 0                
1717845441        0                 0                 0                 0                 0                 0                 0                 0                 0                 0                 0                
1717845451        0                 0                 0                 0                 0                 0                 0                 0                 0                 0                 0                
1717845462        0                 0                 0                 0                 0                 0                 0                 0                 0                 0                 0                
1717845472        0                 0                 0                 0                 0                 0                 0                 0                 0                 0                 0                
1717845482        0                 0                 0                 0                 0                 0                 0                 0                 0                 0                 0                
1717845492        0                 0                 0                 0                 0                 0                 0                 0                 0                 0                 0                
1717845503        0                 0                 0                 0                 0                 0                 0                 0                 0                 0                 0                
1717845513        0                 0                 0                 0                 0                 0                 0                 0                 0                 0                 0                
1717845523        0                 0                 0                 0                 0                 0                 0                 0                 0                 0                 0                
1717845534        0                 0                 0                 0                 0                 0                 0                 0                 0                 0                 0                
1717845544        0                 0                 0                 0                 0                 0                 0                 0                 0                 0                 0                
1717845554        0                 0                 0                 0                 0                 0                 0                 0                 0                 0                 0                
1717845565        0                 0                 0                 0                 0                 0                 0                 0                 0                 0                 0                
1717845575        0                 0                 0                 0                 0                 0                 0                 0                 0                 0                 0                
1717845585        0                 0                 0                 0                 0                 0                 0                 0                 0                 0                 0                
1717845595        0                 0                 0                 0                 0                 0                 0                 0                 0                 0                 0                
1717845606        0                 0                 0                 0                 0                 0                 0                 0                 0                 0                 0                
1717845616        0                 0                 0                 0                 0                 0                 0                 0                 0                 0                 0                
1717845626        0                 0                 0                 0                 0                 0                 0                 0                 0                 0                 0                
1717845637        0                 0                 0                 0                 0                 0                 0                 0                 0                 0                 0                
1717845647        0                 0                 0                 0                 0                 0                 0                 0                 0                 0                 0                
1717845657        0                 0                 0                 0                 0                 0                 0                 0                 0                 0                 0                
1717845667        0                 0                 0                 0                 0                 0                 0                 0                 0                 0                 0                
1717845678        0                 0                 0                 0                 0                 0                 0                 0                 0                 0                 0                
1717845688        0                 0                 0                 0                 0                 0                 0                 0                 0                 0                 0                
1717845698        0                 0                 0                 0                 0                 0                 0                 0                 0                 0                 0                
1717845709        0                 0                 0                 0                 0                 0                 0                 0                 0                 0                 0                
1717845719        0                 0                 0                 0                 0                 0                 0                 0                 0                 0                 0                
1717845729        0                 0                 0                 0                 0                 0                 0                 0                 0                 0                 0                
1717845740        0                 0                 0                 0                 0                 0                 0                 0                 0                 0                 0                
1717845750        0                 0                 0                 0                 0                 0                 0                 0                 0                 0                 0                
1717845760        0                 0                 0                 0                 0                 0                 0                 0                 0                 0                 0                
1717845770        0                 0                 0                 0                 0                 0                 0                 0                 0                 0                 0                
1717845781        0                 0                 0                 0                 0                 0                 0                 0                 0                 0                 0                
1717845791        0                 0                 0                 0                 0                 0                 0                 0                 0                 0                 0                
1717845801        0                 0                 0                 0                 0                 0                 0                 0                 0                 0                 0                
1717845812        0                 0                 0                 0                 0                 0                 0                 0                 0                 0                 0                
1717845822        0                 0                 0                 0                 0                 0                 0                 0                 0                 0                 0                
1717845832        0                 0                 0                 0                 0                 0                 0                 0                 0                 0                 0                
1717845842        0                 0                 0                 0                 0                 0                 0                 0                 0                 0                 0                
1717845853        0                 0                 0                 0                 0                 0                 0                 0                 0                 0                 0                
1717845863        0                 0                 0                 0                 0                 0                 0                 0                 0                 0                 0                
1717845873        0                 0                 0                 0                 0                 0                 0                 0                 0                 0                 0                
1717845884        0                 0                 0                 0                 0                 0                 0                 0                 0                 0                 0                
1717845894        0                 0                 0                 0                 0                 0                 0                 0                 0                 0                 0                
1717845904        0                 0                 0                 0                 0                 0                 0                 0                 0                 0                 0                
1717845914        0                 0                 0                 0                 0                 0                 0                 0                 0                 0                 0                
1717845925        0                 0                 0                 0                 0                 0                 0                 0                 0                 0                 0                
1717845935        0                 0                 0                 0                 0                 0                 0                 0                 0                 0                 0                
1717845945        0                 0                 0                 0                 0                 0                 0                 0                 0                 0                 0                
1717845956        0                 0                 0                 0                 0                 0                 0                 0                 0                 0                 0                
1717845966        0                 0                 0                 0                 0                 0                 0                 0                 0                 0                 0                
1717845976        0                 0                 0                 0                 0                 0                 0                 0                 0                 0                 0                
1717845986        0                 0                 0                 0                 0                 0                 0                 0                 0                 0                 0                
1717845997        0                 0                 0                 0                 0                 0                 0                 0                 0                 0                 0                
1717846007        0                 0                 0                 0                 0                 0                 0                 0                 0                 0                 0                
1717846017        0                 0                 0                 0                 0                 0                 0                 0                 0                 0                 0                
1717846028        0                 0                 0                 0                 0                 0                 0                 0                 0                 0                 0                
1717846038        0                 0                 0                 0                 0                 0                 0                 0                 0                 0                 0                
1717846048        0                 0                 0                 0                 0                 0                 0                 0                 0                 0                 0                
1717846058        0                 0                 0                 0                 0                 0                 0                 0                 0                 0                 0                
1717846069        0                 0                 0                 0                 0                 0                 0                 0                 0                 0                 0                
1717846079        0                 0                 0                 0                 0                 0                 0                 0                 0                 0                 0                
1717846089        0                 0                 0                 0                 0                 0                 0                 0                 0                 0                 0                
1717846099        0                 0                 0                 0                 0                 0                 0                 0                 0                 0                 0                
1717846110        0                 0                 0                 0                 0                 0                 0                 0                 0                 0                 0                
1717846120        0                 0                 0                 0                 0                 0                 0                 0                 0                 0                 0                
1717846130        0                 0                 0                 0                 0                 0                 0                 0                 0                 0                 0                
1717846140        0                 0                 0                 0                 0                 0                 0                 0                 0                 0                 0                
1717846151        0                 0                 0                 0                 0                 0                 0                 0                 0                 0                 0                
1717846161        0                 0                 0                 0                 0                 0                 0                 0                 0                 0                 0                
1717846171        0                 0                 0                 0                 0                 0                 0                 0                 0                 0                 0                
1717846182        0                 0                 0                 0                 0                 0                 0                 0                 0                 0                 0                
1717846192        0                 0                 0                 0                 0                 0                 0                 0                 0                 0                 0                
1717846202        0                 0                 0                 0                 0                 0                 0                 0                 0                 0                 0                
1717846212        0                 0                 0                 0                 0                 0                 0                 0                 0                 0                 0                
1717846223        0                 0                 0                 0                 0                 0                 0                 0                 0                 0                 0                
1717846233        0                 0                 0                 0                 0                 0                 0                 0                 0                 0                 0                
1717846243        0                 0                 0                 0                 0                 0                 0                 0                 0                 0                 0                
1717846253        0                 0                 0                 0                 0                 0                 0                 0                 0                 0                 0                
1717846264        0                 0                 0                 0                 0                 0                 0                 0                 0                 0                 0                
1717846274        0                 0                 0                 0                 0                 0                 0                 0                 0                 0                 0                
1717846284        0                 0                 0                 0                 0                 0                 0                 0                 0                 0                 0                
1717846295        0                 0                 0                 0                 0                 0                 0                 0                 0                 0                 0                
1717846305        0                 0                 0                 0                 0                 0                 0                 0                 0                 0                 0                
1717846315        0                 0                 0                 0                 0                 0                 0                 0                 0                 0                 0                
1717846326        0                 0                 0                 0                 0                 0                 0                 0                 0                 0                 0                
1717846336        0                 0                 0                 0                 0                 0                 0                 0                 0                 0                 0                
1717846346        0                 0                 0                 0                 0                 0                 0                 0                 0                 0                 0                
1717846356        0                 0                 0                 0                 0                 0                 0                 0                 0                 0                 0                
1717846367        0                 0                 0                 0                 0                 0                 0                 0                 0                 0                 0                
1717846377        0                 0                 0                 0                 0                 0                 0                 0                 0                 0                 0                
1717846387        0                 0                 0                 0                 0                 0                 0                 0                 0                 0                 0                
1717846398        0                 0                 0                 0                 0                 0                 0                 0                 0                 0                 0                
1717846408        0                 0                 0                 0                 0                 0                 0                 0                 0                 0                 0                
1717846418        0                 0                 0                 0                 0                 0                 0                 0                 0                 0                 0                
1717846428        0                 0                 0                 0                 0                 0                 0                 0                 0                 0                 0                
1717846439        0                 0                 0                 0                 0                 0                 0                 0                 0                 0                 0                
1717846449        0                 0                 0                 0                 0                 0                 0                 0                 0                 0                 0                
1717846459        0                 0                 0                 0                 0                 0                 0                 0                 0                 0                 0                
1717846470        0                 0                 0                 0                 0                 0                 0                 0                 0                 0                 0                
1717846480        0                 0                 0                 0                 0                 0                 0                 0                 0                 0                 0                
1717846490        0                 0                 0                 0                 0                 0                 0                 0                 0                 0                 0                
1717846500        0                 0                 0                 0                 0                 0                 0                 0                 0                 0                 0                
1717846511        0                 0                 0                 0                 0                 0                 0                 0                 0                 0                 0                
1717846521        0                 0                 0                 0                 0                 0                 0                 0                 0                 0                 0                
1717846531        0                 0                 0                 0                 0                 0                 0                 0                 0                 0                 0                
1717846541        0                 0                 0                 0                 0                 0                 0                 0                 0                 0                 0                
1717846552        0                 0                 0                 0                 0                 0                 0                 0                 0                 0                 0                
1717846562        0                 0                 0                 0                 0                 0                 0                 0                 0                 0                 0                
1717846572        0                 0                 0                 0                 0                 0                 0                 0                 0                 0                 0                
1717846583        0                 0                 0                 0                 0                 0                 0                 0                 0                 0                 0                
1717846593        0                 0                 0                 0                 0                 0                 0                 0                 0                 0                 0                
1717846603        0                 0                 0                 0                 0                 0                 0                 0                 0                 0                 0                
1717846613        0                 0                 0                 0                 0                 0                 0                 0                 0                 0                 0                
1717846624        0                 0                 0                 0                 0                 0                 0                 0                 0                 0                 0                
1717846634        0                 0                 0                 0                 0                 0                 0                 0                 0                 0                 0                
1717846644        0                 0                 0                 0                 0                 0                 0                 0                 0                 0                 0                
1717846655        0                 0                 0                 0                 0                 0                 0                 0                 0                 0                 0                
1717846665        0                 0                 0                 0                 0                 0                 0                 0                 0                 0                 0                
1717846675        0                 0                 0                 0                 0                 0                 0                 0                 0                 0                 0                
1717846685        0                 0                 0                 0                 0                 0                 0                 0                 0                 0                 0                
1717846696        0                 0                 0                 0                 0                 0                 0                 0                 0                 0                 0                
1717846706        0                 0                 0                 0                 0                 0                 0                 0                 0                 0                 0                
1717846716        0                 0                 0                 0                 0                 0                 0                 0                 0                 0                 0                
1717846727        0                 0                 0                 0                 0                 0                 0                 0                 0                 0                 0                
1717846737        0                 0                 0                 0                 0                 0                 0                 0                 0                 0                 0                
1717846747        0                 0                 0                 0                 0                 0                 0                 0                 0                 0                 0                
1717846758        0                 0                 0                 0                 0                 0                 0                 0                 0                 0                 0                
1717846768        0                 0                 0                 0                 0                 0                 0                 0                 0                 0                 0                
1717846779        0                 0                 0                 0                 0                 0                 0                 0                 0                 0                 0                
1717846789        0                 0                 0                 0                 0                 0                 0                 0                 0                 0                 0                
1717846799        0                 0                 0                 0                 0                 0                 0                 0                 0                 0                 0                
1717846810        0                 0                 0                 0                 0                 0                 0                 0                 0                 0                 0                
1717846820        0                 0                 0                 0                 0                 0                 0                 0                 0                 0                 0                
1717846830        0                 0                 0                 0                 0                 0                 0                 0                 0                 0                 0                
1717846840        0                 0                 0                 0                 0                 0                 0                 0                 0                 0                 0                
1717846851        0                 0                 0                 0                 0                 0                 0                 0                 0                 0                 0                
1717846861        0                 0                 0                 0                 0                 0                 0                 0                 0                 0                 0                
1717846871        0                 0                 0                 0                 0                 0                 0                 0                 0                 0                 0                
1717846881        0                 0                 0                 0                 0                 0                 0                 0                 0                 0                 0                
1717846892        0                 0                 0                 0                 0                 0                 0                 0                 0                 0                 0                
1717846902        0                 0                 0                 0                 0                 0                 0                 0                 0                 0                 0                
1717846913        0                 0                 0                 0                 0                 0                 0                 0                 0                 0                 0                
1717846923        0                 0                 0                 0                 0                 0                 0                 0                 0                 0                 0                
1717846933        0                 0                 0                 0                 0                 0                 0                 0                 0                 0                 0                
1717846943        0                 0                 0                 0                 0                 0                 0                 0                 0                 0                 0                
1717846954        0                 0                 0                 0                 0                 0                 0                 0                 0                 0                 0                
1717846964        0                 0                 0                 0                 0                 0                 0                 0                 0                 0                 0                
1717846974        0                 0                 0                 0                 0                 0                 0                 0                 0                 0                 0                
1717846984        0                 0                 0                 0                 0                 0                 0                 0                 0                 0                 0                
1717846995        0                 0                 0                 0                 0                 0                 0                 0                 0                 0                 0                
1717847005        0                 0                 0                 0                 0                 0                 0                 0                 0                 0                 0                
1717847015        0                 0                 0                 0                 0                 0                 0                 0                 0                 0                 0                
1717847026        0                 0                 0                 0                 0                 0                 0                 0                 0                 0                 0                
1717847036        0                 0                 0                 0                 0                 0                 0                 0                 0                 0                 0                
1717847046        0                 0                 0                 0                 0                 0                 0                 0                 0                 0                 0                
1717847056        0                 0                 0                 0                 0                 0                 0                 0                 0                 0                 0                
1717847067        0                 0                 0                 0                 0                 0                 0                 0                 0                 0                 0                
1717847077        0                 0                 0                 0                 0                 0                 0                 0                 0                 0                 0                
1717847087        0                 0                 0                 0                 0                 0                 0                 0                 0                 0                 0                
1717847098        0                 0                 0                 0                 0                 0                 0                 0                 0                 0                 0                
1717847108        0                 0                 0                 0                 0                 0                 0                 0                 0                 0                 0                
1717847118        0                 0                 0                 0                 0                 0                 0                 0                 0                 0                 0                
1717847128        0                 0                 0                 0                 0                 0                 0                 0                 0                 0                 0                
1717847139        0                 0                 0                 0                 0                 0                 0                 0                 0                 0                 0                
1717847149        0                 0                 0                 0                 0                 0                 0                 0                 0                 0                 0                
1717847159        0                 0                 0                 0                 0                 0                 0                 0                 0                 0                 0                
1717847170        0                 0                 0                 0                 0                 0                 0                 0                 0                 0                 0                
1717847180        0                 0                 0                 0                 0                 0                 0                 0                 0                 0                 0                
1717847190        0                 0                 0                 0                 0                 0                 0                 0                 0                 0                 0                
1717847200        0                 0                 0                 0                 0                 0                 0                 0                 0                 0                 0                
1717847211        0                 0                 0                 0                 0                 0                 0                 0                 0                 0                 0                
1717847221        0                 0                 0                 0                 0                 0                 0                 0                 0                 0                 0                
1717847231        0                 0                 0                 0                 0                 0                 0                 0                 0                 0                 0                
1717847242        0                 0                 0                 0                 0                 0                 0                 0                 0                 0                 0                
1717847252        0                 0                 0                 0                 0                 0                 0                 0                 0                 0                 0                
1717847262        0                 0                 0                 0                 0                 0                 0                 0                 0                 0                 0                
1717847273        0                 0                 0                 0                 0                 0                 0                 0                 0                 0                 0                
1717847283        0                 0                 0                 0                 0                 0                 0                 0                 0                 0                 0                
1717847293        0                 0                 0                 0                 0                 0                 0                 0                 0                 0                 0                
1717847304        0                 0                 0                 0                 0                 0                 0                 0                 0                 0                 0                
1717847314        0                 0                 0                 0                 0                 0                 0                 0                 0                 0                 0                
1717847324        0                 0                 0                 0                 0                 0                 0                 0                 0                 0                 0                
1717847335        0                 0                 0                 0                 0                 0                 0                 0                 0                 0                 0                
1717847345        0                 0                 0                 0                 0                 0                 0                 0                 0                 0                 0                
1717847355        0                 0                 0                 0                 0                 0                 0                 0                 0                 0                 0                
1717847365        0                 0                 0                 0                 0                 0                 0                 0                 0                 0                 0                
1717847376        0                 0                 0                 0                 0                 0                 0                 0                 0                 0                 0                
1717847386        0                 0                 0                 0                 0                 0                 0                 0                 0                 0                 0                
1717847396        0                 0                 0                 0                 0                 0                 0                 0                 0                 0                 0                
1717847406        0                 0                 0                 0                 0                 0                 0                 0                 0                 0                 0                
1717847417        0                 0                 0                 0                 0                 0                 0                 0                 0                 0                 0                
1717847427        0                 0                 0                 0                 0                 0                 0                 0                 0                 0                 0                
1717847437        0                 0                 0                 0                 0                 0                 0                 0                 0                 0                 0                
1717847448        0                 0                 0                 0                 0                 0                 0                 0                 0                 0                 0                
1717847458        0                 0                 0                 0                 0                 0                 0                 0                 0                 0                 0                
1717847468        0                 0                 0                 0                 0                 0                 0                 0                 0                 0                 0                
1717847478        0                 0                 0                 0                 0                 0                 0                 0                 0                 0                 0                
1717847489        0                 0                 0                 0                 0                 0                 0                 0                 0                 0                 0                
1717847499        0                 0                 0                 0                 0                 0                 0                 0                 0                 0                 0                
1717847509        0                 0                 0                 0                 0                 0                 0                 0                 0                 0                 0                
1717847520        0                 0                 0                 0                 0                 0                 0                 0                 0                 0                 0                
1717847530        0                 0                 0                 0                 0                 0                 0                 0                 0                 0                 0                
1717847540        0                 0                 0                 0                 0                 0                 0                 0                 0                 0                 0                
1717847550        0                 0                 0                 0                 0                 0                 0                 0                 0                 0                 0                
1717847561        0                 0                 0                 0                 0                 0                 0                 0                 0                 0                 0                
1717847571        0                 0                 0                 0                 0                 0                 0                 0                 0                 0                 0                
1717847581        0                 0                 0                 0                 0                 0                 0                 0                 0                 0                 0                
1717847592        0                 0                 0                 0                 0                 0                 0                 0                 0                 0                 0                
1717847602        0                 0                 0                 0                 0                 0                 0                 0                 0                 0                 0                
1717847612        0                 0                 0                 0                 0                 0                 0                 0                 0                 0                 0                
1717847622        0                 0                 0                 0                 0                 0                 0                 0                 0                 0                 0                
1717847633        0                 0                 0                 0                 0                 0                 0                 0                 0                 0                 0                
1717847643        0                 0                 0                 0                 0                 0                 0                 0                 0                 0                 0                
1717847653        0                 0                 0                 0                 0                 0                 0                 0                 0                 0                 0                
1717847663        0                 0                 0                 0                 0                 0                 0                 0                 0                 0                 0                
1717847674        0                 0                 0                 0                 0                 0                 0                 0                 0                 0                 0                
1717847684        0                 0                 0                 0                 0                 0                 0                 0                 0                 0                 0                
1717847694        0                 0                 0                 0                 0                 0                 0                 0                 0                 0                 0                
1717847705        0                 0                 0                 0                 0                 0                 0                 0                 0                 0                 0                
1717847715        0                 0                 0                 0                 0                 0                 0                 0                 0                 0                 0                
1717847725        0                 0                 0                 0                 0                 0                 0                 0                 0                 0                 0                
1717847735        0                 0                 0                 0                 0                 0                 0                 0                 0                 0                 0                
1717847746        0                 0                 0                 0                 0                 0                 0                 0                 0                 0                 0                
1717847756        0                 0                 0                 0                 0                 0                 0                 0                 0                 0                 0                
1717847766        0                 0                 0                 0                 0                 0                 0                 0                 0                 0                 0                
1717847777        0                 0                 0                 0                 0                 0                 0                 0                 0                 0                 0                
1717847787        0                 0                 0                 0                 0                 0                 0                 0                 0                 0                 0                
1717847797        0                 0                 0                 0                 0                 0                 0                 0                 0                 0                 0                
1717847807        0                 0                 0                 0                 0                 0                 0                 0                 0                 0                 0                
1717847818        0                 0                 0                 0                 0                 0                 0                 0                 0                 0                 0                
1717847828        0                 0                 0                 0                 0                 0                 0                 0                 0                 0                 0                
1717847838        0                 0                 0                 0                 0                 0                 0                 0                 0                 0                 0                
1717847848        0                 0                 0                 0                 0                 0                 0                 0                 0                 0                 0                
1717847859        0                 0                 0                 0                 0                 0                 0                 0                 0                 0                 0                
1717847869        0                 0                 0                 0                 0                 0                 0                 0                 0                 0                 0                
1717847879        0                 0                 0                 0                 0                 0                 0                 0                 0                 0                 0                
1717847890        0                 0                 0                 0                 0                 0                 0                 0                 0                 0                 0                
1717847900        0                 0                 0                 0                 0                 0                 0                 0                 0                 0                 0                
1717847910        0                 0                 0                 0                 0                 0                 0                 0                 0                 0                 0                
1717847920        0                 0                 0                 0                 0                 0                 0                 0                 0                 0                 0                
1717847931        0                 0                 0                 0                 0                 0                 0                 0                 0                 0                 0                
1717847941        0                 0                 0                 0                 0                 0                 0                 0                 0                 0                 0                
1717847951        0                 0                 0                 0                 0                 0                 0                 0                 0                 0                 0                
1717847961        0                 0                 0                 0                 0                 0                 0                 0                 0                 0                 0                
1717847972        0                 0                 0                 0                 0                 0                 0                 0                 0                 0                 0                
1717847982        0                 0                 0                 0                 0                 0                 0                 0                 0                 0                 0                
1717847992        0                 0                 0                 0                 0                 0                 0                 0                 0                 0                 0                
1717848003        0                 0                 0                 0                 0                 0                 0                 0                 0                 0                 0                
1717848013        0                 0                 0                 0                 0                 0                 0                 0                 0                 0                 0                
1717848023        0                 0                 0                 0                 0                 0                 0                 0                 0                 0                 0                
1717848033        0                 0                 0                 0                 0                 0                 0                 0                 0                 0                 0                
1717848044        0                 0                 0                 0                 0                 0                 0                 0                 0                 0                 0                
1717848054        0                 0                 0                 0                 0                 0                 0                 0                 0                 0                 0                
1717848064        0                 0                 0                 0                 0                 0                 0                 0                 0                 0                 0                
1717848075        0                 0                 0                 0                 0                 0                 0                 0                 0                 0                 0                
1717848085        0                 0                 0                 0                 0                 0                 0                 0                 0                 0                 0                
1717848095        0                 0                 0                 0                 0                 0                 0                 0                 0                 0                 0                
1717848105        0                 0                 0                 0                 0                 0                 0                 0                 0                 0                 0                
1717848116        0                 0                 0                 0                 0                 0                 0                 0                 0                 0                 0                
1717848126        0                 0                 0                 0                 0                 0                 0                 0                 0                 0                 0                
1717848136        0                 0                 0                 0                 0                 0                 0                 0                 0                 0                 0                
1717848147        0                 0                 0                 0                 0                 0                 0                 0                 0                 0                 0                
1717848157        0                 0                 0                 0                 0                 0                 0                 0                 0                 0                 0                
1717848167        0                 0                 0                 0                 0                 0                 0                 0                 0                 0                 0                
1717848178        0                 0                 0                 0                 0                 0                 0                 0                 0                 0                 0                
1717848188        0                 0                 0                 0                 0                 0                 0                 0                 0                 0                 0                
1717848198        0                 0                 0                 0                 0                 0                 0                 0                 0                 0                 0                
1717848208        0                 0                 0                 0                 0                 0                 0                 0                 0                 0                 0                
1717848219        0                 0                 0                 0                 0                 0                 0                 0                 0                 0                 0                
1717848229        0                 0                 0                 0                 0                 0                 0                 0                 0                 0                 0                
1717848239        0                 0                 0                 0                 0                 0                 0                 0                 0                 0                 0                
1717848250        0                 0                 0                 0                 0                 0                 0                 0                 0                 0                 0                
1717848260        0                 0                 0                 0                 0                 0                 0                 0                 0                 0                 0                
1717848270        0                 0                 0                 0                 0                 0                 0                 0                 0                 0                 0                
1717848280        0                 0                 0                 0                 0                 0                 0                 0                 0                 0                 0                
1717848291        0                 0                 0                 0                 0                 0                 0                 0                 0                 0                 0                
1717848301        0                 0                 0                 0                 0                 0                 0                 0                 0                 0                 0                
1717848311        0                 0                 0                 0                 0                 0                 0                 0                 0                 0                 0                
1717848321        0                 0                 0                 0                 0                 0                 0                 0                 0                 0                 0                
1717848332        0                 0                 0                 0                 0                 0                 0                 0                 0                 0                 0                
1717848342        0                 0                 0                 0                 0                 0                 0                 0                 0                 0                 0                
1717848352        0                 0                 0                 0                 0                 0                 0                 0                 0                 0                 0                
1717848363        0                 0                 0                 0                 0                 0                 0                 0                 0                 0                 0                
1717848373        0                 0                 0                 0                 0                 0                 0                 0                 0                 0                 0                
1717848383        0                 0                 0                 0                 0                 0                 0                 0                 0                 0                 0                
1717848394        0                 0                 0                 0                 0                 0                 0                 0                 0                 0                 0                
1717848404        0                 0                 0                 0                 0                 0                 0                 0                 0                 0                 0                
1717848414        0                 0                 0                 0                 0                 0                 0                 0                 0                 0                 0                
1717848425        0                 0                 0                 0                 0                 0                 0                 0                 0                 0                 0                
1717848435        0                 0                 0                 0                 0                 0                 0                 0                 0                 0                 0                
1717848445        0                 0                 0                 0                 0                 0                 0                 0                 0                 0                 0                
1717848455        0                 0                 0                 0                 0                 0                 0                 0                 0                 0                 0                
1717848466        0                 0                 0                 0                 0                 0                 0                 0                 0                 0                 0                
1717848476        0                 0                 0                 0                 0                 0                 0                 0                 0                 0                 0                
1717848486        0                 0                 0                 0                 0                 0                 0                 0                 0                 0                 0                
1717848497        0                 0                 0                 0                 0                 0                 0                 0                 0                 0                 0                
1717848507        0                 0                 0                 0                 0                 0                 0                 0                 0                 0                 0                
1717848517        0                 0                 0                 0                 0                 0                 0                 0                 0                 0                 0                
1717848527        0                 0                 0                 0                 0                 0                 0                 0                 0                 0                 0                
1717848538        0                 0                 0                 0                 0                 0                 0                 0                 0                 0                 0                
1717848548        0                 0                 0                 0                 0                 0                 0                 0                 0                 0                 0                
1717848558        0                 0                 0                 0                 0                 0                 0                 0                 0                 0                 0                
1717848568        0                 0                 0                 0                 0                 0                 0                 0                 0                 0                 0                
1717848579        0                 0                 0                 0                 0                 0                 0                 0                 0                 0                 0                
1717848589        0                 0                 0                 0                 0                 0                 0                 0                 0                 0                 0                
1717848599        0                 0                 0                 0                 0                 0                 0                 0                 0                 0                 0                
1717848610        0                 0                 0                 0                 0                 0                 0                 0                 0                 0                 0                
1717848620        0                 0                 0                 0                 0                 0                 0                 0                 0                 0                 0                
1717848630        0                 0                 0                 0                 0                 0                 0                 0                 0                 0                 0                
1717848640        0                 0                 0                 0                 0                 0                 0                 0                 0                 0                 0                
1717848651        0                 0                 0                 0                 0                 0                 0                 0                 0                 0                 0                
1717848661        0                 0                 0                 0                 0                 0                 0                 0                 0                 0                 0                
1717848671        0                 0                 0                 0                 0                 0                 0                 0                 0                 0                 0                
1717848681        0                 0                 0                 0                 0                 0                 0                 0                 0                 0                 0                
1717848692        0                 0                 0                 0                 0                 0                 0                 0                 0                 0                 0                
1717848702        0                 0                 0                 0                 0                 0                 0                 0                 0                 0                 0                
1717848712        0                 0                 0                 0                 0                 0                 0                 0                 0                 0                 0                
1717848723        0                 0                 0                 0                 0                 0                 0                 0                 0                 0                 0                
1717848733        0                 0                 0                 0                 0                 0                 0                 0                 0                 0                 0                
1717848743        0                 0                 0                 0                 0                 0                 0                 0                 0                 0                 0                
1717848753        0                 0                 0                 0                 0                 0                 0                 0                 0                 0                 0                
1717848764        0                 0                 0                 0                 0                 0                 0                 0                 0                 0                 0                
1717848774        0                 0                 0                 0                 0                 0                 0                 0                 0                 0                 0                
1717848784        0                 0                 0                 0                 0                 0                 0                 0                 0                 0                 0                
1717848794        0                 0                 0                 0                 0                 0                 0                 0                 0                 0                 0                
1717848805        0                 0                 0                 0                 0                 0                 0                 0                 0                 0                 0                
1717848815        0                 0                 0                 0                 0                 0                 0                 0                 0                 0                 0                
1717848825        0                 0                 0                 0                 0                 0                 0                 0                 0                 0                 0                
1717848835        0                 0                 0                 0                 0                 0                 0                 0                 0                 0                 0                
1717848846        0                 0                 0                 0                 0                 0                 0                 0                 0                 0                 0                
1717848856        0                 0                 0                 0                 0                 0                 0                 0                 0                 0                 0                
1717848866        0                 0                 0                 0                 0                 0                 0                 0                 0                 0                 0                
1717848877        0                 0                 0                 0                 0                 0                 0                 0                 0                 0                 0                
1717848887        0                 0                 0                 0                 0                 0                 0                 0                 0                 0                 0                
1717848897        0                 0                 0                 0                 0                 0                 0                 0                 0                 0                 0                
1717848907        0                 0                 0                 0                 0                 0                 0                 0                 0                 0                 0                
1717848918        0                 0                 0                 0                 0                 0                 0                 0                 0                 0                 0                
1717848928        0                 0                 0                 0                 0                 0                 0                 0                 0                 0                 0                
1717848938        0                 0                 0                 0                 0                 0                 0                 0                 0                 0                 0                
1717848948        0                 0                 0                 0                 0                 0                 0                 0                 0                 0                 0                
1717848959        0                 0                 0                 0                 0                 0                 0                 0                 0                 0                 0                
1717848969        0                 0                 0                 0                 0                 0                 0                 0                 0                 0                 0                
1717848979        0                 0                 0                 0                 0                 0                 0                 0                 0                 0                 0                
1717848990        0                 0                 0                 0                 0                 0                 0                 0                 0                 0                 0                
1717849000        0                 0                 0                 0                 0                 0                 0                 0                 0                 0                 0                
1717849010        0                 0                 0                 0                 0                 0                 0                 0                 0                 0                 0                
1717849020        0                 0                 0                 0                 0                 0                 0                 0                 0                 0                 0                
1717849031        0                 0                 0                 0                 0                 0                 0                 0                 0                 0                 0                
1717849041        0                 0                 0                 0                 0                 0                 0                 0                 0                 0                 0                
1717849051        0                 0                 0                 0                 0                 0                 0                 0                 0                 0                 0                
1717849062        0                 0                 0                 0                 0                 0                 0                 0                 0                 0                 0                
1717849072        0                 0                 0                 0                 0                 0                 0                 0                 0                 0                 0                
1717849082        0                 0                 0                 0                 0                 0                 0                 0                 0                 0                 0                
1717849093        0                 0                 0                 0                 0                 0                 0                 0                 0                 0                 0                
1717849103        0                 0                 0                 0                 0                 0                 0                 0                 0                 0                 0                
1717849113        0                 0                 0                 0                 0                 0                 0                 0                 0                 0                 0                
1717849124        0                 0                 0                 0                 0                 0                 0                 0                 0                 0                 0                
1717849134        0                 0                 0                 0                 0                 0                 0                 0                 0                 0                 0                
1717849144        0                 0                 0                 0                 0                 0                 0                 0                 0                 0                 0                
1717849155        0                 0                 0                 0                 0                 0                 0                 0                 0                 0                 0                
1717849165        0                 0                 0                 0                 0                 0                 0                 0                 0                 0                 0                
1717849175        0                 0                 0                 0                 0                 0                 0                 0                 0                 0                 0                
1717849185        0                 0                 0                 0                 0                 0                 0                 0                 0                 0                 0                
1717849196        0                 0                 0                 0                 0                 0                 0                 0                 0                 0                 0                
1717849206        0                 0                 0                 0                 0                 0                 0                 0                 0                 0                 0                
1717849216        0                 0                 0                 0                 0                 0                 0                 0                 0                 0                 0                
1717849227        0                 0                 0                 0                 0                 0                 0                 0                 0                 0                 0                
1717849237        0                 0                 0                 0                 0                 0                 0                 0                 0                 0                 0                
1717849247        0                 0                 0                 0                 0                 0                 0                 0                 0                 0                 0                
1717849257        0                 0                 0                 0                 0                 0                 0                 0                 0                 0                 0                
1717849268        0                 0                 0                 0                 0                 0                 0                 0                 0                 0                 0                
1717849278        0                 0                 0                 0                 0                 0                 0                 0                 0                 0                 0                
1717849288        0                 0                 0                 0                 0                 0                 0                 0                 0                 0                 0                
1717849298        0                 0                 0                 0                 0                 0                 0                 0                 0                 0                 0                
1717849309        0                 0                 0                 0                 0                 0                 0                 0                 0                 0                 0                
1717849319        0                 0                 0                 0                 0                 0                 0                 0                 0                 0                 0                
1717849329        0                 0                 0                 0                 0                 0                 0                 0                 0                 0                 0                
1717849339        0                 0                 0                 0                 0                 0                 0                 0                 0                 0                 0                
1717849350        0                 0                 0                 0                 0                 0                 0                 0                 0                 0                 0                
1717849360        0                 0                 0                 0                 0                 0                 0                 0                 0                 0                 0                
1717849370        0                 0                 0                 0                 0                 0                 0                 0                 0                 0                 0                
1717849380        0                 0                 0                 0                 0                 0                 0                 0                 0                 0                 0                
1717849391        0                 0                 0                 0                 0                 0                 0                 0                 0                 0                 0                
1717849401        0                 0                 0                 0                 0                 0                 0                 0                 0                 0                 0                
1717849411        0                 0                 0                 0                 0                 0                 0                 0                 0                 0                 0                
1717849421        0                 0                 0                 0                 0                 0                 0                 0                 0                 0                 0                
1717849432        0                 0                 0                 0                 0                 0                 0                 0                 0                 0                 0                
1717849442        0                 0                 0                 0                 0                 0                 0                 0                 0                 0                 0                
1717849452        0                 0                 0                 0                 0                 0                 0                 0                 0                 0                 0                
1717849462        0                 0                 0                 0                 0                 0                 0                 0                 0                 0                 0                
1717849473        0                 0                 0                 0                 0                 0                 0                 0                 0                 0                 0                
1717849483        0                 0                 0                 0                 0                 0                 0                 0                 0                 0                 0                
1717849493        0                 0                 0                 0                 0                 0                 0                 0                 0                 0                 0                
1717849503        0                 0                 0                 0                 0                 0                 0                 0                 0                 0                 0                
1717849514        0                 0                 0                 0                 0                 0                 0                 0                 0                 0                 0                
1717849524        0                 0                 0                 0                 0                 0                 0                 0                 0                 0                 0                
1717849534        0                 0                 0                 0                 0                 0                 0                 0                 0                 0                 0                
1717849544        0                 0                 0                 0                 0                 0                 0                 0                 0                 0                 0                
1717849555        0                 0                 0                 0                 0                 0                 0                 0                 0                 0                 0                
1717849565        0                 0                 0                 0                 0                 0                 0                 0                 0                 0                 0                
1717849575        0                 0                 0                 0                 0                 0                 0                 0                 0                 0                 0                
1717849586        0                 0                 0                 0                 0                 0                 0                 0                 0                 0                 0                
1717849596        0                 0                 0                 0                 0                 0                 0                 0                 0                 0                 0                
1717849606        0                 0                 0                 0                 0                 0                 0                 0                 0                 0                 0                
1717849617        0                 0                 0                 0                 0                 0                 0                 0                 0                 0                 0                
1717849627        0                 0                 0                 0                 0                 0                 0                 0                 0                 0                 0                
1717849637        0                 0                 0                 0                 0                 0                 0                 0                 0                 0                 0                
1717849647        0                 0                 0                 0                 0                 0                 0                 0                 0                 0                 0                
1717849658        0                 0                 0                 0                 0                 0                 0                 0                 0                 0                 0                
1717849668        0                 0                 0                 0                 0                 0                 0                 0                 0                 0                 0                
1717849678        0                 0                 0                 0                 0                 0                 0                 0                 0                 0                 0                
1717849688        0                 0                 0                 0                 0                 0                 0                 0                 0                 0                 0                
1717849698        0                 0                 0                 0                 0                 0                 0                 0                 0                 0                 0                
1717849709        0                 0                 0                 0                 0                 0                 0                 0                 0                 0                 0                
1717849719        0                 0                 0                 0                 0                 0                 0                 0                 0                 0                 0                
1717849729        0                 0                 0                 0                 0                 0                 0                 0                 0                 0                 0                
1717849739        0                 0                 0                 0                 0                 0                 0                 0                 0                 0                 0                
1717849750        0                 0                 0                 0                 0                 0                 0                 0                 0                 0                 0                
1717849760        0                 0                 0                 0                 0                 0                 0                 0                 0                 0                 0                
1717849770        0                 0                 0                 0                 0                 0                 0                 0                 0                 0                 0                
1717849780        0                 0                 0                 0                 0                 0                 0                 0                 0                 0                 0                
1717849790        0                 0                 0                 0                 0                 0                 0                 0                 0                 0                 0                
1717849801        0                 0                 0                 0                 0                 0                 0                 0                 0                 0                 0                
1717849811        0                 0                 0                 0                 0                 0                 0                 0                 0                 0                 0                
1717849821        0                 0                 0                 0                 0                 0                 0                 0                 0                 0                 0                
1717849831        0                 0                 0                 0                 0                 0                 0                 0                 0                 0                 0                
1717849841        0                 0                 0                 0                 0                 0                 0                 0                 0                 0                 0                
1717849852        0                 0                 0                 0                 0                 0                 0                 0                 0                 0                 0                
1717849862        0                 0                 0                 0                 0                 0                 0                 0                 0                 0                 0                
1717849872        0                 0                 0                 0                 0                 0                 0                 0                 0                 0                 0                
1717849883        0                 0                 0                 0                 0                 0                 0                 0                 0                 0                 0                
1717849893        0                 0                 0                 0                 0                 0                 0                 0                 0                 0                 0                
1717849903        0                 0                 0                 0                 0                 0                 0                 0                 0                 0                 0                
1717849914        0                 0                 0                 0                 0                 0                 0                 0                 0                 0                 0                
1717849924        0                 0                 0                 0                 0                 0                 0                 0                 0                 0                 0                
1717849934        0                 0                 0                 0                 0                 0                 0                 0                 0                 0                 0                
1717849944        0                 0                 0                 0                 0                 0                 0                 0                 0                 0                 0                
1717849954        0                 0                 0                 0                 0                 0                 0                 0                 0                 0                 0                
1717849965        0                 0                 0                 0                 0                 0                 0                 0                 0                 0                 0                
1717849975        0                 0                 0                 0                 0                 0                 0                 0                 0                 0                 0                
1717849985        0                 0                 0                 0                 0                 0                 0                 0                 0                 0                 0                
1717849995        0                 0                 0                 0                 0                 0                 0                 0                 0                 0                 0                
1717850005        0                 0                 0                 0                 0                 0                 0                 0                 0                 0                 0                
1717850016        0                 0                 0                 0                 0                 0                 0                 0                 0                 0                 0                
1717850026        0                 0                 0                 0                 0                 0                 0                 0                 0                 0                 0                
1717850036        0                 0                 0                 0                 0                 0                 0                 0                 0                 0                 0                
1717850046        0                 0                 0                 0                 0                 0                 0                 0                 0                 0                 0                
1717850056        0                 0                 0                 0                 0                 0                 0                 0                 0                 0                 0                
1717850067        0                 0                 0                 0                 0                 0                 0                 0                 0                 0                 0                
1717850077        0                 0                 0                 0                 0                 0                 0                 0                 0                 0                 0                
1717850087        0                 0                 0                 0                 0                 0                 0                 0                 0                 0                 0                
1717850097        0                 0                 0                 0                 0                 0                 0                 0                 0                 0                 0                
1717850108        0                 0                 0                 0                 0                 0                 0                 0                 0                 0                 0                
1717850118        0                 0                 0                 0                 0                 0                 0                 0                 0                 0                 0                
1717850128        0                 0                 0                 0                 0                 0                 0                 0                 0                 0                 0                
1717850138        0                 0                 0                 0                 0                 0                 0                 0                 0                 0                 0                
1717850148        0                 0                 0                 0                 0                 0                 0                 0                 0                 0                 0                
1717850159        0                 0                 0                 0                 0                 0                 0                 0                 0                 0                 0                
1717850169        0                 0                 0                 0                 0                 0                 0                 0                 0                 0                 0                
1717850179        0                 0                 0                 0                 0                 0                 0                 0                 0                 0                 0                
1717850189        0                 0                 0                 0                 0                 0                 0                 0                 0                 0                 0                
1717850199        0                 0                 0                 0                 0                 0                 0                 0                 0                 0                 0                
1717850210        0                 0                 0                 0                 0                 0                 0                 0                 0                 0                 0                
1717850220        0                 0                 0                 0                 0                 0                 0                 0                 0                 0                 0                
1717850230        0                 0                 0                 0                 0                 0                 0                 0                 0                 0                 0                
1717850240        0                 0                 0                 0                 0                 0                 0                 0                 0                 0                 0                
1717850250        0                 0                 0                 0                 0                 0                 0                 0                 0                 0                 0                
1717850261        0                 0                 0                 0                 0                 0                 0                 0                 0                 0                 0                
1717850271        0                 0                 0                 0                 0                 0                 0                 0                 0                 0                 0                
1717850281        0                 0                 0                 0                 0                 0                 0                 0                 0                 0                 0                
1717850291        0                 0                 0                 0                 0                 0                 0                 0                 0                 0                 0                
1717850301        0                 0                 0                 0                 0                 0                 0                 0                 0                 0                 0                
1717850312        0                 0                 0                 0                 0                 0                 0                 0                 0                 0                 0                
1717850322        0                 0                 0                 0                 0                 0                 0                 0                 0                 0                 0                
1717850332        0                 0                 0                 0                 0                 0                 0                 0                 0                 0                 0                
1717850342        0                 0                 0                 0                 0                 0                 0                 0                 0                 0                 0                
1717850352        0                 0                 0                 0                 0                 0                 0                 0                 0                 0                 0                
1717850363        0                 0                 0                 0                 0                 0                 0                 0                 0                 0                 0                
1717850373        0                 0                 0                 0                 0                 0                 0                 0                 0                 0                 0                
1717850383        0                 0                 0                 0                 0                 0                 0                 0                 0                 0                 0                
1717850393        0                 0                 0                 0                 0                 0                 0                 0                 0                 0                 0                
1717850403        0                 0                 0                 0                 0                 0                 0                 0                 0                 0                 0                
1717850413        0                 0                 0                 0                 0                 0                 0                 0                 0                 0                 0                
1717850424        0                 0                 0                 0                 0                 0                 0                 0                 0                 0                 0                
1717850434        0                 0                 0                 0                 0                 0                 0                 0                 0                 0                 0                
1717850444        0                 0                 0                 0                 0                 0                 0                 0                 0                 0                 0                
1717850454        0                 0                 0                 0                 0                 0                 0                 0                 0                 0                 0                
1717850464        0                 0                 0                 0                 0                 0                 0                 0                 0                 0                 0                
1717850475        0                 0                 0                 0                 0                 0                 0                 0                 0                 0                 0                
1717850485        0                 0                 0                 0                 0                 0                 0                 0                 0                 0                 0                
1717850495        0                 0                 0                 0                 0                 0                 0                 0                 0                 0                 0                
1717850505        0                 0                 0                 0                 0                 0                 0                 0                 0                 0                 0                
1717850515        0                 0                 0                 0                 0                 0                 0                 0                 0                 0                 0                
1717850526        0                 0                 0                 0                 0                 0                 0                 0                 0                 0                 0                
1717850536        0                 0                 0                 0                 0                 0                 0                 0                 0                 0                 0                
1717850546        0                 0                 0                 0                 0                 0                 0                 0                 0                 0                 0                
1717850556        0                 0                 0                 0                 0                 0                 0                 0                 0                 0                 0                
1717850566        0                 0                 0                 0                 0                 0                 0                 0                 0                 0                 0                
1717850576        0                 0                 0                 0                 0                 0                 0                 0                 0                 0                 0                
1717850587        0                 0                 0                 0                 0                 0                 0                 0                 0                 0                 0                
1717850597        0                 0                 0                 0                 0                 0                 0                 0                 0                 0                 0                
1717850607        0                 0                 0                 0                 0                 0                 0                 0                 0                 0                 0                
1717850617        0                 0                 0                 0                 0                 0                 0                 0                 0                 0                 0                
1717850627        0                 0                 0                 0                 0                 0                 0                 0                 0                 0                 0                
1717850637        0                 0                 0                 0                 0                 0                 0                 0                 0                 0                 0                
1717850647        0                 0                 0                 0                 0                 0                 0                 0                 0                 0                 0                
1717850658        0                 0                 0                 0                 0                 0                 0                 0                 0                 0                 0                
1717850668        0                 0                 0                 0                 0                 0                 0                 0                 0                 0                 0                
1717850678        0                 0                 0                 0                 0                 0                 0                 0                 0                 0                 0                
1717850688        0                 0                 0                 0                 0                 0                 0                 0                 0                 0                 0                
1717850698        0                 0                 0                 0                 0                 0                 0                 0                 0                 0                 0                
1717850708        0                 0                 0                 0                 0                 0                 0                 0                 0                 0                 0                
1717850719        0                 0                 0                 0                 0                 0                 0                 0                 0                 0                 0                
1717850729        0                 0                 0                 0                 0                 0                 0                 0                 0                 0                 0                
1717850739        0                 0                 0                 0                 0                 0                 0                 0                 0                 0                 0                
1717850749        0                 0                 0                 0                 0                 0                 0                 0                 0                 0                 0                
1717850759        0                 0                 0                 0                 0                 0                 0                 0                 0                 0                 0                
1717850770        0                 0                 0                 0                 0                 0                 0                 0                 0                 0                 0                
1717850780        0                 0                 0                 0                 0                 0                 0                 0                 0                 0                 0                
1717850790        0                 0                 0                 0                 0                 0                 0                 0                 0                 0                 0                
1717850800        0                 0                 0                 0                 0                 0                 0                 0                 0                 0                 0                
1717850810        0                 0                 0                 0                 0                 0                 0                 0                 0                 0                 0                
1717850820        0                 0                 0                 0                 0                 0                 0                 0                 0                 0                 0                
1717850831        0                 0                 0                 0                 0                 0                 0                 0                 0                 0                 0                
1717850841        0                 0                 0                 0                 0                 0                 0                 0                 0                 0                 0                
1717850851        0                 0                 0                 0                 0                 0                 0                 0                 0                 0                 0                
1717850861        0                 0                 0                 0                 0                 0                 0                 0                 0                 0                 0                
1717850871        0                 0                 0                 0                 0                 0                 0                 0                 0                 0                 0                
1717850882        0                 0                 0                 0                 0                 0                 0                 0                 0                 0                 0                
1717850892        0                 0                 0                 0                 0                 0                 0                 0                 0                 0                 0                
1717850902        0                 0                 0                 0                 0                 0                 0                 0                 0                 0                 0                
1717850912        0                 0                 0                 0                 0                 0                 0                 0                 0                 0                 0                
1717850922        0                 0                 0                 0                 0                 0                 0                 0                 0                 0                 0                
1717850932        0                 0                 0                 0                 0                 0                 0                 0                 0                 0                 0                
1717850942        0                 0                 0                 0                 0                 0                 0                 0                 0                 0                 0                
1717850953        0                 0                 0                 0                 0                 0                 0                 0                 0                 0                 0                
1717850963        0                 0                 0                 0                 0                 0                 0                 0                 0                 0                 0                
1717850973        0                 0                 0                 0                 0                 0                 0                 0                 0                 0                 0                
1717850983        0                 0                 0                 0                 0                 0                 0                 0                 0                 0                 0                
1717850993        0                 0                 0                 0                 0                 0                 0                 0                 0                 0                 0                
1717851003        0                 0                 0                 0                 0                 0                 0                 0                 0                 0                 0                
1717851014        0                 0                 0                 0                 0                 0                 0                 0                 0                 0                 0                
1717851024        0                 0                 0                 0                 0                 0                 0                 0                 0                 0                 0                
1717851034        0                 0                 0                 0                 0                 0                 0                 0                 0                 0                 0                
1717851044        0                 0                 0                 0                 0                 0                 0                 0                 0                 0                 0                
1717851054        0                 0                 0                 0                 0                 0                 0                 0                 0                 0                 0                
1717851064        0                 0                 0                 0                 0                 0                 0                 0                 0                 0                 0                
1717851075        0                 0                 0                 0                 0                 0                 0                 0                 0                 0                 0                
1717851085        0                 0                 0                 0                 0                 0                 0                 0                 0                 0                 0                
1717851095        0                 0                 0                 0                 0                 0                 0                 0                 0                 0                 0                
1717851105        0                 0                 0                 0                 0                 0                 0                 0                 0                 0                 0                
1717851115        0                 0                 0                 0                 0                 0                 0                 0                 0                 0                 0                
1717851125        0                 0                 0                 0                 0                 0                 0                 0                 0                 0                 0                
1717851136        0                 0                 0                 0                 0                 0                 0                 0                 0                 0                 0                
1717851146        0                 0                 0                 0                 0                 0                 0                 0                 0                 0                 0                
1717851156        0                 0                 0                 0                 0                 0                 0                 0                 0                 0                 0                
1717851166        0                 0                 0                 0                 0                 0                 0                 0                 0                 0                 0                
1717851176        0                 0                 0                 0                 0                 0                 0                 0                 0                 0                 0                
1717851186        0                 0                 0                 0                 0                 0                 0                 0                 0                 0                 0                
1717851197        0                 0                 0                 0                 0                 0                 0                 0                 0                 0                 0                
1717851207        0                 0                 0                 0                 0                 0                 0                 0                 0                 0                 0                
1717851217        0                 0                 0                 0                 0                 0                 0                 0                 0                 0                 0                
1717851227        0                 0                 0                 0                 0                 0                 0                 0                 0                 0                 0                
1717851237        0                 0                 0                 0                 0                 0                 0                 0                 0                 0                 0                
1717851247        0                 0                 0                 0                 0                 0                 0                 0                 0                 0                 0                
1717851258        0                 0                 0                 0                 0                 0                 0                 0                 0                 0                 0                
1717851268        0                 0                 0                 0                 0                 0                 0                 0                 0                 0                 0                
1717851278        0                 0                 0                 0                 0                 0                 0                 0                 0                 0                 0                
1717851288        0                 0                 0                 0                 0                 0                 0                 0                 0                 0                 0                
1717851298        0                 0                 0                 0                 0                 0                 0                 0                 0                 0                 0                
1717851308        0                 0                 0                 0                 0                 0                 0                 0                 0                 0                 0                
1717851319        0                 0                 0                 0                 0                 0                 0                 0                 0                 0                 0                
1717851329        0                 0                 0                 0                 0                 0                 0                 0                 0                 0                 0                
1717851339        0                 0                 0                 0                 0                 0                 0                 0                 0                 0                 0                
1717851349        0                 0                 0                 0                 0                 0                 0                 0                 0                 0                 0                
1717851359        0                 0                 0                 0                 0                 0                 0                 0                 0                 0                 0                
1717851369        0                 0                 0                 0                 0                 0                 0                 0                 0                 0                 0                
1717851380        0                 0                 0                 0                 0                 0                 0                 0                 0                 0                 0                
1717851390        0                 0                 0                 0                 0                 0                 0                 0                 0                 0                 0                
1717851400        0                 0                 0                 0                 0                 0                 0                 0                 0                 0                 0                
1717851410        0                 0                 0                 0                 0                 0                 0                 0                 0                 0                 0                
1717851420        0                 0                 0                 0                 0                 0                 0                 0                 0                 0                 0                
1717851430        0                 0                 0                 0                 0                 0                 0                 0                 0                 0                 0                
1717851441        0                 0                 0                 0                 0                 0                 0                 0                 0                 0                 0                
1717851451        0                 0                 0                 0                 0                 0                 0                 0                 0                 0                 0                
1717851461        0                 0                 0                 0                 0                 0                 0                 0                 0                 0                 0                
1717851471        0                 0                 0                 0                 0                 0                 0                 0                 0                 0                 0                
1717851482        0                 0                 0                 0                 0                 0                 0                 0                 0                 0                 0                
1717851492        0                 0                 0                 0                 0                 0                 0                 0                 0                 0                 0                
1717851502        0                 0                 0                 0                 0                 0                 0                 0                 0                 0                 0                
1717851512        0                 0                 0                 0                 0                 0                 0                 0                 0                 0                 0                
1717851522        0                 0                 0                 0                 0                 0                 0                 0                 0                 0                 0                
1717851533        0                 0                 0                 0                 0                 0                 0                 0                 0                 0                 0                
1717851543        0                 0                 0                 0                 0                 0                 0                 0                 0                 0                 0                
1717851553        0                 0                 0                 0                 0                 0                 0                 0                 0                 0                 0                
1717851563        0                 0                 0                 0                 0                 0                 0                 0                 0                 0                 0                
1717851573        0                 0                 0                 0                 0                 0                 0                 0                 0                 0                 0                
1717851583        0                 0                 0                 0                 0                 0                 0                 0                 0                 0                 0                
1717851594        0                 0                 0                 0                 0                 0                 0                 0                 0                 0                 0                
1717851604        0                 0                 0                 0                 0                 0                 0                 0                 0                 0                 0                
1717851614        0                 0                 0                 0                 0                 0                 0                 0                 0                 0                 0                
1717851624        0                 0                 0                 0                 0                 0                 0                 0                 0                 0                 0                
1717851634        0                 0                 0                 0                 0                 0                 0                 0                 0                 0                 0                
1717851644        0                 0                 0                 0                 0                 0                 0                 0                 0                 0                 0                
1717851654        0                 0                 0                 0                 0                 0                 0                 0                 0                 0                 0                
1717851665        0                 0                 0                 0                 0                 0                 0                 0                 0                 0                 0                
1717851675        0                 0                 0                 0                 0                 0                 0                 0                 0                 0                 0                
1717851685        0                 0                 0                 0                 0                 0                 0                 0                 0                 0                 0                
1717851695        0                 0                 0                 0                 0                 0                 0                 0                 0                 0                 0                
1717851705        0                 0                 0                 0                 0                 0                 0                 0                 0                 0                 0                
1717851716        0                 0                 0                 0                 0                 0                 0                 0                 0                 0                 0                
1717851726        0                 0                 0                 0                 0                 0                 0                 0                 0                 0                 0                
1717851736        0                 0                 0                 0                 0                 0                 0                 0                 0                 0                 0                
1717851746        0                 0                 0                 0                 0                 0                 0                 0                 0                 0                 0                
1717851756        0                 0                 0                 0                 0                 0                 0                 0                 0                 0                 0                
1717851766        0                 0                 0                 0                 0                 0                 0                 0                 0                 0                 0                
1717851776        0                 0                 0                 0                 0                 0                 0                 0                 0                 0                 0                
1717851787        0                 0                 0                 0                 0                 0                 0                 0                 0                 0                 0                
1717851797        0                 0                 0                 0                 0                 0                 0                 0                 0                 0                 0                
1717851807        0                 0                 0                 0                 0                 0                 0                 0                 0                 0                 0                
1717851817        0                 0                 0                 0                 0                 0                 0                 0                 0                 0                 0                
1717851827        0                 0                 0                 0                 0                 0                 0                 0                 0                 0                 0                
1717851837        0                 0                 0                 0                 0                 0                 0                 0                 0                 0                 0                
1717851848        0                 0                 0                 0                 0                 0                 0                 0                 0                 0                 0                
1717851858        0                 0                 0                 0                 0                 0                 0                 0                 0                 0                 0                
1717851868        0                 0                 0                 0                 0                 0                 0                 0                 0                 0                 0                
1717851878        0                 0                 0                 0                 0                 0                 0                 0                 0                 0                 0                
1717851888        0                 0                 0                 0                 0                 0                 0                 0                 0                 0                 0                
1717851898        0                 0                 0                 0                 0                 0                 0                 0                 0                 0                 0                
1717851909        0                 0                 0                 0                 0                 0                 0                 0                 0                 0                 0                
1717851919        0                 0                 0                 0                 0                 0                 0                 0                 0                 0                 0                
1717851929        0                 0                 0                 0                 0                 0                 0                 0                 0                 0                 0                
1717851939        0                 0                 0                 0                 0                 0                 0                 0                 0                 0                 0                
1717851949        0                 0                 0                 0                 0                 0                 0                 0                 0                 0                 0                
1717851960        0                 0                 0                 0                 0                 0                 0                 0                 0                 0                 0                
1717851970        0                 0                 0                 0                 0                 0                 0                 0                 0                 0                 0                
1717851980        0                 0                 0                 0                 0                 0                 0                 0                 0                 0                 0                
1717851990        0                 0                 0                 0                 0                 0                 0                 0                 0                 0                 0                
1717852000        0                 0                 0                 0                 0                 0                 0                 0                 0                 0                 0                
1717852010        0                 0                 0                 0                 0                 0                 0                 0                 0                 0                 0                
1717852021        0                 0                 0                 0                 0                 0                 0                 0                 0                 0                 0                
1717852031        0                 0                 0                 0                 0                 0                 0                 0                 0                 0                 0                
1717852041        0                 0                 0                 0                 0                 0                 0                 0                 0                 0                 0                
1717852051        0                 0                 0                 0                 0                 0                 0                 0                 0                 0                 0                
1717852061        0                 0                 0                 0                 0                 0                 0                 0                 0                 0                 0                
1717852071        0                 0                 0                 0                 0                 0                 0                 0                 0                 0                 0                
1717852081        0                 0                 0                 0                 0                 0                 0                 0                 0                 0                 0                
1717852092        0                 0                 0                 0                 0                 0                 0                 0                 0                 0                 0                
1717852102        0                 0                 0                 0                 0                 0                 0                 0                 0                 0                 0                
1717852112        0                 0                 0                 0                 0                 0                 0                 0                 0                 0                 0                
1717852122        0                 0                 0                 0                 0                 0                 0                 0                 0                 0                 0                
1717852132        0                 0                 0                 0                 0                 0                 0                 0                 0                 0                 0                
1717852142        0                 0                 0                 0                 0                 0                 0                 0                 0                 0                 0                
1717852153        0                 0                 0                 0                 0                 0                 0                 0                 0                 0                 0                
1717852163        0                 0                 0                 0                 0                 0                 0                 0                 0                 0                 0                
1717852173        0                 0                 0                 0                 0                 0                 0                 0                 0                 0                 0                
1717852183        0                 0                 0                 0                 0                 0                 0                 0                 0                 0                 0                
1717852193        0                 0                 0                 0                 0                 0                 0                 0                 0                 0                 0                
1717852203        0                 0                 0                 0                 0                 0                 0                 0                 0                 0                 0                
1717852214        0                 0                 0                 0                 0                 0                 0                 0                 0                 0                 0                
1717852224        0                 0                 0                 0                 0                 0                 0                 0                 0                 0                 0                
1717852234        0                 0                 0                 0                 0                 0                 0                 0                 0                 0                 0                
1717852245        0                 0                 0                 0                 0                 0                 0                 0                 0                 0                 0                
1717852255        0                 0                 0                 0                 0                 0                 0                 0                 0                 0                 0                
1717852265        0                 0                 0                 0                 0                 0                 0                 0                 0                 0                 0                
1717852275        0                 0                 0                 0                 0                 0                 0                 0                 0                 0                 0                
1717852285        0                 0                 0                 0                 0                 0                 0                 0                 0                 0                 0                
1717852296        0                 0                 0                 0                 0                 0                 0                 0                 0                 0                 0                
1717852306        0                 0                 0                 0                 0                 0                 0                 0                 0                 0                 0                
1717852316        0                 0                 0                 0                 0                 0                 0                 0                 0                 0                 0                
1717852326        0                 0                 0                 0                 0                 0                 0                 0                 0                 0                 0                
1717852336        0                 0                 0                 0                 0                 0                 0                 0                 0                 0                 0                
1717852346        0                 0                 0                 0                 0                 0                 0                 0                 0                 0                 0                
1717852357        0                 0                 0                 0                 0                 0                 0                 0                 0                 0                 0                
1717852367        0                 0                 0                 0                 0                 0                 0                 0                 0                 0                 0                
1717852377        0                 0                 0                 0                 0                 0                 0                 0                 0                 0                 0                
1717852387        0                 0                 0                 0                 0                 0                 0                 0                 0                 0                 0                
1717852397        0                 0                 0                 0                 0                 0                 0                 0                 0                 0                 0                
1717852407        0                 0                 0                 0                 0                 0                 0                 0                 0                 0                 0                
1717852418        0                 0                 0                 0                 0                 0                 0                 0                 0                 0                 0                
1717852428        0                 0                 0                 0                 0                 0                 0                 0                 0                 0                 0                
1717852438        0                 0                 0                 0                 0                 0                 0                 0                 0                 0                 0                
1717852448        0                 0                 0                 0                 0                 0                 0                 0                 0                 0                 0                
1717852458        0                 0                 0                 0                 0                 0                 0                 0                 0                 0                 0                
1717852468        0                 0                 0                 0                 0                 0                 0                 0                 0                 0                 0                
1717852479        0                 0                 0                 0                 0                 0                 0                 0                 0                 0                 0                
1717852489        0                 0                 0                 0                 0                 0                 0                 0                 0                 0                 0                
1717852499        0                 0                 0                 0                 0                 0                 0                 0                 0                 0                 0                
1717852509        0                 0                 0                 0                 0                 0                 0                 0                 0                 0                 0                
1717852519        0                 0                 0                 0                 0                 0                 0                 0                 0                 0                 0                
1717852529        0                 0                 0                 0                 0                 0                 0                 0                 0                 0                 0                
1717852540        0                 0                 0                 0                 0                 0                 0                 0                 0                 0                 0                
1717852550        0                 0                 0                 0                 0                 0                 0                 0                 0                 0                 0                
1717852560        0                 0                 0                 0                 0                 0                 0                 0                 0                 0                 0                
1717852570        0                 0                 0                 0                 0                 0                 0                 0                 0                 0                 0                
1717852580        0                 0                 0                 0                 0                 0                 0                 0                 0                 0                 0                
1717852590        0                 0                 0                 0                 0                 0                 0                 0                 0                 0                 0                
1717852601        0                 0                 0                 0                 0                 0                 0                 0                 0                 0                 0                
1717852611        0                 0                 0                 0                 0                 0                 0                 0                 0                 0                 0                
1717852621        0                 0                 0                 0                 0                 0                 0                 0                 0                 0                 0                
1717852631        0                 0                 0                 0                 0                 0                 0                 0                 0                 0                 0                
1717852641        0                 0                 0                 0                 0                 0                 0                 0                 0                 0                 0                
1717852651        0                 0                 0                 0                 0                 0                 0                 0                 0                 0                 0                
1717852662        0                 0                 0                 0                 0                 0                 0                 0                 0                 0                 0                
1717852672        0                 0                 0                 0                 0                 0                 0                 0                 0                 0                 0                
1717852682        0                 0                 0                 0                 0                 0                 0                 0                 0                 0                 0                
1717852692        0                 0                 0                 0                 0                 0                 0                 0                 0                 0                 0                
1717852702        0                 0                 0                 0                 0                 0                 0                 0                 0                 0                 0                
1717852712        0                 0                 0                 0                 0                 0                 0                 0                 0                 0                 0                
1717852723        0                 0                 0                 0                 0                 0                 0                 0                 0                 0                 0                
1717852733        0                 0                 0                 0                 0                 0                 0                 0                 0                 0                 0                
1717852743        0                 0                 0                 0                 0                 0                 0                 0                 0                 0                 0                
1717852753        0                 0                 0                 0                 0                 0                 0                 0                 0                 0                 0                
1717852763        0                 0                 0                 0                 0                 0                 0                 0                 0                 0                 0                
1717852773        0                 0                 0                 0                 0                 0                 0                 0                 0                 0                 0                
1717852784        0                 0                 0                 0                 0                 0                 0                 0                 0                 0                 0                
1717852794        0                 0                 0                 0                 0                 0                 0                 0                 0                 0                 0                
1717852804        0                 0                 0                 0                 0                 0                 0                 0                 0                 0                 0                
1717852814        0                 0                 0                 0                 0                 0                 0                 0                 0                 0                 0                
1717852824        0                 0                 0                 0                 0                 0                 0                 0                 0                 0                 0                
1717852834        0                 0                 0                 0                 0                 0                 0                 0                 0                 0                 0                
1717852844        0                 0                 0                 0                 0                 0                 0                 0                 0                 0                 0                
1717852855        0                 0                 0                 0                 0                 0                 0                 0                 0                 0                 0                
1717852865        0                 0                 0                 0                 0                 0                 0                 0                 0                 0                 0                
1717852875        0                 0                 0                 0                 0                 0                 0                 0                 0                 0                 0                
1717852885        0                 0                 0                 0                 0                 0                 0                 0                 0                 0                 0                
1717852896        0                 0                 0                 0                 0                 0                 0                 0                 0                 0                 0                
1717852906        0                 0                 0                 0                 0                 0                 0                 0                 0                 0                 0                
1717852916        0                 0                 0                 0                 0                 0                 0                 0                 0                 0                 0                
1717852926        0                 0                 0                 0                 0                 0                 0                 0                 0                 0                 0                
1717852936        0                 0                 0                 0                 0                 0                 0                 0                 0                 0                 0                
1717852946        0                 0                 0                 0                 0                 0                 0                 0                 0                 0                 0                
1717852957        0                 0                 0                 0                 0                 0                 0                 0                 0                 0                 0                
1717852967        0                 0                 0                 0                 0                 0                 0                 0                 0                 0                 0                
1717852977        0                 0                 0                 0                 0                 0                 0                 0                 0                 0                 0                
1717852987        0                 0                 0                 0                 0                 0                 0                 0                 0                 0                 0                
1717852997        0                 0                 0                 0                 0                 0                 0                 0                 0                 0                 0                
1717853008        0                 0                 0                 0                 0                 0                 0                 0                 0                 0                 0                
1717853018        0                 0                 0                 0                 0                 0                 0                 0                 0                 0                 0                
1717853028        0                 0                 0                 0                 0                 0                 0                 0                 0                 0                 0                
1717853038        0                 0                 0                 0                 0                 0                 0                 0                 0                 0                 0                
1717853048        0                 0                 0                 0                 0                 0                 0                 0                 0                 0                 0                
1717853058        0                 0                 0                 0                 0                 0                 0                 0                 0                 0                 0                
1717853069        0                 0                 0                 0                 0                 0                 0                 0                 0                 0                 0                
1717853079        0                 0                 0                 0                 0                 0                 0                 0                 0                 0                 0                
1717853089        0                 0                 0                 0                 0                 0                 0                 0                 0                 0                 0                
1717853099        0                 0                 0                 0                 0                 0                 0                 0                 0                 0                 0                
1717853109        0                 0                 0                 0                 0                 0                 0                 0                 0                 0                 0                
1717853119        0                 0                 0                 0                 0                 0                 0                 0                 0                 0                 0                
1717853130        0                 0                 0                 0                 0                 0                 0                 0                 0                 0                 0                
1717853140        0                 0                 0                 0                 0                 0                 0                 0                 0                 0                 0                
1717853150        0                 0                 0                 0                 0                 0                 0                 0                 0                 0                 0                
1717853160        0                 0                 0                 0                 0                 0                 0                 0                 0                 0                 0                
1717853170        0                 0                 0                 0                 0                 0                 0                 0                 0                 0                 0                
1717853180        0                 0                 0                 0                 0                 0                 0                 0                 0                 0                 0                
1717853191        0                 0                 0                 0                 0                 0                 0                 0                 0                 0                 0                
1717853201        0                 0                 0                 0                 0                 0                 0                 0                 0                 0                 0                
1717853211        0                 0                 0                 0                 0                 0                 0                 0                 0                 0                 0                
1717853221        0                 0                 0                 0                 0                 0                 0                 0                 0                 0                 0                
1717853231        0                 0                 0                 0                 0                 0                 0                 0                 0                 0                 0                
1717853242        0                 0                 0                 0                 0                 0                 0                 0                 0                 0                 0                
1717853252        0                 0                 0                 0                 0                 0                 0                 0                 0                 0                 0                
1717853262        0                 0                 0                 0                 0                 0                 0                 0                 0                 0                 0                
1717853272        0                 0                 0                 0                 0                 0                 0                 0                 0                 0                 0                
1717853282        0                 0                 0                 0                 0                 0                 0                 0                 0                 0                 0                
1717853292        0                 0                 0                 0                 0                 0                 0                 0                 0                 0                 0                
1717853302        0                 0                 0                 0                 0                 0                 0                 0                 0                 0                 0                
1717853313        0                 0                 0                 0                 0                 0                 0                 0                 0                 0                 0                
1717853323        0                 0                 0                 0                 0                 0                 0                 0                 0                 0                 0                
1717853333        0                 0                 0                 0                 0                 0                 0                 0                 0                 0                 0                
1717853343        0                 0                 0                 0                 0                 0                 0                 0                 0                 0                 0                
1717853353        0                 0                 0                 0                 0                 0                 0                 0                 0                 0                 0                
1717853363        0                 0                 0                 0                 0                 0                 0                 0                 0                 0                 0                
1717853374        0                 0                 0                 0                 0                 0                 0                 0                 0                 0                 0                
1717853384        0                 0                 0                 0                 0                 0                 0                 0                 0                 0                 0                
1717853394        0                 0                 0                 0                 0                 0                 0                 0                 0                 0                 0                
1717853404        0                 0                 0                 0                 0                 0                 0                 0                 0                 0                 0                
1717853414        0                 0                 0                 0                 0                 0                 0                 0                 0                 0                 0                
1717853424        0                 0                 0                 0                 0                 0                 0                 0                 0                 0                 0                
1717853435        0                 0                 0                 0                 0                 0                 0                 0                 0                 0                 0                
1717853445        0                 0                 0                 0                 0                 0                 0                 0                 0                 0                 0                
1717853455        0                 0                 0                 0                 0                 0                 0                 0                 0                 0                 0                
1717853465        0                 0                 0                 0                 0                 0                 0                 0                 0                 0                 0                
1717853475        0                 0                 0                 0                 0                 0                 0                 0                 0                 0                 0                
1717853485        0                 0                 0                 0                 0                 0                 0                 0                 0                 0                 0                
1717853496        0                 0                 0                 0                 0                 0                 0                 0                 0                 0                 0                
1717853506        0                 0                 0                 0                 0                 0                 0                 0                 0                 0                 0                
1717853516        0                 0                 0                 0                 0                 0                 0                 0                 0                 0                 0                
1717853526        0                 0                 0                 0                 0                 0                 0                 0                 0                 0                 0                
