TIMESTAMP        home1-RQ         home1-RD         home1-WR         work2-RQ         work2-RD         work2-WR         scratch1-RQ      scratch1-RD      scratch1-WR      scratch2-RQ      scratch2-RD      scratch2-WR      scratch3-RQ      scratch3-RD      scratch3-WR      
1717837436        0                0                 0                0                 0                0                 0                0                 0                0                 0                0                 0                0                 0                
1717837446        0                0                 0                0                 0                0                 0                0                 0                0                 0                0                 0                0                 0                
1717837456        0                0                 0                0                 0                0                 0                0                 0                0                 0                0                 0                0                 0                
1717837467        0                0                 0                0                 0                0                 0                0                 0                0                 0                0                 0                0                 0                
1717837477        0                0                 0                0                 0                0                 0                0                 0                0                 0                0                 0                0                 0                
1717837487        0                0                 0                0                 0                0                 0                0                 0                0                 0                0                 0                0                 0                
1717837497        0                0                 0                0                 0                0                 0                0                 0                0                 0                0                 0                0                 0                
1717837507        0                0                 0                0                 0                0                 0                0                 0                0                 0                0                 0                0                 0                
1717837518        0                0                 0                0                 0                0                 0                0                 0                0                 0                0                 0                0                 0                
1717837528        0                0                 0                0                 0                0                 0                0                 0                0                 0                0                 0                0                 0                
1717837538        0                0                 0                0                 0                0                 0                0                 0                0                 0                0                 0                0                 0                
1717837549        0                0                 0                0                 0                0                 0                0                 0                0                 0                0                 0                0                 0                
1717837559        0                0                 0                0                 0                0                 0                0                 0                0                 0                0                 0                0                 0                
1717837569        0                0                 0                0                 0                0                 0                0                 0                0                 0                0                 0                0                 0                
1717837580        0                0                 0                0                 0                0                 0                0                 0                0                 0                0                 0                0                 0                
1717837591        0                0                 0                0                 0                0                 0                0                 0                0                 0                0                 0                0                 0                
1717837601        0                0                 0                0                 0                0                 0                0                 0                0                 0                0                 0                0                 0                
1717837611        0                0                 0                0                 0                0                 0                0                 0                0                 0                0                 0                0                 0                
1717837622        0                0                 0                0                 0                0                 0                0                 0                0                 0                0                 0                0                 0                
1717837634        0                0                 0                0                 0                0                 0                0                 0                0                 0                0                 0                0                 0                
1717837644        0                0                 0                0                 0                0                 0                0                 0                0                 0                0                 0                0                 0                
1717837655        0                0                 0                0                 0                0                 0                0                 0                0                 0                0                 0                0                 0                
1717837665        0                0                 0                0                 0                0                 0                0                 0                0                 0                0                 0                0                 0                
1717837676        0                0                 0                0                 0                0                 0                0                 0                0                 0                0                 0                0                 0                
1717837686        0                0                 0                0                 0                0                 0                0                 0                0                 0                0                 0                0                 0                
1717837696        0                0                 0                0                 0                0                 0                0                 0                0                 0                0                 0                0                 0                
1717837708        0                0                 0                0                 0                0                 0                0                 0                0                 0                0                 0                0                 0                
1717837719        0                0                 0                0                 0                0                 0                0                 0                0                 0                0                 0                0                 0                
1717837729        0                0                 0                0                 0                0                 0                0                 0                0                 0                0                 0                0                 0                
1717837739        0                0                 0                0                 0                0                 0                0                 0                0                 0                0                 0                0                 0                
1717837750        0                0                 0                0                 0                0                 0                0                 0                0                 0                0                 0                0                 0                
1717837760        0                0                 0                0                 0                0                 0                0                 0                0                 0                0                 0                0                 0                
1717837770        0                0                 0                0                 0                0                 0                0                 0                0                 0                0                 0                0                 0                
1717837781        0                0                 0                0                 0                0                 0                0                 0                0                 0                0                 0                0                 0                
1717837791        0                0                 0                0                 0                0                 0                0                 0                0                 0                0                 0                0                 0                
1717837801        0                0                 0                0                 0                0                 0                0                 0                0                 0                0                 0                0                 0                
1717837811        0                0                 0                0                 0                0                 0                0                 0                0                 0                0                 0                0                 0                
1717837822        0                0                 0                0                 0                0                 0                0                 0                0                 0                0                 0                0                 0                
1717837832        0                0                 0                0                 0                0                 0                0                 0                0                 0                0                 0                0                 0                
1717837842        0                0                 0                0                 0                0                 0                0                 0                0                 0                0                 0                0                 0                
1717837853        0                0                 0                0                 0                0                 0                0                 0                0                 0                0                 0                0                 0                
1717837863        0                0                 0                0                 0                0                 0                0                 0                0                 0                0                 0                0                 0                
1717837873        0                0                 0                0                 0                0                 0                0                 0                0                 0                0                 0                0                 0                
1717837884        0                0                 0                0                 0                0                 0                0                 0                0                 0                0                 0                0                 0                
1717837894        0                0                 0                0                 0                0                 0                0                 0                0                 0                0                 0                0                 0                
1717837904        0                0                 0                0                 0                0                 0                0                 0                0                 0                0                 0                0                 0                
1717837914        0                0                 0                0                 0                0                 0                0                 0                0                 0                0                 0                0                 0                
1717837925        0                0                 0                0                 0                0                 0                0                 0                0                 0                0                 0                0                 0                
1717837935        0                0                 0                0                 0                0                 0                0                 0                0                 0                0                 0                0                 0                
1717837945        0                0                 0                0                 0                0                 0                0                 0                0                 0                0                 0                0                 0                
1717837956        0                0                 0                0                 0                0                 0                0                 0                0                 0                0                 0                0                 0                
1717837966        0                0                 0                0                 0                0                 0                0                 0                0                 0                0                 0                0                 0                
1717837976        0                0                 0                0                 0                0                 0                0                 0                0                 0                0                 0                0                 0                
1717837986        0                0                 0                0                 0                0                 0                0                 0                0                 0                0                 0                0                 0                
1717837997        0                0                 0                0                 0                0                 0                0                 0                0                 0                0                 0                0                 0                
1717838007        0                0                 0                0                 0                0                 0                0                 0                0                 0                0                 0                0                 0                
1717838017        0                0                 0                0                 0                0                 0                0                 0                0                 0                0                 0                0                 0                
1717838028        0                0                 0                0                 0                0                 0                0                 0                0                 0                0                 0                0                 0                
1717838038        0                0                 0                0                 0                0                 0                0                 0                0                 0                0                 0                0                 0                
1717838048        0                0                 0                0                 0                0                 0                0                 0                0                 0                0                 0                0                 0                
1717838059        0                0                 0                0                 0                0                 0                0                 0                0                 0                0                 0                0                 0                
1717838069        0                0                 0                0                 0                0                 0                0                 0                0                 0                0                 0                0                 0                
1717838079        0                0                 0                0                 0                0                 0                0                 0                0                 0                0                 0                0                 0                
1717838089        0                0                 0                0                 0                0                 0                0                 0                0                 0                0                 0                0                 0                
1717838100        0                0                 0                0                 0                0                 0                0                 0                0                 0                0                 0                0                 0                
1717838110        0                0                 0                0                 0                0                 0                0                 0                0                 0                0                 0                0                 0                
1717838120        0                0                 0                0                 0                0                 0                0                 0                0                 0                0                 0                0                 0                
1717838130        0                0                 0                0                 0                0                 0                0                 0                0                 0                0                 0                0                 0                
1717838141        0                0                 0                0                 0                0                 0                0                 0                0                 0                0                 0                0                 0                
1717838151        0                0                 0                0                 0                0                 0                0                 0                0                 0                0                 0                0                 0                
1717838161        0                0                 0                0                 0                0                 0                0                 0                0                 0                0                 0                0                 0                
1717838172        0                0                 0                0                 0                0                 0                0                 0                0                 0                0                 0                0                 0                
1717838182        0                0                 0                0                 0                0                 0                0                 0                0                 0                0                 0                0                 0                
1717838192        0                0                 0                0                 0                0                 0                0                 0                0                 0                0                 0                0                 0                
1717838203        0                0                 0                0                 0                0                 0                0                 0                0                 0                0                 0                0                 0                
1717838213        0                0                 0                0                 0                0                 0                0                 0                0                 0                0                 0                0                 0                
1717838223        0                0                 0                0                 0                0                 0                0                 0                0                 0                0                 0                0                 0                
1717838234        0                0                 0                0                 0                0                 0                0                 0                0                 0                0                 0                0                 0                
1717838244        0                0                 0                0                 0                0                 0                0                 0                0                 0                0                 0                0                 0                
1717838254        0                0                 0                0                 0                0                 0                0                 0                0                 0                0                 0                0                 0                
1717838264        0                0                 0                0                 0                0                 0                0                 0                0                 0                0                 0                0                 0                
1717838275        0                0                 0                0                 0                0                 0                0                 0                0                 0                0                 0                0                 0                
1717838285        0                0                 0                0                 0                0                 0                0                 0                0                 0                0                 0                0                 0                
1717838295        0                0                 0                0                 0                0                 0                0                 0                0                 0                0                 0                0                 0                
1717838305        0                0                 0                0                 0                0                 0                0                 0                0                 0                0                 0                0                 0                
1717838316        0                0                 0                0                 0                0                 0                0                 0                0                 0                0                 0                0                 0                
1717838326        0                0                 0                0                 0                0                 0                0                 0                0                 0                0                 0                0                 0                
1717838336        0                0                 0                0                 0                0                 0                0                 0                0                 0                0                 0                0                 0                
1717838347        0                0                 0                0                 0                0                 0                0                 0                0                 0                0                 0                0                 0                
1717838357        0                0                 0                0                 0                0                 0                0                 0                0                 0                0                 0                0                 0                
1717838367        0                0                 0                0                 0                0                 0                0                 0                0                 0                0                 0                0                 0                
1717838377        0                0                 0                0                 0                0                 0                0                 0                0                 0                0                 0                0                 0                
1717838388        0                0                 0                0                 0                0                 0                0                 0                0                 0                0                 0                0                 0                
1717838398        0                0                 0                0                 0                0                 0                0                 0                0                 0                0                 0                0                 0                
1717838408        0                0                 0                0                 0                0                 0                0                 0                0                 0                0                 0                0                 0                
1717838418        0                0                 0                0                 0                0                 0                0                 0                0                 0                0                 0                0                 0                
1717838429        0                0                 0                0                 0                0                 0                0                 0                0                 0                0                 0                0                 0                
1717838447        0                0                 0                0                 0                0                 0                0                 0                0                 0                0                 0                0                 0                
1717838458        0                0                 0                0                 0                0                 0                0                 0                0                 0                0                 0                0                 0                
1717838468        0                0                 0                0                 0                0                 0                0                 0                0                 0                0                 0                0                 0                
1717838479        0                0                 0                0                 0                0                 0                0                 0                0                 0                0                 0                0                 0                
1717838489        0                0                 0                0                 0                0                 0                0                 0                0                 0                0                 0                0                 0                
1717838499        0                0                 0                0                 0                0                 0                0                 0                0                 0                0                 0                0                 0                
1717838509        0                0                 0                0                 0                0                 0                0                 0                0                 0                0                 0                0                 0                
1717838520        0                0                 0                0                 0                0                 0                0                 0                0                 0                0                 0                0                 0                
1717838530        0                0                 0                0                 0                0                 0                0                 0                0                 0                0                 0                0                 0                
1717838540        0                0                 0                0                 0                0                 0                0                 0                0                 0                0                 0                0                 0                
1717838551        0                0                 0                0                 0                0                 0                0                 0                0                 0                0                 0                0                 0                
1717838561        0                0                 0                0                 0                0                 0                0                 0                0                 0                0                 0                0                 0                
1717838571        0                0                 0                0                 0                0                 0                0                 0                0                 0                0                 0                0                 0                
1717838581        0                0                 0                0                 0                0                 0                0                 0                0                 0                0                 0                0                 0                
1717838592        0                0                 0                0                 0                0                 0                0                 0                0                 0                0                 0                0                 0                
1717838603        0                0                 0                0                 0                0                 0                0                 0                0                 0                0                 0                0                 0                
1717838613        0                0                 0                0                 0                0                 0                0                 0                0                 0                0                 0                0                 0                
1717838624        0                0                 0                0                 0                0                 0                0                 0                0                 0                0                 0                0                 0                
1717838635        0                0                 0                0                 0                0                 0                0                 0                0                 0                0                 0                0                 0                
1717838645        0                0                 0                0                 0                0                 0                0                 0                0                 0                0                 0                0                 0                
1717838658        0                0                 0                0                 0                0                 0                0                 0                0                 0                0                 0                0                 0                
1717838668        0                0                 0                0                 0                0                 0                0                 0                0                 0                0                 0                0                 0                
1717838679        0                0                 0                0                 0                0                 0                0                 0                0                 0                0                 0                0                 0                
1717838689        0                0                 0                0                 0                0                 0                0                 0                0                 0                0                 0                0                 0                
1717838699        0                0                 0                0                 0                0                 0                0                 0                0                 0                0                 0                0                 0                
1717838710        0                0                 0                0                 0                0                 0                0                 0                0                 0                0                 0                0                 0                
1717838720        0                0                 0                0                 0                0                 0                0                 0                0                 0                0                 0                0                 0                
1717838731        0                0                 0                0                 0                0                 0                0                 0                0                 0                0                 0                0                 0                
1717838742        0                0                 0                0                 0                0                 0                0                 0                0                 0                0                 0                0                 0                
1717838752        0                0                 0                0                 0                0                 0                0                 0                0                 0                0                 0                0                 0                
1717838762        0                0                 0                0                 0                0                 0                0                 0                0                 0                0                 0                0                 0                
1717838772        0                0                 0                0                 0                0                 0                0                 0                0                 0                0                 0                0                 0                
1717838783        0                0                 0                0                 0                0                 0                0                 0                0                 0                0                 0                0                 0                
1717838793        0                0                 0                0                 0                0                 0                0                 0                0                 0                0                 0                0                 0                
1717838803        0                0                 0                0                 0                0                 0                0                 0                0                 0                0                 0                0                 0                
1717838814        0                0                 0                0                 0                0                 0                0                 0                0                 0                0                 0                0                 0                
1717838824        0                0                 0                0                 0                0                 0                0                 0                0                 0                0                 0                0                 0                
1717838834        0                0                 0                0                 0                0                 0                0                 0                0                 0                0                 0                0                 0                
1717838844        0                0                 0                0                 0                0                 0                0                 0                0                 0                0                 0                0                 0                
1717838855        0                0                 0                0                 0                0                 0                0                 0                0                 0                0                 0                0                 0                
1717838865        0                0                 0                0                 0                0                 0                0                 0                0                 0                0                 0                0                 0                
1717838875        0                0                 0                0                 0                0                 0                0                 0                0                 0                0                 0                0                 0                
1717838886        0                0                 0                0                 0                0                 0                0                 0                0                 0                0                 0                0                 0                
1717838896        0                0                 0                0                 0                0                 0                0                 0                0                 0                0                 0                0                 0                
1717838906        0                0                 0                0                 0                0                 0                0                 0                0                 0                0                 0                0                 0                
1717838916        0                0                 0                0                 0                0                 0                0                 0                0                 0                0                 0                0                 0                
1717838927        0                0                 0                0                 0                0                 0                0                 0                0                 0                0                 0                0                 0                
1717838937        0                0                 0                0                 0                0                 0                0                 0                0                 0                0                 0                0                 0                
1717838947        0                0                 0                0                 0                0                 0                0                 0                0                 0                0                 0                0                 0                
1717838958        0                0                 0                0                 0                0                 0                0                 0                0                 0                0                 0                0                 0                
1717838968        0                0                 0                0                 0                0                 0                0                 0                0                 0                0                 0                0                 0                
1717838978        0                0                 0                0                 0                0                 0                0                 0                0                 0                0                 0                0                 0                
1717838988        0                0                 0                0                 0                0                 0                0                 0                0                 0                0                 0                0                 0                
1717838999        0                0                 0                0                 0                0                 0                0                 0                0                 0                0                 0                0                 0                
1717839009        0                0                 0                0                 0                0                 0                0                 0                0                 0                0                 0                0                 0                
1717839019        0                0                 0                0                 0                0                 0                0                 0                0                 0                0                 0                0                 0                
1717839030        0                0                 0                0                 0                0                 0                0                 0                0                 0                0                 0                0                 0                
1717839040        0                0                 0                0                 0                0                 0                0                 0                0                 0                0                 0                0                 0                
1717839050        0                0                 0                0                 0                0                 0                0                 0                0                 0                0                 0                0                 0                
1717839060        0                0                 0                0                 0                0                 0                0                 0                0                 0                0                 0                0                 0                
1717839071        0                0                 0                0                 0                0                 0                0                 0                0                 0                0                 0                0                 0                
1717839081        0                0                 0                0                 0                0                 0                0                 0                0                 0                0                 0                0                 0                
1717839091        0                0                 0                0                 0                0                 0                0                 0                0                 0                0                 0                0                 0                
1717839102        0                0                 0                0                 0                0                 0                0                 0                0                 0                0                 0                0                 0                
1717839112        0                0                 0                0                 0                0                 0                0                 0                0                 0                0                 0                0                 0                
1717839122        0                0                 0                0                 0                0                 0                0                 0                0                 0                0                 0                0                 0                
1717839132        0                0                 0                0                 0                0                 0                0                 0                0                 0                0                 0                0                 0                
1717839143        0                0                 0                0                 0                0                 0                0                 0                0                 0                0                 0                0                 0                
1717839153        0                0                 0                0                 0                0                 0                0                 0                0                 0                0                 0                0                 0                
1717839163        0                0                 0                0                 0                0                 0                0                 0                0                 0                0                 0                0                 0                
1717839174        0                0                 0                0                 0                0                 0                0                 0                0                 0                0                 0                0                 0                
1717839184        0                0                 0                0                 0                0                 0                0                 0                0                 0                0                 0                0                 0                
1717839194        0                0                 0                0                 0                0                 0                0                 0                0                 0                0                 0                0                 0                
1717839204        0                0                 0                0                 0                0                 0                0                 0                0                 0                0                 0                0                 0                
1717839215        0                0                 0                0                 0                0                 0                0                 0                0                 0                0                 0                0                 0                
1717839225        0                0                 0                0                 0                0                 0                0                 0                0                 0                0                 0                0                 0                
1717839235        0                0                 0                0                 0                0                 0                0                 0                0                 0                0                 0                0                 0                
1717839245        0                0                 0                0                 0                0                 0                0                 0                0                 0                0                 0                0                 0                
1717839256        0                0                 0                0                 0                0                 0                0                 0                0                 0                0                 0                0                 0                
1717839266        0                0                 0                0                 0                0                 0                0                 0                0                 0                0                 0                0                 0                
1717839276        0                0                 0                0                 0                0                 0                0                 0                0                 0                0                 0                0                 0                
1717839287        0                0                 0                0                 0                0                 0                0                 0                0                 0                0                 0                0                 0                
1717839297        0                0                 0                0                 0                0                 0                0                 0                0                 0                0                 0                0                 0                
1717839307        0                0                 0                0                 0                0                 0                0                 0                0                 0                0                 0                0                 0                
1717839318        0                0                 0                0                 0                0                 0                0                 0                0                 0                0                 0                0                 0                
1717839328        0                0                 0                0                 0                0                 0                0                 0                0                 0                0                 0                0                 0                
1717839338        0                0                 0                0                 0                0                 0                0                 0                0                 0                0                 0                0                 0                
1717839349        0                0                 0                0                 0                0                 0                0                 0                0                 0                0                 0                0                 0                
1717839359        0                0                 0                0                 0                0                 0                0                 0                0                 0                0                 0                0                 0                
1717839369        0                0                 0                0                 0                0                 0                0                 0                0                 0                0                 0                0                 0                
1717839379        0                0                 0                0                 0                0                 0                0                 0                0                 0                0                 0                0                 0                
1717839390        0                0                 0                0                 0                0                 0                0                 0                0                 0                0                 0                0                 0                
1717839400        0                0                 0                0                 0                0                 0                0                 0                0                 0                0                 0                0                 0                
1717839410        0                0                 0                0                 0                0                 0                0                 0                0                 0                0                 0                0                 0                
1717839420        0                0                 0                0                 0                0                 0                0                 0                0                 0                0                 0                0                 0                
1717839431        0                0                 0                0                 0                0                 0                0                 0                0                 0                0                 0                0                 0                
1717839441        0                0                 0                0                 0                0                 0                0                 0                0                 0                0                 0                0                 0                
1717839451        0                0                 0                0                 0                0                 0                0                 0                0                 0                0                 0                0                 0                
1717839462        0                0                 0                0                 0                0                 0                0                 0                0                 0                0                 0                0                 0                
1717839472        0                0                 0                0                 0                0                 0                0                 0                0                 0                0                 0                0                 0                
1717839482        0                0                 0                0                 0                0                 0                0                 0                0                 0                0                 0                0                 0                
1717839492        0                0                 0                0                 0                0                 0                0                 0                0                 0                0                 0                0                 0                
1717839503        0                0                 0                0                 0                0                 0                0                 0                0                 0                0                 0                0                 0                
1717839513        0                0                 0                0                 0                0                 0                0                 0                0                 0                0                 0                0                 0                
1717839523        0                0                 0                0                 0                0                 0                0                 0                0                 0                0                 0                0                 0                
1717839534        0                0                 0                0                 0                0                 0                0                 0                0                 0                0                 0                0                 0                
1717839544        0                0                 0                0                 0                0                 0                0                 0                0                 0                0                 0                0                 0                
1717839554        0                0                 0                0                 0                0                 0                0                 0                0                 0                0                 0                0                 0                
1717839564        0                0                 0                0                 0                0                 0                0                 0                0                 0                0                 0                0                 0                
1717839575        0                0                 0                0                 0                0                 0                0                 0                0                 0                0                 0                0                 0                
1717839585        0                0                 0                0                 0                0                 0                0                 0                0                 0                0                 0                0                 0                
1717839595        0                0                 0                0                 0                0                 0                0                 0                0                 0                0                 0                0                 0                
1717839606        0                0                 0                0                 0                0                 0                0                 0                0                 0                0                 0                0                 0                
1717839616        0                0                 0                0                 0                0                 0                0                 0                0                 0                0                 0                0                 0                
1717839626        0                0                 0                0                 0                0                 0                0                 0                0                 0                0                 0                0                 0                
1717839636        0                0                 0                0                 0                0                 0                0                 0                0                 0                0                 0                0                 0                
1717839647        0                0                 0                0                 0                0                 0                0                 0                0                 0                0                 0                0                 0                
1717839657        0                0                 0                0                 0                0                 0                0                 0                0                 0                0                 0                0                 0                
1717839667        0                0                 0                0                 0                0                 0                0                 0                0                 0                0                 0                0                 0                
1717839678        0                0                 0                0                 0                0                 0                0                 0                0                 0                0                 0                0                 0                
1717839688        0                0                 0                0                 0                0                 0                0                 0                0                 0                0                 0                0                 0                
1717839698        0                0                 0                0                 0                0                 0                0                 0                0                 0                0                 0                0                 0                
1717839708        0                0                 0                0                 0                0                 0                0                 0                0                 0                0                 0                0                 0                
1717839719        0                0                 0                0                 0                0                 0                0                 0                0                 0                0                 0                0                 0                
1717839729        0                0                 0                0                 0                0                 0                0                 0                0                 0                0                 0                0                 0                
1717839739        0                0                 0                0                 0                0                 0                0                 0                0                 0                0                 0                0                 0                
1717839750        0                0                 0                0                 0                0                 0                0                 0                0                 0                0                 0                0                 0                
1717839760        0                0                 0                0                 0                0                 0                0                 0                0                 0                0                 0                0                 0                
1717839770        0                0                 0                0                 0                0                 0                0                 0                0                 0                0                 0                0                 0                
1717839780        0                0                 0                0                 0                0                 0                0                 0                0                 0                0                 0                0                 0                
1717839791        0                0                 0                0                 0                0                 0                0                 0                0                 0                0                 0                0                 0                
1717839801        0                0                 0                0                 0                0                 0                0                 0                0                 0                0                 0                0                 0                
1717839811        0                0                 0                0                 0                0                 0                0                 0                0                 0                0                 0                0                 0                
1717839822        0                0                 0                0                 0                0                 0                0                 0                0                 0                0                 0                0                 0                
1717839832        0                0                 0                0                 0                0                 0                0                 0                0                 0                0                 0                0                 0                
1717839842        0                0                 0                0                 0                0                 0                0                 0                0                 0                0                 0                0                 0                
1717839852        0                0                 0                0                 0                0                 0                0                 0                0                 0                0                 0                0                 0                
1717839863        0                0                 0                0                 0                0                 0                0                 0                0                 0                0                 0                0                 0                
1717839873        0                0                 0                0                 0                0                 0                0                 0                0                 0                0                 0                0                 0                
1717839883        0                0                 0                0                 0                0                 0                0                 0                0                 0                0                 0                0                 0                
1717839894        0                0                 0                0                 0                0                 0                0                 0                0                 0                0                 0                0                 0                
1717839904        0                0                 0                0                 0                0                 0                0                 0                0                 0                0                 0                0                 0                
1717839914        0                0                 0                0                 0                0                 0                0                 0                0                 0                0                 0                0                 0                
1717839924        0                0                 0                0                 0                0                 0                0                 0                0                 0                0                 0                0                 0                
1717839935        0                0                 0                0                 0                0                 0                0                 0                0                 0                0                 0                0                 0                
1717839945        0                0                 0                0                 0                0                 0                0                 0                0                 0                0                 0                0                 0                
1717839955        0                0                 0                0                 0                0                 0                0                 0                0                 0                0                 0                0                 0                
1717839966        0                0                 0                0                 0                0                 0                0                 0                0                 0                0                 0                0                 0                
1717839976        0                0                 0                0                 0                0                 0                0                 0                0                 0                0                 0                0                 0                
1717839986        0                0                 0                0                 0                0                 0                0                 0                0                 0                0                 0                0                 0                
1717839997        0                0                 0                0                 0                0                 0                0                 0                0                 0                0                 0                0                 0                
1717840007        0                0                 0                0                 0                0                 0                0                 0                0                 0                0                 0                0                 0                
1717840017        0                0                 0                0                 0                0                 0                0                 0                0                 0                0                 0                0                 0                
1717840027        0                0                 0                0                 0                0                 0                0                 0                0                 0                0                 0                0                 0                
1717840038        0                0                 0                0                 0                0                 0                0                 0                0                 0                0                 0                0                 0                
1717840048        0                0                 0                0                 0                0                 0                0                 0                0                 0                0                 0                0                 0                
1717840058        0                0                 0                0                 0                0                 0                0                 0                0                 0                0                 0                0                 0                
1717840069        0                0                 0                0                 0                0                 0                0                 0                0                 0                0                 0                0                 0                
1717840079        0                0                 0                0                 0                0                 0                0                 0                0                 0                0                 0                0                 0                
1717840089        0                0                 0                0                 0                0                 0                0                 0                0                 0                0                 0                0                 0                
1717840100        0                0                 0                0                 0                0                 0                0                 0                0                 0                0                 0                0                 0                
1717840110        0                0                 0                0                 0                0                 0                0                 0                0                 0                0                 0                0                 0                
1717840120        0                0                 0                0                 0                0                 0                0                 0                0                 0                0                 0                0                 0                
1717840130        0                0                 0                0                 0                0                 0                0                 0                0                 0                0                 0                0                 0                
1717840141        0                0                 0                0                 0                0                 0                0                 0                0                 0                0                 0                0                 0                
1717840151        0                0                 0                0                 0                0                 0                0                 0                0                 0                0                 0                0                 0                
1717840161        0                0                 0                0                 0                0                 0                0                 0                0                 0                0                 0                0                 0                
1717840171        0                0                 0                0                 0                0                 0                0                 0                0                 0                0                 0                0                 0                
1717840182        0                0                 0                0                 0                0                 0                0                 0                0                 0                0                 0                0                 0                
1717840192        0                0                 0                0                 0                0                 0                0                 0                0                 0                0                 0                0                 0                
1717840202        0                0                 0                0                 0                0                 0                0                 0                0                 0                0                 0                0                 0                
1717840213        0                0                 0                0                 0                0                 0                0                 0                0                 0                0                 0                0                 0                
1717840223        0                0                 0                0                 0                0                 0                0                 0                0                 0                0                 0                0                 0                
1717840233        0                0                 0                0                 0                0                 0                0                 0                0                 0                0                 0                0                 0                
1717840244        0                0                 0                0                 0                0                 0                0                 0                0                 0                0                 0                0                 0                
1717840255        0                0                 0                0                 0                0                 0                0                 0                0                 0                0                 0                0                 0                
1717840266        0                0                 0                0                 0                0                 0                0                 0                0                 0                0                 0                0                 0                
1717840276        0                0                 0                0                 0                0                 0                0                 0                0                 0                0                 0                0                 0                
1717840287        0                0                 0                0                 0                0                 0                0                 0                0                 0                0                 0                0                 0                
1717840297        0                0                 0                0                 0                0                 0                0                 0                0                 0                0                 0                0                 0                
1717840307        0                0                 0                0                 0                0                 0                0                 0                0                 0                0                 0                0                 0                
1717840317        0                0                 0                0                 0                0                 0                0                 0                0                 0                0                 0                0                 0                
1717840328        0                0                 0                0                 0                0                 0                0                 0                0                 0                0                 0                0                 0                
1717840338        0                0                 0                0                 0                0                 0                0                 0                0                 0                0                 0                0                 0                
1717840348        0                0                 0                0                 0                0                 0                0                 0                0                 0                0                 0                0                 0                
1717840359        0                0                 0                0                 0                0                 0                0                 0                0                 0                0                 0                0                 0                
1717840369        0                0                 0                0                 0                0                 0                0                 0                0                 0                0                 0                0                 0                
1717840379        0                0                 0                0                 0                0                 0                0                 0                0                 0                0                 0                0                 0                
1717840390        0                0                 0                0                 0                0                 0                0                 0                0                 0                0                 0                0                 0                
1717840400        0                0                 0                0                 0                0                 0                0                 0                0                 0                0                 0                0                 0                
1717840410        0                0                 0                0                 0                0                 0                0                 0                0                 0                0                 0                0                 0                
1717840420        0                0                 0                0                 0                0                 0                0                 0                0                 0                0                 0                0                 0                
1717840431        0                0                 0                0                 0                0                 0                0                 0                0                 0                0                 0                0                 0                
1717840441        0                0                 0                0                 0                0                 0                0                 0                0                 0                0                 0                0                 0                
1717840451        0                0                 0                0                 0                0                 0                0                 0                0                 0                0                 0                0                 0                
1717840462        0                0                 0                0                 0                0                 0                0                 0                0                 0                0                 0                0                 0                
1717840472        0                0                 0                0                 0                0                 0                0                 0                0                 0                0                 0                0                 0                
1717840482        0                0                 0                0                 0                0                 0                0                 0                0                 0                0                 0                0                 0                
1717840492        0                0                 0                0                 0                0                 0                0                 0                0                 0                0                 0                0                 0                
1717840503        0                0                 0                0                 0                0                 0                0                 0                0                 0                0                 0                0                 0                
1717840513        0                0                 0                0                 0                0                 0                0                 0                0                 0                0                 0                0                 0                
1717840523        0                0                 0                0                 0                0                 0                0                 0                0                 0                0                 0                0                 0                
1717840534        0                0                 0                0                 0                0                 0                0                 0                0                 0                0                 0                0                 0                
1717840544        0                0                 0                0                 0                0                 0                0                 0                0                 0                0                 0                0                 0                
1717840554        0                0                 0                0                 0                0                 0                0                 0                0                 0                0                 0                0                 0                
1717840564        0                0                 0                0                 0                0                 0                0                 0                0                 0                0                 0                0                 0                
1717840575        0                0                 0                0                 0                0                 0                0                 0                0                 0                0                 0                0                 0                
1717840585        0                0                 0                0                 0                0                 0                0                 0                0                 0                0                 0                0                 0                
1717840595        0                0                 0                0                 0                0                 0                0                 0                0                 0                0                 0                0                 0                
1717840606        0                0                 0                0                 0                0                 0                0                 0                0                 0                0                 0                0                 0                
1717840616        0                0                 0                0                 0                0                 0                0                 0                0                 0                0                 0                0                 0                
1717840626        0                0                 0                0                 0                0                 0                0                 0                0                 0                0                 0                0                 0                
1717840636        0                0                 0                0                 0                0                 0                0                 0                0                 0                0                 0                0                 0                
1717840647        0                0                 0                0                 0                0                 0                0                 0                0                 0                0                 0                0                 0                
1717840657        0                0                 0                0                 0                0                 0                0                 0                0                 0                0                 0                0                 0                
1717840667        0                0                 0                0                 0                0                 0                0                 0                0                 0                0                 0                0                 0                
1717840677        0                0                 0                0                 0                0                 0                0                 0                0                 0                0                 0                0                 0                
1717840688        0                0                 0                0                 0                0                 0                0                 0                0                 0                0                 0                0                 0                
1717840698        0                0                 0                0                 0                0                 0                0                 0                0                 0                0                 0                0                 0                
1717840708        0                0                 0                0                 0                0                 0                0                 0                0                 0                0                 0                0                 0                
1717840719        0                0                 0                0                 0                0                 0                0                 0                0                 0                0                 0                0                 0                
1717840729        0                0                 0                0                 0                0                 0                0                 0                0                 0                0                 0                0                 0                
1717840739        0                0                 0                0                 0                0                 0                0                 0                0                 0                0                 0                0                 0                
1717840750        0                0                 0                0                 0                0                 0                0                 0                0                 0                0                 0                0                 0                
1717840760        0                0                 0                0                 0                0                 0                0                 0                0                 0                0                 0                0                 0                
1717840770        0                0                 0                0                 0                0                 0                0                 0                0                 0                0                 0                0                 0                
1717840780        0                0                 0                0                 0                0                 0                0                 0                0                 0                0                 0                0                 0                
1717840791        0                0                 0                0                 0                0                 0                0                 0                0                 0                0                 0                0                 0                
1717840801        0                0                 0                0                 0                0                 0                0                 0                0                 0                0                 0                0                 0                
1717840811        0                0                 0                0                 0                0                 0                0                 0                0                 0                0                 0                0                 0                
1717840822        0                0                 0                0                 0                0                 0                0                 0                0                 0                0                 0                0                 0                
1717840832        0                0                 0                0                 0                0                 0                0                 0                0                 0                0                 0                0                 0                
1717840842        0                0                 0                0                 0                0                 0                0                 0                0                 0                0                 0                0                 0                
1717840852        0                0                 0                0                 0                0                 0                0                 0                0                 0                0                 0                0                 0                
1717840863        0                0                 0                0                 0                0                 0                0                 0                0                 0                0                 0                0                 0                
1717840873        0                0                 0                0                 0                0                 0                0                 0                0                 0                0                 0                0                 0                
1717840883        0                0                 0                0                 0                0                 0                0                 0                0                 0                0                 0                0                 0                
1717840894        0                0                 0                0                 0                0                 0                0                 0                0                 0                0                 0                0                 0                
1717840904        0                0                 0                0                 0                0                 0                0                 0                0                 0                0                 0                0                 0                
1717840914        0                0                 0                0                 0                0                 0                0                 0                0                 0                0                 0                0                 0                
1717840924        0                0                 0                0                 0                0                 0                0                 0                0                 0                0                 0                0                 0                
1717840935        0                0                 0                0                 0                0                 0                0                 0                0                 0                0                 0                0                 0                
1717840945        0                0                 0                0                 0                0                 0                0                 0                0                 0                0                 0                0                 0                
1717840955        0                0                 0                0                 0                0                 0                0                 0                0                 0                0                 0                0                 0                
1717840966        0                0                 0                0                 0                0                 0                0                 0                0                 0                0                 0                0                 0                
1717840976        0                0                 0                0                 0                0                 0                0                 0                0                 0                0                 0                0                 0                
1717840986        0                0                 0                0                 0                0                 0                0                 0                0                 0                0                 0                0                 0                
1717840996        0                0                 0                0                 0                0                 0                0                 0                0                 0                0                 0                0                 0                
1717841007        0                0                 0                0                 0                0                 0                0                 0                0                 0                0                 0                0                 0                
1717841017        0                0                 0                0                 0                0                 0                0                 0                0                 0                0                 0                0                 0                
1717841027        0                0                 0                0                 0                0                 0                0                 0                0                 0                0                 0                0                 0                
1717841038        0                0                 0                0                 0                0                 0                0                 0                0                 0                0                 0                0                 0                
1717841048        0                0                 0                0                 0                0                 0                0                 0                0                 0                0                 0                0                 0                
1717841058        0                0                 0                0                 0                0                 0                0                 0                0                 0                0                 0                0                 0                
1717841068        0                0                 0                0                 0                0                 0                0                 0                0                 0                0                 0                0                 0                
1717841079        0                0                 0                0                 0                0                 0                0                 0                0                 0                0                 0                0                 0                
1717841089        0                0                 0                0                 0                0                 0                0                 0                0                 0                0                 0                0                 0                
1717841099        0                0                 0                0                 0                0                 0                0                 0                0                 0                0                 0                0                 0                
1717841109        0                0                 0                0                 0                0                 0                0                 0                0                 0                0                 0                0                 0                
1717841120        0                0                 0                0                 0                0                 0                0                 0                0                 0                0                 0                0                 0                
1717841130        0                0                 0                0                 0                0                 0                0                 0                0                 0                0                 0                0                 0                
1717841140        0                0                 0                0                 0                0                 0                0                 0                0                 0                0                 0                0                 0                
1717841151        0                0                 0                0                 0                0                 0                0                 0                0                 0                0                 0                0                 0                
1717841161        0                0                 0                0                 0                0                 0                0                 0                0                 0                0                 0                0                 0                
1717841171        0                0                 0                0                 0                0                 0                0                 0                0                 0                0                 0                0                 0                
1717841181        0                0                 0                0                 0                0                 0                0                 0                0                 0                0                 0                0                 0                
1717841192        0                0                 0                0                 0                0                 0                0                 0                0                 0                0                 0                0                 0                
1717841202        0                0                 0                0                 0                0                 0                0                 0                0                 0                0                 0                0                 0                
1717841212        0                0                 0                0                 0                0                 0                0                 0                0                 0                0                 0                0                 0                
1717841223        0                0                 0                0                 0                0                 0                0                 0                0                 0                0                 0                0                 0                
1717841233        0                0                 0                0                 0                0                 0                0                 0                0                 0                0                 0                0                 0                
1717841243        0                0                 0                0                 0                0                 0                0                 0                0                 0                0                 0                0                 0                
1717841253        0                0                 0                0                 0                0                 0                0                 0                0                 0                0                 0                0                 0                
1717841264        0                0                 0                0                 0                0                 0                0                 0                0                 0                0                 0                0                 0                
1717841274        0                0                 0                0                 0                0                 0                0                 0                0                 0                0                 0                0                 0                
1717841284        0                0                 0                0                 0                0                 0                0                 0                0                 0                0                 0                0                 0                
1717841295        0                0                 0                0                 0                0                 0                0                 0                0                 0                0                 0                0                 0                
1717841305        0                0                 0                0                 0                0                 0                0                 0                0                 0                0                 0                0                 0                
1717841315        0                0                 0                0                 0                0                 0                0                 0                0                 0                0                 0                0                 0                
1717841325        0                0                 0                0                 0                0                 0                0                 0                0                 0                0                 0                0                 0                
1717841336        0                0                 0                0                 0                0                 0                0                 0                0                 0                0                 0                0                 0                
1717841346        0                0                 0                0                 0                0                 0                0                 0                0                 0                0                 0                0                 0                
1717841356        0                0                 0                0                 0                0                 0                0                 0                0                 0                0                 0                0                 0                
1717841367        0                0                 0                0                 0                0                 0                0                 0                0                 0                0                 0                0                 0                
1717841377        0                0                 0                0                 0                0                 0                0                 0                0                 0                0                 0                0                 0                
1717841387        0                0                 0                0                 0                0                 0                0                 0                0                 0                0                 0                0                 0                
1717841397        0                0                 0                0                 0                0                 0                0                 0                0                 0                0                 0                0                 0                
1717841408        0                0                 0                0                 0                0                 0                0                 0                0                 0                0                 0                0                 0                
1717841418        0                0                 0                0                 0                0                 0                0                 0                0                 0                0                 0                0                 0                
1717841428        0                0                 0                0                 0                0                 0                0                 0                0                 0                0                 0                0                 0                
1717841439        0                0                 0                0                 0                0                 0                0                 0                0                 0                0                 0                0                 0                
1717841449        0                0                 0                0                 0                0                 0                0                 0                0                 0                0                 0                0                 0                
1717841459        0                0                 0                0                 0                0                 0                0                 0                0                 0                0                 0                0                 0                
1717841469        0                0                 0                0                 0                0                 0                0                 0                0                 0                0                 0                0                 0                
1717841480        0                0                 0                0                 0                0                 0                0                 0                0                 0                0                 0                0                 0                
1717841490        0                0                 0                0                 0                0                 0                0                 0                0                 0                0                 0                0                 0                
1717841500        0                0                 0                0                 0                0                 0                0                 0                0                 0                0                 0                0                 0                
1717841511        0                0                 0                0                 0                0                 0                0                 0                0                 0                0                 0                0                 0                
1717841521        0                0                 0                0                 0                0                 0                0                 0                0                 0                0                 0                0                 0                
1717841531        0                0                 0                0                 0                0                 0                0                 0                0                 0                0                 0                0                 0                
1717841541        0                0                 0                0                 0                0                 0                0                 0                0                 0                0                 0                0                 0                
1717841552        0                0                 0                0                 0                0                 0                0                 0                0                 0                0                 0                0                 0                
1717841562        0                0                 0                0                 0                0                 0                0                 0                0                 0                0                 0                0                 0                
1717841572        0                0                 0                0                 0                0                 0                0                 0                0                 0                0                 0                0                 0                
1717841583        0                0                 0                0                 0                0                 0                0                 0                0                 0                0                 0                0                 0                
1717841593        0                0                 0                0                 0                0                 0                0                 0                0                 0                0                 0                0                 0                
1717841603        0                0                 0                0                 0                0                 0                0                 0                0                 0                0                 0                0                 0                
1717841613        0                0                 0                0                 0                0                 0                0                 0                0                 0                0                 0                0                 0                
1717841624        0                0                 0                0                 0                0                 0                0                 0                0                 0                0                 0                0                 0                
1717841634        0                0                 0                0                 0                0                 0                0                 0                0                 0                0                 0                0                 0                
1717841644        0                0                 0                0                 0                0                 0                0                 0                0                 0                0                 0                0                 0                
1717841655        0                0                 0                0                 0                0                 0                0                 0                0                 0                0                 0                0                 0                
1717841665        0                0                 0                0                 0                0                 0                0                 0                0                 0                0                 0                0                 0                
1717841675        0                0                 0                0                 0                0                 0                0                 0                0                 0                0                 0                0                 0                
1717841685        0                0                 0                0                 0                0                 0                0                 0                0                 0                0                 0                0                 0                
1717841696        0                0                 0                0                 0                0                 0                0                 0                0                 0                0                 0                0                 0                
1717841706        0                0                 0                0                 0                0                 0                0                 0                0                 0                0                 0                0                 0                
1717841717        0                0                 0                0                 0                0                 0                0                 0                0                 0                0                 0                0                 0                
1717841727        0                0                 0                0                 0                0                 0                0                 0                0                 0                0                 0                0                 0                
1717841737        0                0                 0                0                 0                0                 0                0                 0                0                 0                0                 0                0                 0                
1717841748        0                0                 0                0                 0                0                 0                0                 0                0                 0                0                 0                0                 0                
1717841758        0                0                 0                0                 0                0                 0                0                 0                0                 0                0                 0                0                 0                
1717841768        0                0                 0                0                 0                0                 0                0                 0                0                 0                0                 0                0                 0                
1717841779        0                0                 0                0                 0                0                 0                0                 0                0                 0                0                 0                0                 0                
1717841789        0                0                 0                0                 0                0                 0                0                 0                0                 0                0                 0                0                 0                
1717841800        0                0                 0                0                 0                0                 0                0                 0                0                 0                0                 0                0                 0                
1717841810        0                0                 0                0                 0                0                 0                0                 0                0                 0                0                 0                0                 0                
1717841820        0                0                 0                0                 0                0                 0                0                 0                0                 0                0                 0                0                 0                
1717841831        0                0                 0                0                 0                0                 0                0                 0                0                 0                0                 0                0                 0                
1717841841        0                0                 0                0                 0                0                 0                0                 0                0                 0                0                 0                0                 0                
1717841851        0                0                 0                0                 0                0                 0                0                 0                0                 0                0                 0                0                 0                
1717841861        0                0                 0                0                 0                0                 0                0                 0                0                 0                0                 0                0                 0                
1717841872        0                0                 0                0                 0                0                 0                0                 0                0                 0                0                 0                0                 0                
1717841882        0                0                 0                0                 0                0                 0                0                 0                0                 0                0                 0                0                 0                
1717841892        0                0                 0                0                 0                0                 0                0                 0                0                 0                0                 0                0                 0                
1717841903        0                0                 0                0                 0                0                 0                0                 0                0                 0                0                 0                0                 0                
1717841913        0                0                 0                0                 0                0                 0                0                 0                0                 0                0                 0                0                 0                
1717841923        0                0                 0                0                 0                0                 0                0                 0                0                 0                0                 0                0                 0                
1717841933        0                0                 0                0                 0                0                 0                0                 0                0                 0                0                 0                0                 0                
1717841944        0                0                 0                0                 0                0                 0                0                 0                0                 0                0                 0                0                 0                
1717841954        0                0                 0                0                 0                0                 0                0                 0                0                 0                0                 0                0                 0                
1717841964        0                0                 0                0                 0                0                 0                0                 0                0                 0                0                 0                0                 0                
1717841975        0                0                 0                0                 0                0                 0                0                 0                0                 0                0                 0                0                 0                
1717841985        0                0                 0                0                 0                0                 0                0                 0                0                 0                0                 0                0                 0                
1717841995        0                0                 0                0                 0                0                 0                0                 0                0                 0                0                 0                0                 0                
1717842005        0                0                 0                0                 0                0                 0                0                 0                0                 0                0                 0                0                 0                
1717842016        0                0                 0                0                 0                0                 0                0                 0                0                 0                0                 0                0                 0                
1717842026        0                0                 0                0                 0                0                 0                0                 0                0                 0                0                 0                0                 0                
1717842036        0                0                 0                0                 0                0                 0                0                 0                0                 0                0                 0                0                 0                
1717842047        0                0                 0                0                 0                0                 0                0                 0                0                 0                0                 0                0                 0                
1717842057        0                0                 0                0                 0                0                 0                0                 0                0                 0                0                 0                0                 0                
1717842067        0                0                 0                0                 0                0                 0                0                 0                0                 0                0                 0                0                 0                
1717842078        0                0                 0                0                 0                0                 0                0                 0                0                 0                0                 0                0                 0                
1717842088        0                0                 0                0                 0                0                 0                0                 0                0                 0                0                 0                0                 0                
1717842098        0                0                 0                0                 0                0                 0                0                 0                0                 0                0                 0                0                 0                
1717842108        0                0                 0                0                 0                0                 0                0                 0                0                 0                0                 0                0                 0                
1717842119        0                0                 0                0                 0                0                 0                0                 0                0                 0                0                 0                0                 0                
1717842129        0                0                 0                0                 0                0                 0                0                 0                0                 0                0                 0                0                 0                
1717842139        0                0                 0                0                 0                0                 0                0                 0                0                 0                0                 0                0                 0                
1717842150        0                0                 0                0                 0                0                 0                0                 0                0                 0                0                 0                0                 0                
1717842160        0                0                 0                0                 0                0                 0                0                 0                0                 0                0                 0                0                 0                
1717842170        0                0                 0                0                 0                0                 0                0                 0                0                 0                0                 0                0                 0                
1717842180        0                0                 0                0                 0                0                 0                0                 0                0                 0                0                 0                0                 0                
1717842191        0                0                 0                0                 0                0                 0                0                 0                0                 0                0                 0                0                 0                
1717842201        0                0                 0                0                 0                0                 0                0                 0                0                 0                0                 0                0                 0                
1717842211        0                0                 0                0                 0                0                 0                0                 0                0                 0                0                 0                0                 0                
1717842222        0                0                 0                0                 0                0                 0                0                 0                0                 0                0                 0                0                 0                
1717842232        0                0                 0                0                 0                0                 0                0                 0                0                 0                0                 0                0                 0                
1717842242        0                0                 0                0                 0                0                 0                0                 0                0                 0                0                 0                0                 0                
1717842253        0                0                 0                0                 0                0                 0                0                 0                0                 0                0                 0                0                 0                
1717842263        0                0                 0                0                 0                0                 0                0                 0                0                 0                0                 0                0                 0                
1717842273        0                0                 0                0                 0                0                 0                0                 0                0                 0                0                 0                0                 0                
1717842284        0                0                 0                0                 0                0                 0                0                 0                0                 0                0                 0                0                 0                
1717842294        0                0                 0                0                 0                0                 0                0                 0                0                 0                0                 0                0                 0                
1717842304        0                0                 0                0                 0                0                 0                0                 0                0                 0                0                 0                0                 0                
1717842314        0                0                 0                0                 0                0                 0                0                 0                0                 0                0                 0                0                 0                
1717842325        0                0                 0                0                 0                0                 0                0                 0                0                 0                0                 0                0                 0                
1717842335        0                0                 0                0                 0                0                 0                0                 0                0                 0                0                 0                0                 0                
1717842345        0                0                 0                0                 0                0                 0                0                 0                0                 0                0                 0                0                 0                
1717842356        0                0                 0                0                 0                0                 0                0                 0                0                 0                0                 0                0                 0                
1717842366        0                0                 0                0                 0                0                 0                0                 0                0                 0                0                 0                0                 0                
1717842376        0                0                 0                0                 0                0                 0                0                 0                0                 0                0                 0                0                 0                
1717842386        0                0                 0                0                 0                0                 0                0                 0                0                 0                0                 0                0                 0                
1717842397        0                0                 0                0                 0                0                 0                0                 0                0                 0                0                 0                0                 0                
1717842407        0                0                 0                0                 0                0                 0                0                 0                0                 0                0                 0                0                 0                
1717842417        0                0                 0                0                 0                0                 0                0                 0                0                 0                0                 0                0                 0                
1717842428        0                0                 0                0                 0                0                 0                0                 0                0                 0                0                 0                0                 0                
1717842438        0                0                 0                0                 0                0                 0                0                 0                0                 0                0                 0                0                 0                
1717842448        0                0                 0                0                 0                0                 0                0                 0                0                 0                0                 0                0                 0                
1717842459        0                0                 0                0                 0                0                 0                0                 0                0                 0                0                 0                0                 0                
1717842469        0                0                 0                0                 0                0                 0                0                 0                0                 0                0                 0                0                 0                
1717842479        0                0                 0                0                 0                0                 0                0                 0                0                 0                0                 0                0                 0                
1717842489        0                0                 0                0                 0                0                 0                0                 0                0                 0                0                 0                0                 0                
1717842500        0                0                 0                0                 0                0                 0                0                 0                0                 0                0                 0                0                 0                
1717842510        0                0                 0                0                 0                0                 0                0                 0                0                 0                0                 0                0                 0                
1717842520        0                0                 0                0                 0                0                 0                0                 0                0                 0                0                 0                0                 0                
1717842531        0                0                 0                0                 0                0                 0                0                 0                0                 0                0                 0                0                 0                
1717842541        0                0                 0                0                 0                0                 0                0                 0                0                 0                0                 0                0                 0                
1717842551        0                0                 0                0                 0                0                 0                0                 0                0                 0                0                 0                0                 0                
1717842561        0                0                 0                0                 0                0                 0                0                 0                0                 0                0                 0                0                 0                
1717842572        0                0                 0                0                 0                0                 0                0                 0                0                 0                0                 0                0                 0                
1717842582        0                0                 0                0                 0                0                 0                0                 0                0                 0                0                 0                0                 0                
1717842592        0                0                 0                0                 0                0                 0                0                 0                0                 0                0                 0                0                 0                
1717842603        0                0                 0                0                 0                0                 0                0                 0                0                 0                0                 0                0                 0                
1717842613        0                0                 0                0                 0                0                 0                0                 0                0                 0                0                 0                0                 0                
1717842623        0                0                 0                0                 0                0                 0                0                 0                0                 0                0                 0                0                 0                
1717842633        0                0                 0                0                 0                0                 0                0                 0                0                 0                0                 0                0                 0                
1717842644        0                0                 0                0                 0                0                 0                0                 0                0                 0                0                 0                0                 0                
1717842654        0                0                 0                0                 0                0                 0                0                 0                0                 0                0                 0                0                 0                
1717842665        0                0                 0                0                 0                0                 0                0                 0                0                 0                0                 0                0                 0                
1717842675        0                0                 0                0                 0                0                 0                0                 0                0                 0                0                 0                0                 0                
1717842685        0                0                 0                0                 0                0                 0                0                 0                0                 0                0                 0                0                 0                
1717842695        0                0                 0                0                 0                0                 0                0                 0                0                 0                0                 0                0                 0                
1717842706        0                0                 0                0                 0                0                 0                0                 0                0                 0                0                 0                0                 0                
1717842716        0                0                 0                0                 0                0                 0                0                 0                0                 0                0                 0                0                 0                
1717842726        0                0                 0                0                 0                0                 0                0                 0                0                 0                0                 0                0                 0                
1717842737        0                0                 0                0                 0                0                 0                0                 0                0                 0                0                 0                0                 0                
1717842747        0                0                 0                0                 0                0                 0                0                 0                0                 0                0                 0                0                 0                
1717842757        0                0                 0                0                 0                0                 0                0                 0                0                 0                0                 0                0                 0                
1717842768        0                0                 0                0                 0                0                 0                0                 0                0                 0                0                 0                0                 0                
1717842778        0                0                 0                0                 0                0                 0                0                 0                0                 0                0                 0                0                 0                
1717842788        0                0                 0                0                 0                0                 0                0                 0                0                 0                0                 0                0                 0                
1717842798        0                0                 0                0                 0                0                 0                0                 0                0                 0                0                 0                0                 0                
1717842809        0                0                 0                0                 0                0                 0                0                 0                0                 0                0                 0                0                 0                
1717842819        0                0                 0                0                 0                0                 0                0                 0                0                 0                0                 0                0                 0                
1717842829        0                0                 0                0                 0                0                 0                0                 0                0                 0                0                 0                0                 0                
1717842840        0                0                 0                0                 0                0                 0                0                 0                0                 0                0                 0                0                 0                
1717842850        0                0                 0                0                 0                0                 0                0                 0                0                 0                0                 0                0                 0                
1717842860        0                0                 0                0                 0                0                 0                0                 0                0                 0                0                 0                0                 0                
1717842871        0                0                 0                0                 0                0                 0                0                 0                0                 0                0                 0                0                 0                
1717842881        0                0                 0                0                 0                0                 0                0                 0                0                 0                0                 0                0                 0                
1717842891        0                0                 0                0                 0                0                 0                0                 0                0                 0                0                 0                0                 0                
1717842901        0                0                 0                0                 0                0                 0                0                 0                0                 0                0                 0                0                 0                
1717842912        0                0                 0                0                 0                0                 0                0                 0                0                 0                0                 0                0                 0                
1717842922        0                0                 0                0                 0                0                 0                0                 0                0                 0                0                 0                0                 0                
1717842932        0                0                 0                0                 0                0                 0                0                 0                0                 0                0                 0                0                 0                
1717842943        0                0                 0                0                 0                0                 0                0                 0                0                 0                0                 0                0                 0                
1717842953        0                0                 0                0                 0                0                 0                0                 0                0                 0                0                 0                0                 0                
1717842963        0                0                 0                0                 0                0                 0                0                 0                0                 0                0                 0                0                 0                
1717842973        0                0                 0                0                 0                0                 0                0                 0                0                 0                0                 0                0                 0                
1717842984        0                0                 0                0                 0                0                 0                0                 0                0                 0                0                 0                0                 0                
1717842994        0                0                 0                0                 0                0                 0                0                 0                0                 0                0                 0                0                 0                
1717843004        0                0                 0                0                 0                0                 0                0                 0                0                 0                0                 0                0                 0                
1717843015        0                0                 0                0                 0                0                 0                0                 0                0                 0                0                 0                0                 0                
1717843025        0                0                 0                0                 0                0                 0                0                 0                0                 0                0                 0                0                 0                
1717843035        0                0                 0                0                 0                0                 0                0                 0                0                 0                0                 0                0                 0                
1717843046        0                0                 0                0                 0                0                 0                0                 0                0                 0                0                 0                0                 0                
1717843056        0                0                 0                0                 0                0                 0                0                 0                0                 0                0                 0                0                 0                
1717843066        0                0                 0                0                 0                0                 0                0                 0                0                 0                0                 0                0                 0                
1717843077        0                0                 0                0                 0                0                 0                0                 0                0                 0                0                 0                0                 0                
1717843087        0                0                 0                0                 0                0                 0                0                 0                0                 0                0                 0                0                 0                
1717843097        0                0                 0                0                 0                0                 0                0                 0                0                 0                0                 0                0                 0                
1717843107        0                0                 0                0                 0                0                 0                0                 0                0                 0                0                 0                0                 0                
1717843118        0                0                 0                0                 0                0                 0                0                 0                0                 0                0                 0                0                 0                
1717843128        0                0                 0                0                 0                0                 0                0                 0                0                 0                0                 0                0                 0                
1717843138        0                0                 0                0                 0                0                 0                0                 0                0                 0                0                 0                0                 0                
1717843149        0                0                 0                0                 0                0                 0                0                 0                0                 0                0                 0                0                 0                
1717843159        0                0                 0                0                 0                0                 0                0                 0                0                 0                0                 0                0                 0                
1717843169        0                0                 0                0                 0                0                 0                0                 0                0                 0                0                 0                0                 0                
1717843180        0                0                 0                0                 0                0                 0                0                 0                0                 0                0                 0                0                 0                
1717843190        0                0                 0                0                 0                0                 0                0                 0                0                 0                0                 0                0                 0                
1717843200        0                0                 0                0                 0                0                 0                0                 0                0                 0                0                 0                0                 0                
1717843210        0                0                 0                0                 0                0                 0                0                 0                0                 0                0                 0                0                 0                
1717843221        0                0                 0                0                 0                0                 0                0                 0                0                 0                0                 0                0                 0                
1717843231        0                0                 0                0                 0                0                 0                0                 0                0                 0                0                 0                0                 0                
1717843241        0                0                 0                0                 0                0                 0                0                 0                0                 0                0                 0                0                 0                
1717843252        0                0                 0                0                 0                0                 0                0                 0                0                 0                0                 0                0                 0                
1717843262        0                0                 0                0                 0                0                 0                0                 0                0                 0                0                 0                0                 0                
1717843272        0                0                 0                0                 0                0                 0                0                 0                0                 0                0                 0                0                 0                
1717843282        0                0                 0                0                 0                0                 0                0                 0                0                 0                0                 0                0                 0                
1717843293        0                0                 0                0                 0                0                 0                0                 0                0                 0                0                 0                0                 0                
1717843303        0                0                 0                0                 0                0                 0                0                 0                0                 0                0                 0                0                 0                
1717843313        0                0                 0                0                 0                0                 0                0                 0                0                 0                0                 0                0                 0                
1717843324        0                0                 0                0                 0                0                 0                0                 0                0                 0                0                 0                0                 0                
1717843334        0                0                 0                0                 0                0                 0                0                 0                0                 0                0                 0                0                 0                
1717843344        0                0                 0                0                 0                0                 0                0                 0                0                 0                0                 0                0                 0                
1717843354        0                0                 0                0                 0                0                 0                0                 0                0                 0                0                 0                0                 0                
1717843365        0                0                 0                0                 0                0                 0                0                 0                0                 0                0                 0                0                 0                
1717843375        0                0                 0                0                 0                0                 0                0                 0                0                 0                0                 0                0                 0                
1717843385        0                0                 0                0                 0                0                 0                0                 0                0                 0                0                 0                0                 0                
1717843396        0                0                 0                0                 0                0                 0                0                 0                0                 0                0                 0                0                 0                
1717843406        0                0                 0                0                 0                0                 0                0                 0                0                 0                0                 0                0                 0                
1717843416        0                0                 0                0                 0                0                 0                0                 0                0                 0                0                 0                0                 0                
1717843427        0                0                 0                0                 0                0                 0                0                 0                0                 0                0                 0                0                 0                
1717843437        0                0                 0                0                 0                0                 0                0                 0                0                 0                0                 0                0                 0                
1717843447        0                0                 0                0                 0                0                 0                0                 0                0                 0                0                 0                0                 0                
1717843457        0                0                 0                0                 0                0                 0                0                 0                0                 0                0                 0                0                 0                
1717843468        0                0                 0                0                 0                0                 0                0                 0                0                 0                0                 0                0                 0                
1717843478        0                0                 0                0                 0                0                 0                0                 0                0                 0                0                 0                0                 0                
1717843488        0                0                 0                0                 0                0                 0                0                 0                0                 0                0                 0                0                 0                
1717843499        0                0                 0                0                 0                0                 0                0                 0                0                 0                0                 0                0                 0                
1717843509        0                0                 0                0                 0                0                 0                0                 0                0                 0                0                 0                0                 0                
1717843519        0                0                 0                0                 0                0                 0                0                 0                0                 0                0                 0                0                 0                
1717843529        0                0                 0                0                 0                0                 0                0                 0                0                 0                0                 0                0                 0                
1717843540        0                0                 0                0                 0                0                 0                0                 0                0                 0                0                 0                0                 0                
1717843550        0                0                 0                0                 0                0                 0                0                 0                0                 0                0                 0                0                 0                
1717843560        0                0                 0                0                 0                0                 0                0                 0                0                 0                0                 0                0                 0                
1717843571        0                0                 0                0                 0                0                 0                0                 0                0                 0                0                 0                0                 0                
1717843581        0                0                 0                0                 0                0                 0                0                 0                0                 0                0                 0                0                 0                
1717843591        0                0                 0                0                 0                0                 0                0                 0                0                 0                0                 0                0                 0                
1717843601        0                0                 0                0                 0                0                 0                0                 0                0                 0                0                 0                0                 0                
1717843612        0                0                 0                0                 0                0                 0                0                 0                0                 0                0                 0                0                 0                
1717843622        0                0                 0                0                 0                0                 0                0                 0                0                 0                0                 0                0                 0                
1717843632        0                0                 0                0                 0                0                 0                0                 0                0                 0                0                 0                0                 0                
1717843643        0                0                 0                0                 0                0                 0                0                 0                0                 0                0                 0                0                 0                
1717843653        0                0                 0                0                 0                0                 0                0                 0                0                 0                0                 0                0                 0                
1717843663        0                0                 0                0                 0                0                 0                0                 0                0                 0                0                 0                0                 0                
1717843673        0                0                 0                0                 0                0                 0                0                 0                0                 0                0                 0                0                 0                
1717843684        0                0                 0                0                 0                0                 0                0                 0                0                 0                0                 0                0                 0                
1717843694        0                0                 0                0                 0                0                 0                0                 0                0                 0                0                 0                0                 0                
1717843704        0                0                 0                0                 0                0                 0                0                 0                0                 0                0                 0                0                 0                
1717843715        0                0                 0                0                 0                0                 0                0                 0                0                 0                0                 0                0                 0                
1717843725        0                0                 0                0                 0                0                 0                0                 0                0                 0                0                 0                0                 0                
1717843735        0                0                 0                0                 0                0                 0                0                 0                0                 0                0                 0                0                 0                
1717843746        0                0                 0                0                 0                0                 0                0                 0                0                 0                0                 0                0                 0                
1717843756        0                0                 0                0                 0                0                 0                0                 0                0                 0                0                 0                0                 0                
1717843766        0                0                 0                0                 0                0                 0                0                 0                0                 0                0                 0                0                 0                
1717843776        0                0                 0                0                 0                0                 0                0                 0                0                 0                0                 0                0                 0                
1717843787        0                0                 0                0                 0                0                 0                0                 0                0                 0                0                 0                0                 0                
1717843797        0                0                 0                0                 0                0                 0                0                 0                0                 0                0                 0                0                 0                
1717843807        0                0                 0                0                 0                0                 0                0                 0                0                 0                0                 0                0                 0                
1717843818        0                0                 0                0                 0                0                 0                0                 0                0                 0                0                 0                0                 0                
1717843828        0                0                 0                0                 0                0                 0                0                 0                0                 0                0                 0                0                 0                
1717843838        0                0                 0                0                 0                0                 0                0                 0                0                 0                0                 0                0                 0                
1717843849        0                0                 0                0                 0                0                 0                0                 0                0                 0                0                 0                0                 0                
1717843859        0                0                 0                0                 0                0                 0                0                 0                0                 0                0                 0                0                 0                
1717843869        0                0                 0                0                 0                0                 0                0                 0                0                 0                0                 0                0                 0                
1717843879        0                0                 0                0                 0                0                 0                0                 0                0                 0                0                 0                0                 0                
1717843890        0                0                 0                0                 0                0                 0                0                 0                0                 0                0                 0                0                 0                
1717843900        0                0                 0                0                 0                0                 0                0                 0                0                 0                0                 0                0                 0                
1717843910        0                0                 0                0                 0                0                 0                0                 0                0                 0                0                 0                0                 0                
1717843921        0                0                 0                0                 0                0                 0                0                 0                0                 0                0                 0                0                 0                
1717843931        0                0                 0                0                 0                0                 0                0                 0                0                 0                0                 0                0                 0                
1717843941        0                0                 0                0                 0                0                 0                0                 0                0                 0                0                 0                0                 0                
1717843952        0                0                 0                0                 0                0                 0                0                 0                0                 0                0                 0                0                 0                
1717843962        0                0                 0                0                 0                0                 0                0                 0                0                 0                0                 0                0                 0                
1717843972        0                0                 0                0                 0                0                 0                0                 0                0                 0                0                 0                0                 0                
1717843983        0                0                 0                0                 0                0                 0                0                 0                0                 0                0                 0                0                 0                
1717843993        0                0                 0                0                 0                0                 0                0                 0                0                 0                0                 0                0                 0                
1717844003        0                0                 0                0                 0                0                 0                0                 0                0                 0                0                 0                0                 0                
1717844014        0                0                 0                0                 0                0                 0                0                 0                0                 0                0                 0                0                 0                
1717844024        0                0                 0                0                 0                0                 0                0                 0                0                 0                0                 0                0                 0                
1717844034        0                0                 0                0                 0                0                 0                0                 0                0                 0                0                 0                0                 0                
1717844044        0                0                 0                0                 0                0                 0                0                 0                0                 0                0                 0                0                 0                
1717844055        0                0                 0                0                 0                0                 0                0                 0                0                 0                0                 0                0                 0                
1717844065        0                0                 0                0                 0                0                 0                0                 0                0                 0                0                 0                0                 0                
1717844075        0                0                 0                0                 0                0                 0                0                 0                0                 0                0                 0                0                 0                
1717844086        0                0                 0                0                 0                0                 0                0                 0                0                 0                0                 0                0                 0                
1717844096        0                0                 0                0                 0                0                 0                0                 0                0                 0                0                 0                0                 0                
1717844106        0                0                 0                0                 0                0                 0                0                 0                0                 0                0                 0                0                 0                
1717844116        0                0                 0                0                 0                0                 0                0                 0                0                 0                0                 0                0                 0                
1717844127        0                0                 0                0                 0                0                 0                0                 0                0                 0                0                 0                0                 0                
1717844137        0                0                 0                0                 0                0                 0                0                 0                0                 0                0                 0                0                 0                
1717844147        0                0                 0                0                 0                0                 0                0                 0                0                 0                0                 0                0                 0                
1717844158        0                0                 0                0                 0                0                 0                0                 0                0                 0                0                 0                0                 0                
1717844168        0                0                 0                0                 0                0                 0                0                 0                0                 0                0                 0                0                 0                
1717844178        0                0                 0                0                 0                0                 0                0                 0                0                 0                0                 0                0                 0                
1717844189        0                0                 0                0                 0                0                 0                0                 0                0                 0                0                 0                0                 0                
1717844199        0                0                 0                0                 0                0                 0                0                 0                0                 0                0                 0                0                 0                
1717844209        0                0                 0                0                 0                0                 0                0                 0                0                 0                0                 0                0                 0                
1717844219        0                0                 0                0                 0                0                 0                0                 0                0                 0                0                 0                0                 0                
1717844230        0                0                 0                0                 0                0                 0                0                 0                0                 0                0                 0                0                 0                
1717844240        0                0                 0                0                 0                0                 0                0                 0                0                 0                0                 0                0                 0                
1717844250        0                0                 0                0                 0                0                 0                0                 0                0                 0                0                 0                0                 0                
1717844261        0                0                 0                0                 0                0                 0                0                 0                0                 0                0                 0                0                 0                
1717844271        0                0                 0                0                 0                0                 0                0                 0                0                 0                0                 0                0                 0                
1717844281        0                0                 0                0                 0                0                 0                0                 0                0                 0                0                 0                0                 0                
1717844292        0                0                 0                0                 0                0                 0                0                 0                0                 0                0                 0                0                 0                
1717844302        0                0                 0                0                 0                0                 0                0                 0                0                 0                0                 0                0                 0                
1717844312        0                0                 0                0                 0                0                 0                0                 0                0                 0                0                 0                0                 0                
1717844322        0                0                 0                0                 0                0                 0                0                 0                0                 0                0                 0                0                 0                
1717844333        0                0                 0                0                 0                0                 0                0                 0                0                 0                0                 0                0                 0                
1717844343        0                0                 0                0                 0                0                 0                0                 0                0                 0                0                 0                0                 0                
1717844353        0                0                 0                0                 0                0                 0                0                 0                0                 0                0                 0                0                 0                
1717844364        0                0                 0                0                 0                0                 0                0                 0                0                 0                0                 0                0                 0                
1717844374        0                0                 0                0                 0                0                 0                0                 0                0                 0                0                 0                0                 0                
1717844384        0                0                 0                0                 0                0                 0                0                 0                0                 0                0                 0                0                 0                
1717844395        0                0                 0                0                 0                0                 0                0                 0                0                 0                0                 0                0                 0                
1717844405        0                0                 0                0                 0                0                 0                0                 0                0                 0                0                 0                0                 0                
1717844415        0                0                 0                0                 0                0                 0                0                 0                0                 0                0                 0                0                 0                
1717844426        0                0                 0                0                 0                0                 0                0                 0                0                 0                0                 0                0                 0                
1717844436        0                0                 0                0                 0                0                 0                0                 0                0                 0                0                 0                0                 0                
1717844446        0                0                 0                0                 0                0                 0                0                 0                0                 0                0                 0                0                 0                
1717844456        0                0                 0                0                 0                0                 0                0                 0                0                 0                0                 0                0                 0                
1717844467        0                0                 0                0                 0                0                 0                0                 0                0                 0                0                 0                0                 0                
1717844477        0                0                 0                0                 0                0                 0                0                 0                0                 0                0                 0                0                 0                
1717844488        0                0                 0                0                 0                0                 0                0                 0                0                 0                0                 0                0                 0                
1717844498        0                0                 0                0                 0                0                 0                0                 0                0                 0                0                 0                0                 0                
1717844508        0                0                 0                0                 0                0                 0                0                 0                0                 0                0                 0                0                 0                
1717844519        0                0                 0                0                 0                0                 0                0                 0                0                 0                0                 0                0                 0                
1717844529        0                0                 0                0                 0                0                 0                0                 0                0                 0                0                 0                0                 0                
1717844539        0                0                 0                0                 0                0                 0                0                 0                0                 0                0                 0                0                 0                
1717844550        0                0                 0                0                 0                0                 0                0                 0                0                 0                0                 0                0                 0                
1717844560        0                0                 0                0                 0                0                 0                0                 0                0                 0                0                 0                0                 0                
1717844570        0                0                 0                0                 0                0                 0                0                 0                0                 0                0                 0                0                 0                
1717844581        0                0                 0                0                 0                0                 0                0                 0                0                 0                0                 0                0                 0                
1717844591        0                0                 0                0                 0                0                 0                0                 0                0                 0                0                 0                0                 0                
1717844601        0                0                 0                0                 0                0                 0                0                 0                0                 0                0                 0                0                 0                
1717844611        0                0                 0                0                 0                0                 0                0                 0                0                 0                0                 0                0                 0                
1717844622        0                0                 0                0                 0                0                 0                0                 0                0                 0                0                 0                0                 0                
1717844632        0                0                 0                0                 0                0                 0                0                 0                0                 0                0                 0                0                 0                
1717844642        0                0                 0                0                 0                0                 0                0                 0                0                 0                0                 0                0                 0                
1717844653        0                0                 0                0                 0                0                 0                0                 0                0                 0                0                 0                0                 0                
1717844663        0                0                 0                0                 0                0                 0                0                 0                0                 0                0                 0                0                 0                
1717844673        0                0                 0                0                 0                0                 0                0                 0                0                 0                0                 0                0                 0                
1717844684        0                0                 0                0                 0                0                 0                0                 0                0                 0                0                 0                0                 0                
1717844694        0                0                 0                0                 0                0                 0                0                 0                0                 0                0                 0                0                 0                
1717844704        0                0                 0                0                 0                0                 0                0                 0                0                 0                0                 0                0                 0                
1717844714        0                0                 0                0                 0                0                 0                0                 0                0                 0                0                 0                0                 0                
1717844725        0                0                 0                0                 0                0                 0                0                 0                0                 0                0                 0                0                 0                
1717844735        0                0                 0                0                 0                0                 0                0                 0                0                 0                0                 0                0                 0                
1717844745        0                0                 0                0                 0                0                 0                0                 0                0                 0                0                 0                0                 0                
1717844756        0                0                 0                0                 0                0                 0                0                 0                0                 0                0                 0                0                 0                
1717844766        0                0                 0                0                 0                0                 0                0                 0                0                 0                0                 0                0                 0                
1717844776        0                0                 0                0                 0                0                 0                0                 0                0                 0                0                 0                0                 0                
1717844787        0                0                 0                0                 0                0                 0                0                 0                0                 0                0                 0                0                 0                
1717844797        0                0                 0                0                 0                0                 0                0                 0                0                 0                0                 0                0                 0                
1717844807        0                0                 0                0                 0                0                 0                0                 0                0                 0                0                 0                0                 0                
1717844818        0                0                 0                0                 0                0                 0                0                 0                0                 0                0                 0                0                 0                
1717844828        0                0                 0                0                 0                0                 0                0                 0                0                 0                0                 0                0                 0                
1717844838        0                0                 0                0                 0                0                 0                0                 0                0                 0                0                 0                0                 0                
1717844849        0                0                 0                0                 0                0                 0                0                 0                0                 0                0                 0                0                 0                
1717844859        0                0                 0                0                 0                0                 0                0                 0                0                 0                0                 0                0                 0                
1717844869        0                0                 0                0                 0                0                 0                0                 0                0                 0                0                 0                0                 0                
1717844880        0                0                 0                0                 0                0                 0                0                 0                0                 0                0                 0                0                 0                
1717844890        0                0                 0                0                 0                0                 0                0                 0                0                 0                0                 0                0                 0                
1717844900        0                0                 0                0                 0                0                 0                0                 0                0                 0                0                 0                0                 0                
1717844911        0                0                 0                0                 0                0                 0                0                 0                0                 0                0                 0                0                 0                
1717844921        0                0                 0                0                 0                0                 0                0                 0                0                 0                0                 0                0                 0                
1717844931        0                0                 0                0                 0                0                 0                0                 0                0                 0                0                 0                0                 0                
1717844942        0                0                 0                0                 0                0                 0                0                 0                0                 0                0                 0                0                 0                
1717844952        0                0                 0                0                 0                0                 0                0                 0                0                 0                0                 0                0                 0                
1717844962        0                0                 0                0                 0                0                 0                0                 0                0                 0                0                 0                0                 0                
1717844973        0                0                 0                0                 0                0                 0                0                 0                0                 0                0                 0                0                 0                
1717844983        0                0                 0                0                 0                0                 0                0                 0                0                 0                0                 0                0                 0                
1717844993        0                0                 0                0                 0                0                 0                0                 0                0                 0                0                 0                0                 0                
1717845004        0                0                 0                0                 0                0                 0                0                 0                0                 0                0                 0                0                 0                
1717845014        0                0                 0                0                 0                0                 0                0                 0                0                 0                0                 0                0                 0                
1717845024        0                0                 0                0                 0                0                 0                0                 0                0                 0                0                 0                0                 0                
1717845034        0                0                 0                0                 0                0                 0                0                 0                0                 0                0                 0                0                 0                
1717845045        0                0                 0                0                 0                0                 0                0                 0                0                 0                0                 0                0                 0                
1717845055        0                0                 0                0                 0                0                 0                0                 0                0                 0                0                 0                0                 0                
1717845065        0                0                 0                0                 0                0                 0                0                 0                0                 0                0                 0                0                 0                
1717845076        0                0                 0                0                 0                0                 0                0                 0                0                 0                0                 0                0                 0                
1717845086        0                0                 0                0                 0                0                 0                0                 0                0                 0                0                 0                0                 0                
1717845096        0                0                 0                0                 0                0                 0                0                 0                0                 0                0                 0                0                 0                
1717845107        0                0                 0                0                 0                0                 0                0                 0                0                 0                0                 0                0                 0                
1717845117        0                0                 0                0                 0                0                 0                0                 0                0                 0                0                 0                0                 0                
1717845127        0                0                 0                0                 0                0                 0                0                 0                0                 0                0                 0                0                 0                
1717845137        0                0                 0                0                 0                0                 0                0                 0                0                 0                0                 0                0                 0                
1717845148        0                0                 0                0                 0                0                 0                0                 0                0                 0                0                 0                0                 0                
1717845158        0                0                 0                0                 0                0                 0                0                 0                0                 0                0                 0                0                 0                
1717845168        0                0                 0                0                 0                0                 0                0                 0                0                 0                0                 0                0                 0                
1717845179        0                0                 0                0                 0                0                 0                0                 0                0                 0                0                 0                0                 0                
1717845189        0                0                 0                0                 0                0                 0                0                 0                0                 0                0                 0                0                 0                
1717845199        0                0                 0                0                 0                0                 0                0                 0                0                 0                0                 0                0                 0                
1717845209        0                0                 0                0                 0                0                 0                0                 0                0                 0                0                 0                0                 0                
1717845220        0                0                 0                0                 0                0                 0                0                 0                0                 0                0                 0                0                 0                
1717845230        0                0                 0                0                 0                0                 0                0                 0                0                 0                0                 0                0                 0                
1717845240        0                0                 0                0                 0                0                 0                0                 0                0                 0                0                 0                0                 0                
1717845251        0                0                 0                0                 0                0                 0                0                 0                0                 0                0                 0                0                 0                
1717845261        0                0                 0                0                 0                0                 0                0                 0                0                 0                0                 0                0                 0                
1717845271        0                0                 0                0                 0                0                 0                0                 0                0                 0                0                 0                0                 0                
1717845282        0                0                 0                0                 0                0                 0                0                 0                0                 0                0                 0                0                 0                
1717845292        0                0                 0                0                 0                0                 0                0                 0                0                 0                0                 0                0                 0                
1717845302        0                0                 0                0                 0                0                 0                0                 0                0                 0                0                 0                0                 0                
1717845312        0                0                 0                0                 0                0                 0                0                 0                0                 0                0                 0                0                 0                
1717845323        0                0                 0                0                 0                0                 0                0                 0                0                 0                0                 0                0                 0                
1717845333        0                0                 0                0                 0                0                 0                0                 0                0                 0                0                 0                0                 0                
1717845343        0                0                 0                0                 0                0                 0                0                 0                0                 0                0                 0                0                 0                
1717845354        0                0                 0                0                 0                0                 0                0                 0                0                 0                0                 0                0                 0                
1717845364        0                0                 0                0                 0                0                 0                0                 0                0                 0                0                 0                0                 0                
1717845374        0                0                 0                0                 0                0                 0                0                 0                0                 0                0                 0                0                 0                
1717845384        0                0                 0                0                 0                0                 0                0                 0                0                 0                0                 0                0                 0                
1717845395        0                0                 0                0                 0                0                 0                0                 0                0                 0                0                 0                0                 0                
1717845405        0                0                 0                0                 0                0                 0                0                 0                0                 0                0                 0                0                 0                
1717845415        0                0                 0                0                 0                0                 0                0                 0                0                 0                0                 0                0                 0                
1717845426        0                0                 0                0                 0                0                 0                0                 0                0                 0                0                 0                0                 0                
1717845436        0                0                 0                0                 0                0                 0                0                 0                0                 0                0                 0                0                 0                
1717845446        0                0                 0                0                 0                0                 0                0                 0                0                 0                0                 0                0                 0                
1717845456        0                0                 0                0                 0                0                 0                0                 0                0                 0                0                 0                0                 0                
1717845467        0                0                 0                0                 0                0                 0                0                 0                0                 0                0                 0                0                 0                
1717845477        0                0                 0                0                 0                0                 0                0                 0                0                 0                0                 0                0                 0                
1717845487        0                0                 0                0                 0                0                 0                0                 0                0                 0                0                 0                0                 0                
1717845498        0                0                 0                0                 0                0                 0                0                 0                0                 0                0                 0                0                 0                
1717845508        0                0                 0                0                 0                0                 0                0                 0                0                 0                0                 0                0                 0                
1717845518        0                0                 0                0                 0                0                 0                0                 0                0                 0                0                 0                0                 0                
1717845528        0                0                 0                0                 0                0                 0                0                 0                0                 0                0                 0                0                 0                
1717845539        0                0                 0                0                 0                0                 0                0                 0                0                 0                0                 0                0                 0                
1717845549        0                0                 0                0                 0                0                 0                0                 0                0                 0                0                 0                0                 0                
1717845559        0                0                 0                0                 0                0                 0                0                 0                0                 0                0                 0                0                 0                
1717845570        0                0                 0                0                 0                0                 0                0                 0                0                 0                0                 0                0                 0                
1717845580        0                0                 0                0                 0                0                 0                0                 0                0                 0                0                 0                0                 0                
1717845590        0                0                 0                0                 0                0                 0                0                 0                0                 0                0                 0                0                 0                
1717845600        0                0                 0                0                 0                0                 0                0                 0                0                 0                0                 0                0                 0                
1717845611        0                0                 0                0                 0                0                 0                0                 0                0                 0                0                 0                0                 0                
1717845621        0                0                 0                0                 0                0                 0                0                 0                0                 0                0                 0                0                 0                
1717845631        0                0                 0                0                 0                0                 0                0                 0                0                 0                0                 0                0                 0                
1717845642        0                0                 0                0                 0                0                 0                0                 0                0                 0                0                 0                0                 0                
1717845652        0                0                 0                0                 0                0                 0                0                 0                0                 0                0                 0                0                 0                
1717845662        0                0                 0                0                 0                0                 0                0                 0                0                 0                0                 0                0                 0                
1717845672        0                0                 0                0                 0                0                 0                0                 0                0                 0                0                 0                0                 0                
1717845683        0                0                 0                0                 0                0                 0                0                 0                0                 0                0                 0                0                 0                
1717845693        0                0                 0                0                 0                0                 0                0                 0                0                 0                0                 0                0                 0                
1717845703        0                0                 0                0                 0                0                 0                0                 0                0                 0                0                 0                0                 0                
1717845714        0                0                 0                0                 0                0                 0                0                 0                0                 0                0                 0                0                 0                
1717845724        0                0                 0                0                 0                0                 0                0                 0                0                 0                0                 0                0                 0                
1717845734        0                0                 0                0                 0                0                 0                0                 0                0                 0                0                 0                0                 0                
1717845744        0                0                 0                0                 0                0                 0                0                 0                0                 0                0                 0                0                 0                
1717845755        0                0                 0                0                 0                0                 0                0                 0                0                 0                0                 0                0                 0                
1717845765        0                0                 0                0                 0                0                 0                0                 0                0                 0                0                 0                0                 0                
1717845775        0                0                 0                0                 0                0                 0                0                 0                0                 0                0                 0                0                 0                
1717845786        0                0                 0                0                 0                0                 0                0                 0                0                 0                0                 0                0                 0                
1717845796        0                0                 0                0                 0                0                 0                0                 0                0                 0                0                 0                0                 0                
1717845806        0                0                 0                0                 0                0                 0                0                 0                0                 0                0                 0                0                 0                
1717845816        0                0                 0                0                 0                0                 0                0                 0                0                 0                0                 0                0                 0                
1717845827        0                0                 0                0                 0                0                 0                0                 0                0                 0                0                 0                0                 0                
1717845837        0                0                 0                0                 0                0                 0                0                 0                0                 0                0                 0                0                 0                
1717845847        0                0                 0                0                 0                0                 0                0                 0                0                 0                0                 0                0                 0                
1717845858        0                0                 0                0                 0                0                 0                0                 0                0                 0                0                 0                0                 0                
1717845868        0                0                 0                0                 0                0                 0                0                 0                0                 0                0                 0                0                 0                
1717845878        0                0                 0                0                 0                0                 0                0                 0                0                 0                0                 0                0                 0                
1717845888        0                0                 0                0                 0                0                 0                0                 0                0                 0                0                 0                0                 0                
1717845899        0                0                 0                0                 0                0                 0                0                 0                0                 0                0                 0                0                 0                
1717845909        0                0                 0                0                 0                0                 0                0                 0                0                 0                0                 0                0                 0                
1717845919        0                0                 0                0                 0                0                 0                0                 0                0                 0                0                 0                0                 0                
1717845930        0                0                 0                0                 0                0                 0                0                 0                0                 0                0                 0                0                 0                
1717845940        0                0                 0                0                 0                0                 0                0                 0                0                 0                0                 0                0                 0                
1717845950        0                0                 0                0                 0                0                 0                0                 0                0                 0                0                 0                0                 0                
1717845960        0                0                 0                0                 0                0                 0                0                 0                0                 0                0                 0                0                 0                
1717845971        0                0                 0                0                 0                0                 0                0                 0                0                 0                0                 0                0                 0                
1717845981        0                0                 0                0                 0                0                 0                0                 0                0                 0                0                 0                0                 0                
1717845991        0                0                 0                0                 0                0                 0                0                 0                0                 0                0                 0                0                 0                
1717846002        0                0                 0                0                 0                0                 0                0                 0                0                 0                0                 0                0                 0                
1717846012        0                0                 0                0                 0                0                 0                0                 0                0                 0                0                 0                0                 0                
1717846022        0                0                 0                0                 0                0                 0                0                 0                0                 0                0                 0                0                 0                
1717846032        0                0                 0                0                 0                0                 0                0                 0                0                 0                0                 0                0                 0                
1717846043        0                0                 0                0                 0                0                 0                0                 0                0                 0                0                 0                0                 0                
1717846053        0                0                 0                0                 0                0                 0                0                 0                0                 0                0                 0                0                 0                
1717846063        0                0                 0                0                 0                0                 0                0                 0                0                 0                0                 0                0                 0                
1717846074        0                0                 0                0                 0                0                 0                0                 0                0                 0                0                 0                0                 0                
1717846084        0                0                 0                0                 0                0                 0                0                 0                0                 0                0                 0                0                 0                
1717846094        0                0                 0                0                 0                0                 0                0                 0                0                 0                0                 0                0                 0                
1717846104        0                0                 0                0                 0                0                 0                0                 0                0                 0                0                 0                0                 0                
1717846115        0                0                 0                0                 0                0                 0                0                 0                0                 0                0                 0                0                 0                
1717846125        0                0                 0                0                 0                0                 0                0                 0                0                 0                0                 0                0                 0                
1717846135        0                0                 0                0                 0                0                 0                0                 0                0                 0                0                 0                0                 0                
1717846146        0                0                 0                0                 0                0                 0                0                 0                0                 0                0                 0                0                 0                
1717846156        0                0                 0                0                 0                0                 0                0                 0                0                 0                0                 0                0                 0                
1717846166        0                0                 0                0                 0                0                 0                0                 0                0                 0                0                 0                0                 0                
1717846176        0                0                 0                0                 0                0                 0                0                 0                0                 0                0                 0                0                 0                
1717846187        0                0                 0                0                 0                0                 0                0                 0                0                 0                0                 0                0                 0                
1717846197        0                0                 0                0                 0                0                 0                0                 0                0                 0                0                 0                0                 0                
1717846207        0                0                 0                0                 0                0                 0                0                 0                0                 0                0                 0                0                 0                
1717846218        0                0                 0                0                 0                0                 0                0                 0                0                 0                0                 0                0                 0                
1717846228        0                0                 0                0                 0                0                 0                0                 0                0                 0                0                 0                0                 0                
1717846238        0                0                 0                0                 0                0                 0                0                 0                0                 0                0                 0                0                 0                
1717846248        0                0                 0                0                 0                0                 0                0                 0                0                 0                0                 0                0                 0                
1717846259        0                0                 0                0                 0                0                 0                0                 0                0                 0                0                 0                0                 0                
1717846269        0                0                 0                0                 0                0                 0                0                 0                0                 0                0                 0                0                 0                
1717846279        0                0                 0                0                 0                0                 0                0                 0                0                 0                0                 0                0                 0                
1717846290        0                0                 0                0                 0                0                 0                0                 0                0                 0                0                 0                0                 0                
1717846300        0                0                 0                0                 0                0                 0                0                 0                0                 0                0                 0                0                 0                
1717846310        0                0                 0                0                 0                0                 0                0                 0                0                 0                0                 0                0                 0                
1717846320        0                0                 0                0                 0                0                 0                0                 0                0                 0                0                 0                0                 0                
1717846331        0                0                 0                0                 0                0                 0                0                 0                0                 0                0                 0                0                 0                
1717846341        0                0                 0                0                 0                0                 0                0                 0                0                 0                0                 0                0                 0                
1717846351        0                0                 0                0                 0                0                 0                0                 0                0                 0                0                 0                0                 0                
1717846362        0                0                 0                0                 0                0                 0                0                 0                0                 0                0                 0                0                 0                
1717846372        0                0                 0                0                 0                0                 0                0                 0                0                 0                0                 0                0                 0                
1717846382        0                0                 0                0                 0                0                 0                0                 0                0                 0                0                 0                0                 0                
1717846392        0                0                 0                0                 0                0                 0                0                 0                0                 0                0                 0                0                 0                
1717846403        0                0                 0                0                 0                0                 0                0                 0                0                 0                0                 0                0                 0                
1717846413        0                0                 0                0                 0                0                 0                0                 0                0                 0                0                 0                0                 0                
1717846423        0                0                 0                0                 0                0                 0                0                 0                0                 0                0                 0                0                 0                
1717846434        0                0                 0                0                 0                0                 0                0                 0                0                 0                0                 0                0                 0                
1717846444        0                0                 0                0                 0                0                 0                0                 0                0                 0                0                 0                0                 0                
1717846454        0                0                 0                0                 0                0                 0                0                 0                0                 0                0                 0                0                 0                
1717846464        0                0                 0                0                 0                0                 0                0                 0                0                 0                0                 0                0                 0                
1717846475        0                0                 0                0                 0                0                 0                0                 0                0                 0                0                 0                0                 0                
1717846485        0                0                 0                0                 0                0                 0                0                 0                0                 0                0                 0                0                 0                
1717846495        0                0                 0                0                 0                0                 0                0                 0                0                 0                0                 0                0                 0                
1717846505        0                0                 0                0                 0                0                 0                0                 0                0                 0                0                 0                0                 0                
1717846516        0                0                 0                0                 0                0                 0                0                 0                0                 0                0                 0                0                 0                
1717846526        0                0                 0                0                 0                0                 0                0                 0                0                 0                0                 0                0                 0                
1717846536        0                0                 0                0                 0                0                 0                0                 0                0                 0                0                 0                0                 0                
1717846547        0                0                 0                0                 0                0                 0                0                 0                0                 0                0                 0                0                 0                
1717846557        0                0                 0                0                 0                0                 0                0                 0                0                 0                0                 0                0                 0                
1717846567        0                0                 0                0                 0                0                 0                0                 0                0                 0                0                 0                0                 0                
1717846577        0                0                 0                0                 0                0                 0                0                 0                0                 0                0                 0                0                 0                
1717846588        0                0                 0                0                 0                0                 0                0                 0                0                 0                0                 0                0                 0                
1717846598        0                0                 0                0                 0                0                 0                0                 0                0                 0                0                 0                0                 0                
1717846608        0                0                 0                0                 0                0                 0                0                 0                0                 0                0                 0                0                 0                
1717846619        0                0                 0                0                 0                0                 0                0                 0                0                 0                0                 0                0                 0                
1717846629        0                0                 0                0                 0                0                 0                0                 0                0                 0                0                 0                0                 0                
1717846639        0                0                 0                0                 0                0                 0                0                 0                0                 0                0                 0                0                 0                
1717846649        0                0                 0                0                 0                0                 0                0                 0                0                 0                0                 0                0                 0                
1717846660        0                0                 0                0                 0                0                 0                0                 0                0                 0                0                 0                0                 0                
1717846670        0                0                 0                0                 0                0                 0                0                 0                0                 0                0                 0                0                 0                
1717846680        0                0                 0                0                 0                0                 0                0                 0                0                 0                0                 0                0                 0                
1717846691        0                0                 0                0                 0                0                 0                0                 0                0                 0                0                 0                0                 0                
1717846701        0                0                 0                0                 0                0                 0                0                 0                0                 0                0                 0                0                 0                
1717846711        0                0                 0                0                 0                0                 0                0                 0                0                 0                0                 0                0                 0                
1717846722        0                0                 0                0                 0                0                 0                0                 0                0                 0                0                 0                0                 0                
1717846733        0                0                 0                0                 0                0                 0                0                 0                0                 0                0                 0                0                 0                
1717846743        0                0                 0                0                 0                0                 0                0                 0                0                 0                0                 0                0                 0                
1717846754        0                0                 0                0                 0                0                 0                0                 0                0                 0                0                 0                0                 0                
1717846764        0                0                 0                0                 0                0                 0                0                 0                0                 0                0                 0                0                 0                
1717846774        0                0                 0                0                 0                0                 0                0                 0                0                 0                0                 0                0                 0                
1717846785        0                0                 0                0                 0                0                 0                0                 0                0                 0                0                 0                0                 0                
1717846795        0                0                 0                0                 0                0                 0                0                 0                0                 0                0                 0                0                 0                
1717846805        0                0                 0                0                 0                0                 0                0                 0                0                 0                0                 0                0                 0                
1717846815        0                0                 0                0                 0                0                 0                0                 0                0                 0                0                 0                0                 0                
1717846826        0                0                 0                0                 0                0                 0                0                 0                0                 0                0                 0                0                 0                
1717846836        0                0                 0                0                 0                0                 0                0                 0                0                 0                0                 0                0                 0                
1717846846        0                0                 0                0                 0                0                 0                0                 0                0                 0                0                 0                0                 0                
1717846857        0                0                 0                0                 0                0                 0                0                 0                0                 0                0                 0                0                 0                
1717846867        0                0                 0                0                 0                0                 0                0                 0                0                 0                0                 0                0                 0                
1717846877        0                0                 0                0                 0                0                 0                0                 0                0                 0                0                 0                0                 0                
1717846888        0                0                 0                0                 0                0                 0                0                 0                0                 0                0                 0                0                 0                
1717846898        0                0                 0                0                 0                0                 0                0                 0                0                 0                0                 0                0                 0                
1717846908        0                0                 0                0                 0                0                 0                0                 0                0                 0                0                 0                0                 0                
1717846918        0                0                 0                0                 0                0                 0                0                 0                0                 0                0                 0                0                 0                
1717846929        0                0                 0                0                 0                0                 0                0                 0                0                 0                0                 0                0                 0                
1717846939        0                0                 0                0                 0                0                 0                0                 0                0                 0                0                 0                0                 0                
1717846949        0                0                 0                0                 0                0                 0                0                 0                0                 0                0                 0                0                 0                
1717846959        0                0                 0                0                 0                0                 0                0                 0                0                 0                0                 0                0                 0                
1717846970        0                0                 0                0                 0                0                 0                0                 0                0                 0                0                 0                0                 0                
1717846980        0                0                 0                0                 0                0                 0                0                 0                0                 0                0                 0                0                 0                
1717846990        0                0                 0                0                 0                0                 0                0                 0                0                 0                0                 0                0                 0                
1717847001        0                0                 0                0                 0                0                 0                0                 0                0                 0                0                 0                0                 0                
1717847011        0                0                 0                0                 0                0                 0                0                 0                0                 0                0                 0                0                 0                
1717847021        0                0                 0                0                 0                0                 0                0                 0                0                 0                0                 0                0                 0                
1717847031        0                0                 0                0                 0                0                 0                0                 0                0                 0                0                 0                0                 0                
1717847042        0                0                 0                0                 0                0                 0                0                 0                0                 0                0                 0                0                 0                
1717847052        0                0                 0                0                 0                0                 0                0                 0                0                 0                0                 0                0                 0                
1717847062        0                0                 0                0                 0                0                 0                0                 0                0                 0                0                 0                0                 0                
1717847072        0                0                 0                0                 0                0                 0                0                 0                0                 0                0                 0                0                 0                
1717847083        0                0                 0                0                 0                0                 0                0                 0                0                 0                0                 0                0                 0                
1717847093        0                0                 0                0                 0                0                 0                0                 0                0                 0                0                 0                0                 0                
1717847103        0                0                 0                0                 0                0                 0                0                 0                0                 0                0                 0                0                 0                
1717847113        0                0                 0                0                 0                0                 0                0                 0                0                 0                0                 0                0                 0                
1717847124        0                0                 0                0                 0                0                 0                0                 0                0                 0                0                 0                0                 0                
1717847134        0                0                 0                0                 0                0                 0                0                 0                0                 0                0                 0                0                 0                
1717847144        0                0                 0                0                 0                0                 0                0                 0                0                 0                0                 0                0                 0                
1717847155        0                0                 0                0                 0                0                 0                0                 0                0                 0                0                 0                0                 0                
1717847165        0                0                 0                0                 0                0                 0                0                 0                0                 0                0                 0                0                 0                
1717847175        0                0                 0                0                 0                0                 0                0                 0                0                 0                0                 0                0                 0                
1717847185        0                0                 0                0                 0                0                 0                0                 0                0                 0                0                 0                0                 0                
1717847196        0                0                 0                0                 0                0                 0                0                 0                0                 0                0                 0                0                 0                
1717847206        0                0                 0                0                 0                0                 0                0                 0                0                 0                0                 0                0                 0                
1717847216        0                0                 0                0                 0                0                 0                0                 0                0                 0                0                 0                0                 0                
1717847226        0                0                 0                0                 0                0                 0                0                 0                0                 0                0                 0                0                 0                
1717847237        0                0                 0                0                 0                0                 0                0                 0                0                 0                0                 0                0                 0                
1717847247        0                0                 0                0                 0                0                 0                0                 0                0                 0                0                 0                0                 0                
1717847257        0                0                 0                0                 0                0                 0                0                 0                0                 0                0                 0                0                 0                
1717847268        0                0                 0                0                 0                0                 0                0                 0                0                 0                0                 0                0                 0                
1717847278        0                0                 0                0                 0                0                 0                0                 0                0                 0                0                 0                0                 0                
1717847288        0                0                 0                0                 0                0                 0                0                 0                0                 0                0                 0                0                 0                
1717847298        0                0                 0                0                 0                0                 0                0                 0                0                 0                0                 0                0                 0                
1717847309        0                0                 0                0                 0                0                 0                0                 0                0                 0                0                 0                0                 0                
1717847319        0                0                 0                0                 0                0                 0                0                 0                0                 0                0                 0                0                 0                
1717847329        0                0                 0                0                 0                0                 0                0                 0                0                 0                0                 0                0                 0                
1717847340        0                0                 0                0                 0                0                 0                0                 0                0                 0                0                 0                0                 0                
1717847350        0                0                 0                0                 0                0                 0                0                 0                0                 0                0                 0                0                 0                
1717847360        0                0                 0                0                 0                0                 0                0                 0                0                 0                0                 0                0                 0                
1717847371        0                0                 0                0                 0                0                 0                0                 0                0                 0                0                 0                0                 0                
1717847381        0                0                 0                0                 0                0                 0                0                 0                0                 0                0                 0                0                 0                
1717847391        0                0                 0                0                 0                0                 0                0                 0                0                 0                0                 0                0                 0                
1717847402        0                0                 0                0                 0                0                 0                0                 0                0                 0                0                 0                0                 0                
1717847412        0                0                 0                0                 0                0                 0                0                 0                0                 0                0                 0                0                 0                
1717847422        0                0                 0                0                 0                0                 0                0                 0                0                 0                0                 0                0                 0                
1717847433        0                0                 0                0                 0                0                 0                0                 0                0                 0                0                 0                0                 0                
1717847443        0                0                 0                0                 0                0                 0                0                 0                0                 0                0                 0                0                 0                
1717847453        0                0                 0                0                 0                0                 0                0                 0                0                 0                0                 0                0                 0                
1717847464        0                0                 0                0                 0                0                 0                0                 0                0                 0                0                 0                0                 0                
1717847474        0                0                 0                0                 0                0                 0                0                 0                0                 0                0                 0                0                 0                
1717847484        0                0                 0                0                 0                0                 0                0                 0                0                 0                0                 0                0                 0                
1717847494        0                0                 0                0                 0                0                 0                0                 0                0                 0                0                 0                0                 0                
1717847505        0                0                 0                0                 0                0                 0                0                 0                0                 0                0                 0                0                 0                
1717847515        0                0                 0                0                 0                0                 0                0                 0                0                 0                0                 0                0                 0                
1717847526        0                0                 0                0                 0                0                 0                0                 0                0                 0                0                 0                0                 0                
1717847536        0                0                 0                0                 0                0                 0                0                 0                0                 0                0                 0                0                 0                
1717847546        0                0                 0                0                 0                0                 0                0                 0                0                 0                0                 0                0                 0                
1717847557        0                0                 0                0                 0                0                 0                0                 0                0                 0                0                 0                0                 0                
1717847567        0                0                 0                0                 0                0                 0                0                 0                0                 0                0                 0                0                 0                
1717847577        0                0                 0                0                 0                0                 0                0                 0                0                 0                0                 0                0                 0                
1717847588        0                0                 0                0                 0                0                 0                0                 0                0                 0                0                 0                0                 0                
1717847598        0                0                 0                0                 0                0                 0                0                 0                0                 0                0                 0                0                 0                
1717847608        0                0                 0                0                 0                0                 0                0                 0                0                 0                0                 0                0                 0                
1717847619        0                0                 0                0                 0                0                 0                0                 0                0                 0                0                 0                0                 0                
1717847629        0                0                 0                0                 0                0                 0                0                 0                0                 0                0                 0                0                 0                
1717847639        0                0                 0                0                 0                0                 0                0                 0                0                 0                0                 0                0                 0                
1717847649        0                0                 0                0                 0                0                 0                0                 0                0                 0                0                 0                0                 0                
1717847660        0                0                 0                0                 0                0                 0                0                 0                0                 0                0                 0                0                 0                
1717847670        0                0                 0                0                 0                0                 0                0                 0                0                 0                0                 0                0                 0                
1717847680        0                0                 0                0                 0                0                 0                0                 0                0                 0                0                 0                0                 0                
1717847690        0                0                 0                0                 0                0                 0                0                 0                0                 0                0                 0                0                 0                
1717847701        0                0                 0                0                 0                0                 0                0                 0                0                 0                0                 0                0                 0                
1717847711        0                0                 0                0                 0                0                 0                0                 0                0                 0                0                 0                0                 0                
1717847721        0                0                 0                0                 0                0                 0                0                 0                0                 0                0                 0                0                 0                
1717847731        0                0                 0                0                 0                0                 0                0                 0                0                 0                0                 0                0                 0                
1717847742        0                0                 0                0                 0                0                 0                0                 0                0                 0                0                 0                0                 0                
1717847752        0                0                 0                0                 0                0                 0                0                 0                0                 0                0                 0                0                 0                
1717847762        0                0                 0                0                 0                0                 0                0                 0                0                 0                0                 0                0                 0                
1717847773        0                0                 0                0                 0                0                 0                0                 0                0                 0                0                 0                0                 0                
1717847783        0                0                 0                0                 0                0                 0                0                 0                0                 0                0                 0                0                 0                
1717847793        0                0                 0                0                 0                0                 0                0                 0                0                 0                0                 0                0                 0                
1717847803        0                0                 0                0                 0                0                 0                0                 0                0                 0                0                 0                0                 0                
1717847814        0                0                 0                0                 0                0                 0                0                 0                0                 0                0                 0                0                 0                
1717847824        0                0                 0                0                 0                0                 0                0                 0                0                 0                0                 0                0                 0                
1717847834        0                0                 0                0                 0                0                 0                0                 0                0                 0                0                 0                0                 0                
1717847845        0                0                 0                0                 0                0                 0                0                 0                0                 0                0                 0                0                 0                
1717847855        0                0                 0                0                 0                0                 0                0                 0                0                 0                0                 0                0                 0                
1717847865        0                0                 0                0                 0                0                 0                0                 0                0                 0                0                 0                0                 0                
1717847875        0                0                 0                0                 0                0                 0                0                 0                0                 0                0                 0                0                 0                
1717847886        0                0                 0                0                 0                0                 0                0                 0                0                 0                0                 0                0                 0                
1717847896        0                0                 0                0                 0                0                 0                0                 0                0                 0                0                 0                0                 0                
1717847906        0                0                 0                0                 0                0                 0                0                 0                0                 0                0                 0                0                 0                
1717847916        0                0                 0                0                 0                0                 0                0                 0                0                 0                0                 0                0                 0                
1717847927        0                0                 0                0                 0                0                 0                0                 0                0                 0                0                 0                0                 0                
1717847937        0                0                 0                0                 0                0                 0                0                 0                0                 0                0                 0                0                 0                
1717847947        0                0                 0                0                 0                0                 0                0                 0                0                 0                0                 0                0                 0                
1717847958        0                0                 0                0                 0                0                 0                0                 0                0                 0                0                 0                0                 0                
1717847968        0                0                 0                0                 0                0                 0                0                 0                0                 0                0                 0                0                 0                
1717847978        0                0                 0                0                 0                0                 0                0                 0                0                 0                0                 0                0                 0                
1717847988        0                0                 0                0                 0                0                 0                0                 0                0                 0                0                 0                0                 0                
1717847999        0                0                 0                0                 0                0                 0                0                 0                0                 0                0                 0                0                 0                
1717848009        0                0                 0                0                 0                0                 0                0                 0                0                 0                0                 0                0                 0                
1717848019        0                0                 0                0                 0                0                 0                0                 0                0                 0                0                 0                0                 0                
1717848029        0                0                 0                0                 0                0                 0                0                 0                0                 0                0                 0                0                 0                
1717848040        0                0                 0                0                 0                0                 0                0                 0                0                 0                0                 0                0                 0                
1717848050        0                0                 0                0                 0                0                 0                0                 0                0                 0                0                 0                0                 0                
1717848060        0                0                 0                0                 0                0                 0                0                 0                0                 0                0                 0                0                 0                
1717848070        0                0                 0                0                 0                0                 0                0                 0                0                 0                0                 0                0                 0                
1717848081        0                0                 0                0                 0                0                 0                0                 0                0                 0                0                 0                0                 0                
1717848091        0                0                 0                0                 0                0                 0                0                 0                0                 0                0                 0                0                 0                
1717848101        0                0                 0                0                 0                0                 0                0                 0                0                 0                0                 0                0                 0                
1717848112        0                0                 0                0                 0                0                 0                0                 0                0                 0                0                 0                0                 0                
1717848122        0                0                 0                0                 0                0                 0                0                 0                0                 0                0                 0                0                 0                
1717848132        0                0                 0                0                 0                0                 0                0                 0                0                 0                0                 0                0                 0                
1717848142        0                0                 0                0                 0                0                 0                0                 0                0                 0                0                 0                0                 0                
1717848153        0                0                 0                0                 0                0                 0                0                 0                0                 0                0                 0                0                 0                
1717848163        0                0                 0                0                 0                0                 0                0                 0                0                 0                0                 0                0                 0                
1717848173        0                0                 0                0                 0                0                 0                0                 0                0                 0                0                 0                0                 0                
1717848184        0                0                 0                0                 0                0                 0                0                 0                0                 0                0                 0                0                 0                
1717848194        0                0                 0                0                 0                0                 0                0                 0                0                 0                0                 0                0                 0                
1717848204        0                0                 0                0                 0                0                 0                0                 0                0                 0                0                 0                0                 0                
1717848214        0                0                 0                0                 0                0                 0                0                 0                0                 0                0                 0                0                 0                
1717848225        0                0                 0                0                 0                0                 0                0                 0                0                 0                0                 0                0                 0                
1717848235        0                0                 0                0                 0                0                 0                0                 0                0                 0                0                 0                0                 0                
1717848245        0                0                 0                0                 0                0                 0                0                 0                0                 0                0                 0                0                 0                
1717848256        0                0                 0                0                 0                0                 0                0                 0                0                 0                0                 0                0                 0                
1717848266        0                0                 0                0                 0                0                 0                0                 0                0                 0                0                 0                0                 0                
1717848276        0                0                 0                0                 0                0                 0                0                 0                0                 0                0                 0                0                 0                
1717848286        0                0                 0                0                 0                0                 0                0                 0                0                 0                0                 0                0                 0                
1717848297        0                0                 0                0                 0                0                 0                0                 0                0                 0                0                 0                0                 0                
1717848307        0                0                 0                0                 0                0                 0                0                 0                0                 0                0                 0                0                 0                
1717848317        0                0                 0                0                 0                0                 0                0                 0                0                 0                0                 0                0                 0                
1717848328        0                0                 0                0                 0                0                 0                0                 0                0                 0                0                 0                0                 0                
1717848338        0                0                 0                0                 0                0                 0                0                 0                0                 0                0                 0                0                 0                
1717848348        0                0                 0                0                 0                0                 0                0                 0                0                 0                0                 0                0                 0                
1717848358        0                0                 0                0                 0                0                 0                0                 0                0                 0                0                 0                0                 0                
1717848369        0                0                 0                0                 0                0                 0                0                 0                0                 0                0                 0                0                 0                
1717848379        0                0                 0                0                 0                0                 0                0                 0                0                 0                0                 0                0                 0                
1717848389        0                0                 0                0                 0                0                 0                0                 0                0                 0                0                 0                0                 0                
1717848399        0                0                 0                0                 0                0                 0                0                 0                0                 0                0                 0                0                 0                
1717848410        0                0                 0                0                 0                0                 0                0                 0                0                 0                0                 0                0                 0                
1717848420        0                0                 0                0                 0                0                 0                0                 0                0                 0                0                 0                0                 0                
1717848430        0                0                 0                0                 0                0                 0                0                 0                0                 0                0                 0                0                 0                
1717848441        0                0                 0                0                 0                0                 0                0                 0                0                 0                0                 0                0                 0                
1717848451        0                0                 0                0                 0                0                 0                0                 0                0                 0                0                 0                0                 0                
1717848461        0                0                 0                0                 0                0                 0                0                 0                0                 0                0                 0                0                 0                
1717848471        0                0                 0                0                 0                0                 0                0                 0                0                 0                0                 0                0                 0                
1717848482        0                0                 0                0                 0                0                 0                0                 0                0                 0                0                 0                0                 0                
1717848492        0                0                 0                0                 0                0                 0                0                 0                0                 0                0                 0                0                 0                
1717848502        0                0                 0                0                 0                0                 0                0                 0                0                 0                0                 0                0                 0                
1717848512        0                0                 0                0                 0                0                 0                0                 0                0                 0                0                 0                0                 0                
1717848523        0                0                 0                0                 0                0                 0                0                 0                0                 0                0                 0                0                 0                
1717848533        0                0                 0                0                 0                0                 0                0                 0                0                 0                0                 0                0                 0                
1717848543        0                0                 0                0                 0                0                 0                0                 0                0                 0                0                 0                0                 0                
1717848553        0                0                 0                0                 0                0                 0                0                 0                0                 0                0                 0                0                 0                
1717848564        0                0                 0                0                 0                0                 0                0                 0                0                 0                0                 0                0                 0                
1717848574        0                0                 0                0                 0                0                 0                0                 0                0                 0                0                 0                0                 0                
1717848584        0                0                 0                0                 0                0                 0                0                 0                0                 0                0                 0                0                 0                
1717848595        0                0                 0                0                 0                0                 0                0                 0                0                 0                0                 0                0                 0                
1717848605        0                0                 0                0                 0                0                 0                0                 0                0                 0                0                 0                0                 0                
1717848615        0                0                 0                0                 0                0                 0                0                 0                0                 0                0                 0                0                 0                
1717848626        0                0                 0                0                 0                0                 0                0                 0                0                 0                0                 0                0                 0                
1717848636        0                0                 0                0                 0                0                 0                0                 0                0                 0                0                 0                0                 0                
1717848646        0                0                 0                0                 0                0                 0                0                 0                0                 0                0                 0                0                 0                
1717848656        0                0                 0                0                 0                0                 0                0                 0                0                 0                0                 0                0                 0                
1717848667        0                0                 0                0                 0                0                 0                0                 0                0                 0                0                 0                0                 0                
1717848677        0                0                 0                0                 0                0                 0                0                 0                0                 0                0                 0                0                 0                
1717848687        0                0                 0                0                 0                0                 0                0                 0                0                 0                0                 0                0                 0                
1717848697        0                0                 0                0                 0                0                 0                0                 0                0                 0                0                 0                0                 0                
1717848708        0                0                 0                0                 0                0                 0                0                 0                0                 0                0                 0                0                 0                
1717848718        0                0                 0                0                 0                0                 0                0                 0                0                 0                0                 0                0                 0                
1717848728        0                0                 0                0                 0                0                 0                0                 0                0                 0                0                 0                0                 0                
1717848739        0                0                 0                0                 0                0                 0                0                 0                0                 0                0                 0                0                 0                
1717848749        0                0                 0                0                 0                0                 0                0                 0                0                 0                0                 0                0                 0                
1717848759        0                0                 0                0                 0                0                 0                0                 0                0                 0                0                 0                0                 0                
1717848769        0                0                 0                0                 0                0                 0                0                 0                0                 0                0                 0                0                 0                
1717848780        0                0                 0                0                 0                0                 0                0                 0                0                 0                0                 0                0                 0                
1717848790        0                0                 0                0                 0                0                 0                0                 0                0                 0                0                 0                0                 0                
1717848800        0                0                 0                0                 0                0                 0                0                 0                0                 0                0                 0                0                 0                
1717848811        0                0                 0                0                 0                0                 0                0                 0                0                 0                0                 0                0                 0                
1717848821        0                0                 0                0                 0                0                 0                0                 0                0                 0                0                 0                0                 0                
1717848831        0                0                 0                0                 0                0                 0                0                 0                0                 0                0                 0                0                 0                
1717848842        0                0                 0                0                 0                0                 0                0                 0                0                 0                0                 0                0                 0                
1717848852        0                0                 0                0                 0                0                 0                0                 0                0                 0                0                 0                0                 0                
1717848862        0                0                 0                0                 0                0                 0                0                 0                0                 0                0                 0                0                 0                
1717848872        0                0                 0                0                 0                0                 0                0                 0                0                 0                0                 0                0                 0                
1717848883        0                0                 0                0                 0                0                 0                0                 0                0                 0                0                 0                0                 0                
1717848893        0                0                 0                0                 0                0                 0                0                 0                0                 0                0                 0                0                 0                
1717848903        0                0                 0                0                 0                0                 0                0                 0                0                 0                0                 0                0                 0                
1717848913        0                0                 0                0                 0                0                 0                0                 0                0                 0                0                 0                0                 0                
1717848924        0                0                 0                0                 0                0                 0                0                 0                0                 0                0                 0                0                 0                
1717848934        0                0                 0                0                 0                0                 0                0                 0                0                 0                0                 0                0                 0                
1717848944        0                0                 0                0                 0                0                 0                0                 0                0                 0                0                 0                0                 0                
1717848954        0                0                 0                0                 0                0                 0                0                 0                0                 0                0                 0                0                 0                
1717848965        0                0                 0                0                 0                0                 0                0                 0                0                 0                0                 0                0                 0                
1717848975        0                0                 0                0                 0                0                 0                0                 0                0                 0                0                 0                0                 0                
1717848985        0                0                 0                0                 0                0                 0                0                 0                0                 0                0                 0                0                 0                
1717848996        0                0                 0                0                 0                0                 0                0                 0                0                 0                0                 0                0                 0                
1717849006        0                0                 0                0                 0                0                 0                0                 0                0                 0                0                 0                0                 0                
1717849016        0                0                 0                0                 0                0                 0                0                 0                0                 0                0                 0                0                 0                
1717849026        0                0                 0                0                 0                0                 0                0                 0                0                 0                0                 0                0                 0                
1717849038        0                0                 0                0                 0                0                 0                0                 0                0                 0                0                 0                0                 0                
1717849048        0                0                 0                0                 0                0                 0                0                 0                0                 0                0                 0                0                 0                
1717849058        0                0                 0                0                 0                0                 0                0                 0                0                 0                0                 0                0                 0                
1717849068        0                0                 0                0                 0                0                 0                0                 0                0                 0                0                 0                0                 0                
1717849079        0                0                 0                0                 0                0                 0                0                 0                0                 0                0                 0                0                 0                
1717849089        0                0                 0                0                 0                0                 0                0                 0                0                 0                0                 0                0                 0                
1717849099        0                0                 0                0                 0                0                 0                0                 0                0                 0                0                 0                0                 0                
1717849109        0                0                 0                0                 0                0                 0                0                 0                0                 0                0                 0                0                 0                
1717849120        0                0                 0                0                 0                0                 0                0                 0                0                 0                0                 0                0                 0                
1717849130        0                0                 0                0                 0                0                 0                0                 0                0                 0                0                 0                0                 0                
1717849141        0                0                 0                0                 0                0                 0                0                 0                0                 0                0                 0                0                 0                
1717849151        0                0                 0                0                 0                0                 0                0                 0                0                 0                0                 0                0                 0                
1717849161        0                0                 0                0                 0                0                 0                0                 0                0                 0                0                 0                0                 0                
1717849171        0                0                 0                0                 0                0                 0                0                 0                0                 0                0                 0                0                 0                
1717849182        0                0                 0                0                 0                0                 0                0                 0                0                 0                0                 0                0                 0                
1717849192        0                0                 0                0                 0                0                 0                0                 0                0                 0                0                 0                0                 0                
1717849202        0                0                 0                0                 0                0                 0                0                 0                0                 0                0                 0                0                 0                
1717849212        0                0                 0                0                 0                0                 0                0                 0                0                 0                0                 0                0                 0                
1717849223        0                0                 0                0                 0                0                 0                0                 0                0                 0                0                 0                0                 0                
1717849233        0                0                 0                0                 0                0                 0                0                 0                0                 0                0                 0                0                 0                
1717849243        0                0                 0                0                 0                0                 0                0                 0                0                 0                0                 0                0                 0                
1717849254        0                0                 0                0                 0                0                 0                0                 0                0                 0                0                 0                0                 0                
1717849264        0                0                 0                0                 0                0                 0                0                 0                0                 0                0                 0                0                 0                
1717849274        0                0                 0                0                 0                0                 0                0                 0                0                 0                0                 0                0                 0                
1717849284        0                0                 0                0                 0                0                 0                0                 0                0                 0                0                 0                0                 0                
1717849295        0                0                 0                0                 0                0                 0                0                 0                0                 0                0                 0                0                 0                
1717849305        0                0                 0                0                 0                0                 0                0                 0                0                 0                0                 0                0                 0                
1717849315        0                0                 0                0                 0                0                 0                0                 0                0                 0                0                 0                0                 0                
1717849325        0                0                 0                0                 0                0                 0                0                 0                0                 0                0                 0                0                 0                
1717849336        0                0                 0                0                 0                0                 0                0                 0                0                 0                0                 0                0                 0                
1717849346        0                0                 0                0                 0                0                 0                0                 0                0                 0                0                 0                0                 0                
1717849356        0                0                 0                0                 0                0                 0                0                 0                0                 0                0                 0                0                 0                
1717849366        0                0                 0                0                 0                0                 0                0                 0                0                 0                0                 0                0                 0                
1717849377        0                0                 0                0                 0                0                 0                0                 0                0                 0                0                 0                0                 0                
1717849387        0                0                 0                0                 0                0                 0                0                 0                0                 0                0                 0                0                 0                
1717849397        0                0                 0                0                 0                0                 0                0                 0                0                 0                0                 0                0                 0                
1717849407        0                0                 0                0                 0                0                 0                0                 0                0                 0                0                 0                0                 0                
1717849418        0                0                 0                0                 0                0                 0                0                 0                0                 0                0                 0                0                 0                
1717849428        0                0                 0                0                 0                0                 0                0                 0                0                 0                0                 0                0                 0                
1717849438        0                0                 0                0                 0                0                 0                0                 0                0                 0                0                 0                0                 0                
1717849448        0                0                 0                0                 0                0                 0                0                 0                0                 0                0                 0                0                 0                
1717849459        0                0                 0                0                 0                0                 0                0                 0                0                 0                0                 0                0                 0                
1717849469        0                0                 0                0                 0                0                 0                0                 0                0                 0                0                 0                0                 0                
1717849479        0                0                 0                0                 0                0                 0                0                 0                0                 0                0                 0                0                 0                
1717849489        0                0                 0                0                 0                0                 0                0                 0                0                 0                0                 0                0                 0                
1717849500        0                0                 0                0                 0                0                 0                0                 0                0                 0                0                 0                0                 0                
1717849510        0                0                 0                0                 0                0                 0                0                 0                0                 0                0                 0                0                 0                
1717849520        0                0                 0                0                 0                0                 0                0                 0                0                 0                0                 0                0                 0                
1717849530        0                0                 0                0                 0                0                 0                0                 0                0                 0                0                 0                0                 0                
1717849541        0                0                 0                0                 0                0                 0                0                 0                0                 0                0                 0                0                 0                
1717849551        0                0                 0                0                 0                0                 0                0                 0                0                 0                0                 0                0                 0                
1717849561        0                0                 0                0                 0                0                 0                0                 0                0                 0                0                 0                0                 0                
1717849571        0                0                 0                0                 0                0                 0                0                 0                0                 0                0                 0                0                 0                
1717849582        0                0                 0                0                 0                0                 0                0                 0                0                 0                0                 0                0                 0                
1717849592        0                0                 0                0                 0                0                 0                0                 0                0                 0                0                 0                0                 0                
1717849602        0                0                 0                0                 0                0                 0                0                 0                0                 0                0                 0                0                 0                
1717849612        0                0                 0                0                 0                0                 0                0                 0                0                 0                0                 0                0                 0                
1717849623        0                0                 0                0                 0                0                 0                0                 0                0                 0                0                 0                0                 0                
1717849633        0                0                 0                0                 0                0                 0                0                 0                0                 0                0                 0                0                 0                
1717849643        0                0                 0                0                 0                0                 0                0                 0                0                 0                0                 0                0                 0                
1717849653        0                0                 0                0                 0                0                 0                0                 0                0                 0                0                 0                0                 0                
1717849664        0                0                 0                0                 0                0                 0                0                 0                0                 0                0                 0                0                 0                
1717849674        0                0                 0                0                 0                0                 0                0                 0                0                 0                0                 0                0                 0                
1717849684        0                0                 0                0                 0                0                 0                0                 0                0                 0                0                 0                0                 0                
1717849694        0                0                 0                0                 0                0                 0                0                 0                0                 0                0                 0                0                 0                
1717849705        0                0                 0                0                 0                0                 0                0                 0                0                 0                0                 0                0                 0                
1717849715        0                0                 0                0                 0                0                 0                0                 0                0                 0                0                 0                0                 0                
1717849725        0                0                 0                0                 0                0                 0                0                 0                0                 0                0                 0                0                 0                
1717849735        0                0                 0                0                 0                0                 0                0                 0                0                 0                0                 0                0                 0                
1717849745        0                0                 0                0                 0                0                 0                0                 0                0                 0                0                 0                0                 0                
1717849756        0                0                 0                0                 0                0                 0                0                 0                0                 0                0                 0                0                 0                
1717849766        0                0                 0                0                 0                0                 0                0                 0                0                 0                0                 0                0                 0                
1717849776        0                0                 0                0                 0                0                 0                0                 0                0                 0                0                 0                0                 0                
1717849786        0                0                 0                0                 0                0                 0                0                 0                0                 0                0                 0                0                 0                
1717849797        0                0                 0                0                 0                0                 0                0                 0                0                 0                0                 0                0                 0                
1717849807        0                0                 0                0                 0                0                 0                0                 0                0                 0                0                 0                0                 0                
1717849817        0                0                 0                0                 0                0                 0                0                 0                0                 0                0                 0                0                 0                
1717849827        0                0                 0                0                 0                0                 0                0                 0                0                 0                0                 0                0                 0                
1717849838        0                0                 0                0                 0                0                 0                0                 0                0                 0                0                 0                0                 0                
1717849848        0                0                 0                0                 0                0                 0                0                 0                0                 0                0                 0                0                 0                
1717849858        0                0                 0                0                 0                0                 0                0                 0                0                 0                0                 0                0                 0                
1717849868        0                0                 0                0                 0                0                 0                0                 0                0                 0                0                 0                0                 0                
1717849879        0                0                 0                0                 0                0                 0                0                 0                0                 0                0                 0                0                 0                
1717849889        0                0                 0                0                 0                0                 0                0                 0                0                 0                0                 0                0                 0                
1717849899        0                0                 0                0                 0                0                 0                0                 0                0                 0                0                 0                0                 0                
1717849910        0                0                 0                0                 0                0                 0                0                 0                0                 0                0                 0                0                 0                
1717849920        0                0                 0                0                 0                0                 0                0                 0                0                 0                0                 0                0                 0                
1717849930        0                0                 0                0                 0                0                 0                0                 0                0                 0                0                 0                0                 0                
1717849940        0                0                 0                0                 0                0                 0                0                 0                0                 0                0                 0                0                 0                
1717849950        0                0                 0                0                 0                0                 0                0                 0                0                 0                0                 0                0                 0                
1717849961        0                0                 0                0                 0                0                 0                0                 0                0                 0                0                 0                0                 0                
1717849971        0                0                 0                0                 0                0                 0                0                 0                0                 0                0                 0                0                 0                
1717849981        0                0                 0                0                 0                0                 0                0                 0                0                 0                0                 0                0                 0                
1717849991        0                0                 0                0                 0                0                 0                0                 0                0                 0                0                 0                0                 0                
1717850002        0                0                 0                0                 0                0                 0                0                 0                0                 0                0                 0                0                 0                
1717850012        0                0                 0                0                 0                0                 0                0                 0                0                 0                0                 0                0                 0                
1717850022        0                0                 0                0                 0                0                 0                0                 0                0                 0                0                 0                0                 0                
1717850032        0                0                 0                0                 0                0                 0                0                 0                0                 0                0                 0                0                 0                
1717850042        0                0                 0                0                 0                0                 0                0                 0                0                 0                0                 0                0                 0                
1717850053        0                0                 0                0                 0                0                 0                0                 0                0                 0                0                 0                0                 0                
1717850063        0                0                 0                0                 0                0                 0                0                 0                0                 0                0                 0                0                 0                
1717850073        0                0                 0                0                 0                0                 0                0                 0                0                 0                0                 0                0                 0                
1717850083        0                0                 0                0                 0                0                 0                0                 0                0                 0                0                 0                0                 0                
1717850093        0                0                 0                0                 0                0                 0                0                 0                0                 0                0                 0                0                 0                
1717850104        0                0                 0                0                 0                0                 0                0                 0                0                 0                0                 0                0                 0                
1717850114        0                0                 0                0                 0                0                 0                0                 0                0                 0                0                 0                0                 0                
1717850124        0                0                 0                0                 0                0                 0                0                 0                0                 0                0                 0                0                 0                
1717850134        0                0                 0                0                 0                0                 0                0                 0                0                 0                0                 0                0                 0                
1717850145        0                0                 0                0                 0                0                 0                0                 0                0                 0                0                 0                0                 0                
1717850155        0                0                 0                0                 0                0                 0                0                 0                0                 0                0                 0                0                 0                
1717850165        0                0                 0                0                 0                0                 0                0                 0                0                 0                0                 0                0                 0                
1717850175        0                0                 0                0                 0                0                 0                0                 0                0                 0                0                 0                0                 0                
1717850185        0                0                 0                0                 0                0                 0                0                 0                0                 0                0                 0                0                 0                
1717850196        0                0                 0                0                 0                0                 0                0                 0                0                 0                0                 0                0                 0                
1717850206        0                0                 0                0                 0                0                 0                0                 0                0                 0                0                 0                0                 0                
1717850216        0                0                 0                0                 0                0                 0                0                 0                0                 0                0                 0                0                 0                
1717850226        0                0                 0                0                 0                0                 0                0                 0                0                 0                0                 0                0                 0                
1717850236        0                0                 0                0                 0                0                 0                0                 0                0                 0                0                 0                0                 0                
1717850247        0                0                 0                0                 0                0                 0                0                 0                0                 0                0                 0                0                 0                
1717850257        0                0                 0                0                 0                0                 0                0                 0                0                 0                0                 0                0                 0                
1717850267        0                0                 0                0                 0                0                 0                0                 0                0                 0                0                 0                0                 0                
1717850277        0                0                 0                0                 0                0                 0                0                 0                0                 0                0                 0                0                 0                
1717850287        0                0                 0                0                 0                0                 0                0                 0                0                 0                0                 0                0                 0                
1717850298        0                0                 0                0                 0                0                 0                0                 0                0                 0                0                 0                0                 0                
1717850308        0                0                 0                0                 0                0                 0                0                 0                0                 0                0                 0                0                 0                
1717850318        0                0                 0                0                 0                0                 0                0                 0                0                 0                0                 0                0                 0                
1717850328        0                0                 0                0                 0                0                 0                0                 0                0                 0                0                 0                0                 0                
1717850339        0                0                 0                0                 0                0                 0                0                 0                0                 0                0                 0                0                 0                
1717850349        0                0                 0                0                 0                0                 0                0                 0                0                 0                0                 0                0                 0                
1717850359        0                0                 0                0                 0                0                 0                0                 0                0                 0                0                 0                0                 0                
1717850369        0                0                 0                0                 0                0                 0                0                 0                0                 0                0                 0                0                 0                
1717850379        0                0                 0                0                 0                0                 0                0                 0                0                 0                0                 0                0                 0                
1717850390        0                0                 0                0                 0                0                 0                0                 0                0                 0                0                 0                0                 0                
1717850400        0                0                 0                0                 0                0                 0                0                 0                0                 0                0                 0                0                 0                
1717850410        0                0                 0                0                 0                0                 0                0                 0                0                 0                0                 0                0                 0                
1717850420        0                0                 0                0                 0                0                 0                0                 0                0                 0                0                 0                0                 0                
1717850430        0                0                 0                0                 0                0                 0                0                 0                0                 0                0                 0                0                 0                
1717850440        0                0                 0                0                 0                0                 0                0                 0                0                 0                0                 0                0                 0                
1717850451        0                0                 0                0                 0                0                 0                0                 0                0                 0                0                 0                0                 0                
1717850461        0                0                 0                0                 0                0                 0                0                 0                0                 0                0                 0                0                 0                
1717850471        0                0                 0                0                 0                0                 0                0                 0                0                 0                0                 0                0                 0                
1717850481        0                0                 0                0                 0                0                 0                0                 0                0                 0                0                 0                0                 0                
1717850491        0                0                 0                0                 0                0                 0                0                 0                0                 0                0                 0                0                 0                
1717850502        0                0                 0                0                 0                0                 0                0                 0                0                 0                0                 0                0                 0                
1717850512        0                0                 0                0                 0                0                 0                0                 0                0                 0                0                 0                0                 0                
1717850522        0                0                 0                0                 0                0                 0                0                 0                0                 0                0                 0                0                 0                
1717850532        0                0                 0                0                 0                0                 0                0                 0                0                 0                0                 0                0                 0                
1717850542        0                0                 0                0                 0                0                 0                0                 0                0                 0                0                 0                0                 0                
1717850553        0                0                 0                0                 0                0                 0                0                 0                0                 0                0                 0                0                 0                
1717850563        0                0                 0                0                 0                0                 0                0                 0                0                 0                0                 0                0                 0                
1717850573        0                0                 0                0                 0                0                 0                0                 0                0                 0                0                 0                0                 0                
1717850583        0                0                 0                0                 0                0                 0                0                 0                0                 0                0                 0                0                 0                
1717850593        0                0                 0                0                 0                0                 0                0                 0                0                 0                0                 0                0                 0                
1717850603        0                0                 0                0                 0                0                 0                0                 0                0                 0                0                 0                0                 0                
1717850614        0                0                 0                0                 0                0                 0                0                 0                0                 0                0                 0                0                 0                
1717850624        0                0                 0                0                 0                0                 0                0                 0                0                 0                0                 0                0                 0                
1717850634        0                0                 0                0                 0                0                 0                0                 0                0                 0                0                 0                0                 0                
1717850644        0                0                 0                0                 0                0                 0                0                 0                0                 0                0                 0                0                 0                
1717850654        0                0                 0                0                 0                0                 0                0                 0                0                 0                0                 0                0                 0                
1717850665        0                0                 0                0                 0                0                 0                0                 0                0                 0                0                 0                0                 0                
1717850675        0                0                 0                0                 0                0                 0                0                 0                0                 0                0                 0                0                 0                
1717850685        0                0                 0                0                 0                0                 0                0                 0                0                 0                0                 0                0                 0                
1717850695        0                0                 0                0                 0                0                 0                0                 0                0                 0                0                 0                0                 0                
1717850705        0                0                 0                0                 0                0                 0                0                 0                0                 0                0                 0                0                 0                
1717850715        0                0                 0                0                 0                0                 0                0                 0                0                 0                0                 0                0                 0                
1717850726        0                0                 0                0                 0                0                 0                0                 0                0                 0                0                 0                0                 0                
1717850736        0                0                 0                0                 0                0                 0                0                 0                0                 0                0                 0                0                 0                
1717850746        0                0                 0                0                 0                0                 0                0                 0                0                 0                0                 0                0                 0                
1717850756        0                0                 0                0                 0                0                 0                0                 0                0                 0                0                 0                0                 0                
1717850766        0                0                 0                0                 0                0                 0                0                 0                0                 0                0                 0                0                 0                
1717850777        0                0                 0                0                 0                0                 0                0                 0                0                 0                0                 0                0                 0                
1717850787        0                0                 0                0                 0                0                 0                0                 0                0                 0                0                 0                0                 0                
1717850797        0                0                 0                0                 0                0                 0                0                 0                0                 0                0                 0                0                 0                
1717850807        0                0                 0                0                 0                0                 0                0                 0                0                 0                0                 0                0                 0                
1717850817        0                0                 0                0                 0                0                 0                0                 0                0                 0                0                 0                0                 0                
1717850827        0                0                 0                0                 0                0                 0                0                 0                0                 0                0                 0                0                 0                
1717850838        0                0                 0                0                 0                0                 0                0                 0                0                 0                0                 0                0                 0                
1717850848        0                0                 0                0                 0                0                 0                0                 0                0                 0                0                 0                0                 0                
1717850858        0                0                 0                0                 0                0                 0                0                 0                0                 0                0                 0                0                 0                
1717850868        0                0                 0                0                 0                0                 0                0                 0                0                 0                0                 0                0                 0                
1717850878        0                0                 0                0                 0                0                 0                0                 0                0                 0                0                 0                0                 0                
1717850888        0                0                 0                0                 0                0                 0                0                 0                0                 0                0                 0                0                 0                
1717850899        0                0                 0                0                 0                0                 0                0                 0                0                 0                0                 0                0                 0                
1717850909        0                0                 0                0                 0                0                 0                0                 0                0                 0                0                 0                0                 0                
1717850919        0                0                 0                0                 0                0                 0                0                 0                0                 0                0                 0                0                 0                
1717850929        0                0                 0                0                 0                0                 0                0                 0                0                 0                0                 0                0                 0                
1717850939        0                0                 0                0                 0                0                 0                0                 0                0                 0                0                 0                0                 0                
1717850949        0                0                 0                0                 0                0                 0                0                 0                0                 0                0                 0                0                 0                
1717850959        0                0                 0                0                 0                0                 0                0                 0                0                 0                0                 0                0                 0                
1717850970        0                0                 0                0                 0                0                 0                0                 0                0                 0                0                 0                0                 0                
1717850980        0                0                 0                0                 0                0                 0                0                 0                0                 0                0                 0                0                 0                
1717850990        0                0                 0                0                 0                0                 0                0                 0                0                 0                0                 0                0                 0                
1717851000        0                0                 0                0                 0                0                 0                0                 0                0                 0                0                 0                0                 0                
1717851010        0                0                 0                0                 0                0                 0                0                 0                0                 0                0                 0                0                 0                
1717851020        0                0                 0                0                 0                0                 0                0                 0                0                 0                0                 0                0                 0                
1717851031        0                0                 0                0                 0                0                 0                0                 0                0                 0                0                 0                0                 0                
1717851041        0                0                 0                0                 0                0                 0                0                 0                0                 0                0                 0                0                 0                
1717851051        0                0                 0                0                 0                0                 0                0                 0                0                 0                0                 0                0                 0                
1717851061        0                0                 0                0                 0                0                 0                0                 0                0                 0                0                 0                0                 0                
1717851071        0                0                 0                0                 0                0                 0                0                 0                0                 0                0                 0                0                 0                
1717851081        0                0                 0                0                 0                0                 0                0                 0                0                 0                0                 0                0                 0                
1717851092        0                0                 0                0                 0                0                 0                0                 0                0                 0                0                 0                0                 0                
1717851102        0                0                 0                0                 0                0                 0                0                 0                0                 0                0                 0                0                 0                
1717851112        0                0                 0                0                 0                0                 0                0                 0                0                 0                0                 0                0                 0                
1717851122        0                0                 0                0                 0                0                 0                0                 0                0                 0                0                 0                0                 0                
1717851132        0                0                 0                0                 0                0                 0                0                 0                0                 0                0                 0                0                 0                
1717851142        0                0                 0                0                 0                0                 0                0                 0                0                 0                0                 0                0                 0                
1717851153        0                0                 0                0                 0                0                 0                0                 0                0                 0                0                 0                0                 0                
1717851163        0                0                 0                0                 0                0                 0                0                 0                0                 0                0                 0                0                 0                
1717851173        0                0                 0                0                 0                0                 0                0                 0                0                 0                0                 0                0                 0                
1717851183        0                0                 0                0                 0                0                 0                0                 0                0                 0                0                 0                0                 0                
1717851193        0                0                 0                0                 0                0                 0                0                 0                0                 0                0                 0                0                 0                
1717851203        0                0                 0                0                 0                0                 0                0                 0                0                 0                0                 0                0                 0                
1717851214        0                0                 0                0                 0                0                 0                0                 0                0                 0                0                 0                0                 0                
1717851224        0                0                 0                0                 0                0                 0                0                 0                0                 0                0                 0                0                 0                
1717851234        0                0                 0                0                 0                0                 0                0                 0                0                 0                0                 0                0                 0                
1717851244        0                0                 0                0                 0                0                 0                0                 0                0                 0                0                 0                0                 0                
1717851254        0                0                 0                0                 0                0                 0                0                 0                0                 0                0                 0                0                 0                
1717851264        0                0                 0                0                 0                0                 0                0                 0                0                 0                0                 0                0                 0                
1717851275        0                0                 0                0                 0                0                 0                0                 0                0                 0                0                 0                0                 0                
1717851285        0                0                 0                0                 0                0                 0                0                 0                0                 0                0                 0                0                 0                
1717851295        0                0                 0                0                 0                0                 0                0                 0                0                 0                0                 0                0                 0                
1717851305        0                0                 0                0                 0                0                 0                0                 0                0                 0                0                 0                0                 0                
1717851315        0                0                 0                0                 0                0                 0                0                 0                0                 0                0                 0                0                 0                
1717851325        0                0                 0                0                 0                0                 0                0                 0                0                 0                0                 0                0                 0                
1717851336        0                0                 0                0                 0                0                 0                0                 0                0                 0                0                 0                0                 0                
1717851346        0                0                 0                0                 0                0                 0                0                 0                0                 0                0                 0                0                 0                
1717851356        0                0                 0                0                 0                0                 0                0                 0                0                 0                0                 0                0                 0                
1717851366        0                0                 0                0                 0                0                 0                0                 0                0                 0                0                 0                0                 0                
1717851376        0                0                 0                0                 0                0                 0                0                 0                0                 0                0                 0                0                 0                
1717851386        0                0                 0                0                 0                0                 0                0                 0                0                 0                0                 0                0                 0                
1717851396        0                0                 0                0                 0                0                 0                0                 0                0                 0                0                 0                0                 0                
1717851407        0                0                 0                0                 0                0                 0                0                 0                0                 0                0                 0                0                 0                
1717851417        0                0                 0                0                 0                0                 0                0                 0                0                 0                0                 0                0                 0                
1717851427        0                0                 0                0                 0                0                 0                0                 0                0                 0                0                 0                0                 0                
1717851437        0                0                 0                0                 0                0                 0                0                 0                0                 0                0                 0                0                 0                
1717851448        0                0                 0                0                 0                0                 0                0                 0                0                 0                0                 0                0                 0                
1717851458        0                0                 0                0                 0                0                 0                0                 0                0                 0                0                 0                0                 0                
1717851468        0                0                 0                0                 0                0                 0                0                 0                0                 0                0                 0                0                 0                
1717851478        0                0                 0                0                 0                0                 0                0                 0                0                 0                0                 0                0                 0                
1717851488        0                0                 0                0                 0                0                 0                0                 0                0                 0                0                 0                0                 0                
1717851499        0                0                 0                0                 0                0                 0                0                 0                0                 0                0                 0                0                 0                
1717851509        0                0                 0                0                 0                0                 0                0                 0                0                 0                0                 0                0                 0                
1717851519        0                0                 0                0                 0                0                 0                0                 0                0                 0                0                 0                0                 0                
1717851529        0                0                 0                0                 0                0                 0                0                 0                0                 0                0                 0                0                 0                
1717851539        0                0                 0                0                 0                0                 0                0                 0                0                 0                0                 0                0                 0                
1717851549        0                0                 0                0                 0                0                 0                0                 0                0                 0                0                 0                0                 0                
1717851560        0                0                 0                0                 0                0                 0                0                 0                0                 0                0                 0                0                 0                
1717851570        0                0                 0                0                 0                0                 0                0                 0                0                 0                0                 0                0                 0                
1717851580        0                0                 0                0                 0                0                 0                0                 0                0                 0                0                 0                0                 0                
1717851590        0                0                 0                0                 0                0                 0                0                 0                0                 0                0                 0                0                 0                
1717851601        0                0                 0                0                 0                0                 0                0                 0                0                 0                0                 0                0                 0                
1717851611        0                0                 0                0                 0                0                 0                0                 0                0                 0                0                 0                0                 0                
1717851621        0                0                 0                0                 0                0                 0                0                 0                0                 0                0                 0                0                 0                
1717851631        0                0                 0                0                 0                0                 0                0                 0                0                 0                0                 0                0                 0                
1717851641        0                0                 0                0                 0                0                 0                0                 0                0                 0                0                 0                0                 0                
1717851651        0                0                 0                0                 0                0                 0                0                 0                0                 0                0                 0                0                 0                
1717851661        0                0                 0                0                 0                0                 0                0                 0                0                 0                0                 0                0                 0                
1717851672        0                0                 0                0                 0                0                 0                0                 0                0                 0                0                 0                0                 0                
1717851682        0                0                 0                0                 0                0                 0                0                 0                0                 0                0                 0                0                 0                
1717851692        0                0                 0                0                 0                0                 0                0                 0                0                 0                0                 0                0                 0                
1717851702        0                0                 0                0                 0                0                 0                0                 0                0                 0                0                 0                0                 0                
1717851712        0                0                 0                0                 0                0                 0                0                 0                0                 0                0                 0                0                 0                
1717851722        0                0                 0                0                 0                0                 0                0                 0                0                 0                0                 0                0                 0                
1717851733        0                0                 0                0                 0                0                 0                0                 0                0                 0                0                 0                0                 0                
1717851743        0                0                 0                0                 0                0                 0                0                 0                0                 0                0                 0                0                 0                
1717851753        0                0                 0                0                 0                0                 0                0                 0                0                 0                0                 0                0                 0                
1717851763        0                0                 0                0                 0                0                 0                0                 0                0                 0                0                 0                0                 0                
1717851773        0                0                 0                0                 0                0                 0                0                 0                0                 0                0                 0                0                 0                
1717851783        0                0                 0                0                 0                0                 0                0                 0                0                 0                0                 0                0                 0                
1717851794        0                0                 0                0                 0                0                 0                0                 0                0                 0                0                 0                0                 0                
1717851804        0                0                 0                0                 0                0                 0                0                 0                0                 0                0                 0                0                 0                
1717851814        0                0                 0                0                 0                0                 0                0                 0                0                 0                0                 0                0                 0                
1717851824        0                0                 0                0                 0                0                 0                0                 0                0                 0                0                 0                0                 0                
1717851834        0                0                 0                0                 0                0                 0                0                 0                0                 0                0                 0                0                 0                
1717851844        0                0                 0                0                 0                0                 0                0                 0                0                 0                0                 0                0                 0                
1717851854        0                0                 0                0                 0                0                 0                0                 0                0                 0                0                 0                0                 0                
1717851865        0                0                 0                0                 0                0                 0                0                 0                0                 0                0                 0                0                 0                
1717851875        0                0                 0                0                 0                0                 0                0                 0                0                 0                0                 0                0                 0                
1717851885        0                0                 0                0                 0                0                 0                0                 0                0                 0                0                 0                0                 0                
1717851895        0                0                 0                0                 0                0                 0                0                 0                0                 0                0                 0                0                 0                
1717851905        0                0                 0                0                 0                0                 0                0                 0                0                 0                0                 0                0                 0                
1717851915        0                0                 0                0                 0                0                 0                0                 0                0                 0                0                 0                0                 0                
1717851926        0                0                 0                0                 0                0                 0                0                 0                0                 0                0                 0                0                 0                
1717851936        0                0                 0                0                 0                0                 0                0                 0                0                 0                0                 0                0                 0                
1717851946        0                0                 0                0                 0                0                 0                0                 0                0                 0                0                 0                0                 0                
1717851956        0                0                 0                0                 0                0                 0                0                 0                0                 0                0                 0                0                 0                
1717851966        0                0                 0                0                 0                0                 0                0                 0                0                 0                0                 0                0                 0                
1717851976        0                0                 0                0                 0                0                 0                0                 0                0                 0                0                 0                0                 0                
1717851987        0                0                 0                0                 0                0                 0                0                 0                0                 0                0                 0                0                 0                
1717851997        0                0                 0                0                 0                0                 0                0                 0                0                 0                0                 0                0                 0                
1717852007        0                0                 0                0                 0                0                 0                0                 0                0                 0                0                 0                0                 0                
1717852017        0                0                 0                0                 0                0                 0                0                 0                0                 0                0                 0                0                 0                
1717852027        0                0                 0                0                 0                0                 0                0                 0                0                 0                0                 0                0                 0                
1717852037        0                0                 0                0                 0                0                 0                0                 0                0                 0                0                 0                0                 0                
1717852048        0                0                 0                0                 0                0                 0                0                 0                0                 0                0                 0                0                 0                
1717852058        0                0                 0                0                 0                0                 0                0                 0                0                 0                0                 0                0                 0                
1717852068        0                0                 0                0                 0                0                 0                0                 0                0                 0                0                 0                0                 0                
1717852078        0                0                 0                0                 0                0                 0                0                 0                0                 0                0                 0                0                 0                
1717852088        0                0                 0                0                 0                0                 0                0                 0                0                 0                0                 0                0                 0                
1717852098        0                0                 0                0                 0                0                 0                0                 0                0                 0                0                 0                0                 0                
1717852109        0                0                 0                0                 0                0                 0                0                 0                0                 0                0                 0                0                 0                
1717852119        0                0                 0                0                 0                0                 0                0                 0                0                 0                0                 0                0                 0                
1717852129        0                0                 0                0                 0                0                 0                0                 0                0                 0                0                 0                0                 0                
1717852139        0                0                 0                0                 0                0                 0                0                 0                0                 0                0                 0                0                 0                
1717852149        0                0                 0                0                 0                0                 0                0                 0                0                 0                0                 0                0                 0                
1717852159        0                0                 0                0                 0                0                 0                0                 0                0                 0                0                 0                0                 0                
1717852170        0                0                 0                0                 0                0                 0                0                 0                0                 0                0                 0                0                 0                
1717852180        0                0                 0                0                 0                0                 0                0                 0                0                 0                0                 0                0                 0                
1717852190        0                0                 0                0                 0                0                 0                0                 0                0                 0                0                 0                0                 0                
1717852200        0                0                 0                0                 0                0                 0                0                 0                0                 0                0                 0                0                 0                
1717852210        0                0                 0                0                 0                0                 0                0                 0                0                 0                0                 0                0                 0                
1717852220        0                0                 0                0                 0                0                 0                0                 0                0                 0                0                 0                0                 0                
1717852231        0                0                 0                0                 0                0                 0                0                 0                0                 0                0                 0                0                 0                
1717852241        0                0                 0                0                 0                0                 0                0                 0                0                 0                0                 0                0                 0                
1717852251        0                0                 0                0                 0                0                 0                0                 0                0                 0                0                 0                0                 0                
1717852261        0                0                 0                0                 0                0                 0                0                 0                0                 0                0                 0                0                 0                
1717852271        0                0                 0                0                 0                0                 0                0                 0                0                 0                0                 0                0                 0                
1717852281        0                0                 0                0                 0                0                 0                0                 0                0                 0                0                 0                0                 0                
1717852291        0                0                 0                0                 0                0                 0                0                 0                0                 0                0                 0                0                 0                
1717852302        0                0                 0                0                 0                0                 0                0                 0                0                 0                0                 0                0                 0                
1717852312        0                0                 0                0                 0                0                 0                0                 0                0                 0                0                 0                0                 0                
1717852322        0                0                 0                0                 0                0                 0                0                 0                0                 0                0                 0                0                 0                
1717852332        0                0                 0                0                 0                0                 0                0                 0                0                 0                0                 0                0                 0                
1717852342        0                0                 0                0                 0                0                 0                0                 0                0                 0                0                 0                0                 0                
1717852353        0                0                 0                0                 0                0                 0                0                 0                0                 0                0                 0                0                 0                
1717852363        0                0                 0                0                 0                0                 0                0                 0                0                 0                0                 0                0                 0                
1717852373        0                0                 0                0                 0                0                 0                0                 0                0                 0                0                 0                0                 0                
1717852383        0                0                 0                0                 0                0                 0                0                 0                0                 0                0                 0                0                 0                
1717852393        0                0                 0                0                 0                0                 0                0                 0                0                 0                0                 0                0                 0                
1717852403        0                0                 0                0                 0                0                 0                0                 0                0                 0                0                 0                0                 0                
1717852414        0                0                 0                0                 0                0                 0                0                 0                0                 0                0                 0                0                 0                
1717852424        0                0                 0                0                 0                0                 0                0                 0                0                 0                0                 0                0                 0                
1717852434        0                0                 0                0                 0                0                 0                0                 0                0                 0                0                 0                0                 0                
1717852444        0                0                 0                0                 0                0                 0                0                 0                0                 0                0                 0                0                 0                
1717852454        0                0                 0                0                 0                0                 0                0                 0                0                 0                0                 0                0                 0                
1717852464        0                0                 0                0                 0                0                 0                0                 0                0                 0                0                 0                0                 0                
1717852475        0                0                 0                0                 0                0                 0                0                 0                0                 0                0                 0                0                 0                
1717852485        0                0                 0                0                 0                0                 0                0                 0                0                 0                0                 0                0                 0                
1717852495        0                0                 0                0                 0                0                 0                0                 0                0                 0                0                 0                0                 0                
1717852505        0                0                 0                0                 0                0                 0                0                 0                0                 0                0                 0                0                 0                
1717852515        0                0                 0                0                 0                0                 0                0                 0                0                 0                0                 0                0                 0                
1717852525        0                0                 0                0                 0                0                 0                0                 0                0                 0                0                 0                0                 0                
1717852536        0                0                 0                0                 0                0                 0                0                 0                0                 0                0                 0                0                 0                
1717852546        0                0                 0                0                 0                0                 0                0                 0                0                 0                0                 0                0                 0                
1717852556        0                0                 0                0                 0                0                 0                0                 0                0                 0                0                 0                0                 0                
1717852566        0                0                 0                0                 0                0                 0                0                 0                0                 0                0                 0                0                 0                
1717852576        0                0                 0                0                 0                0                 0                0                 0                0                 0                0                 0                0                 0                
1717852586        0                0                 0                0                 0                0                 0                0                 0                0                 0                0                 0                0                 0                
1717852597        0                0                 0                0                 0                0                 0                0                 0                0                 0                0                 0                0                 0                
1717852607        0                0                 0                0                 0                0                 0                0                 0                0                 0                0                 0                0                 0                
1717852617        0                0                 0                0                 0                0                 0                0                 0                0                 0                0                 0                0                 0                
1717852627        0                0                 0                0                 0                0                 0                0                 0                0                 0                0                 0                0                 0                
1717852637        0                0                 0                0                 0                0                 0                0                 0                0                 0                0                 0                0                 0                
1717852647        0                0                 0                0                 0                0                 0                0                 0                0                 0                0                 0                0                 0                
1717852658        0                0                 0                0                 0                0                 0                0                 0                0                 0                0                 0                0                 0                
1717852668        0                0                 0                0                 0                0                 0                0                 0                0                 0                0                 0                0                 0                
1717852678        0                0                 0                0                 0                0                 0                0                 0                0                 0                0                 0                0                 0                
1717852688        0                0                 0                0                 0                0                 0                0                 0                0                 0                0                 0                0                 0                
1717852698        0                0                 0                0                 0                0                 0                0                 0                0                 0                0                 0                0                 0                
1717852708        0                0                 0                0                 0                0                 0                0                 0                0                 0                0                 0                0                 0                
1717852719        0                0                 0                0                 0                0                 0                0                 0                0                 0                0                 0                0                 0                
1717852729        0                0                 0                0                 0                0                 0                0                 0                0                 0                0                 0                0                 0                
1717852739        0                0                 0                0                 0                0                 0                0                 0                0                 0                0                 0                0                 0                
1717852749        0                0                 0                0                 0                0                 0                0                 0                0                 0                0                 0                0                 0                
1717852759        0                0                 0                0                 0                0                 0                0                 0                0                 0                0                 0                0                 0                
1717852769        0                0                 0                0                 0                0                 0                0                 0                0                 0                0                 0                0                 0                
1717852780        0                0                 0                0                 0                0                 0                0                 0                0                 0                0                 0                0                 0                
1717852790        0                0                 0                0                 0                0                 0                0                 0                0                 0                0                 0                0                 0                
1717852800        0                0                 0                0                 0                0                 0                0                 0                0                 0                0                 0                0                 0                
1717852810        0                0                 0                0                 0                0                 0                0                 0                0                 0                0                 0                0                 0                
1717852820        0                0                 0                0                 0                0                 0                0                 0                0                 0                0                 0                0                 0                
1717852830        0                0                 0                0                 0                0                 0                0                 0                0                 0                0                 0                0                 0                
1717852841        0                0                 0                0                 0                0                 0                0                 0                0                 0                0                 0                0                 0                
1717852851        0                0                 0                0                 0                0                 0                0                 0                0                 0                0                 0                0                 0                
1717852861        0                0                 0                0                 0                0                 0                0                 0                0                 0                0                 0                0                 0                
1717852871        0                0                 0                0                 0                0                 0                0                 0                0                 0                0                 0                0                 0                
1717852881        0                0                 0                0                 0                0                 0                0                 0                0                 0                0                 0                0                 0                
1717852891        0                0                 0                0                 0                0                 0                0                 0                0                 0                0                 0                0                 0                
1717852902        0                0                 0                0                 0                0                 0                0                 0                0                 0                0                 0                0                 0                
1717852912        0                0                 0                0                 0                0                 0                0                 0                0                 0                0                 0                0                 0                
1717852922        0                0                 0                0                 0                0                 0                0                 0                0                 0                0                 0                0                 0                
1717852932        0                0                 0                0                 0                0                 0                0                 0                0                 0                0                 0                0                 0                
1717852943        0                0                 0                0                 0                0                 0                0                 0                0                 0                0                 0                0                 0                
1717852953        0                0                 0                0                 0                0                 0                0                 0                0                 0                0                 0                0                 0                
1717852963        0                0                 0                0                 0                0                 0                0                 0                0                 0                0                 0                0                 0                
1717852974        0                0                 0                0                 0                0                 0                0                 0                0                 0                0                 0                0                 0                
1717852984        0                0                 0                0                 0                0                 0                0                 0                0                 0                0                 0                0                 0                
1717852994        0                0                 0                0                 0                0                 0                0                 0                0                 0                0                 0                0                 0                
1717853004        0                0                 0                0                 0                0                 0                0                 0                0                 0                0                 0                0                 0                
1717853014        0                0                 0                0                 0                0                 0                0                 0                0                 0                0                 0                0                 0                
1717853024        0                0                 0                0                 0                0                 0                0                 0                0                 0                0                 0                0                 0                
1717853035        0                0                 0                0                 0                0                 0                0                 0                0                 0                0                 0                0                 0                
1717853045        0                0                 0                0                 0                0                 0                0                 0                0                 0                0                 0                0                 0                
1717853055        0                0                 0                0                 0                0                 0                0                 0                0                 0                0                 0                0                 0                
1717853065        0                0                 0                0                 0                0                 0                0                 0                0                 0                0                 0                0                 0                
1717853075        0                0                 0                0                 0                0                 0                0                 0                0                 0                0                 0                0                 0                
1717853085        0                0                 0                0                 0                0                 0                0                 0                0                 0                0                 0                0                 0                
1717853096        0                0                 0                0                 0                0                 0                0                 0                0                 0                0                 0                0                 0                
1717853106        0                0                 0                0                 0                0                 0                0                 0                0                 0                0                 0                0                 0                
1717853116        0                0                 0                0                 0                0                 0                0                 0                0                 0                0                 0                0                 0                
1717853126        0                0                 0                0                 0                0                 0                0                 0                0                 0                0                 0                0                 0                
1717853136        0                0                 0                0                 0                0                 0                0                 0                0                 0                0                 0                0                 0                
1717853146        0                0                 0                0                 0                0                 0                0                 0                0                 0                0                 0                0                 0                
1717853156        0                0                 0                0                 0                0                 0                0                 0                0                 0                0                 0                0                 0                
1717853167        0                0                 0                0                 0                0                 0                0                 0                0                 0                0                 0                0                 0                
1717853177        0                0                 0                0                 0                0                 0                0                 0                0                 0                0                 0                0                 0                
1717853187        0                0                 0                0                 0                0                 0                0                 0                0                 0                0                 0                0                 0                
1717853197        0                0                 0                0                 0                0                 0                0                 0                0                 0                0                 0                0                 0                
1717853207        0                0                 0                0                 0                0                 0                0                 0                0                 0                0                 0                0                 0                
1717853217        0                0                 0                0                 0                0                 0                0                 0                0                 0                0                 0                0                 0                
1717853228        0                0                 0                0                 0                0                 0                0                 0                0                 0                0                 0                0                 0                
1717853238        0                0                 0                0                 0                0                 0                0                 0                0                 0                0                 0                0                 0                
1717853248        0                0                 0                0                 0                0                 0                0                 0                0                 0                0                 0                0                 0                
1717853258        0                0                 0                0                 0                0                 0                0                 0                0                 0                0                 0                0                 0                
1717853268        0                0                 0                0                 0                0                 0                0                 0                0                 0                0                 0                0                 0                
1717853278        0                0                 0                0                 0                0                 0                0                 0                0                 0                0                 0                0                 0                
1717853289        0                0                 0                0                 0                0                 0                0                 0                0                 0                0                 0                0                 0                
1717853299        0                0                 0                0                 0                0                 0                0                 0                0                 0                0                 0                0                 0                
1717853309        0                0                 0                0                 0                0                 0                0                 0                0                 0                0                 0                0                 0                
1717853319        0                0                 0                0                 0                0                 0                0                 0                0                 0                0                 0                0                 0                
1717853329        0                0                 0                0                 0                0                 0                0                 0                0                 0                0                 0                0                 0                
1717853339        0                0                 0                0                 0                0                 0                0                 0                0                 0                0                 0                0                 0                
1717853350        0                0                 0                0                 0                0                 0                0                 0                0                 0                0                 0                0                 0                
1717853360        0                0                 0                0                 0                0                 0                0                 0                0                 0                0                 0                0                 0                
1717853370        0                0                 0                0                 0                0                 0                0                 0                0                 0                0                 0                0                 0                
1717853380        0                0                 0                0                 0                0                 0                0                 0                0                 0                0                 0                0                 0                
1717853390        0                0                 0                0                 0                0                 0                0                 0                0                 0                0                 0                0                 0                
1717853400        0                0                 0                0                 0                0                 0                0                 0                0                 0                0                 0                0                 0                
1717853411        0                0                 0                0                 0                0                 0                0                 0                0                 0                0                 0                0                 0                
1717853421        0                0                 0                0                 0                0                 0                0                 0                0                 0                0                 0                0                 0                
1717853431        0                0                 0                0                 0                0                 0                0                 0                0                 0                0                 0                0                 0                
1717853441        0                0                 0                0                 0                0                 0                0                 0                0                 0                0                 0                0                 0                
1717853451        0                0                 0                0                 0                0                 0                0                 0                0                 0                0                 0                0                 0                
1717853461        0                0                 0                0                 0                0                 0                0                 0                0                 0                0                 0                0                 0                
1717853472        0                0                 0                0                 0                0                 0                0                 0                0                 0                0                 0                0                 0                
1717853482        0                0                 0                0                 0                0                 0                0                 0                0                 0                0                 0                0                 0                
1717853492        0                0                 0                0                 0                0                 0                0                 0                0                 0                0                 0                0                 0                
1717853502        0                0                 0                0                 0                0                 0                0                 0                0                 0                0                 0                0                 0                
1717853512        0                0                 0                0                 0                0                 0                0                 0                0                 0                0                 0                0                 0                
1717853522        0                0                 0                0                 0                0                 0                0                 0                0                 0                0                 0                0                 0                
1717853533        0                0                 0                0                 0                0                 0                0                 0                0                 0                0                 0                0                 0                
