TIMESTAMP        home1-RQ         home1-RD         home1-WR         work2-RQ         work2-RD         work2-WR         scratch1-RQ      scratch1-RD      scratch1-WR      scratch2-RQ      scratch2-RD      scratch2-WR      scratch3-RQ      scratch3-RD      scratch3-WR      
1717837433        0                0                 0                0                 0                0                 0                0                 0                0                 0                0                 0                0                 0                
1717837444        0                0                 0                0                 0                0                 0                0                 0                0                 0                0                 0                0                 0                
1717837454        0                0                 0                0                 0                0                 0                0                 0                0                 0                0                 0                0                 0                
1717837464        0                0                 0                0                 0                0                 0                0                 0                0                 0                0                 0                0                 0                
1717837474        0                0                 0                0                 0                0                 0                0                 0                0                 0                0                 0                0                 0                
1717837484        0                0                 0                0                 0                0                 0                0                 0                0                 0                0                 0                0                 0                
1717837495        0                0                 0                0                 0                0                 0                0                 0                0                 0                0                 0                0                 0                
1717837505        0                0                 0                0                 0                0                 0                0                 0                0                 0                0                 0                0                 0                
1717837516        0                0                 0                0                 0                0                 0                0                 0                0                 0                0                 0                0                 0                
1717837526        0                0                 0                0                 0                0                 0                0                 0                0                 0                0                 0                0                 0                
1717837536        0                0                 0                0                 0                0                 0                0                 0                0                 0                0                 0                0                 0                
1717837547        0                0                 0                0                 0                0                 0                0                 0                0                 0                0                 0                0                 0                
1717837557        0                0                 0                0                 0                0                 0                0                 0                0                 0                0                 0                0                 0                
1717837567        0                0                 0                0                 0                0                 0                0                 0                0                 0                0                 0                0                 0                
1717837578        0                0                 0                0                 0                0                 0                0                 0                0                 0                0                 0                0                 0                
1717837588        0                0                 0                0                 0                0                 0                0                 0                0                 0                0                 0                0                 0                
1717837598        0                0                 0                0                 0                0                 0                0                 0                0                 0                0                 0                0                 0                
1717837609        0                0                 0                0                 0                0                 0                0                 0                0                 0                0                 0                0                 0                
1717837621        0                0                 0                0                 0                0                 0                0                 0                0                 0                0                 0                0                 0                
1717837631        0                0                 0                0                 0                0                 0                0                 0                0                 0                0                 0                0                 0                
1717837642        0                0                 0                0                 0                0                 0                0                 0                0                 0                0                 0                0                 0                
1717837652        0                0                 0                0                 0                0                 0                0                 0                0                 0                0                 0                0                 0                
1717837662        0                0                 0                0                 0                0                 0                0                 0                0                 0                0                 0                0                 0                
1717837673        0                0                 0                0                 0                0                 0                0                 0                0                 0                0                 0                0                 0                
1717837683        0                0                 0                0                 0                0                 0                0                 0                0                 0                0                 0                0                 0                
1717837693        0                0                 0                0                 0                0                 0                0                 0                0                 0                0                 0                0                 0                
1717837703        0                0                 0                0                 0                0                 0                0                 0                0                 0                0                 0                0                 0                
1717837714        0                0                 0                0                 0                0                 0                0                 0                0                 0                0                 0                0                 0                
1717837724        0                0                 0                0                 0                0                 0                0                 0                0                 0                0                 0                0                 0                
1717837734        0                0                 0                0                 0                0                 0                0                 0                0                 0                0                 0                0                 0                
1717837745        0                0                 0                0                 0                0                 0                0                 0                0                 0                0                 0                0                 0                
1717837755        0                0                 0                0                 0                0                 0                0                 0                0                 0                0                 0                0                 0                
1717837766        0                0                 0                0                 0                0                 0                0                 0                0                 0                0                 0                0                 0                
1717837776        0                0                 0                0                 0                0                 0                0                 0                0                 0                0                 0                0                 0                
1717837786        0                0                 0                0                 0                0                 0                0                 0                0                 0                0                 0                0                 0                
1717837797        0                0                 0                0                 0                0                 0                0                 0                0                 0                0                 0                0                 0                
1717837807        0                0                 0                0                 0                0                 0                0                 0                0                 0                0                 0                0                 0                
1717837817        0                0                 0                0                 0                0                 0                0                 0                0                 0                0                 0                0                 0                
1717837828        0                0                 0                0                 0                0                 0                0                 0                0                 0                0                 0                0                 0                
1717837838        0                0                 0                0                 0                0                 0                0                 0                0                 0                0                 0                0                 0                
1717837848        0                0                 0                0                 0                0                 0                0                 0                0                 0                0                 0                0                 0                
1717837859        0                0                 0                0                 0                0                 0                0                 0                0                 0                0                 0                0                 0                
1717837869        0                0                 0                0                 0                0                 0                0                 0                0                 0                0                 0                0                 0                
1717837879        0                0                 0                0                 0                0                 0                0                 0                0                 0                0                 0                0                 0                
1717837890        0                0                 0                0                 0                0                 0                0                 0                0                 0                0                 0                0                 0                
1717837900        0                0                 0                0                 0                0                 0                0                 0                0                 0                0                 0                0                 0                
1717837910        0                0                 0                0                 0                0                 0                0                 0                0                 0                0                 0                0                 0                
1717837921        0                0                 0                0                 0                0                 0                0                 0                0                 0                0                 0                0                 0                
1717837931        0                0                 0                0                 0                0                 0                0                 0                0                 0                0                 0                0                 0                
1717837941        0                0                 0                0                 0                0                 0                0                 0                0                 0                0                 0                0                 0                
1717837952        0                0                 0                0                 0                0                 0                0                 0                0                 0                0                 0                0                 0                
1717837962        0                0                 0                0                 0                0                 0                0                 0                0                 0                0                 0                0                 0                
1717837972        0                0                 0                0                 0                0                 0                0                 0                0                 0                0                 0                0                 0                
1717837983        0                0                 0                0                 0                0                 0                0                 0                0                 0                0                 0                0                 0                
1717837993        0                0                 0                0                 0                0                 0                0                 0                0                 0                0                 0                0                 0                
1717838003        0                0                 0                0                 0                0                 0                0                 0                0                 0                0                 0                0                 0                
1717838014        0                0                 0                0                 0                0                 0                0                 0                0                 0                0                 0                0                 0                
1717838024        0                0                 0                0                 0                0                 0                0                 0                0                 0                0                 0                0                 0                
1717838034        0                0                 0                0                 0                0                 0                0                 0                0                 0                0                 0                0                 0                
1717838044        0                0                 0                0                 0                0                 0                0                 0                0                 0                0                 0                0                 0                
1717838055        0                0                 0                0                 0                0                 0                0                 0                0                 0                0                 0                0                 0                
1717838065        0                0                 0                0                 0                0                 0                0                 0                0                 0                0                 0                0                 0                
1717838075        0                0                 0                0                 0                0                 0                0                 0                0                 0                0                 0                0                 0                
1717838086        0                0                 0                0                 0                0                 0                0                 0                0                 0                0                 0                0                 0                
1717838096        0                0                 0                0                 0                0                 0                0                 0                0                 0                0                 0                0                 0                
1717838106        0                0                 0                0                 0                0                 0                0                 0                0                 0                0                 0                0                 0                
1717838117        0                0                 0                0                 0                0                 0                0                 0                0                 0                0                 0                0                 0                
1717838127        0                0                 0                0                 0                0                 0                0                 0                0                 0                0                 0                0                 0                
1717838138        0                0                 0                0                 0                0                 0                0                 0                0                 0                0                 0                0                 0                
1717838148        0                0                 0                0                 0                0                 0                0                 0                0                 0                0                 0                0                 0                
1717838158        0                0                 0                0                 0                0                 0                0                 0                0                 0                0                 0                0                 0                
1717838168        0                0                 0                0                 0                0                 0                0                 0                0                 0                0                 0                0                 0                
1717838179        0                0                 0                0                 0                0                 0                0                 0                0                 0                0                 0                0                 0                
1717838189        0                0                 0                0                 0                0                 0                0                 0                0                 0                0                 0                0                 0                
1717838199        0                0                 0                0                 0                0                 0                0                 0                0                 0                0                 0                0                 0                
1717838210        0                0                 0                0                 0                0                 0                0                 0                0                 0                0                 0                0                 0                
1717838220        0                0                 0                0                 0                0                 0                0                 0                0                 0                0                 0                0                 0                
1717838230        0                0                 0                0                 0                0                 0                0                 0                0                 0                0                 0                0                 0                
1717838241        0                0                 0                0                 0                0                 0                0                 0                0                 0                0                 0                0                 0                
1717838251        0                0                 0                0                 0                0                 0                0                 0                0                 0                0                 0                0                 0                
1717838261        0                0                 0                0                 0                0                 0                0                 0                0                 0                0                 0                0                 0                
1717838272        0                0                 0                0                 0                0                 0                0                 0                0                 0                0                 0                0                 0                
1717838282        0                0                 0                0                 0                0                 0                0                 0                0                 0                0                 0                0                 0                
1717838292        0                0                 0                0                 0                0                 0                0                 0                0                 0                0                 0                0                 0                
1717838303        0                0                 0                0                 0                0                 0                0                 0                0                 0                0                 0                0                 0                
1717838313        0                0                 0                0                 0                0                 0                0                 0                0                 0                0                 0                0                 0                
1717838323        0                0                 0                0                 0                0                 0                0                 0                0                 0                0                 0                0                 0                
1717838333        0                0                 0                0                 0                0                 0                0                 0                0                 0                0                 0                0                 0                
1717838344        0                0                 0                0                 0                0                 0                0                 0                0                 0                0                 0                0                 0                
1717838354        0                0                 0                0                 0                0                 0                0                 0                0                 0                0                 0                0                 0                
1717838364        0                0                 0                0                 0                0                 0                0                 0                0                 0                0                 0                0                 0                
1717838375        0                0                 0                0                 0                0                 0                0                 0                0                 0                0                 0                0                 0                
1717838385        0                0                 0                0                 0                0                 0                0                 0                0                 0                0                 0                0                 0                
1717838395        0                0                 0                0                 0                0                 0                0                 0                0                 0                0                 0                0                 0                
1717838406        0                0                 0                0                 0                0                 0                0                 0                0                 0                0                 0                0                 0                
1717838416        0                0                 0                0                 0                0                 0                0                 0                0                 0                0                 0                0                 0                
1717838426        0                0                 0                0                 0                0                 0                0                 0                0                 0                0                 0                0                 0                
1717838440        0                0                 0                0                 0                0                 0                0                 0                0                 0                0                 0                0                 0                
1717838451        0                0                 0                0                 0                0                 0                0                 0                0                 0                0                 0                0                 0                
1717838461        0                0                 0                0                 0                0                 0                0                 0                0                 0                0                 0                0                 0                
1717838471        0                0                 0                0                 0                0                 0                0                 0                0                 0                0                 0                0                 0                
1717838482        0                0                 0                0                 0                0                 0                0                 0                0                 0                0                 0                0                 0                
1717838492        0                0                 0                0                 0                0                 0                0                 0                0                 0                0                 0                0                 0                
1717838502        0                0                 0                0                 0                0                 0                0                 0                0                 0                0                 0                0                 0                
1717838513        0                0                 0                0                 0                0                 0                0                 0                0                 0                0                 0                0                 0                
1717838523        0                0                 0                0                 0                0                 0                0                 0                0                 0                0                 0                0                 0                
1717838533        0                0                 0                0                 0                0                 0                0                 0                0                 0                0                 0                0                 0                
1717838543        0                0                 0                0                 0                0                 0                0                 0                0                 0                0                 0                0                 0                
1717838554        0                0                 0                0                 0                0                 0                0                 0                0                 0                0                 0                0                 0                
1717838564        0                0                 0                0                 0                0                 0                0                 0                0                 0                0                 0                0                 0                
1717838574        0                0                 0                0                 0                0                 0                0                 0                0                 0                0                 0                0                 0                
1717838587        0                0                 0                0                 0                0                 0                0                 0                0                 0                0                 0                0                 0                
1717838600        0                0                 0                0                 0                0                 0                0                 0                0                 0                0                 0                0                 0                
1717838611        0                0                 0                0                 0                0                 0                0                 0                0                 0                0                 0                0                 0                
1717838621        0                0                 0                0                 0                0                 0                0                 0                0                 0                0                 0                0                 0                
1717838635        0                0                 0                0                 0                0                 0                0                 0                0                 0                0                 0                0                 0                
1717838654        0                0                 0                0                 0                0                 0                0                 0                0                 0                0                 0                0                 0                
1717838665        0                0                 0                0                 0                0                 0                0                 0                0                 0                0                 0                0                 0                
1717838675        0                0                 0                0                 0                0                 0                0                 0                0                 0                0                 0                0                 0                
1717838685        0                0                 0                0                 0                0                 0                0                 0                0                 0                0                 0                0                 0                
1717838696        0                0                 0                0                 0                0                 0                0                 0                0                 0                0                 0                0                 0                
1717838706        0                0                 0                0                 0                0                 0                0                 0                0                 0                0                 0                0                 0                
1717838716        0                0                 0                0                 0                0                 0                0                 0                0                 0                0                 0                0                 0                
1717838727        0                0                 0                0                 0                0                 0                0                 0                0                 0                0                 0                0                 0                
1717838737        0                0                 0                0                 0                0                 0                0                 0                0                 0                0                 0                0                 0                
1717838748        0                0                 0                0                 0                0                 0                0                 0                0                 0                0                 0                0                 0                
1717838758        0                0                 0                0                 0                0                 0                0                 0                0                 0                0                 0                0                 0                
1717838768        0                0                 0                0                 0                0                 0                0                 0                0                 0                0                 0                0                 0                
1717838779        0                0                 0                0                 0                0                 0                0                 0                0                 0                0                 0                0                 0                
1717838789        0                0                 0                0                 0                0                 0                0                 0                0                 0                0                 0                0                 0                
1717838799        0                0                 0                0                 0                0                 0                0                 0                0                 0                0                 0                0                 0                
1717838810        0                0                 0                0                 0                0                 0                0                 0                0                 0                0                 0                0                 0                
1717838820        0                0                 0                0                 0                0                 0                0                 0                0                 0                0                 0                0                 0                
1717838830        0                0                 0                0                 0                0                 0                0                 0                0                 0                0                 0                0                 0                
1717838840        0                0                 0                0                 0                0                 0                0                 0                0                 0                0                 0                0                 0                
1717838851        0                0                 0                0                 0                0                 0                0                 0                0                 0                0                 0                0                 0                
1717838861        0                0                 0                0                 0                0                 0                0                 0                0                 0                0                 0                0                 0                
1717838871        0                0                 0                0                 0                0                 0                0                 0                0                 0                0                 0                0                 0                
1717838882        0                0                 0                0                 0                0                 0                0                 0                0                 0                0                 0                0                 0                
1717838892        0                0                 0                0                 0                0                 0                0                 0                0                 0                0                 0                0                 0                
1717838902        0                0                 0                0                 0                0                 0                0                 0                0                 0                0                 0                0                 0                
1717838913        0                0                 0                0                 0                0                 0                0                 0                0                 0                0                 0                0                 0                
1717838923        0                0                 0                0                 0                0                 0                0                 0                0                 0                0                 0                0                 0                
1717838933        0                0                 0                0                 0                0                 0                0                 0                0                 0                0                 0                0                 0                
1717838944        0                0                 0                0                 0                0                 0                0                 0                0                 0                0                 0                0                 0                
1717838954        0                0                 0                0                 0                0                 0                0                 0                0                 0                0                 0                0                 0                
1717838964        0                0                 0                0                 0                0                 0                0                 0                0                 0                0                 0                0                 0                
1717838974        0                0                 0                0                 0                0                 0                0                 0                0                 0                0                 0                0                 0                
1717838985        0                0                 0                0                 0                0                 0                0                 0                0                 0                0                 0                0                 0                
1717838995        0                0                 0                0                 0                0                 0                0                 0                0                 0                0                 0                0                 0                
1717839005        0                0                 0                0                 0                0                 0                0                 0                0                 0                0                 0                0                 0                
1717839016        0                0                 0                0                 0                0                 0                0                 0                0                 0                0                 0                0                 0                
1717839026        0                0                 0                0                 0                0                 0                0                 0                0                 0                0                 0                0                 0                
1717839036        0                0                 0                0                 0                0                 0                0                 0                0                 0                0                 0                0                 0                
1717839047        0                0                 0                0                 0                0                 0                0                 0                0                 0                0                 0                0                 0                
1717839057        0                0                 0                0                 0                0                 0                0                 0                0                 0                0                 0                0                 0                
1717839067        0                0                 0                0                 0                0                 0                0                 0                0                 0                0                 0                0                 0                
1717839078        0                0                 0                0                 0                0                 0                0                 0                0                 0                0                 0                0                 0                
1717839088        0                0                 0                0                 0                0                 0                0                 0                0                 0                0                 0                0                 0                
1717839098        0                0                 0                0                 0                0                 0                0                 0                0                 0                0                 0                0                 0                
1717839109        0                0                 0                0                 0                0                 0                0                 0                0                 0                0                 0                0                 0                
1717839119        0                0                 0                0                 0                0                 0                0                 0                0                 0                0                 0                0                 0                
1717839129        0                0                 0                0                 0                0                 0                0                 0                0                 0                0                 0                0                 0                
1717839140        0                0                 0                0                 0                0                 0                0                 0                0                 0                0                 0                0                 0                
1717839150        0                0                 0                0                 0                0                 0                0                 0                0                 0                0                 0                0                 0                
1717839160        0                0                 0                0                 0                0                 0                0                 0                0                 0                0                 0                0                 0                
1717839170        0                0                 0                0                 0                0                 0                0                 0                0                 0                0                 0                0                 0                
1717839181        0                0                 0                0                 0                0                 0                0                 0                0                 0                0                 0                0                 0                
1717839191        0                0                 0                0                 0                0                 0                0                 0                0                 0                0                 0                0                 0                
1717839201        0                0                 0                0                 0                0                 0                0                 0                0                 0                0                 0                0                 0                
1717839212        0                0                 0                0                 0                0                 0                0                 0                0                 0                0                 0                0                 0                
1717839222        0                0                 0                0                 0                0                 0                0                 0                0                 0                0                 0                0                 0                
1717839232        0                0                 0                0                 0                0                 0                0                 0                0                 0                0                 0                0                 0                
1717839243        0                0                 0                0                 0                0                 0                0                 0                0                 0                0                 0                0                 0                
1717839253        0                0                 0                0                 0                0                 0                0                 0                0                 0                0                 0                0                 0                
1717839263        0                0                 0                0                 0                0                 0                0                 0                0                 0                0                 0                0                 0                
1717839274        0                0                 0                0                 0                0                 0                0                 0                0                 0                0                 0                0                 0                
1717839284        0                0                 0                0                 0                0                 0                0                 0                0                 0                0                 0                0                 0                
1717839294        0                0                 0                0                 0                0                 0                0                 0                0                 0                0                 0                0                 0                
1717839305        0                0                 0                0                 0                0                 0                0                 0                0                 0                0                 0                0                 0                
1717839315        0                0                 0                0                 0                0                 0                0                 0                0                 0                0                 0                0                 0                
1717839325        0                0                 0                0                 0                0                 0                0                 0                0                 0                0                 0                0                 0                
1717839335        0                0                 0                0                 0                0                 0                0                 0                0                 0                0                 0                0                 0                
1717839346        0                0                 0                0                 0                0                 0                0                 0                0                 0                0                 0                0                 0                
1717839356        0                0                 0                0                 0                0                 0                0                 0                0                 0                0                 0                0                 0                
1717839366        0                0                 0                0                 0                0                 0                0                 0                0                 0                0                 0                0                 0                
1717839377        0                0                 0                0                 0                0                 0                0                 0                0                 0                0                 0                0                 0                
1717839387        0                0                 0                0                 0                0                 0                0                 0                0                 0                0                 0                0                 0                
1717839397        0                0                 0                0                 0                0                 0                0                 0                0                 0                0                 0                0                 0                
1717839408        0                0                 0                0                 0                0                 0                0                 0                0                 0                0                 0                0                 0                
1717839418        0                0                 0                0                 0                0                 0                0                 0                0                 0                0                 0                0                 0                
1717839428        0                0                 0                0                 0                0                 0                0                 0                0                 0                0                 0                0                 0                
1717839439        0                0                 0                0                 0                0                 0                0                 0                0                 0                0                 0                0                 0                
1717839449        0                0                 0                0                 0                0                 0                0                 0                0                 0                0                 0                0                 0                
1717839459        0                0                 0                0                 0                0                 0                0                 0                0                 0                0                 0                0                 0                
1717839470        0                0                 0                0                 0                0                 0                0                 0                0                 0                0                 0                0                 0                
1717839480        0                0                 0                0                 0                0                 0                0                 0                0                 0                0                 0                0                 0                
1717839490        0                0                 0                0                 0                0                 0                0                 0                0                 0                0                 0                0                 0                
1717839500        0                0                 0                0                 0                0                 0                0                 0                0                 0                0                 0                0                 0                
1717839511        0                0                 0                0                 0                0                 0                0                 0                0                 0                0                 0                0                 0                
1717839521        0                0                 0                0                 0                0                 0                0                 0                0                 0                0                 0                0                 0                
1717839531        0                0                 0                0                 0                0                 0                0                 0                0                 0                0                 0                0                 0                
1717839542        0                0                 0                0                 0                0                 0                0                 0                0                 0                0                 0                0                 0                
1717839552        0                0                 0                0                 0                0                 0                0                 0                0                 0                0                 0                0                 0                
1717839562        0                0                 0                0                 0                0                 0                0                 0                0                 0                0                 0                0                 0                
1717839573        0                0                 0                0                 0                0                 0                0                 0                0                 0                0                 0                0                 0                
1717839583        0                0                 0                0                 0                0                 0                0                 0                0                 0                0                 0                0                 0                
1717839593        0                0                 0                0                 0                0                 0                0                 0                0                 0                0                 0                0                 0                
1717839604        0                0                 0                0                 0                0                 0                0                 0                0                 0                0                 0                0                 0                
1717839614        0                0                 0                0                 0                0                 0                0                 0                0                 0                0                 0                0                 0                
1717839624        0                0                 0                0                 0                0                 0                0                 0                0                 0                0                 0                0                 0                
1717839635        0                0                 0                0                 0                0                 0                0                 0                0                 0                0                 0                0                 0                
1717839645        0                0                 0                0                 0                0                 0                0                 0                0                 0                0                 0                0                 0                
1717839655        0                0                 0                0                 0                0                 0                0                 0                0                 0                0                 0                0                 0                
1717839665        0                0                 0                0                 0                0                 0                0                 0                0                 0                0                 0                0                 0                
1717839676        0                0                 0                0                 0                0                 0                0                 0                0                 0                0                 0                0                 0                
1717839686        0                0                 0                0                 0                0                 0                0                 0                0                 0                0                 0                0                 0                
1717839696        0                0                 0                0                 0                0                 0                0                 0                0                 0                0                 0                0                 0                
1717839707        0                0                 0                0                 0                0                 0                0                 0                0                 0                0                 0                0                 0                
1717839717        0                0                 0                0                 0                0                 0                0                 0                0                 0                0                 0                0                 0                
1717839727        0                0                 0                0                 0                0                 0                0                 0                0                 0                0                 0                0                 0                
1717839738        0                0                 0                0                 0                0                 0                0                 0                0                 0                0                 0                0                 0                
1717839748        0                0                 0                0                 0                0                 0                0                 0                0                 0                0                 0                0                 0                
1717839758        0                0                 0                0                 0                0                 0                0                 0                0                 0                0                 0                0                 0                
1717839769        0                0                 0                0                 0                0                 0                0                 0                0                 0                0                 0                0                 0                
1717839779        0                0                 0                0                 0                0                 0                0                 0                0                 0                0                 0                0                 0                
1717839789        0                0                 0                0                 0                0                 0                0                 0                0                 0                0                 0                0                 0                
1717839800        0                0                 0                0                 0                0                 0                0                 0                0                 0                0                 0                0                 0                
1717839810        0                0                 0                0                 0                0                 0                0                 0                0                 0                0                 0                0                 0                
1717839820        0                0                 0                0                 0                0                 0                0                 0                0                 0                0                 0                0                 0                
1717839831        0                0                 0                0                 0                0                 0                0                 0                0                 0                0                 0                0                 0                
1717839841        0                0                 0                0                 0                0                 0                0                 0                0                 0                0                 0                0                 0                
1717839851        0                0                 0                0                 0                0                 0                0                 0                0                 0                0                 0                0                 0                
1717839861        0                0                 0                0                 0                0                 0                0                 0                0                 0                0                 0                0                 0                
1717839872        0                0                 0                0                 0                0                 0                0                 0                0                 0                0                 0                0                 0                
1717839882        0                0                 0                0                 0                0                 0                0                 0                0                 0                0                 0                0                 0                
1717839892        0                0                 0                0                 0                0                 0                0                 0                0                 0                0                 0                0                 0                
1717839903        0                0                 0                0                 0                0                 0                0                 0                0                 0                0                 0                0                 0                
1717839913        0                0                 0                0                 0                0                 0                0                 0                0                 0                0                 0                0                 0                
1717839923        0                0                 0                0                 0                0                 0                0                 0                0                 0                0                 0                0                 0                
1717839934        0                0                 0                0                 0                0                 0                0                 0                0                 0                0                 0                0                 0                
1717839944        0                0                 0                0                 0                0                 0                0                 0                0                 0                0                 0                0                 0                
1717839954        0                0                 0                0                 0                0                 0                0                 0                0                 0                0                 0                0                 0                
1717839965        0                0                 0                0                 0                0                 0                0                 0                0                 0                0                 0                0                 0                
1717839975        0                0                 0                0                 0                0                 0                0                 0                0                 0                0                 0                0                 0                
1717839985        0                0                 0                0                 0                0                 0                0                 0                0                 0                0                 0                0                 0                
1717839996        0                0                 0                0                 0                0                 0                0                 0                0                 0                0                 0                0                 0                
1717840006        0                0                 0                0                 0                0                 0                0                 0                0                 0                0                 0                0                 0                
1717840016        0                0                 0                0                 0                0                 0                0                 0                0                 0                0                 0                0                 0                
1717840026        0                0                 0                0                 0                0                 0                0                 0                0                 0                0                 0                0                 0                
1717840037        0                0                 0                0                 0                0                 0                0                 0                0                 0                0                 0                0                 0                
1717840047        0                0                 0                0                 0                0                 0                0                 0                0                 0                0                 0                0                 0                
1717840057        0                0                 0                0                 0                0                 0                0                 0                0                 0                0                 0                0                 0                
1717840068        0                0                 0                0                 0                0                 0                0                 0                0                 0                0                 0                0                 0                
1717840078        0                0                 0                0                 0                0                 0                0                 0                0                 0                0                 0                0                 0                
1717840088        0                0                 0                0                 0                0                 0                0                 0                0                 0                0                 0                0                 0                
1717840099        0                0                 0                0                 0                0                 0                0                 0                0                 0                0                 0                0                 0                
1717840109        0                0                 0                0                 0                0                 0                0                 0                0                 0                0                 0                0                 0                
1717840119        0                0                 0                0                 0                0                 0                0                 0                0                 0                0                 0                0                 0                
1717840130        0                0                 0                0                 0                0                 0                0                 0                0                 0                0                 0                0                 0                
1717840140        0                0                 0                0                 0                0                 0                0                 0                0                 0                0                 0                0                 0                
1717840150        0                0                 0                0                 0                0                 0                0                 0                0                 0                0                 0                0                 0                
1717840161        0                0                 0                0                 0                0                 0                0                 0                0                 0                0                 0                0                 0                
1717840171        0                0                 0                0                 0                0                 0                0                 0                0                 0                0                 0                0                 0                
1717840181        0                0                 0                0                 0                0                 0                0                 0                0                 0                0                 0                0                 0                
1717840192        0                0                 0                0                 0                0                 0                0                 0                0                 0                0                 0                0                 0                
1717840202        0                0                 0                0                 0                0                 0                0                 0                0                 0                0                 0                0                 0                
1717840212        0                0                 0                0                 0                0                 0                0                 0                0                 0                0                 0                0                 0                
1717840222        0                0                 0                0                 0                0                 0                0                 0                0                 0                0                 0                0                 0                
1717840233        0                0                 0                0                 0                0                 0                0                 0                0                 0                0                 0                0                 0                
1717840243        0                0                 0                0                 0                0                 0                0                 0                0                 0                0                 0                0                 0                
1717840254        0                0                 0                0                 0                0                 0                0                 0                0                 0                0                 0                0                 0                
1717840264        0                0                 0                0                 0                0                 0                0                 0                0                 0                0                 0                0                 0                
1717840275        0                0                 0                0                 0                0                 0                0                 0                0                 0                0                 0                0                 0                
1717840285        0                0                 0                0                 0                0                 0                0                 0                0                 0                0                 0                0                 0                
1717840295        0                0                 0                0                 0                0                 0                0                 0                0                 0                0                 0                0                 0                
1717840306        0                0                 0                0                 0                0                 0                0                 0                0                 0                0                 0                0                 0                
1717840316        0                0                 0                0                 0                0                 0                0                 0                0                 0                0                 0                0                 0                
1717840326        0                0                 0                0                 0                0                 0                0                 0                0                 0                0                 0                0                 0                
1717840337        0                0                 0                0                 0                0                 0                0                 0                0                 0                0                 0                0                 0                
1717840347        0                0                 0                0                 0                0                 0                0                 0                0                 0                0                 0                0                 0                
1717840357        0                0                 0                0                 0                0                 0                0                 0                0                 0                0                 0                0                 0                
1717840368        0                0                 0                0                 0                0                 0                0                 0                0                 0                0                 0                0                 0                
1717840378        0                0                 0                0                 0                0                 0                0                 0                0                 0                0                 0                0                 0                
1717840388        0                0                 0                0                 0                0                 0                0                 0                0                 0                0                 0                0                 0                
1717840399        0                0                 0                0                 0                0                 0                0                 0                0                 0                0                 0                0                 0                
1717840409        0                0                 0                0                 0                0                 0                0                 0                0                 0                0                 0                0                 0                
1717840419        0                0                 0                0                 0                0                 0                0                 0                0                 0                0                 0                0                 0                
1717840430        0                0                 0                0                 0                0                 0                0                 0                0                 0                0                 0                0                 0                
1717840440        0                0                 0                0                 0                0                 0                0                 0                0                 0                0                 0                0                 0                
1717840450        0                0                 0                0                 0                0                 0                0                 0                0                 0                0                 0                0                 0                
1717840461        0                0                 0                0                 0                0                 0                0                 0                0                 0                0                 0                0                 0                
1717840471        0                0                 0                0                 0                0                 0                0                 0                0                 0                0                 0                0                 0                
1717840481        0                0                 0                0                 0                0                 0                0                 0                0                 0                0                 0                0                 0                
1717840492        0                0                 0                0                 0                0                 0                0                 0                0                 0                0                 0                0                 0                
1717840502        0                0                 0                0                 0                0                 0                0                 0                0                 0                0                 0                0                 0                
1717840512        0                0                 0                0                 0                0                 0                0                 0                0                 0                0                 0                0                 0                
1717840522        0                0                 0                0                 0                0                 0                0                 0                0                 0                0                 0                0                 0                
1717840533        0                0                 0                0                 0                0                 0                0                 0                0                 0                0                 0                0                 0                
1717840543        0                0                 0                0                 0                0                 0                0                 0                0                 0                0                 0                0                 0                
1717840553        0                0                 0                0                 0                0                 0                0                 0                0                 0                0                 0                0                 0                
1717840564        0                0                 0                0                 0                0                 0                0                 0                0                 0                0                 0                0                 0                
1717840574        0                0                 0                0                 0                0                 0                0                 0                0                 0                0                 0                0                 0                
1717840584        0                0                 0                0                 0                0                 0                0                 0                0                 0                0                 0                0                 0                
1717840595        0                0                 0                0                 0                0                 0                0                 0                0                 0                0                 0                0                 0                
1717840605        0                0                 0                0                 0                0                 0                0                 0                0                 0                0                 0                0                 0                
1717840615        0                0                 0                0                 0                0                 0                0                 0                0                 0                0                 0                0                 0                
1717840626        0                0                 0                0                 0                0                 0                0                 0                0                 0                0                 0                0                 0                
1717840636        0                0                 0                0                 0                0                 0                0                 0                0                 0                0                 0                0                 0                
1717840646        0                0                 0                0                 0                0                 0                0                 0                0                 0                0                 0                0                 0                
1717840657        0                0                 0                0                 0                0                 0                0                 0                0                 0                0                 0                0                 0                
1717840667        0                0                 0                0                 0                0                 0                0                 0                0                 0                0                 0                0                 0                
1717840677        0                0                 0                0                 0                0                 0                0                 0                0                 0                0                 0                0                 0                
1717840687        0                0                 0                0                 0                0                 0                0                 0                0                 0                0                 0                0                 0                
1717840698        0                0                 0                0                 0                0                 0                0                 0                0                 0                0                 0                0                 0                
1717840708        0                0                 0                0                 0                0                 0                0                 0                0                 0                0                 0                0                 0                
1717840718        0                0                 0                0                 0                0                 0                0                 0                0                 0                0                 0                0                 0                
1717840729        0                0                 0                0                 0                0                 0                0                 0                0                 0                0                 0                0                 0                
1717840739        0                0                 0                0                 0                0                 0                0                 0                0                 0                0                 0                0                 0                
1717840749        0                0                 0                0                 0                0                 0                0                 0                0                 0                0                 0                0                 0                
1717840760        0                0                 0                0                 0                0                 0                0                 0                0                 0                0                 0                0                 0                
1717840770        0                0                 0                0                 0                0                 0                0                 0                0                 0                0                 0                0                 0                
1717840780        0                0                 0                0                 0                0                 0                0                 0                0                 0                0                 0                0                 0                
1717840791        0                0                 0                0                 0                0                 0                0                 0                0                 0                0                 0                0                 0                
1717840801        0                0                 0                0                 0                0                 0                0                 0                0                 0                0                 0                0                 0                
1717840811        0                0                 0                0                 0                0                 0                0                 0                0                 0                0                 0                0                 0                
1717840821        0                0                 0                0                 0                0                 0                0                 0                0                 0                0                 0                0                 0                
1717840832        0                0                 0                0                 0                0                 0                0                 0                0                 0                0                 0                0                 0                
1717840842        0                0                 0                0                 0                0                 0                0                 0                0                 0                0                 0                0                 0                
1717840852        0                0                 0                0                 0                0                 0                0                 0                0                 0                0                 0                0                 0                
1717840863        0                0                 0                0                 0                0                 0                0                 0                0                 0                0                 0                0                 0                
1717840873        0                0                 0                0                 0                0                 0                0                 0                0                 0                0                 0                0                 0                
1717840883        0                0                 0                0                 0                0                 0                0                 0                0                 0                0                 0                0                 0                
1717840894        0                0                 0                0                 0                0                 0                0                 0                0                 0                0                 0                0                 0                
1717840904        0                0                 0                0                 0                0                 0                0                 0                0                 0                0                 0                0                 0                
1717840914        0                0                 0                0                 0                0                 0                0                 0                0                 0                0                 0                0                 0                
1717840925        0                0                 0                0                 0                0                 0                0                 0                0                 0                0                 0                0                 0                
1717840935        0                0                 0                0                 0                0                 0                0                 0                0                 0                0                 0                0                 0                
1717840945        0                0                 0                0                 0                0                 0                0                 0                0                 0                0                 0                0                 0                
1717840956        0                0                 0                0                 0                0                 0                0                 0                0                 0                0                 0                0                 0                
1717840966        0                0                 0                0                 0                0                 0                0                 0                0                 0                0                 0                0                 0                
1717840976        0                0                 0                0                 0                0                 0                0                 0                0                 0                0                 0                0                 0                
1717840987        0                0                 0                0                 0                0                 0                0                 0                0                 0                0                 0                0                 0                
1717840997        0                0                 0                0                 0                0                 0                0                 0                0                 0                0                 0                0                 0                
1717841007        0                0                 0                0                 0                0                 0                0                 0                0                 0                0                 0                0                 0                
1717841017        0                0                 0                0                 0                0                 0                0                 0                0                 0                0                 0                0                 0                
1717841028        0                0                 0                0                 0                0                 0                0                 0                0                 0                0                 0                0                 0                
1717841038        0                0                 0                0                 0                0                 0                0                 0                0                 0                0                 0                0                 0                
1717841048        0                0                 0                0                 0                0                 0                0                 0                0                 0                0                 0                0                 0                
1717841059        0                0                 0                0                 0                0                 0                0                 0                0                 0                0                 0                0                 0                
1717841069        0                0                 0                0                 0                0                 0                0                 0                0                 0                0                 0                0                 0                
1717841079        0                0                 0                0                 0                0                 0                0                 0                0                 0                0                 0                0                 0                
1717841090        0                0                 0                0                 0                0                 0                0                 0                0                 0                0                 0                0                 0                
1717841100        0                0                 0                0                 0                0                 0                0                 0                0                 0                0                 0                0                 0                
1717841110        0                0                 0                0                 0                0                 0                0                 0                0                 0                0                 0                0                 0                
1717841121        0                0                 0                0                 0                0                 0                0                 0                0                 0                0                 0                0                 0                
1717841131        0                0                 0                0                 0                0                 0                0                 0                0                 0                0                 0                0                 0                
1717841141        0                0                 0                0                 0                0                 0                0                 0                0                 0                0                 0                0                 0                
1717841152        0                0                 0                0                 0                0                 0                0                 0                0                 0                0                 0                0                 0                
1717841162        0                0                 0                0                 0                0                 0                0                 0                0                 0                0                 0                0                 0                
1717841172        0                0                 0                0                 0                0                 0                0                 0                0                 0                0                 0                0                 0                
1717841182        0                0                 0                0                 0                0                 0                0                 0                0                 0                0                 0                0                 0                
1717841193        0                0                 0                0                 0                0                 0                0                 0                0                 0                0                 0                0                 0                
1717841203        0                0                 0                0                 0                0                 0                0                 0                0                 0                0                 0                0                 0                
1717841213        0                0                 0                0                 0                0                 0                0                 0                0                 0                0                 0                0                 0                
1717841224        0                0                 0                0                 0                0                 0                0                 0                0                 0                0                 0                0                 0                
1717841234        0                0                 0                0                 0                0                 0                0                 0                0                 0                0                 0                0                 0                
1717841244        0                0                 0                0                 0                0                 0                0                 0                0                 0                0                 0                0                 0                
1717841255        0                0                 0                0                 0                0                 0                0                 0                0                 0                0                 0                0                 0                
1717841265        0                0                 0                0                 0                0                 0                0                 0                0                 0                0                 0                0                 0                
1717841275        0                0                 0                0                 0                0                 0                0                 0                0                 0                0                 0                0                 0                
1717841286        0                0                 0                0                 0                0                 0                0                 0                0                 0                0                 0                0                 0                
1717841296        0                0                 0                0                 0                0                 0                0                 0                0                 0                0                 0                0                 0                
1717841306        0                0                 0                0                 0                0                 0                0                 0                0                 0                0                 0                0                 0                
1717841317        0                0                 0                0                 0                0                 0                0                 0                0                 0                0                 0                0                 0                
1717841327        0                0                 0                0                 0                0                 0                0                 0                0                 0                0                 0                0                 0                
1717841337        0                0                 0                0                 0                0                 0                0                 0                0                 0                0                 0                0                 0                
1717841348        0                0                 0                0                 0                0                 0                0                 0                0                 0                0                 0                0                 0                
1717841358        0                0                 0                0                 0                0                 0                0                 0                0                 0                0                 0                0                 0                
1717841368        0                0                 0                0                 0                0                 0                0                 0                0                 0                0                 0                0                 0                
1717841379        0                0                 0                0                 0                0                 0                0                 0                0                 0                0                 0                0                 0                
1717841389        0                0                 0                0                 0                0                 0                0                 0                0                 0                0                 0                0                 0                
1717841399        0                0                 0                0                 0                0                 0                0                 0                0                 0                0                 0                0                 0                
1717841410        0                0                 0                0                 0                0                 0                0                 0                0                 0                0                 0                0                 0                
1717841420        0                0                 0                0                 0                0                 0                0                 0                0                 0                0                 0                0                 0                
1717841430        0                0                 0                0                 0                0                 0                0                 0                0                 0                0                 0                0                 0                
1717841441        0                0                 0                0                 0                0                 0                0                 0                0                 0                0                 0                0                 0                
1717841451        0                0                 0                0                 0                0                 0                0                 0                0                 0                0                 0                0                 0                
1717841461        0                0                 0                0                 0                0                 0                0                 0                0                 0                0                 0                0                 0                
1717841472        0                0                 0                0                 0                0                 0                0                 0                0                 0                0                 0                0                 0                
1717841482        0                0                 0                0                 0                0                 0                0                 0                0                 0                0                 0                0                 0                
1717841492        0                0                 0                0                 0                0                 0                0                 0                0                 0                0                 0                0                 0                
1717841503        0                0                 0                0                 0                0                 0                0                 0                0                 0                0                 0                0                 0                
1717841513        0                0                 0                0                 0                0                 0                0                 0                0                 0                0                 0                0                 0                
1717841523        0                0                 0                0                 0                0                 0                0                 0                0                 0                0                 0                0                 0                
1717841534        0                0                 0                0                 0                0                 0                0                 0                0                 0                0                 0                0                 0                
1717841544        0                0                 0                0                 0                0                 0                0                 0                0                 0                0                 0                0                 0                
1717841554        0                0                 0                0                 0                0                 0                0                 0                0                 0                0                 0                0                 0                
1717841565        0                0                 0                0                 0                0                 0                0                 0                0                 0                0                 0                0                 0                
1717841575        0                0                 0                0                 0                0                 0                0                 0                0                 0                0                 0                0                 0                
1717841585        0                0                 0                0                 0                0                 0                0                 0                0                 0                0                 0                0                 0                
1717841596        0                0                 0                0                 0                0                 0                0                 0                0                 0                0                 0                0                 0                
1717841606        0                0                 0                0                 0                0                 0                0                 0                0                 0                0                 0                0                 0                
1717841616        0                0                 0                0                 0                0                 0                0                 0                0                 0                0                 0                0                 0                
1717841627        0                0                 0                0                 0                0                 0                0                 0                0                 0                0                 0                0                 0                
1717841637        0                0                 0                0                 0                0                 0                0                 0                0                 0                0                 0                0                 0                
1717841647        0                0                 0                0                 0                0                 0                0                 0                0                 0                0                 0                0                 0                
1717841658        0                0                 0                0                 0                0                 0                0                 0                0                 0                0                 0                0                 0                
1717841668        0                0                 0                0                 0                0                 0                0                 0                0                 0                0                 0                0                 0                
1717841678        0                0                 0                0                 0                0                 0                0                 0                0                 0                0                 0                0                 0                
1717841689        0                0                 0                0                 0                0                 0                0                 0                0                 0                0                 0                0                 0                
1717841699        0                0                 0                0                 0                0                 0                0                 0                0                 0                0                 0                0                 0                
1717841709        0                0                 0                0                 0                0                 0                0                 0                0                 0                0                 0                0                 0                
1717841720        0                0                 0                0                 0                0                 0                0                 0                0                 0                0                 0                0                 0                
1717841730        0                0                 0                0                 0                0                 0                0                 0                0                 0                0                 0                0                 0                
1717841740        0                0                 0                0                 0                0                 0                0                 0                0                 0                0                 0                0                 0                
1717841750        0                0                 0                0                 0                0                 0                0                 0                0                 0                0                 0                0                 0                
1717841761        0                0                 0                0                 0                0                 0                0                 0                0                 0                0                 0                0                 0                
1717841771        0                0                 0                0                 0                0                 0                0                 0                0                 0                0                 0                0                 0                
1717841782        0                0                 0                0                 0                0                 0                0                 0                0                 0                0                 0                0                 0                
1717841792        0                0                 0                0                 0                0                 0                0                 0                0                 0                0                 0                0                 0                
1717841803        0                0                 0                0                 0                0                 0                0                 0                0                 0                0                 0                0                 0                
1717841813        0                0                 0                0                 0                0                 0                0                 0                0                 0                0                 0                0                 0                
1717841823        0                0                 0                0                 0                0                 0                0                 0                0                 0                0                 0                0                 0                
1717841833        0                0                 0                0                 0                0                 0                0                 0                0                 0                0                 0                0                 0                
1717841844        0                0                 0                0                 0                0                 0                0                 0                0                 0                0                 0                0                 0                
1717841854        0                0                 0                0                 0                0                 0                0                 0                0                 0                0                 0                0                 0                
1717841864        0                0                 0                0                 0                0                 0                0                 0                0                 0                0                 0                0                 0                
1717841875        0                0                 0                0                 0                0                 0                0                 0                0                 0                0                 0                0                 0                
1717841885        0                0                 0                0                 0                0                 0                0                 0                0                 0                0                 0                0                 0                
1717841896        0                0                 0                0                 0                0                 0                0                 0                0                 0                0                 0                0                 0                
1717841906        0                0                 0                0                 0                0                 0                0                 0                0                 0                0                 0                0                 0                
1717841916        0                0                 0                0                 0                0                 0                0                 0                0                 0                0                 0                0                 0                
1717841927        0                0                 0                0                 0                0                 0                0                 0                0                 0                0                 0                0                 0                
1717841937        0                0                 0                0                 0                0                 0                0                 0                0                 0                0                 0                0                 0                
1717841947        0                0                 0                0                 0                0                 0                0                 0                0                 0                0                 0                0                 0                
1717841957        0                0                 0                0                 0                0                 0                0                 0                0                 0                0                 0                0                 0                
1717841968        0                0                 0                0                 0                0                 0                0                 0                0                 0                0                 0                0                 0                
1717841978        0                0                 0                0                 0                0                 0                0                 0                0                 0                0                 0                0                 0                
1717841988        0                0                 0                0                 0                0                 0                0                 0                0                 0                0                 0                0                 0                
1717841999        0                0                 0                0                 0                0                 0                0                 0                0                 0                0                 0                0                 0                
1717842009        0                0                 0                0                 0                0                 0                0                 0                0                 0                0                 0                0                 0                
1717842019        0                0                 0                0                 0                0                 0                0                 0                0                 0                0                 0                0                 0                
1717842030        0                0                 0                0                 0                0                 0                0                 0                0                 0                0                 0                0                 0                
1717842040        0                0                 0                0                 0                0                 0                0                 0                0                 0                0                 0                0                 0                
1717842050        0                0                 0                0                 0                0                 0                0                 0                0                 0                0                 0                0                 0                
1717842061        0                0                 0                0                 0                0                 0                0                 0                0                 0                0                 0                0                 0                
1717842071        0                0                 0                0                 0                0                 0                0                 0                0                 0                0                 0                0                 0                
1717842081        0                0                 0                0                 0                0                 0                0                 0                0                 0                0                 0                0                 0                
1717842092        0                0                 0                0                 0                0                 0                0                 0                0                 0                0                 0                0                 0                
1717842102        0                0                 0                0                 0                0                 0                0                 0                0                 0                0                 0                0                 0                
1717842112        0                0                 0                0                 0                0                 0                0                 0                0                 0                0                 0                0                 0                
1717842123        0                0                 0                0                 0                0                 0                0                 0                0                 0                0                 0                0                 0                
1717842133        0                0                 0                0                 0                0                 0                0                 0                0                 0                0                 0                0                 0                
1717842143        0                0                 0                0                 0                0                 0                0                 0                0                 0                0                 0                0                 0                
1717842154        0                0                 0                0                 0                0                 0                0                 0                0                 0                0                 0                0                 0                
1717842164        0                0                 0                0                 0                0                 0                0                 0                0                 0                0                 0                0                 0                
1717842174        0                0                 0                0                 0                0                 0                0                 0                0                 0                0                 0                0                 0                
1717842185        0                0                 0                0                 0                0                 0                0                 0                0                 0                0                 0                0                 0                
1717842195        0                0                 0                0                 0                0                 0                0                 0                0                 0                0                 0                0                 0                
1717842205        0                0                 0                0                 0                0                 0                0                 0                0                 0                0                 0                0                 0                
1717842216        0                0                 0                0                 0                0                 0                0                 0                0                 0                0                 0                0                 0                
1717842226        0                0                 0                0                 0                0                 0                0                 0                0                 0                0                 0                0                 0                
1717842236        0                0                 0                0                 0                0                 0                0                 0                0                 0                0                 0                0                 0                
1717842247        0                0                 0                0                 0                0                 0                0                 0                0                 0                0                 0                0                 0                
1717842257        0                0                 0                0                 0                0                 0                0                 0                0                 0                0                 0                0                 0                
1717842267        0                0                 0                0                 0                0                 0                0                 0                0                 0                0                 0                0                 0                
1717842277        0                0                 0                0                 0                0                 0                0                 0                0                 0                0                 0                0                 0                
1717842288        0                0                 0                0                 0                0                 0                0                 0                0                 0                0                 0                0                 0                
1717842298        0                0                 0                0                 0                0                 0                0                 0                0                 0                0                 0                0                 0                
1717842308        0                0                 0                0                 0                0                 0                0                 0                0                 0                0                 0                0                 0                
1717842319        0                0                 0                0                 0                0                 0                0                 0                0                 0                0                 0                0                 0                
1717842329        0                0                 0                0                 0                0                 0                0                 0                0                 0                0                 0                0                 0                
1717842339        0                0                 0                0                 0                0                 0                0                 0                0                 0                0                 0                0                 0                
1717842350        0                0                 0                0                 0                0                 0                0                 0                0                 0                0                 0                0                 0                
1717842360        0                0                 0                0                 0                0                 0                0                 0                0                 0                0                 0                0                 0                
1717842370        0                0                 0                0                 0                0                 0                0                 0                0                 0                0                 0                0                 0                
1717842381        0                0                 0                0                 0                0                 0                0                 0                0                 0                0                 0                0                 0                
1717842391        0                0                 0                0                 0                0                 0                0                 0                0                 0                0                 0                0                 0                
1717842401        0                0                 0                0                 0                0                 0                0                 0                0                 0                0                 0                0                 0                
1717842412        0                0                 0                0                 0                0                 0                0                 0                0                 0                0                 0                0                 0                
1717842422        0                0                 0                0                 0                0                 0                0                 0                0                 0                0                 0                0                 0                
1717842432        0                0                 0                0                 0                0                 0                0                 0                0                 0                0                 0                0                 0                
1717842443        0                0                 0                0                 0                0                 0                0                 0                0                 0                0                 0                0                 0                
1717842453        0                0                 0                0                 0                0                 0                0                 0                0                 0                0                 0                0                 0                
1717842463        0                0                 0                0                 0                0                 0                0                 0                0                 0                0                 0                0                 0                
1717842474        0                0                 0                0                 0                0                 0                0                 0                0                 0                0                 0                0                 0                
1717842484        0                0                 0                0                 0                0                 0                0                 0                0                 0                0                 0                0                 0                
1717842494        0                0                 0                0                 0                0                 0                0                 0                0                 0                0                 0                0                 0                
1717842505        0                0                 0                0                 0                0                 0                0                 0                0                 0                0                 0                0                 0                
1717842515        0                0                 0                0                 0                0                 0                0                 0                0                 0                0                 0                0                 0                
1717842525        0                0                 0                0                 0                0                 0                0                 0                0                 0                0                 0                0                 0                
1717842536        0                0                 0                0                 0                0                 0                0                 0                0                 0                0                 0                0                 0                
1717842546        0                0                 0                0                 0                0                 0                0                 0                0                 0                0                 0                0                 0                
1717842556        0                0                 0                0                 0                0                 0                0                 0                0                 0                0                 0                0                 0                
1717842567        0                0                 0                0                 0                0                 0                0                 0                0                 0                0                 0                0                 0                
1717842577        0                0                 0                0                 0                0                 0                0                 0                0                 0                0                 0                0                 0                
1717842587        0                0                 0                0                 0                0                 0                0                 0                0                 0                0                 0                0                 0                
1717842598        0                0                 0                0                 0                0                 0                0                 0                0                 0                0                 0                0                 0                
1717842608        0                0                 0                0                 0                0                 0                0                 0                0                 0                0                 0                0                 0                
1717842618        0                0                 0                0                 0                0                 0                0                 0                0                 0                0                 0                0                 0                
1717842629        0                0                 0                0                 0                0                 0                0                 0                0                 0                0                 0                0                 0                
1717842639        0                0                 0                0                 0                0                 0                0                 0                0                 0                0                 0                0                 0                
1717842649        0                0                 0                0                 0                0                 0                0                 0                0                 0                0                 0                0                 0                
1717842660        0                0                 0                0                 0                0                 0                0                 0                0                 0                0                 0                0                 0                
1717842670        0                0                 0                0                 0                0                 0                0                 0                0                 0                0                 0                0                 0                
1717842680        0                0                 0                0                 0                0                 0                0                 0                0                 0                0                 0                0                 0                
1717842691        0                0                 0                0                 0                0                 0                0                 0                0                 0                0                 0                0                 0                
1717842701        0                0                 0                0                 0                0                 0                0                 0                0                 0                0                 0                0                 0                
1717842711        0                0                 0                0                 0                0                 0                0                 0                0                 0                0                 0                0                 0                
1717842722        0                0                 0                0                 0                0                 0                0                 0                0                 0                0                 0                0                 0                
1717842732        0                0                 0                0                 0                0                 0                0                 0                0                 0                0                 0                0                 0                
1717842742        0                0                 0                0                 0                0                 0                0                 0                0                 0                0                 0                0                 0                
1717842752        0                0                 0                0                 0                0                 0                0                 0                0                 0                0                 0                0                 0                
1717842763        0                0                 0                0                 0                0                 0                0                 0                0                 0                0                 0                0                 0                
1717842773        0                0                 0                0                 0                0                 0                0                 0                0                 0                0                 0                0                 0                
1717842784        0                0                 0                0                 0                0                 0                0                 0                0                 0                0                 0                0                 0                
1717842794        0                0                 0                0                 0                0                 0                0                 0                0                 0                0                 0                0                 0                
1717842804        0                0                 0                0                 0                0                 0                0                 0                0                 0                0                 0                0                 0                
1717842815        0                0                 0                0                 0                0                 0                0                 0                0                 0                0                 0                0                 0                
1717842825        0                0                 0                0                 0                0                 0                0                 0                0                 0                0                 0                0                 0                
1717842835        0                0                 0                0                 0                0                 0                0                 0                0                 0                0                 0                0                 0                
1717842846        0                0                 0                0                 0                0                 0                0                 0                0                 0                0                 0                0                 0                
1717842856        0                0                 0                0                 0                0                 0                0                 0                0                 0                0                 0                0                 0                
1717842866        0                0                 0                0                 0                0                 0                0                 0                0                 0                0                 0                0                 0                
1717842877        0                0                 0                0                 0                0                 0                0                 0                0                 0                0                 0                0                 0                
1717842887        0                0                 0                0                 0                0                 0                0                 0                0                 0                0                 0                0                 0                
1717842897        0                0                 0                0                 0                0                 0                0                 0                0                 0                0                 0                0                 0                
1717842908        0                0                 0                0                 0                0                 0                0                 0                0                 0                0                 0                0                 0                
1717842918        0                0                 0                0                 0                0                 0                0                 0                0                 0                0                 0                0                 0                
1717842928        0                0                 0                0                 0                0                 0                0                 0                0                 0                0                 0                0                 0                
1717842939        0                0                 0                0                 0                0                 0                0                 0                0                 0                0                 0                0                 0                
1717842949        0                0                 0                0                 0                0                 0                0                 0                0                 0                0                 0                0                 0                
1717842959        0                0                 0                0                 0                0                 0                0                 0                0                 0                0                 0                0                 0                
1717842970        0                0                 0                0                 0                0                 0                0                 0                0                 0                0                 0                0                 0                
1717842980        0                0                 0                0                 0                0                 0                0                 0                0                 0                0                 0                0                 0                
1717842990        0                0                 0                0                 0                0                 0                0                 0                0                 0                0                 0                0                 0                
1717843001        0                0                 0                0                 0                0                 0                0                 0                0                 0                0                 0                0                 0                
1717843011        0                0                 0                0                 0                0                 0                0                 0                0                 0                0                 0                0                 0                
1717843021        0                0                 0                0                 0                0                 0                0                 0                0                 0                0                 0                0                 0                
1717843032        0                0                 0                0                 0                0                 0                0                 0                0                 0                0                 0                0                 0                
1717843042        0                0                 0                0                 0                0                 0                0                 0                0                 0                0                 0                0                 0                
1717843052        0                0                 0                0                 0                0                 0                0                 0                0                 0                0                 0                0                 0                
1717843062        0                0                 0                0                 0                0                 0                0                 0                0                 0                0                 0                0                 0                
1717843073        0                0                 0                0                 0                0                 0                0                 0                0                 0                0                 0                0                 0                
1717843083        0                0                 0                0                 0                0                 0                0                 0                0                 0                0                 0                0                 0                
1717843093        0                0                 0                0                 0                0                 0                0                 0                0                 0                0                 0                0                 0                
1717843104        0                0                 0                0                 0                0                 0                0                 0                0                 0                0                 0                0                 0                
1717843114        0                0                 0                0                 0                0                 0                0                 0                0                 0                0                 0                0                 0                
1717843124        0                0                 0                0                 0                0                 0                0                 0                0                 0                0                 0                0                 0                
1717843135        0                0                 0                0                 0                0                 0                0                 0                0                 0                0                 0                0                 0                
1717843145        0                0                 0                0                 0                0                 0                0                 0                0                 0                0                 0                0                 0                
1717843155        0                0                 0                0                 0                0                 0                0                 0                0                 0                0                 0                0                 0                
1717843166        0                0                 0                0                 0                0                 0                0                 0                0                 0                0                 0                0                 0                
1717843176        0                0                 0                0                 0                0                 0                0                 0                0                 0                0                 0                0                 0                
1717843186        0                0                 0                0                 0                0                 0                0                 0                0                 0                0                 0                0                 0                
1717843197        0                0                 0                0                 0                0                 0                0                 0                0                 0                0                 0                0                 0                
1717843207        0                0                 0                0                 0                0                 0                0                 0                0                 0                0                 0                0                 0                
1717843217        0                0                 0                0                 0                0                 0                0                 0                0                 0                0                 0                0                 0                
1717843228        0                0                 0                0                 0                0                 0                0                 0                0                 0                0                 0                0                 0                
1717843238        0                0                 0                0                 0                0                 0                0                 0                0                 0                0                 0                0                 0                
1717843248        0                0                 0                0                 0                0                 0                0                 0                0                 0                0                 0                0                 0                
1717843258        0                0                 0                0                 0                0                 0                0                 0                0                 0                0                 0                0                 0                
1717843269        0                0                 0                0                 0                0                 0                0                 0                0                 0                0                 0                0                 0                
1717843279        0                0                 0                0                 0                0                 0                0                 0                0                 0                0                 0                0                 0                
1717843289        0                0                 0                0                 0                0                 0                0                 0                0                 0                0                 0                0                 0                
1717843300        0                0                 0                0                 0                0                 0                0                 0                0                 0                0                 0                0                 0                
1717843310        0                0                 0                0                 0                0                 0                0                 0                0                 0                0                 0                0                 0                
1717843320        0                0                 0                0                 0                0                 0                0                 0                0                 0                0                 0                0                 0                
1717843331        0                0                 0                0                 0                0                 0                0                 0                0                 0                0                 0                0                 0                
1717843341        0                0                 0                0                 0                0                 0                0                 0                0                 0                0                 0                0                 0                
1717843351        0                0                 0                0                 0                0                 0                0                 0                0                 0                0                 0                0                 0                
1717843362        0                0                 0                0                 0                0                 0                0                 0                0                 0                0                 0                0                 0                
1717843372        0                0                 0                0                 0                0                 0                0                 0                0                 0                0                 0                0                 0                
1717843382        0                0                 0                0                 0                0                 0                0                 0                0                 0                0                 0                0                 0                
1717843393        0                0                 0                0                 0                0                 0                0                 0                0                 0                0                 0                0                 0                
1717843403        0                0                 0                0                 0                0                 0                0                 0                0                 0                0                 0                0                 0                
1717843413        0                0                 0                0                 0                0                 0                0                 0                0                 0                0                 0                0                 0                
1717843424        0                0                 0                0                 0                0                 0                0                 0                0                 0                0                 0                0                 0                
1717843434        0                0                 0                0                 0                0                 0                0                 0                0                 0                0                 0                0                 0                
1717843444        0                0                 0                0                 0                0                 0                0                 0                0                 0                0                 0                0                 0                
1717843455        0                0                 0                0                 0                0                 0                0                 0                0                 0                0                 0                0                 0                
1717843465        0                0                 0                0                 0                0                 0                0                 0                0                 0                0                 0                0                 0                
1717843475        0                0                 0                0                 0                0                 0                0                 0                0                 0                0                 0                0                 0                
1717843486        0                0                 0                0                 0                0                 0                0                 0                0                 0                0                 0                0                 0                
1717843496        0                0                 0                0                 0                0                 0                0                 0                0                 0                0                 0                0                 0                
1717843506        0                0                 0                0                 0                0                 0                0                 0                0                 0                0                 0                0                 0                
1717843516        0                0                 0                0                 0                0                 0                0                 0                0                 0                0                 0                0                 0                
1717843527        0                0                 0                0                 0                0                 0                0                 0                0                 0                0                 0                0                 0                
1717843537        0                0                 0                0                 0                0                 0                0                 0                0                 0                0                 0                0                 0                
1717843547        0                0                 0                0                 0                0                 0                0                 0                0                 0                0                 0                0                 0                
1717843558        0                0                 0                0                 0                0                 0                0                 0                0                 0                0                 0                0                 0                
1717843568        0                0                 0                0                 0                0                 0                0                 0                0                 0                0                 0                0                 0                
1717843578        0                0                 0                0                 0                0                 0                0                 0                0                 0                0                 0                0                 0                
1717843589        0                0                 0                0                 0                0                 0                0                 0                0                 0                0                 0                0                 0                
1717843599        0                0                 0                0                 0                0                 0                0                 0                0                 0                0                 0                0                 0                
1717843609        0                0                 0                0                 0                0                 0                0                 0                0                 0                0                 0                0                 0                
1717843620        0                0                 0                0                 0                0                 0                0                 0                0                 0                0                 0                0                 0                
1717843630        0                0                 0                0                 0                0                 0                0                 0                0                 0                0                 0                0                 0                
1717843640        0                0                 0                0                 0                0                 0                0                 0                0                 0                0                 0                0                 0                
1717843651        0                0                 0                0                 0                0                 0                0                 0                0                 0                0                 0                0                 0                
1717843661        0                0                 0                0                 0                0                 0                0                 0                0                 0                0                 0                0                 0                
1717843671        0                0                 0                0                 0                0                 0                0                 0                0                 0                0                 0                0                 0                
1717843685        0                0                 0                0                 0                0                 0                0                 0                0                 0                0                 0                0                 0                
1717843695        0                0                 0                0                 0                0                 0                0                 0                0                 0                0                 0                0                 0                
1717843706        0                0                 0                0                 0                0                 0                0                 0                0                 0                0                 0                0                 0                
1717843716        0                0                 0                0                 0                0                 0                0                 0                0                 0                0                 0                0                 0                
1717843726        0                0                 0                0                 0                0                 0                0                 0                0                 0                0                 0                0                 0                
1717843737        0                0                 0                0                 0                0                 0                0                 0                0                 0                0                 0                0                 0                
1717843747        0                0                 0                0                 0                0                 0                0                 0                0                 0                0                 0                0                 0                
1717843757        0                0                 0                0                 0                0                 0                0                 0                0                 0                0                 0                0                 0                
1717843768        0                0                 0                0                 0                0                 0                0                 0                0                 0                0                 0                0                 0                
1717843778        0                0                 0                0                 0                0                 0                0                 0                0                 0                0                 0                0                 0                
1717843789        0                0                 0                0                 0                0                 0                0                 0                0                 0                0                 0                0                 0                
1717843799        0                0                 0                0                 0                0                 0                0                 0                0                 0                0                 0                0                 0                
1717843810        0                0                 0                0                 0                0                 0                0                 0                0                 0                0                 0                0                 0                
1717843820        0                0                 0                0                 0                0                 0                0                 0                0                 0                0                 0                0                 0                
1717843830        0                0                 0                0                 0                0                 0                0                 0                0                 0                0                 0                0                 0                
1717843840        0                0                 0                0                 0                0                 0                0                 0                0                 0                0                 0                0                 0                
1717843851        0                0                 0                0                 0                0                 0                0                 0                0                 0                0                 0                0                 0                
1717843861        0                0                 0                0                 0                0                 0                0                 0                0                 0                0                 0                0                 0                
1717843871        0                0                 0                0                 0                0                 0                0                 0                0                 0                0                 0                0                 0                
1717843886        0                0                 0                0                 0                0                 0                0                 0                0                 0                0                 0                0                 0                
1717843898        0                0                 0                0                 0                0                 0                0                 0                0                 0                0                 0                0                 0                
1717843908        0                0                 0                0                 0                0                 0                0                 0                0                 0                0                 0                0                 0                
1717843919        0                0                 0                0                 0                0                 0                0                 0                0                 0                0                 0                0                 0                
1717843929        0                0                 0                0                 0                0                 0                0                 0                0                 0                0                 0                0                 0                
1717843939        0                0                 0                0                 0                0                 0                0                 0                0                 0                0                 0                0                 0                
1717843950        0                0                 0                0                 0                0                 0                0                 0                0                 0                0                 0                0                 0                
1717843960        0                0                 0                0                 0                0                 0                0                 0                0                 0                0                 0                0                 0                
1717843970        0                0                 0                0                 0                0                 0                0                 0                0                 0                0                 0                0                 0                
1717843981        0                0                 0                0                 0                0                 0                0                 0                0                 0                0                 0                0                 0                
1717843991        0                0                 0                0                 0                0                 0                0                 0                0                 0                0                 0                0                 0                
1717844001        0                0                 0                0                 0                0                 0                0                 0                0                 0                0                 0                0                 0                
1717844012        0                0                 0                0                 0                0                 0                0                 0                0                 0                0                 0                0                 0                
1717844022        0                0                 0                0                 0                0                 0                0                 0                0                 0                0                 0                0                 0                
1717844032        0                0                 0                0                 0                0                 0                0                 0                0                 0                0                 0                0                 0                
1717844043        0                0                 0                0                 0                0                 0                0                 0                0                 0                0                 0                0                 0                
1717844053        0                0                 0                0                 0                0                 0                0                 0                0                 0                0                 0                0                 0                
1717844063        0                0                 0                0                 0                0                 0                0                 0                0                 0                0                 0                0                 0                
1717844074        0                0                 0                0                 0                0                 0                0                 0                0                 0                0                 0                0                 0                
1717844084        0                0                 0                0                 0                0                 0                0                 0                0                 0                0                 0                0                 0                
1717844094        0                0                 0                0                 0                0                 0                0                 0                0                 0                0                 0                0                 0                
1717844105        0                0                 0                0                 0                0                 0                0                 0                0                 0                0                 0                0                 0                
1717844115        0                0                 0                0                 0                0                 0                0                 0                0                 0                0                 0                0                 0                
1717844125        0                0                 0                0                 0                0                 0                0                 0                0                 0                0                 0                0                 0                
1717844136        0                0                 0                0                 0                0                 0                0                 0                0                 0                0                 0                0                 0                
1717844146        0                0                 0                0                 0                0                 0                0                 0                0                 0                0                 0                0                 0                
1717844156        0                0                 0                0                 0                0                 0                0                 0                0                 0                0                 0                0                 0                
1717844167        0                0                 0                0                 0                0                 0                0                 0                0                 0                0                 0                0                 0                
1717844177        0                0                 0                0                 0                0                 0                0                 0                0                 0                0                 0                0                 0                
1717844187        0                0                 0                0                 0                0                 0                0                 0                0                 0                0                 0                0                 0                
1717844197        0                0                 0                0                 0                0                 0                0                 0                0                 0                0                 0                0                 0                
1717844208        0                0                 0                0                 0                0                 0                0                 0                0                 0                0                 0                0                 0                
1717844218        0                0                 0                0                 0                0                 0                0                 0                0                 0                0                 0                0                 0                
1717844228        0                0                 0                0                 0                0                 0                0                 0                0                 0                0                 0                0                 0                
1717844239        0                0                 0                0                 0                0                 0                0                 0                0                 0                0                 0                0                 0                
1717844249        0                0                 0                0                 0                0                 0                0                 0                0                 0                0                 0                0                 0                
1717844259        0                0                 0                0                 0                0                 0                0                 0                0                 0                0                 0                0                 0                
1717844270        0                0                 0                0                 0                0                 0                0                 0                0                 0                0                 0                0                 0                
1717844280        0                0                 0                0                 0                0                 0                0                 0                0                 0                0                 0                0                 0                
1717844290        0                0                 0                0                 0                0                 0                0                 0                0                 0                0                 0                0                 0                
1717844301        0                0                 0                0                 0                0                 0                0                 0                0                 0                0                 0                0                 0                
1717844311        0                0                 0                0                 0                0                 0                0                 0                0                 0                0                 0                0                 0                
1717844321        0                0                 0                0                 0                0                 0                0                 0                0                 0                0                 0                0                 0                
1717844332        0                0                 0                0                 0                0                 0                0                 0                0                 0                0                 0                0                 0                
1717844342        0                0                 0                0                 0                0                 0                0                 0                0                 0                0                 0                0                 0                
1717844352        0                0                 0                0                 0                0                 0                0                 0                0                 0                0                 0                0                 0                
1717844363        0                0                 0                0                 0                0                 0                0                 0                0                 0                0                 0                0                 0                
1717844373        0                0                 0                0                 0                0                 0                0                 0                0                 0                0                 0                0                 0                
1717844383        0                0                 0                0                 0                0                 0                0                 0                0                 0                0                 0                0                 0                
1717844394        0                0                 0                0                 0                0                 0                0                 0                0                 0                0                 0                0                 0                
1717844404        0                0                 0                0                 0                0                 0                0                 0                0                 0                0                 0                0                 0                
1717844414        0                0                 0                0                 0                0                 0                0                 0                0                 0                0                 0                0                 0                
1717844425        0                0                 0                0                 0                0                 0                0                 0                0                 0                0                 0                0                 0                
1717844435        0                0                 0                0                 0                0                 0                0                 0                0                 0                0                 0                0                 0                
1717844445        0                0                 0                0                 0                0                 0                0                 0                0                 0                0                 0                0                 0                
1717844456        0                0                 0                0                 0                0                 0                0                 0                0                 0                0                 0                0                 0                
1717844466        0                0                 0                0                 0                0                 0                0                 0                0                 0                0                 0                0                 0                
1717844476        0                0                 0                0                 0                0                 0                0                 0                0                 0                0                 0                0                 0                
1717844487        0                0                 0                0                 0                0                 0                0                 0                0                 0                0                 0                0                 0                
1717844497        0                0                 0                0                 0                0                 0                0                 0                0                 0                0                 0                0                 0                
1717844508        0                0                 0                0                 0                0                 0                0                 0                0                 0                0                 0                0                 0                
1717844518        0                0                 0                0                 0                0                 0                0                 0                0                 0                0                 0                0                 0                
1717844528        0                0                 0                0                 0                0                 0                0                 0                0                 0                0                 0                0                 0                
1717844539        0                0                 0                0                 0                0                 0                0                 0                0                 0                0                 0                0                 0                
1717844549        0                0                 0                0                 0                0                 0                0                 0                0                 0                0                 0                0                 0                
1717844559        0                0                 0                0                 0                0                 0                0                 0                0                 0                0                 0                0                 0                
1717844570        0                0                 0                0                 0                0                 0                0                 0                0                 0                0                 0                0                 0                
1717844580        0                0                 0                0                 0                0                 0                0                 0                0                 0                0                 0                0                 0                
1717844590        0                0                 0                0                 0                0                 0                0                 0                0                 0                0                 0                0                 0                
1717844601        0                0                 0                0                 0                0                 0                0                 0                0                 0                0                 0                0                 0                
1717844611        0                0                 0                0                 0                0                 0                0                 0                0                 0                0                 0                0                 0                
1717844621        0                0                 0                0                 0                0                 0                0                 0                0                 0                0                 0                0                 0                
1717844632        0                0                 0                0                 0                0                 0                0                 0                0                 0                0                 0                0                 0                
1717844642        0                0                 0                0                 0                0                 0                0                 0                0                 0                0                 0                0                 0                
1717844653        0                0                 0                0                 0                0                 0                0                 0                0                 0                0                 0                0                 0                
1717844663        0                0                 0                0                 0                0                 0                0                 0                0                 0                0                 0                0                 0                
1717844673        0                0                 0                0                 0                0                 0                0                 0                0                 0                0                 0                0                 0                
1717844684        0                0                 0                0                 0                0                 0                0                 0                0                 0                0                 0                0                 0                
1717844694        0                0                 0                0                 0                0                 0                0                 0                0                 0                0                 0                0                 0                
1717844704        0                0                 0                0                 0                0                 0                0                 0                0                 0                0                 0                0                 0                
1717844714        0                0                 0                0                 0                0                 0                0                 0                0                 0                0                 0                0                 0                
1717844725        0                0                 0                0                 0                0                 0                0                 0                0                 0                0                 0                0                 0                
1717844735        0                0                 0                0                 0                0                 0                0                 0                0                 0                0                 0                0                 0                
1717844745        0                0                 0                0                 0                0                 0                0                 0                0                 0                0                 0                0                 0                
1717844756        0                0                 0                0                 0                0                 0                0                 0                0                 0                0                 0                0                 0                
1717844766        0                0                 0                0                 0                0                 0                0                 0                0                 0                0                 0                0                 0                
1717844776        0                0                 0                0                 0                0                 0                0                 0                0                 0                0                 0                0                 0                
1717844787        0                0                 0                0                 0                0                 0                0                 0                0                 0                0                 0                0                 0                
1717844797        0                0                 0                0                 0                0                 0                0                 0                0                 0                0                 0                0                 0                
1717844807        0                0                 0                0                 0                0                 0                0                 0                0                 0                0                 0                0                 0                
1717844818        0                0                 0                0                 0                0                 0                0                 0                0                 0                0                 0                0                 0                
1717844828        0                0                 0                0                 0                0                 0                0                 0                0                 0                0                 0                0                 0                
1717844838        0                0                 0                0                 0                0                 0                0                 0                0                 0                0                 0                0                 0                
1717844849        0                0                 0                0                 0                0                 0                0                 0                0                 0                0                 0                0                 0                
1717844859        0                0                 0                0                 0                0                 0                0                 0                0                 0                0                 0                0                 0                
1717844869        0                0                 0                0                 0                0                 0                0                 0                0                 0                0                 0                0                 0                
1717844880        0                0                 0                0                 0                0                 0                0                 0                0                 0                0                 0                0                 0                
1717844890        0                0                 0                0                 0                0                 0                0                 0                0                 0                0                 0                0                 0                
1717844900        0                0                 0                0                 0                0                 0                0                 0                0                 0                0                 0                0                 0                
1717844911        0                0                 0                0                 0                0                 0                0                 0                0                 0                0                 0                0                 0                
1717844921        0                0                 0                0                 0                0                 0                0                 0                0                 0                0                 0                0                 0                
1717844931        0                0                 0                0                 0                0                 0                0                 0                0                 0                0                 0                0                 0                
1717844942        0                0                 0                0                 0                0                 0                0                 0                0                 0                0                 0                0                 0                
1717844952        0                0                 0                0                 0                0                 0                0                 0                0                 0                0                 0                0                 0                
1717844962        0                0                 0                0                 0                0                 0                0                 0                0                 0                0                 0                0                 0                
1717844973        0                0                 0                0                 0                0                 0                0                 0                0                 0                0                 0                0                 0                
1717844983        0                0                 0                0                 0                0                 0                0                 0                0                 0                0                 0                0                 0                
1717844993        0                0                 0                0                 0                0                 0                0                 0                0                 0                0                 0                0                 0                
1717845004        0                0                 0                0                 0                0                 0                0                 0                0                 0                0                 0                0                 0                
1717845014        0                0                 0                0                 0                0                 0                0                 0                0                 0                0                 0                0                 0                
1717845024        0                0                 0                0                 0                0                 0                0                 0                0                 0                0                 0                0                 0                
1717845035        0                0                 0                0                 0                0                 0                0                 0                0                 0                0                 0                0                 0                
1717845045        0                0                 0                0                 0                0                 0                0                 0                0                 0                0                 0                0                 0                
1717845055        0                0                 0                0                 0                0                 0                0                 0                0                 0                0                 0                0                 0                
1717845066        0                0                 0                0                 0                0                 0                0                 0                0                 0                0                 0                0                 0                
1717845076        0                0                 0                0                 0                0                 0                0                 0                0                 0                0                 0                0                 0                
1717845086        0                0                 0                0                 0                0                 0                0                 0                0                 0                0                 0                0                 0                
1717845097        0                0                 0                0                 0                0                 0                0                 0                0                 0                0                 0                0                 0                
1717845107        0                0                 0                0                 0                0                 0                0                 0                0                 0                0                 0                0                 0                
1717845117        0                0                 0                0                 0                0                 0                0                 0                0                 0                0                 0                0                 0                
1717845127        0                0                 0                0                 0                0                 0                0                 0                0                 0                0                 0                0                 0                
1717845138        0                0                 0                0                 0                0                 0                0                 0                0                 0                0                 0                0                 0                
1717845148        0                0                 0                0                 0                0                 0                0                 0                0                 0                0                 0                0                 0                
1717845158        0                0                 0                0                 0                0                 0                0                 0                0                 0                0                 0                0                 0                
1717845169        0                0                 0                0                 0                0                 0                0                 0                0                 0                0                 0                0                 0                
1717845179        0                0                 0                0                 0                0                 0                0                 0                0                 0                0                 0                0                 0                
1717845189        0                0                 0                0                 0                0                 0                0                 0                0                 0                0                 0                0                 0                
1717845200        0                0                 0                0                 0                0                 0                0                 0                0                 0                0                 0                0                 0                
1717845210        0                0                 0                0                 0                0                 0                0                 0                0                 0                0                 0                0                 0                
1717845220        0                0                 0                0                 0                0                 0                0                 0                0                 0                0                 0                0                 0                
1717845231        0                0                 0                0                 0                0                 0                0                 0                0                 0                0                 0                0                 0                
1717845241        0                0                 0                0                 0                0                 0                0                 0                0                 0                0                 0                0                 0                
1717845251        0                0                 0                0                 0                0                 0                0                 0                0                 0                0                 0                0                 0                
1717845262        0                0                 0                0                 0                0                 0                0                 0                0                 0                0                 0                0                 0                
1717845273        0                0                 0                0                 0                0                 0                0                 0                0                 0                0                 0                0                 0                
1717845283        0                0                 0                0                 0                0                 0                0                 0                0                 0                0                 0                0                 0                
1717845293        0                0                 0                0                 0                0                 0                0                 0                0                 0                0                 0                0                 0                
1717845304        0                0                 0                0                 0                0                 0                0                 0                0                 0                0                 0                0                 0                
1717845314        0                0                 0                0                 0                0                 0                0                 0                0                 0                0                 0                0                 0                
1717845324        0                0                 0                0                 0                0                 0                0                 0                0                 0                0                 0                0                 0                
1717845334        0                0                 0                0                 0                0                 0                0                 0                0                 0                0                 0                0                 0                
1717845345        0                0                 0                0                 0                0                 0                0                 0                0                 0                0                 0                0                 0                
1717845355        0                0                 0                0                 0                0                 0                0                 0                0                 0                0                 0                0                 0                
1717845366        0                0                 0                0                 0                0                 0                0                 0                0                 0                0                 0                0                 0                
1717845376        0                0                 0                0                 0                0                 0                0                 0                0                 0                0                 0                0                 0                
1717845387        0                0                 0                0                 0                0                 0                0                 0                0                 0                0                 0                0                 0                
1717845397        0                0                 0                0                 0                0                 0                0                 0                0                 0                0                 0                0                 0                
1717845407        0                0                 0                0                 0                0                 0                0                 0                0                 0                0                 0                0                 0                
1717845418        0                0                 0                0                 0                0                 0                0                 0                0                 0                0                 0                0                 0                
1717845428        0                0                 0                0                 0                0                 0                0                 0                0                 0                0                 0                0                 0                
1717845438        0                0                 0                0                 0                0                 0                0                 0                0                 0                0                 0                0                 0                
1717845448        0                0                 0                0                 0                0                 0                0                 0                0                 0                0                 0                0                 0                
1717845459        0                0                 0                0                 0                0                 0                0                 0                0                 0                0                 0                0                 0                
1717845469        0                0                 0                0                 0                0                 0                0                 0                0                 0                0                 0                0                 0                
1717845479        0                0                 0                0                 0                0                 0                0                 0                0                 0                0                 0                0                 0                
1717845490        0                0                 0                0                 0                0                 0                0                 0                0                 0                0                 0                0                 0                
1717845500        0                0                 0                0                 0                0                 0                0                 0                0                 0                0                 0                0                 0                
1717845510        0                0                 0                0                 0                0                 0                0                 0                0                 0                0                 0                0                 0                
1717845521        0                0                 0                0                 0                0                 0                0                 0                0                 0                0                 0                0                 0                
1717845531        0                0                 0                0                 0                0                 0                0                 0                0                 0                0                 0                0                 0                
1717845541        0                0                 0                0                 0                0                 0                0                 0                0                 0                0                 0                0                 0                
1717845552        0                0                 0                0                 0                0                 0                0                 0                0                 0                0                 0                0                 0                
1717845562        0                0                 0                0                 0                0                 0                0                 0                0                 0                0                 0                0                 0                
1717845572        0                0                 0                0                 0                0                 0                0                 0                0                 0                0                 0                0                 0                
1717845583        0                0                 0                0                 0                0                 0                0                 0                0                 0                0                 0                0                 0                
1717845593        0                0                 0                0                 0                0                 0                0                 0                0                 0                0                 0                0                 0                
1717845603        0                0                 0                0                 0                0                 0                0                 0                0                 0                0                 0                0                 0                
1717845614        0                0                 0                0                 0                0                 0                0                 0                0                 0                0                 0                0                 0                
1717845624        0                0                 0                0                 0                0                 0                0                 0                0                 0                0                 0                0                 0                
1717845634        0                0                 0                0                 0                0                 0                0                 0                0                 0                0                 0                0                 0                
1717845644        0                0                 0                0                 0                0                 0                0                 0                0                 0                0                 0                0                 0                
1717845655        0                0                 0                0                 0                0                 0                0                 0                0                 0                0                 0                0                 0                
1717845665        0                0                 0                0                 0                0                 0                0                 0                0                 0                0                 0                0                 0                
1717845675        0                0                 0                0                 0                0                 0                0                 0                0                 0                0                 0                0                 0                
1717845686        0                0                 0                0                 0                0                 0                0                 0                0                 0                0                 0                0                 0                
1717845696        0                0                 0                0                 0                0                 0                0                 0                0                 0                0                 0                0                 0                
1717845706        0                0                 0                0                 0                0                 0                0                 0                0                 0                0                 0                0                 0                
1717845717        0                0                 0                0                 0                0                 0                0                 0                0                 0                0                 0                0                 0                
1717845727        0                0                 0                0                 0                0                 0                0                 0                0                 0                0                 0                0                 0                
1717845737        0                0                 0                0                 0                0                 0                0                 0                0                 0                0                 0                0                 0                
1717845748        0                0                 0                0                 0                0                 0                0                 0                0                 0                0                 0                0                 0                
1717845758        0                0                 0                0                 0                0                 0                0                 0                0                 0                0                 0                0                 0                
1717845768        0                0                 0                0                 0                0                 0                0                 0                0                 0                0                 0                0                 0                
1717845779        0                0                 0                0                 0                0                 0                0                 0                0                 0                0                 0                0                 0                
1717845789        0                0                 0                0                 0                0                 0                0                 0                0                 0                0                 0                0                 0                
1717845799        0                0                 0                0                 0                0                 0                0                 0                0                 0                0                 0                0                 0                
1717845810        0                0                 0                0                 0                0                 0                0                 0                0                 0                0                 0                0                 0                
1717845820        0                0                 0                0                 0                0                 0                0                 0                0                 0                0                 0                0                 0                
1717845830        0                0                 0                0                 0                0                 0                0                 0                0                 0                0                 0                0                 0                
1717845841        0                0                 0                0                 0                0                 0                0                 0                0                 0                0                 0                0                 0                
1717845851        0                0                 0                0                 0                0                 0                0                 0                0                 0                0                 0                0                 0                
1717845861        0                0                 0                0                 0                0                 0                0                 0                0                 0                0                 0                0                 0                
1717845872        0                0                 0                0                 0                0                 0                0                 0                0                 0                0                 0                0                 0                
1717845882        0                0                 0                0                 0                0                 0                0                 0                0                 0                0                 0                0                 0                
1717845892        0                0                 0                0                 0                0                 0                0                 0                0                 0                0                 0                0                 0                
1717845903        0                0                 0                0                 0                0                 0                0                 0                0                 0                0                 0                0                 0                
1717845913        0                0                 0                0                 0                0                 0                0                 0                0                 0                0                 0                0                 0                
1717845923        0                0                 0                0                 0                0                 0                0                 0                0                 0                0                 0                0                 0                
1717845934        0                0                 0                0                 0                0                 0                0                 0                0                 0                0                 0                0                 0                
1717845944        0                0                 0                0                 0                0                 0                0                 0                0                 0                0                 0                0                 0                
1717845954        0                0                 0                0                 0                0                 0                0                 0                0                 0                0                 0                0                 0                
1717845965        0                0                 0                0                 0                0                 0                0                 0                0                 0                0                 0                0                 0                
1717845975        0                0                 0                0                 0                0                 0                0                 0                0                 0                0                 0                0                 0                
1717845985        0                0                 0                0                 0                0                 0                0                 0                0                 0                0                 0                0                 0                
1717845996        0                0                 0                0                 0                0                 0                0                 0                0                 0                0                 0                0                 0                
1717846006        0                0                 0                0                 0                0                 0                0                 0                0                 0                0                 0                0                 0                
1717846016        0                0                 0                0                 0                0                 0                0                 0                0                 0                0                 0                0                 0                
1717846026        0                0                 0                0                 0                0                 0                0                 0                0                 0                0                 0                0                 0                
1717846037        0                0                 0                0                 0                0                 0                0                 0                0                 0                0                 0                0                 0                
1717846047        0                0                 0                0                 0                0                 0                0                 0                0                 0                0                 0                0                 0                
1717846057        0                0                 0                0                 0                0                 0                0                 0                0                 0                0                 0                0                 0                
1717846068        0                0                 0                0                 0                0                 0                0                 0                0                 0                0                 0                0                 0                
1717846078        0                0                 0                0                 0                0                 0                0                 0                0                 0                0                 0                0                 0                
1717846088        0                0                 0                0                 0                0                 0                0                 0                0                 0                0                 0                0                 0                
1717846099        0                0                 0                0                 0                0                 0                0                 0                0                 0                0                 0                0                 0                
1717846109        0                0                 0                0                 0                0                 0                0                 0                0                 0                0                 0                0                 0                
1717846119        0                0                 0                0                 0                0                 0                0                 0                0                 0                0                 0                0                 0                
1717846130        0                0                 0                0                 0                0                 0                0                 0                0                 0                0                 0                0                 0                
1717846140        0                0                 0                0                 0                0                 0                0                 0                0                 0                0                 0                0                 0                
1717846150        0                0                 0                0                 0                0                 0                0                 0                0                 0                0                 0                0                 0                
1717846161        0                0                 0                0                 0                0                 0                0                 0                0                 0                0                 0                0                 0                
1717846171        0                0                 0                0                 0                0                 0                0                 0                0                 0                0                 0                0                 0                
1717846181        0                0                 0                0                 0                0                 0                0                 0                0                 0                0                 0                0                 0                
1717846192        0                0                 0                0                 0                0                 0                0                 0                0                 0                0                 0                0                 0                
1717846202        0                0                 0                0                 0                0                 0                0                 0                0                 0                0                 0                0                 0                
1717846212        0                0                 0                0                 0                0                 0                0                 0                0                 0                0                 0                0                 0                
1717846223        0                0                 0                0                 0                0                 0                0                 0                0                 0                0                 0                0                 0                
1717846233        0                0                 0                0                 0                0                 0                0                 0                0                 0                0                 0                0                 0                
1717846243        0                0                 0                0                 0                0                 0                0                 0                0                 0                0                 0                0                 0                
1717846254        0                0                 0                0                 0                0                 0                0                 0                0                 0                0                 0                0                 0                
1717846264        0                0                 0                0                 0                0                 0                0                 0                0                 0                0                 0                0                 0                
1717846274        0                0                 0                0                 0                0                 0                0                 0                0                 0                0                 0                0                 0                
1717846285        0                0                 0                0                 0                0                 0                0                 0                0                 0                0                 0                0                 0                
1717846295        0                0                 0                0                 0                0                 0                0                 0                0                 0                0                 0                0                 0                
1717846305        0                0                 0                0                 0                0                 0                0                 0                0                 0                0                 0                0                 0                
1717846316        0                0                 0                0                 0                0                 0                0                 0                0                 0                0                 0                0                 0                
1717846326        0                0                 0                0                 0                0                 0                0                 0                0                 0                0                 0                0                 0                
1717846336        0                0                 0                0                 0                0                 0                0                 0                0                 0                0                 0                0                 0                
1717846346        0                0                 0                0                 0                0                 0                0                 0                0                 0                0                 0                0                 0                
1717846357        0                0                 0                0                 0                0                 0                0                 0                0                 0                0                 0                0                 0                
1717846367        0                0                 0                0                 0                0                 0                0                 0                0                 0                0                 0                0                 0                
1717846377        0                0                 0                0                 0                0                 0                0                 0                0                 0                0                 0                0                 0                
1717846388        0                0                 0                0                 0                0                 0                0                 0                0                 0                0                 0                0                 0                
1717846398        0                0                 0                0                 0                0                 0                0                 0                0                 0                0                 0                0                 0                
1717846408        0                0                 0                0                 0                0                 0                0                 0                0                 0                0                 0                0                 0                
1717846419        0                0                 0                0                 0                0                 0                0                 0                0                 0                0                 0                0                 0                
1717846429        0                0                 0                0                 0                0                 0                0                 0                0                 0                0                 0                0                 0                
1717846439        0                0                 0                0                 0                0                 0                0                 0                0                 0                0                 0                0                 0                
1717846450        0                0                 0                0                 0                0                 0                0                 0                0                 0                0                 0                0                 0                
1717846460        0                0                 0                0                 0                0                 0                0                 0                0                 0                0                 0                0                 0                
1717846470        0                0                 0                0                 0                0                 0                0                 0                0                 0                0                 0                0                 0                
1717846481        0                0                 0                0                 0                0                 0                0                 0                0                 0                0                 0                0                 0                
1717846491        0                0                 0                0                 0                0                 0                0                 0                0                 0                0                 0                0                 0                
1717846501        0                0                 0                0                 0                0                 0                0                 0                0                 0                0                 0                0                 0                
1717846511        0                0                 0                0                 0                0                 0                0                 0                0                 0                0                 0                0                 0                
1717846522        0                0                 0                0                 0                0                 0                0                 0                0                 0                0                 0                0                 0                
1717846532        0                0                 0                0                 0                0                 0                0                 0                0                 0                0                 0                0                 0                
1717846542        0                0                 0                0                 0                0                 0                0                 0                0                 0                0                 0                0                 0                
1717846553        0                0                 0                0                 0                0                 0                0                 0                0                 0                0                 0                0                 0                
1717846563        0                0                 0                0                 0                0                 0                0                 0                0                 0                0                 0                0                 0                
1717846573        0                0                 0                0                 0                0                 0                0                 0                0                 0                0                 0                0                 0                
1717846584        0                0                 0                0                 0                0                 0                0                 0                0                 0                0                 0                0                 0                
1717846594        0                0                 0                0                 0                0                 0                0                 0                0                 0                0                 0                0                 0                
1717846604        0                0                 0                0                 0                0                 0                0                 0                0                 0                0                 0                0                 0                
1717846614        0                0                 0                0                 0                0                 0                0                 0                0                 0                0                 0                0                 0                
1717846625        0                0                 0                0                 0                0                 0                0                 0                0                 0                0                 0                0                 0                
1717846635        0                0                 0                0                 0                0                 0                0                 0                0                 0                0                 0                0                 0                
1717846645        0                0                 0                0                 0                0                 0                0                 0                0                 0                0                 0                0                 0                
1717846656        0                0                 0                0                 0                0                 0                0                 0                0                 0                0                 0                0                 0                
1717846666        0                0                 0                0                 0                0                 0                0                 0                0                 0                0                 0                0                 0                
1717846676        0                0                 0                0                 0                0                 0                0                 0                0                 0                0                 0                0                 0                
1717846686        0                0                 0                0                 0                0                 0                0                 0                0                 0                0                 0                0                 0                
1717846697        0                0                 0                0                 0                0                 0                0                 0                0                 0                0                 0                0                 0                
1717846707        0                0                 0                0                 0                0                 0                0                 0                0                 0                0                 0                0                 0                
1717846718        0                0                 0                0                 0                0                 0                0                 0                0                 0                0                 0                0                 0                
1717846728        0                0                 0                0                 0                0                 0                0                 0                0                 0                0                 0                0                 0                
1717846739        0                0                 0                0                 0                0                 0                0                 0                0                 0                0                 0                0                 0                
1717846749        0                0                 0                0                 0                0                 0                0                 0                0                 0                0                 0                0                 0                
1717846760        0                0                 0                0                 0                0                 0                0                 0                0                 0                0                 0                0                 0                
1717846770        0                0                 0                0                 0                0                 0                0                 0                0                 0                0                 0                0                 0                
1717846780        0                0                 0                0                 0                0                 0                0                 0                0                 0                0                 0                0                 0                
1717846791        0                0                 0                0                 0                0                 0                0                 0                0                 0                0                 0                0                 0                
1717846801        0                0                 0                0                 0                0                 0                0                 0                0                 0                0                 0                0                 0                
1717846812        0                0                 0                0                 0                0                 0                0                 0                0                 0                0                 0                0                 0                
1717846822        0                0                 0                0                 0                0                 0                0                 0                0                 0                0                 0                0                 0                
1717846833        0                0                 0                0                 0                0                 0                0                 0                0                 0                0                 0                0                 0                
1717846843        0                0                 0                0                 0                0                 0                0                 0                0                 0                0                 0                0                 0                
1717846853        0                0                 0                0                 0                0                 0                0                 0                0                 0                0                 0                0                 0                
1717846864        0                0                 0                0                 0                0                 0                0                 0                0                 0                0                 0                0                 0                
1717846874        0                0                 0                0                 0                0                 0                0                 0                0                 0                0                 0                0                 0                
1717846885        0                0                 0                0                 0                0                 0                0                 0                0                 0                0                 0                0                 0                
1717846895        0                0                 0                0                 0                0                 0                0                 0                0                 0                0                 0                0                 0                
1717846905        0                0                 0                0                 0                0                 0                0                 0                0                 0                0                 0                0                 0                
1717846916        0                0                 0                0                 0                0                 0                0                 0                0                 0                0                 0                0                 0                
1717846926        0                0                 0                0                 0                0                 0                0                 0                0                 0                0                 0                0                 0                
1717846936        0                0                 0                0                 0                0                 0                0                 0                0                 0                0                 0                0                 0                
1717846947        0                0                 0                0                 0                0                 0                0                 0                0                 0                0                 0                0                 0                
1717846957        0                0                 0                0                 0                0                 0                0                 0                0                 0                0                 0                0                 0                
1717846967        0                0                 0                0                 0                0                 0                0                 0                0                 0                0                 0                0                 0                
1717846978        0                0                 0                0                 0                0                 0                0                 0                0                 0                0                 0                0                 0                
1717846988        0                0                 0                0                 0                0                 0                0                 0                0                 0                0                 0                0                 0                
1717846998        0                0                 0                0                 0                0                 0                0                 0                0                 0                0                 0                0                 0                
1717847009        0                0                 0                0                 0                0                 0                0                 0                0                 0                0                 0                0                 0                
1717847019        0                0                 0                0                 0                0                 0                0                 0                0                 0                0                 0                0                 0                
1717847030        0                0                 0                0                 0                0                 0                0                 0                0                 0                0                 0                0                 0                
1717847040        0                0                 0                0                 0                0                 0                0                 0                0                 0                0                 0                0                 0                
1717847050        0                0                 0                0                 0                0                 0                0                 0                0                 0                0                 0                0                 0                
1717847060        0                0                 0                0                 0                0                 0                0                 0                0                 0                0                 0                0                 0                
1717847071        0                0                 0                0                 0                0                 0                0                 0                0                 0                0                 0                0                 0                
1717847081        0                0                 0                0                 0                0                 0                0                 0                0                 0                0                 0                0                 0                
1717847091        0                0                 0                0                 0                0                 0                0                 0                0                 0                0                 0                0                 0                
1717847102        0                0                 0                0                 0                0                 0                0                 0                0                 0                0                 0                0                 0                
1717847112        0                0                 0                0                 0                0                 0                0                 0                0                 0                0                 0                0                 0                
1717847122        0                0                 0                0                 0                0                 0                0                 0                0                 0                0                 0                0                 0                
1717847133        0                0                 0                0                 0                0                 0                0                 0                0                 0                0                 0                0                 0                
1717847143        0                0                 0                0                 0                0                 0                0                 0                0                 0                0                 0                0                 0                
1717847153        0                0                 0                0                 0                0                 0                0                 0                0                 0                0                 0                0                 0                
1717847164        0                0                 0                0                 0                0                 0                0                 0                0                 0                0                 0                0                 0                
1717847174        0                0                 0                0                 0                0                 0                0                 0                0                 0                0                 0                0                 0                
1717847184        0                0                 0                0                 0                0                 0                0                 0                0                 0                0                 0                0                 0                
1717847195        0                0                 0                0                 0                0                 0                0                 0                0                 0                0                 0                0                 0                
1717847205        0                0                 0                0                 0                0                 0                0                 0                0                 0                0                 0                0                 0                
1717847215        0                0                 0                0                 0                0                 0                0                 0                0                 0                0                 0                0                 0                
1717847226        0                0                 0                0                 0                0                 0                0                 0                0                 0                0                 0                0                 0                
1717847236        0                0                 0                0                 0                0                 0                0                 0                0                 0                0                 0                0                 0                
1717847246        0                0                 0                0                 0                0                 0                0                 0                0                 0                0                 0                0                 0                
1717847257        0                0                 0                0                 0                0                 0                0                 0                0                 0                0                 0                0                 0                
1717847267        0                0                 0                0                 0                0                 0                0                 0                0                 0                0                 0                0                 0                
1717847277        0                0                 0                0                 0                0                 0                0                 0                0                 0                0                 0                0                 0                
1717847287        0                0                 0                0                 0                0                 0                0                 0                0                 0                0                 0                0                 0                
1717847298        0                0                 0                0                 0                0                 0                0                 0                0                 0                0                 0                0                 0                
1717847308        0                0                 0                0                 0                0                 0                0                 0                0                 0                0                 0                0                 0                
1717847318        0                0                 0                0                 0                0                 0                0                 0                0                 0                0                 0                0                 0                
1717847329        0                0                 0                0                 0                0                 0                0                 0                0                 0                0                 0                0                 0                
1717847339        0                0                 0                0                 0                0                 0                0                 0                0                 0                0                 0                0                 0                
1717847349        0                0                 0                0                 0                0                 0                0                 0                0                 0                0                 0                0                 0                
1717847360        0                0                 0                0                 0                0                 0                0                 0                0                 0                0                 0                0                 0                
1717847370        0                0                 0                0                 0                0                 0                0                 0                0                 0                0                 0                0                 0                
1717847380        0                0                 0                0                 0                0                 0                0                 0                0                 0                0                 0                0                 0                
1717847390        0                0                 0                0                 0                0                 0                0                 0                0                 0                0                 0                0                 0                
1717847401        0                0                 0                0                 0                0                 0                0                 0                0                 0                0                 0                0                 0                
1717847411        0                0                 0                0                 0                0                 0                0                 0                0                 0                0                 0                0                 0                
1717847421        0                0                 0                0                 0                0                 0                0                 0                0                 0                0                 0                0                 0                
1717847432        0                0                 0                0                 0                0                 0                0                 0                0                 0                0                 0                0                 0                
1717847442        0                0                 0                0                 0                0                 0                0                 0                0                 0                0                 0                0                 0                
1717847452        0                0                 0                0                 0                0                 0                0                 0                0                 0                0                 0                0                 0                
1717847463        0                0                 0                0                 0                0                 0                0                 0                0                 0                0                 0                0                 0                
1717847473        0                0                 0                0                 0                0                 0                0                 0                0                 0                0                 0                0                 0                
1717847483        0                0                 0                0                 0                0                 0                0                 0                0                 0                0                 0                0                 0                
1717847493        0                0                 0                0                 0                0                 0                0                 0                0                 0                0                 0                0                 0                
1717847504        0                0                 0                0                 0                0                 0                0                 0                0                 0                0                 0                0                 0                
1717847514        0                0                 0                0                 0                0                 0                0                 0                0                 0                0                 0                0                 0                
1717847524        0                0                 0                0                 0                0                 0                0                 0                0                 0                0                 0                0                 0                
1717847535        0                0                 0                0                 0                0                 0                0                 0                0                 0                0                 0                0                 0                
1717847545        0                0                 0                0                 0                0                 0                0                 0                0                 0                0                 0                0                 0                
1717847555        0                0                 0                0                 0                0                 0                0                 0                0                 0                0                 0                0                 0                
1717847566        0                0                 0                0                 0                0                 0                0                 0                0                 0                0                 0                0                 0                
1717847576        0                0                 0                0                 0                0                 0                0                 0                0                 0                0                 0                0                 0                
1717847586        0                0                 0                0                 0                0                 0                0                 0                0                 0                0                 0                0                 0                
1717847597        0                0                 0                0                 0                0                 0                0                 0                0                 0                0                 0                0                 0                
1717847607        0                0                 0                0                 0                0                 0                0                 0                0                 0                0                 0                0                 0                
1717847617        0                0                 0                0                 0                0                 0                0                 0                0                 0                0                 0                0                 0                
1717847628        0                0                 0                0                 0                0                 0                0                 0                0                 0                0                 0                0                 0                
1717847638        0                0                 0                0                 0                0                 0                0                 0                0                 0                0                 0                0                 0                
1717847648        0                0                 0                0                 0                0                 0                0                 0                0                 0                0                 0                0                 0                
1717847658        0                0                 0                0                 0                0                 0                0                 0                0                 0                0                 0                0                 0                
1717847669        0                0                 0                0                 0                0                 0                0                 0                0                 0                0                 0                0                 0                
1717847679        0                0                 0                0                 0                0                 0                0                 0                0                 0                0                 0                0                 0                
1717847689        0                0                 0                0                 0                0                 0                0                 0                0                 0                0                 0                0                 0                
1717847700        0                0                 0                0                 0                0                 0                0                 0                0                 0                0                 0                0                 0                
1717847710        0                0                 0                0                 0                0                 0                0                 0                0                 0                0                 0                0                 0                
1717847721        0                0                 0                0                 0                0                 0                0                 0                0                 0                0                 0                0                 0                
1717847731        0                0                 0                0                 0                0                 0                0                 0                0                 0                0                 0                0                 0                
1717847741        0                0                 0                0                 0                0                 0                0                 0                0                 0                0                 0                0                 0                
1717847752        0                0                 0                0                 0                0                 0                0                 0                0                 0                0                 0                0                 0                
1717847762        0                0                 0                0                 0                0                 0                0                 0                0                 0                0                 0                0                 0                
1717847772        0                0                 0                0                 0                0                 0                0                 0                0                 0                0                 0                0                 0                
1717847782        0                0                 0                0                 0                0                 0                0                 0                0                 0                0                 0                0                 0                
1717847793        0                0                 0                0                 0                0                 0                0                 0                0                 0                0                 0                0                 0                
1717847803        0                0                 0                0                 0                0                 0                0                 0                0                 0                0                 0                0                 0                
1717847813        0                0                 0                0                 0                0                 0                0                 0                0                 0                0                 0                0                 0                
1717847824        0                0                 0                0                 0                0                 0                0                 0                0                 0                0                 0                0                 0                
1717847834        0                0                 0                0                 0                0                 0                0                 0                0                 0                0                 0                0                 0                
1717847844        0                0                 0                0                 0                0                 0                0                 0                0                 0                0                 0                0                 0                
1717847855        0                0                 0                0                 0                0                 0                0                 0                0                 0                0                 0                0                 0                
1717847865        0                0                 0                0                 0                0                 0                0                 0                0                 0                0                 0                0                 0                
1717847875        0                0                 0                0                 0                0                 0                0                 0                0                 0                0                 0                0                 0                
1717847885        0                0                 0                0                 0                0                 0                0                 0                0                 0                0                 0                0                 0                
1717847896        0                0                 0                0                 0                0                 0                0                 0                0                 0                0                 0                0                 0                
1717847906        0                0                 0                0                 0                0                 0                0                 0                0                 0                0                 0                0                 0                
1717847916        0                0                 0                0                 0                0                 0                0                 0                0                 0                0                 0                0                 0                
1717847927        0                0                 0                0                 0                0                 0                0                 0                0                 0                0                 0                0                 0                
1717847937        0                0                 0                0                 0                0                 0                0                 0                0                 0                0                 0                0                 0                
1717847947        0                0                 0                0                 0                0                 0                0                 0                0                 0                0                 0                0                 0                
1717847958        0                0                 0                0                 0                0                 0                0                 0                0                 0                0                 0                0                 0                
1717847968        0                0                 0                0                 0                0                 0                0                 0                0                 0                0                 0                0                 0                
1717847978        0                0                 0                0                 0                0                 0                0                 0                0                 0                0                 0                0                 0                
1717847988        0                0                 0                0                 0                0                 0                0                 0                0                 0                0                 0                0                 0                
1717847999        0                0                 0                0                 0                0                 0                0                 0                0                 0                0                 0                0                 0                
1717848009        0                0                 0                0                 0                0                 0                0                 0                0                 0                0                 0                0                 0                
1717848019        0                0                 0                0                 0                0                 0                0                 0                0                 0                0                 0                0                 0                
1717848030        0                0                 0                0                 0                0                 0                0                 0                0                 0                0                 0                0                 0                
1717848040        0                0                 0                0                 0                0                 0                0                 0                0                 0                0                 0                0                 0                
1717848050        0                0                 0                0                 0                0                 0                0                 0                0                 0                0                 0                0                 0                
1717848061        0                0                 0                0                 0                0                 0                0                 0                0                 0                0                 0                0                 0                
1717848071        0                0                 0                0                 0                0                 0                0                 0                0                 0                0                 0                0                 0                
1717848081        0                0                 0                0                 0                0                 0                0                 0                0                 0                0                 0                0                 0                
1717848091        0                0                 0                0                 0                0                 0                0                 0                0                 0                0                 0                0                 0                
1717848102        0                0                 0                0                 0                0                 0                0                 0                0                 0                0                 0                0                 0                
1717848112        0                0                 0                0                 0                0                 0                0                 0                0                 0                0                 0                0                 0                
1717848122        0                0                 0                0                 0                0                 0                0                 0                0                 0                0                 0                0                 0                
1717848133        0                0                 0                0                 0                0                 0                0                 0                0                 0                0                 0                0                 0                
1717848143        0                0                 0                0                 0                0                 0                0                 0                0                 0                0                 0                0                 0                
1717848153        0                0                 0                0                 0                0                 0                0                 0                0                 0                0                 0                0                 0                
1717848163        0                0                 0                0                 0                0                 0                0                 0                0                 0                0                 0                0                 0                
1717848174        0                0                 0                0                 0                0                 0                0                 0                0                 0                0                 0                0                 0                
1717848184        0                0                 0                0                 0                0                 0                0                 0                0                 0                0                 0                0                 0                
1717848194        0                0                 0                0                 0                0                 0                0                 0                0                 0                0                 0                0                 0                
1717848205        0                0                 0                0                 0                0                 0                0                 0                0                 0                0                 0                0                 0                
1717848215        0                0                 0                0                 0                0                 0                0                 0                0                 0                0                 0                0                 0                
1717848225        0                0                 0                0                 0                0                 0                0                 0                0                 0                0                 0                0                 0                
1717848236        0                0                 0                0                 0                0                 0                0                 0                0                 0                0                 0                0                 0                
1717848246        0                0                 0                0                 0                0                 0                0                 0                0                 0                0                 0                0                 0                
1717848256        0                0                 0                0                 0                0                 0                0                 0                0                 0                0                 0                0                 0                
1717848266        0                0                 0                0                 0                0                 0                0                 0                0                 0                0                 0                0                 0                
1717848277        0                0                 0                0                 0                0                 0                0                 0                0                 0                0                 0                0                 0                
1717848287        0                0                 0                0                 0                0                 0                0                 0                0                 0                0                 0                0                 0                
1717848297        0                0                 0                0                 0                0                 0                0                 0                0                 0                0                 0                0                 0                
1717848308        0                0                 0                0                 0                0                 0                0                 0                0                 0                0                 0                0                 0                
1717848318        0                0                 0                0                 0                0                 0                0                 0                0                 0                0                 0                0                 0                
1717848328        0                0                 0                0                 0                0                 0                0                 0                0                 0                0                 0                0                 0                
1717848339        0                0                 0                0                 0                0                 0                0                 0                0                 0                0                 0                0                 0                
1717848349        0                0                 0                0                 0                0                 0                0                 0                0                 0                0                 0                0                 0                
1717848359        0                0                 0                0                 0                0                 0                0                 0                0                 0                0                 0                0                 0                
1717848370        0                0                 0                0                 0                0                 0                0                 0                0                 0                0                 0                0                 0                
1717848380        0                0                 0                0                 0                0                 0                0                 0                0                 0                0                 0                0                 0                
1717848391        0                0                 0                0                 0                0                 0                0                 0                0                 0                0                 0                0                 0                
1717848401        0                0                 0                0                 0                0                 0                0                 0                0                 0                0                 0                0                 0                
1717848411        0                0                 0                0                 0                0                 0                0                 0                0                 0                0                 0                0                 0                
1717848421        0                0                 0                0                 0                0                 0                0                 0                0                 0                0                 0                0                 0                
1717848432        0                0                 0                0                 0                0                 0                0                 0                0                 0                0                 0                0                 0                
1717848442        0                0                 0                0                 0                0                 0                0                 0                0                 0                0                 0                0                 0                
1717848452        0                0                 0                0                 0                0                 0                0                 0                0                 0                0                 0                0                 0                
1717848463        0                0                 0                0                 0                0                 0                0                 0                0                 0                0                 0                0                 0                
1717848473        0                0                 0                0                 0                0                 0                0                 0                0                 0                0                 0                0                 0                
1717848483        0                0                 0                0                 0                0                 0                0                 0                0                 0                0                 0                0                 0                
1717848494        0                0                 0                0                 0                0                 0                0                 0                0                 0                0                 0                0                 0                
1717848504        0                0                 0                0                 0                0                 0                0                 0                0                 0                0                 0                0                 0                
1717848514        0                0                 0                0                 0                0                 0                0                 0                0                 0                0                 0                0                 0                
1717848525        0                0                 0                0                 0                0                 0                0                 0                0                 0                0                 0                0                 0                
1717848535        0                0                 0                0                 0                0                 0                0                 0                0                 0                0                 0                0                 0                
1717848545        0                0                 0                0                 0                0                 0                0                 0                0                 0                0                 0                0                 0                
1717848555        0                0                 0                0                 0                0                 0                0                 0                0                 0                0                 0                0                 0                
1717848566        0                0                 0                0                 0                0                 0                0                 0                0                 0                0                 0                0                 0                
1717848577        0                0                 0                0                 0                0                 0                0                 0                0                 0                0                 0                0                 0                
1717848587        0                0                 0                0                 0                0                 0                0                 0                0                 0                0                 0                0                 0                
1717848597        0                0                 0                0                 0                0                 0                0                 0                0                 0                0                 0                0                 0                
1717848607        0                0                 0                0                 0                0                 0                0                 0                0                 0                0                 0                0                 0                
1717848618        0                0                 0                0                 0                0                 0                0                 0                0                 0                0                 0                0                 0                
1717848628        0                0                 0                0                 0                0                 0                0                 0                0                 0                0                 0                0                 0                
1717848638        0                0                 0                0                 0                0                 0                0                 0                0                 0                0                 0                0                 0                
1717848649        0                0                 0                0                 0                0                 0                0                 0                0                 0                0                 0                0                 0                
1717848659        0                0                 0                0                 0                0                 0                0                 0                0                 0                0                 0                0                 0                
1717848669        0                0                 0                0                 0                0                 0                0                 0                0                 0                0                 0                0                 0                
1717848680        0                0                 0                0                 0                0                 0                0                 0                0                 0                0                 0                0                 0                
1717848690        0                0                 0                0                 0                0                 0                0                 0                0                 0                0                 0                0                 0                
1717848700        0                0                 0                0                 0                0                 0                0                 0                0                 0                0                 0                0                 0                
1717848710        0                0                 0                0                 0                0                 0                0                 0                0                 0                0                 0                0                 0                
1717848721        0                0                 0                0                 0                0                 0                0                 0                0                 0                0                 0                0                 0                
1717848731        0                0                 0                0                 0                0                 0                0                 0                0                 0                0                 0                0                 0                
1717848741        0                0                 0                0                 0                0                 0                0                 0                0                 0                0                 0                0                 0                
1717848752        0                0                 0                0                 0                0                 0                0                 0                0                 0                0                 0                0                 0                
1717848762        0                0                 0                0                 0                0                 0                0                 0                0                 0                0                 0                0                 0                
1717848772        0                0                 0                0                 0                0                 0                0                 0                0                 0                0                 0                0                 0                
1717848783        0                0                 0                0                 0                0                 0                0                 0                0                 0                0                 0                0                 0                
1717848793        0                0                 0                0                 0                0                 0                0                 0                0                 0                0                 0                0                 0                
1717848803        0                0                 0                0                 0                0                 0                0                 0                0                 0                0                 0                0                 0                
1717848813        0                0                 0                0                 0                0                 0                0                 0                0                 0                0                 0                0                 0                
1717848824        0                0                 0                0                 0                0                 0                0                 0                0                 0                0                 0                0                 0                
1717848834        0                0                 0                0                 0                0                 0                0                 0                0                 0                0                 0                0                 0                
1717848844        0                0                 0                0                 0                0                 0                0                 0                0                 0                0                 0                0                 0                
1717848855        0                0                 0                0                 0                0                 0                0                 0                0                 0                0                 0                0                 0                
1717848865        0                0                 0                0                 0                0                 0                0                 0                0                 0                0                 0                0                 0                
1717848875        0                0                 0                0                 0                0                 0                0                 0                0                 0                0                 0                0                 0                
1717848886        0                0                 0                0                 0                0                 0                0                 0                0                 0                0                 0                0                 0                
1717848896        0                0                 0                0                 0                0                 0                0                 0                0                 0                0                 0                0                 0                
1717848906        0                0                 0                0                 0                0                 0                0                 0                0                 0                0                 0                0                 0                
1717848916        0                0                 0                0                 0                0                 0                0                 0                0                 0                0                 0                0                 0                
1717848927        0                0                 0                0                 0                0                 0                0                 0                0                 0                0                 0                0                 0                
1717848937        0                0                 0                0                 0                0                 0                0                 0                0                 0                0                 0                0                 0                
1717848947        0                0                 0                0                 0                0                 0                0                 0                0                 0                0                 0                0                 0                
1717848958        0                0                 0                0                 0                0                 0                0                 0                0                 0                0                 0                0                 0                
1717848968        0                0                 0                0                 0                0                 0                0                 0                0                 0                0                 0                0                 0                
1717848978        0                0                 0                0                 0                0                 0                0                 0                0                 0                0                 0                0                 0                
1717848988        0                0                 0                0                 0                0                 0                0                 0                0                 0                0                 0                0                 0                
1717848999        0                0                 0                0                 0                0                 0                0                 0                0                 0                0                 0                0                 0                
1717849009        0                0                 0                0                 0                0                 0                0                 0                0                 0                0                 0                0                 0                
1717849019        0                0                 0                0                 0                0                 0                0                 0                0                 0                0                 0                0                 0                
1717849030        0                0                 0                0                 0                0                 0                0                 0                0                 0                0                 0                0                 0                
1717849040        0                0                 0                0                 0                0                 0                0                 0                0                 0                0                 0                0                 0                
1717849050        0                0                 0                0                 0                0                 0                0                 0                0                 0                0                 0                0                 0                
1717849061        0                0                 0                0                 0                0                 0                0                 0                0                 0                0                 0                0                 0                
1717849071        0                0                 0                0                 0                0                 0                0                 0                0                 0                0                 0                0                 0                
1717849081        0                0                 0                0                 0                0                 0                0                 0                0                 0                0                 0                0                 0                
1717849092        0                0                 0                0                 0                0                 0                0                 0                0                 0                0                 0                0                 0                
1717849102        0                0                 0                0                 0                0                 0                0                 0                0                 0                0                 0                0                 0                
1717849112        0                0                 0                0                 0                0                 0                0                 0                0                 0                0                 0                0                 0                
1717849122        0                0                 0                0                 0                0                 0                0                 0                0                 0                0                 0                0                 0                
1717849133        0                0                 0                0                 0                0                 0                0                 0                0                 0                0                 0                0                 0                
1717849143        0                0                 0                0                 0                0                 0                0                 0                0                 0                0                 0                0                 0                
1717849153        0                0                 0                0                 0                0                 0                0                 0                0                 0                0                 0                0                 0                
1717849164        0                0                 0                0                 0                0                 0                0                 0                0                 0                0                 0                0                 0                
1717849174        0                0                 0                0                 0                0                 0                0                 0                0                 0                0                 0                0                 0                
1717849184        0                0                 0                0                 0                0                 0                0                 0                0                 0                0                 0                0                 0                
1717849195        0                0                 0                0                 0                0                 0                0                 0                0                 0                0                 0                0                 0                
1717849205        0                0                 0                0                 0                0                 0                0                 0                0                 0                0                 0                0                 0                
1717849216        0                0                 0                0                 0                0                 0                0                 0                0                 0                0                 0                0                 0                
1717849226        0                0                 0                0                 0                0                 0                0                 0                0                 0                0                 0                0                 0                
1717849236        0                0                 0                0                 0                0                 0                0                 0                0                 0                0                 0                0                 0                
1717849247        0                0                 0                0                 0                0                 0                0                 0                0                 0                0                 0                0                 0                
1717849257        0                0                 0                0                 0                0                 0                0                 0                0                 0                0                 0                0                 0                
1717849267        0                0                 0                0                 0                0                 0                0                 0                0                 0                0                 0                0                 0                
1717849277        0                0                 0                0                 0                0                 0                0                 0                0                 0                0                 0                0                 0                
1717849288        0                0                 0                0                 0                0                 0                0                 0                0                 0                0                 0                0                 0                
1717849298        0                0                 0                0                 0                0                 0                0                 0                0                 0                0                 0                0                 0                
1717849308        0                0                 0                0                 0                0                 0                0                 0                0                 0                0                 0                0                 0                
1717849319        0                0                 0                0                 0                0                 0                0                 0                0                 0                0                 0                0                 0                
1717849329        0                0                 0                0                 0                0                 0                0                 0                0                 0                0                 0                0                 0                
1717849339        0                0                 0                0                 0                0                 0                0                 0                0                 0                0                 0                0                 0                
1717849349        0                0                 0                0                 0                0                 0                0                 0                0                 0                0                 0                0                 0                
1717849360        0                0                 0                0                 0                0                 0                0                 0                0                 0                0                 0                0                 0                
1717849370        0                0                 0                0                 0                0                 0                0                 0                0                 0                0                 0                0                 0                
1717849380        0                0                 0                0                 0                0                 0                0                 0                0                 0                0                 0                0                 0                
1717849391        0                0                 0                0                 0                0                 0                0                 0                0                 0                0                 0                0                 0                
1717849401        0                0                 0                0                 0                0                 0                0                 0                0                 0                0                 0                0                 0                
1717849411        0                0                 0                0                 0                0                 0                0                 0                0                 0                0                 0                0                 0                
1717849422        0                0                 0                0                 0                0                 0                0                 0                0                 0                0                 0                0                 0                
1717849432        0                0                 0                0                 0                0                 0                0                 0                0                 0                0                 0                0                 0                
1717849442        0                0                 0                0                 0                0                 0                0                 0                0                 0                0                 0                0                 0                
1717849452        0                0                 0                0                 0                0                 0                0                 0                0                 0                0                 0                0                 0                
1717849463        0                0                 0                0                 0                0                 0                0                 0                0                 0                0                 0                0                 0                
1717849473        0                0                 0                0                 0                0                 0                0                 0                0                 0                0                 0                0                 0                
1717849483        0                0                 0                0                 0                0                 0                0                 0                0                 0                0                 0                0                 0                
1717849494        0                0                 0                0                 0                0                 0                0                 0                0                 0                0                 0                0                 0                
1717849504        0                0                 0                0                 0                0                 0                0                 0                0                 0                0                 0                0                 0                
1717849514        0                0                 0                0                 0                0                 0                0                 0                0                 0                0                 0                0                 0                
1717849524        0                0                 0                0                 0                0                 0                0                 0                0                 0                0                 0                0                 0                
1717849535        0                0                 0                0                 0                0                 0                0                 0                0                 0                0                 0                0                 0                
1717849545        0                0                 0                0                 0                0                 0                0                 0                0                 0                0                 0                0                 0                
1717849555        0                0                 0                0                 0                0                 0                0                 0                0                 0                0                 0                0                 0                
1717849566        0                0                 0                0                 0                0                 0                0                 0                0                 0                0                 0                0                 0                
1717849576        0                0                 0                0                 0                0                 0                0                 0                0                 0                0                 0                0                 0                
1717849586        0                0                 0                0                 0                0                 0                0                 0                0                 0                0                 0                0                 0                
1717849596        0                0                 0                0                 0                0                 0                0                 0                0                 0                0                 0                0                 0                
1717849607        0                0                 0                0                 0                0                 0                0                 0                0                 0                0                 0                0                 0                
1717849617        0                0                 0                0                 0                0                 0                0                 0                0                 0                0                 0                0                 0                
1717849627        0                0                 0                0                 0                0                 0                0                 0                0                 0                0                 0                0                 0                
1717849638        0                0                 0                0                 0                0                 0                0                 0                0                 0                0                 0                0                 0                
1717849648        0                0                 0                0                 0                0                 0                0                 0                0                 0                0                 0                0                 0                
1717849658        0                0                 0                0                 0                0                 0                0                 0                0                 0                0                 0                0                 0                
1717849669        0                0                 0                0                 0                0                 0                0                 0                0                 0                0                 0                0                 0                
1717849679        0                0                 0                0                 0                0                 0                0                 0                0                 0                0                 0                0                 0                
1717849689        0                0                 0                0                 0                0                 0                0                 0                0                 0                0                 0                0                 0                
1717849699        0                0                 0                0                 0                0                 0                0                 0                0                 0                0                 0                0                 0                
1717849710        0                0                 0                0                 0                0                 0                0                 0                0                 0                0                 0                0                 0                
1717849720        0                0                 0                0                 0                0                 0                0                 0                0                 0                0                 0                0                 0                
1717849730        0                0                 0                0                 0                0                 0                0                 0                0                 0                0                 0                0                 0                
1717849741        0                0                 0                0                 0                0                 0                0                 0                0                 0                0                 0                0                 0                
1717849751        0                0                 0                0                 0                0                 0                0                 0                0                 0                0                 0                0                 0                
1717849761        0                0                 0                0                 0                0                 0                0                 0                0                 0                0                 0                0                 0                
1717849771        0                0                 0                0                 0                0                 0                0                 0                0                 0                0                 0                0                 0                
1717849782        0                0                 0                0                 0                0                 0                0                 0                0                 0                0                 0                0                 0                
1717849792        0                0                 0                0                 0                0                 0                0                 0                0                 0                0                 0                0                 0                
1717849802        0                0                 0                0                 0                0                 0                0                 0                0                 0                0                 0                0                 0                
1717849813        0                0                 0                0                 0                0                 0                0                 0                0                 0                0                 0                0                 0                
1717849823        0                0                 0                0                 0                0                 0                0                 0                0                 0                0                 0                0                 0                
1717849833        0                0                 0                0                 0                0                 0                0                 0                0                 0                0                 0                0                 0                
1717849843        0                0                 0                0                 0                0                 0                0                 0                0                 0                0                 0                0                 0                
1717849854        0                0                 0                0                 0                0                 0                0                 0                0                 0                0                 0                0                 0                
1717849864        0                0                 0                0                 0                0                 0                0                 0                0                 0                0                 0                0                 0                
1717849874        0                0                 0                0                 0                0                 0                0                 0                0                 0                0                 0                0                 0                
1717849885        0                0                 0                0                 0                0                 0                0                 0                0                 0                0                 0                0                 0                
1717849895        0                0                 0                0                 0                0                 0                0                 0                0                 0                0                 0                0                 0                
1717849905        0                0                 0                0                 0                0                 0                0                 0                0                 0                0                 0                0                 0                
1717849916        0                0                 0                0                 0                0                 0                0                 0                0                 0                0                 0                0                 0                
1717849926        0                0                 0                0                 0                0                 0                0                 0                0                 0                0                 0                0                 0                
1717849936        0                0                 0                0                 0                0                 0                0                 0                0                 0                0                 0                0                 0                
1717849946        0                0                 0                0                 0                0                 0                0                 0                0                 0                0                 0                0                 0                
1717849957        0                0                 0                0                 0                0                 0                0                 0                0                 0                0                 0                0                 0                
1717849967        0                0                 0                0                 0                0                 0                0                 0                0                 0                0                 0                0                 0                
1717849977        0                0                 0                0                 0                0                 0                0                 0                0                 0                0                 0                0                 0                
1717849987        0                0                 0                0                 0                0                 0                0                 0                0                 0                0                 0                0                 0                
1717849998        0                0                 0                0                 0                0                 0                0                 0                0                 0                0                 0                0                 0                
1717850008        0                0                 0                0                 0                0                 0                0                 0                0                 0                0                 0                0                 0                
1717850018        0                0                 0                0                 0                0                 0                0                 0                0                 0                0                 0                0                 0                
1717850029        0                0                 0                0                 0                0                 0                0                 0                0                 0                0                 0                0                 0                
1717850039        0                0                 0                0                 0                0                 0                0                 0                0                 0                0                 0                0                 0                
1717850049        0                0                 0                0                 0                0                 0                0                 0                0                 0                0                 0                0                 0                
1717850059        0                0                 0                0                 0                0                 0                0                 0                0                 0                0                 0                0                 0                
1717850069        0                0                 0                0                 0                0                 0                0                 0                0                 0                0                 0                0                 0                
1717850080        0                0                 0                0                 0                0                 0                0                 0                0                 0                0                 0                0                 0                
1717850090        0                0                 0                0                 0                0                 0                0                 0                0                 0                0                 0                0                 0                
1717850100        0                0                 0                0                 0                0                 0                0                 0                0                 0                0                 0                0                 0                
1717850110        0                0                 0                0                 0                0                 0                0                 0                0                 0                0                 0                0                 0                
1717850121        0                0                 0                0                 0                0                 0                0                 0                0                 0                0                 0                0                 0                
1717850131        0                0                 0                0                 0                0                 0                0                 0                0                 0                0                 0                0                 0                
1717850141        0                0                 0                0                 0                0                 0                0                 0                0                 0                0                 0                0                 0                
1717850151        0                0                 0                0                 0                0                 0                0                 0                0                 0                0                 0                0                 0                
1717850162        0                0                 0                0                 0                0                 0                0                 0                0                 0                0                 0                0                 0                
1717850172        0                0                 0                0                 0                0                 0                0                 0                0                 0                0                 0                0                 0                
1717850182        0                0                 0                0                 0                0                 0                0                 0                0                 0                0                 0                0                 0                
1717850192        0                0                 0                0                 0                0                 0                0                 0                0                 0                0                 0                0                 0                
1717850203        0                0                 0                0                 0                0                 0                0                 0                0                 0                0                 0                0                 0                
1717850213        0                0                 0                0                 0                0                 0                0                 0                0                 0                0                 0                0                 0                
1717850223        0                0                 0                0                 0                0                 0                0                 0                0                 0                0                 0                0                 0                
1717850233        0                0                 0                0                 0                0                 0                0                 0                0                 0                0                 0                0                 0                
1717850243        0                0                 0                0                 0                0                 0                0                 0                0                 0                0                 0                0                 0                
1717850254        0                0                 0                0                 0                0                 0                0                 0                0                 0                0                 0                0                 0                
1717850264        0                0                 0                0                 0                0                 0                0                 0                0                 0                0                 0                0                 0                
1717850274        0                0                 0                0                 0                0                 0                0                 0                0                 0                0                 0                0                 0                
1717850284        0                0                 0                0                 0                0                 0                0                 0                0                 0                0                 0                0                 0                
1717850295        0                0                 0                0                 0                0                 0                0                 0                0                 0                0                 0                0                 0                
1717850305        0                0                 0                0                 0                0                 0                0                 0                0                 0                0                 0                0                 0                
1717850315        0                0                 0                0                 0                0                 0                0                 0                0                 0                0                 0                0                 0                
1717850325        0                0                 0                0                 0                0                 0                0                 0                0                 0                0                 0                0                 0                
1717850335        0                0                 0                0                 0                0                 0                0                 0                0                 0                0                 0                0                 0                
1717850346        0                0                 0                0                 0                0                 0                0                 0                0                 0                0                 0                0                 0                
1717850356        0                0                 0                0                 0                0                 0                0                 0                0                 0                0                 0                0                 0                
1717850366        0                0                 0                0                 0                0                 0                0                 0                0                 0                0                 0                0                 0                
1717850376        0                0                 0                0                 0                0                 0                0                 0                0                 0                0                 0                0                 0                
1717850386        0                0                 0                0                 0                0                 0                0                 0                0                 0                0                 0                0                 0                
1717850397        0                0                 0                0                 0                0                 0                0                 0                0                 0                0                 0                0                 0                
1717850407        0                0                 0                0                 0                0                 0                0                 0                0                 0                0                 0                0                 0                
1717850417        0                0                 0                0                 0                0                 0                0                 0                0                 0                0                 0                0                 0                
1717850427        0                0                 0                0                 0                0                 0                0                 0                0                 0                0                 0                0                 0                
1717850438        0                0                 0                0                 0                0                 0                0                 0                0                 0                0                 0                0                 0                
1717850448        0                0                 0                0                 0                0                 0                0                 0                0                 0                0                 0                0                 0                
1717850458        0                0                 0                0                 0                0                 0                0                 0                0                 0                0                 0                0                 0                
1717850468        0                0                 0                0                 0                0                 0                0                 0                0                 0                0                 0                0                 0                
1717850478        0                0                 0                0                 0                0                 0                0                 0                0                 0                0                 0                0                 0                
1717850489        0                0                 0                0                 0                0                 0                0                 0                0                 0                0                 0                0                 0                
1717850499        0                0                 0                0                 0                0                 0                0                 0                0                 0                0                 0                0                 0                
1717850509        0                0                 0                0                 0                0                 0                0                 0                0                 0                0                 0                0                 0                
1717850519        0                0                 0                0                 0                0                 0                0                 0                0                 0                0                 0                0                 0                
1717850529        0                0                 0                0                 0                0                 0                0                 0                0                 0                0                 0                0                 0                
1717850540        0                0                 0                0                 0                0                 0                0                 0                0                 0                0                 0                0                 0                
1717850550        0                0                 0                0                 0                0                 0                0                 0                0                 0                0                 0                0                 0                
1717850560        0                0                 0                0                 0                0                 0                0                 0                0                 0                0                 0                0                 0                
1717850570        0                0                 0                0                 0                0                 0                0                 0                0                 0                0                 0                0                 0                
1717850580        0                0                 0                0                 0                0                 0                0                 0                0                 0                0                 0                0                 0                
1717850591        0                0                 0                0                 0                0                 0                0                 0                0                 0                0                 0                0                 0                
1717850601        0                0                 0                0                 0                0                 0                0                 0                0                 0                0                 0                0                 0                
1717850611        0                0                 0                0                 0                0                 0                0                 0                0                 0                0                 0                0                 0                
1717850621        0                0                 0                0                 0                0                 0                0                 0                0                 0                0                 0                0                 0                
1717850631        0                0                 0                0                 0                0                 0                0                 0                0                 0                0                 0                0                 0                
1717850642        0                0                 0                0                 0                0                 0                0                 0                0                 0                0                 0                0                 0                
1717850652        0                0                 0                0                 0                0                 0                0                 0                0                 0                0                 0                0                 0                
1717850662        0                0                 0                0                 0                0                 0                0                 0                0                 0                0                 0                0                 0                
1717850672        0                0                 0                0                 0                0                 0                0                 0                0                 0                0                 0                0                 0                
1717850683        0                0                 0                0                 0                0                 0                0                 0                0                 0                0                 0                0                 0                
1717850693        0                0                 0                0                 0                0                 0                0                 0                0                 0                0                 0                0                 0                
1717850703        0                0                 0                0                 0                0                 0                0                 0                0                 0                0                 0                0                 0                
1717850713        0                0                 0                0                 0                0                 0                0                 0                0                 0                0                 0                0                 0                
1717850723        0                0                 0                0                 0                0                 0                0                 0                0                 0                0                 0                0                 0                
1717850734        0                0                 0                0                 0                0                 0                0                 0                0                 0                0                 0                0                 0                
1717850744        0                0                 0                0                 0                0                 0                0                 0                0                 0                0                 0                0                 0                
1717850754        0                0                 0                0                 0                0                 0                0                 0                0                 0                0                 0                0                 0                
1717850764        0                0                 0                0                 0                0                 0                0                 0                0                 0                0                 0                0                 0                
1717850774        0                0                 0                0                 0                0                 0                0                 0                0                 0                0                 0                0                 0                
1717850785        0                0                 0                0                 0                0                 0                0                 0                0                 0                0                 0                0                 0                
1717850795        0                0                 0                0                 0                0                 0                0                 0                0                 0                0                 0                0                 0                
1717850805        0                0                 0                0                 0                0                 0                0                 0                0                 0                0                 0                0                 0                
1717850815        0                0                 0                0                 0                0                 0                0                 0                0                 0                0                 0                0                 0                
1717850825        0                0                 0                0                 0                0                 0                0                 0                0                 0                0                 0                0                 0                
1717850836        0                0                 0                0                 0                0                 0                0                 0                0                 0                0                 0                0                 0                
1717850846        0                0                 0                0                 0                0                 0                0                 0                0                 0                0                 0                0                 0                
1717850856        0                0                 0                0                 0                0                 0                0                 0                0                 0                0                 0                0                 0                
1717850866        0                0                 0                0                 0                0                 0                0                 0                0                 0                0                 0                0                 0                
1717850877        0                0                 0                0                 0                0                 0                0                 0                0                 0                0                 0                0                 0                
1717850887        0                0                 0                0                 0                0                 0                0                 0                0                 0                0                 0                0                 0                
1717850897        0                0                 0                0                 0                0                 0                0                 0                0                 0                0                 0                0                 0                
1717850907        0                0                 0                0                 0                0                 0                0                 0                0                 0                0                 0                0                 0                
1717850917        0                0                 0                0                 0                0                 0                0                 0                0                 0                0                 0                0                 0                
1717850928        0                0                 0                0                 0                0                 0                0                 0                0                 0                0                 0                0                 0                
1717850938        0                0                 0                0                 0                0                 0                0                 0                0                 0                0                 0                0                 0                
1717850948        0                0                 0                0                 0                0                 0                0                 0                0                 0                0                 0                0                 0                
1717850958        0                0                 0                0                 0                0                 0                0                 0                0                 0                0                 0                0                 0                
1717850968        0                0                 0                0                 0                0                 0                0                 0                0                 0                0                 0                0                 0                
1717850978        0                0                 0                0                 0                0                 0                0                 0                0                 0                0                 0                0                 0                
1717850989        0                0                 0                0                 0                0                 0                0                 0                0                 0                0                 0                0                 0                
1717850999        0                0                 0                0                 0                0                 0                0                 0                0                 0                0                 0                0                 0                
1717851009        0                0                 0                0                 0                0                 0                0                 0                0                 0                0                 0                0                 0                
1717851019        0                0                 0                0                 0                0                 0                0                 0                0                 0                0                 0                0                 0                
1717851029        0                0                 0                0                 0                0                 0                0                 0                0                 0                0                 0                0                 0                
1717851040        0                0                 0                0                 0                0                 0                0                 0                0                 0                0                 0                0                 0                
1717851050        0                0                 0                0                 0                0                 0                0                 0                0                 0                0                 0                0                 0                
1717851060        0                0                 0                0                 0                0                 0                0                 0                0                 0                0                 0                0                 0                
1717851070        0                0                 0                0                 0                0                 0                0                 0                0                 0                0                 0                0                 0                
1717851080        0                0                 0                0                 0                0                 0                0                 0                0                 0                0                 0                0                 0                
1717851090        0                0                 0                0                 0                0                 0                0                 0                0                 0                0                 0                0                 0                
1717851101        0                0                 0                0                 0                0                 0                0                 0                0                 0                0                 0                0                 0                
1717851111        0                0                 0                0                 0                0                 0                0                 0                0                 0                0                 0                0                 0                
1717851121        0                0                 0                0                 0                0                 0                0                 0                0                 0                0                 0                0                 0                
1717851131        0                0                 0                0                 0                0                 0                0                 0                0                 0                0                 0                0                 0                
1717851141        0                0                 0                0                 0                0                 0                0                 0                0                 0                0                 0                0                 0                
1717851152        0                0                 0                0                 0                0                 0                0                 0                0                 0                0                 0                0                 0                
1717851162        0                0                 0                0                 0                0                 0                0                 0                0                 0                0                 0                0                 0                
1717851172        0                0                 0                0                 0                0                 0                0                 0                0                 0                0                 0                0                 0                
1717851182        0                0                 0                0                 0                0                 0                0                 0                0                 0                0                 0                0                 0                
1717851192        0                0                 0                0                 0                0                 0                0                 0                0                 0                0                 0                0                 0                
1717851202        0                0                 0                0                 0                0                 0                0                 0                0                 0                0                 0                0                 0                
1717851213        0                0                 0                0                 0                0                 0                0                 0                0                 0                0                 0                0                 0                
1717851223        0                0                 0                0                 0                0                 0                0                 0                0                 0                0                 0                0                 0                
1717851233        0                0                 0                0                 0                0                 0                0                 0                0                 0                0                 0                0                 0                
1717851243        0                0                 0                0                 0                0                 0                0                 0                0                 0                0                 0                0                 0                
1717851253        0                0                 0                0                 0                0                 0                0                 0                0                 0                0                 0                0                 0                
1717851263        0                0                 0                0                 0                0                 0                0                 0                0                 0                0                 0                0                 0                
1717851274        0                0                 0                0                 0                0                 0                0                 0                0                 0                0                 0                0                 0                
1717851284        0                0                 0                0                 0                0                 0                0                 0                0                 0                0                 0                0                 0                
1717851294        0                0                 0                0                 0                0                 0                0                 0                0                 0                0                 0                0                 0                
1717851304        0                0                 0                0                 0                0                 0                0                 0                0                 0                0                 0                0                 0                
1717851314        0                0                 0                0                 0                0                 0                0                 0                0                 0                0                 0                0                 0                
1717851325        0                0                 0                0                 0                0                 0                0                 0                0                 0                0                 0                0                 0                
1717851335        0                0                 0                0                 0                0                 0                0                 0                0                 0                0                 0                0                 0                
1717851345        0                0                 0                0                 0                0                 0                0                 0                0                 0                0                 0                0                 0                
1717851355        0                0                 0                0                 0                0                 0                0                 0                0                 0                0                 0                0                 0                
1717851365        0                0                 0                0                 0                0                 0                0                 0                0                 0                0                 0                0                 0                
1717851375        0                0                 0                0                 0                0                 0                0                 0                0                 0                0                 0                0                 0                
1717851386        0                0                 0                0                 0                0                 0                0                 0                0                 0                0                 0                0                 0                
1717851396        0                0                 0                0                 0                0                 0                0                 0                0                 0                0                 0                0                 0                
1717851406        0                0                 0                0                 0                0                 0                0                 0                0                 0                0                 0                0                 0                
1717851416        0                0                 0                0                 0                0                 0                0                 0                0                 0                0                 0                0                 0                
1717851426        0                0                 0                0                 0                0                 0                0                 0                0                 0                0                 0                0                 0                
1717851436        0                0                 0                0                 0                0                 0                0                 0                0                 0                0                 0                0                 0                
1717851447        0                0                 0                0                 0                0                 0                0                 0                0                 0                0                 0                0                 0                
1717851457        0                0                 0                0                 0                0                 0                0                 0                0                 0                0                 0                0                 0                
1717851467        0                0                 0                0                 0                0                 0                0                 0                0                 0                0                 0                0                 0                
1717851478        0                0                 0                0                 0                0                 0                0                 0                0                 0                0                 0                0                 0                
1717851488        0                0                 0                0                 0                0                 0                0                 0                0                 0                0                 0                0                 0                
1717851498        0                0                 0                0                 0                0                 0                0                 0                0                 0                0                 0                0                 0                
1717851508        0                0                 0                0                 0                0                 0                0                 0                0                 0                0                 0                0                 0                
1717851518        0                0                 0                0                 0                0                 0                0                 0                0                 0                0                 0                0                 0                
1717851528        0                0                 0                0                 0                0                 0                0                 0                0                 0                0                 0                0                 0                
1717851539        0                0                 0                0                 0                0                 0                0                 0                0                 0                0                 0                0                 0                
1717851549        0                0                 0                0                 0                0                 0                0                 0                0                 0                0                 0                0                 0                
1717851559        0                0                 0                0                 0                0                 0                0                 0                0                 0                0                 0                0                 0                
1717851569        0                0                 0                0                 0                0                 0                0                 0                0                 0                0                 0                0                 0                
1717851579        0                0                 0                0                 0                0                 0                0                 0                0                 0                0                 0                0                 0                
1717851590        0                0                 0                0                 0                0                 0                0                 0                0                 0                0                 0                0                 0                
1717851600        0                0                 0                0                 0                0                 0                0                 0                0                 0                0                 0                0                 0                
1717851610        0                0                 0                0                 0                0                 0                0                 0                0                 0                0                 0                0                 0                
1717851620        0                0                 0                0                 0                0                 0                0                 0                0                 0                0                 0                0                 0                
1717851630        0                0                 0                0                 0                0                 0                0                 0                0                 0                0                 0                0                 0                
1717851640        0                0                 0                0                 0                0                 0                0                 0                0                 0                0                 0                0                 0                
1717851651        0                0                 0                0                 0                0                 0                0                 0                0                 0                0                 0                0                 0                
1717851661        0                0                 0                0                 0                0                 0                0                 0                0                 0                0                 0                0                 0                
1717851671        0                0                 0                0                 0                0                 0                0                 0                0                 0                0                 0                0                 0                
1717851681        0                0                 0                0                 0                0                 0                0                 0                0                 0                0                 0                0                 0                
1717851691        0                0                 0                0                 0                0                 0                0                 0                0                 0                0                 0                0                 0                
1717851701        0                0                 0                0                 0                0                 0                0                 0                0                 0                0                 0                0                 0                
1717851712        0                0                 0                0                 0                0                 0                0                 0                0                 0                0                 0                0                 0                
1717851722        0                0                 0                0                 0                0                 0                0                 0                0                 0                0                 0                0                 0                
1717851732        0                0                 0                0                 0                0                 0                0                 0                0                 0                0                 0                0                 0                
1717851742        0                0                 0                0                 0                0                 0                0                 0                0                 0                0                 0                0                 0                
1717851752        0                0                 0                0                 0                0                 0                0                 0                0                 0                0                 0                0                 0                
1717851762        0                0                 0                0                 0                0                 0                0                 0                0                 0                0                 0                0                 0                
1717851773        0                0                 0                0                 0                0                 0                0                 0                0                 0                0                 0                0                 0                
1717851783        0                0                 0                0                 0                0                 0                0                 0                0                 0                0                 0                0                 0                
1717851793        0                0                 0                0                 0                0                 0                0                 0                0                 0                0                 0                0                 0                
1717851803        0                0                 0                0                 0                0                 0                0                 0                0                 0                0                 0                0                 0                
1717851813        0                0                 0                0                 0                0                 0                0                 0                0                 0                0                 0                0                 0                
1717851823        0                0                 0                0                 0                0                 0                0                 0                0                 0                0                 0                0                 0                
1717851834        0                0                 0                0                 0                0                 0                0                 0                0                 0                0                 0                0                 0                
1717851844        0                0                 0                0                 0                0                 0                0                 0                0                 0                0                 0                0                 0                
1717851854        0                0                 0                0                 0                0                 0                0                 0                0                 0                0                 0                0                 0                
1717851864        0                0                 0                0                 0                0                 0                0                 0                0                 0                0                 0                0                 0                
1717851874        0                0                 0                0                 0                0                 0                0                 0                0                 0                0                 0                0                 0                
1717851885        0                0                 0                0                 0                0                 0                0                 0                0                 0                0                 0                0                 0                
1717851895        0                0                 0                0                 0                0                 0                0                 0                0                 0                0                 0                0                 0                
1717851905        0                0                 0                0                 0                0                 0                0                 0                0                 0                0                 0                0                 0                
1717851915        0                0                 0                0                 0                0                 0                0                 0                0                 0                0                 0                0                 0                
1717851925        0                0                 0                0                 0                0                 0                0                 0                0                 0                0                 0                0                 0                
1717851935        0                0                 0                0                 0                0                 0                0                 0                0                 0                0                 0                0                 0                
1717851946        0                0                 0                0                 0                0                 0                0                 0                0                 0                0                 0                0                 0                
1717851956        0                0                 0                0                 0                0                 0                0                 0                0                 0                0                 0                0                 0                
1717851966        0                0                 0                0                 0                0                 0                0                 0                0                 0                0                 0                0                 0                
1717851976        0                0                 0                0                 0                0                 0                0                 0                0                 0                0                 0                0                 0                
1717851986        0                0                 0                0                 0                0                 0                0                 0                0                 0                0                 0                0                 0                
1717851996        0                0                 0                0                 0                0                 0                0                 0                0                 0                0                 0                0                 0                
1717852007        0                0                 0                0                 0                0                 0                0                 0                0                 0                0                 0                0                 0                
1717852017        0                0                 0                0                 0                0                 0                0                 0                0                 0                0                 0                0                 0                
1717852027        0                0                 0                0                 0                0                 0                0                 0                0                 0                0                 0                0                 0                
1717852037        0                0                 0                0                 0                0                 0                0                 0                0                 0                0                 0                0                 0                
1717852047        0                0                 0                0                 0                0                 0                0                 0                0                 0                0                 0                0                 0                
1717852057        0                0                 0                0                 0                0                 0                0                 0                0                 0                0                 0                0                 0                
1717852068        0                0                 0                0                 0                0                 0                0                 0                0                 0                0                 0                0                 0                
1717852078        0                0                 0                0                 0                0                 0                0                 0                0                 0                0                 0                0                 0                
1717852088        0                0                 0                0                 0                0                 0                0                 0                0                 0                0                 0                0                 0                
1717852098        0                0                 0                0                 0                0                 0                0                 0                0                 0                0                 0                0                 0                
1717852108        0                0                 0                0                 0                0                 0                0                 0                0                 0                0                 0                0                 0                
1717852118        0                0                 0                0                 0                0                 0                0                 0                0                 0                0                 0                0                 0                
1717852129        0                0                 0                0                 0                0                 0                0                 0                0                 0                0                 0                0                 0                
1717852139        0                0                 0                0                 0                0                 0                0                 0                0                 0                0                 0                0                 0                
1717852149        0                0                 0                0                 0                0                 0                0                 0                0                 0                0                 0                0                 0                
1717852159        0                0                 0                0                 0                0                 0                0                 0                0                 0                0                 0                0                 0                
1717852169        0                0                 0                0                 0                0                 0                0                 0                0                 0                0                 0                0                 0                
1717852180        0                0                 0                0                 0                0                 0                0                 0                0                 0                0                 0                0                 0                
1717852190        0                0                 0                0                 0                0                 0                0                 0                0                 0                0                 0                0                 0                
1717852200        0                0                 0                0                 0                0                 0                0                 0                0                 0                0                 0                0                 0                
1717852210        0                0                 0                0                 0                0                 0                0                 0                0                 0                0                 0                0                 0                
1717852220        0                0                 0                0                 0                0                 0                0                 0                0                 0                0                 0                0                 0                
1717852230        0                0                 0                0                 0                0                 0                0                 0                0                 0                0                 0                0                 0                
1717852241        0                0                 0                0                 0                0                 0                0                 0                0                 0                0                 0                0                 0                
1717852251        0                0                 0                0                 0                0                 0                0                 0                0                 0                0                 0                0                 0                
1717852261        0                0                 0                0                 0                0                 0                0                 0                0                 0                0                 0                0                 0                
1717852271        0                0                 0                0                 0                0                 0                0                 0                0                 0                0                 0                0                 0                
1717852281        0                0                 0                0                 0                0                 0                0                 0                0                 0                0                 0                0                 0                
1717852292        0                0                 0                0                 0                0                 0                0                 0                0                 0                0                 0                0                 0                
1717852302        0                0                 0                0                 0                0                 0                0                 0                0                 0                0                 0                0                 0                
1717852312        0                0                 0                0                 0                0                 0                0                 0                0                 0                0                 0                0                 0                
1717852322        0                0                 0                0                 0                0                 0                0                 0                0                 0                0                 0                0                 0                
1717852332        0                0                 0                0                 0                0                 0                0                 0                0                 0                0                 0                0                 0                
1717852342        0                0                 0                0                 0                0                 0                0                 0                0                 0                0                 0                0                 0                
1717852353        0                0                 0                0                 0                0                 0                0                 0                0                 0                0                 0                0                 0                
1717852363        0                0                 0                0                 0                0                 0                0                 0                0                 0                0                 0                0                 0                
1717852373        0                0                 0                0                 0                0                 0                0                 0                0                 0                0                 0                0                 0                
1717852383        0                0                 0                0                 0                0                 0                0                 0                0                 0                0                 0                0                 0                
1717852393        0                0                 0                0                 0                0                 0                0                 0                0                 0                0                 0                0                 0                
1717852403        0                0                 0                0                 0                0                 0                0                 0                0                 0                0                 0                0                 0                
1717852414        0                0                 0                0                 0                0                 0                0                 0                0                 0                0                 0                0                 0                
1717852424        0                0                 0                0                 0                0                 0                0                 0                0                 0                0                 0                0                 0                
1717852434        0                0                 0                0                 0                0                 0                0                 0                0                 0                0                 0                0                 0                
1717852444        0                0                 0                0                 0                0                 0                0                 0                0                 0                0                 0                0                 0                
1717852454        0                0                 0                0                 0                0                 0                0                 0                0                 0                0                 0                0                 0                
1717852465        0                0                 0                0                 0                0                 0                0                 0                0                 0                0                 0                0                 0                
1717852475        0                0                 0                0                 0                0                 0                0                 0                0                 0                0                 0                0                 0                
1717852485        0                0                 0                0                 0                0                 0                0                 0                0                 0                0                 0                0                 0                
1717852495        0                0                 0                0                 0                0                 0                0                 0                0                 0                0                 0                0                 0                
1717852505        0                0                 0                0                 0                0                 0                0                 0                0                 0                0                 0                0                 0                
1717852515        0                0                 0                0                 0                0                 0                0                 0                0                 0                0                 0                0                 0                
1717852526        0                0                 0                0                 0                0                 0                0                 0                0                 0                0                 0                0                 0                
1717852536        0                0                 0                0                 0                0                 0                0                 0                0                 0                0                 0                0                 0                
1717852546        0                0                 0                0                 0                0                 0                0                 0                0                 0                0                 0                0                 0                
1717852556        0                0                 0                0                 0                0                 0                0                 0                0                 0                0                 0                0                 0                
1717852566        0                0                 0                0                 0                0                 0                0                 0                0                 0                0                 0                0                 0                
1717852577        0                0                 0                0                 0                0                 0                0                 0                0                 0                0                 0                0                 0                
1717852587        0                0                 0                0                 0                0                 0                0                 0                0                 0                0                 0                0                 0                
1717852597        0                0                 0                0                 0                0                 0                0                 0                0                 0                0                 0                0                 0                
1717852607        0                0                 0                0                 0                0                 0                0                 0                0                 0                0                 0                0                 0                
1717852617        0                0                 0                0                 0                0                 0                0                 0                0                 0                0                 0                0                 0                
1717852627        0                0                 0                0                 0                0                 0                0                 0                0                 0                0                 0                0                 0                
1717852638        0                0                 0                0                 0                0                 0                0                 0                0                 0                0                 0                0                 0                
1717852648        0                0                 0                0                 0                0                 0                0                 0                0                 0                0                 0                0                 0                
1717852658        0                0                 0                0                 0                0                 0                0                 0                0                 0                0                 0                0                 0                
1717852668        0                0                 0                0                 0                0                 0                0                 0                0                 0                0                 0                0                 0                
1717852679        0                0                 0                0                 0                0                 0                0                 0                0                 0                0                 0                0                 0                
1717852689        0                0                 0                0                 0                0                 0                0                 0                0                 0                0                 0                0                 0                
1717852699        0                0                 0                0                 0                0                 0                0                 0                0                 0                0                 0                0                 0                
1717852709        0                0                 0                0                 0                0                 0                0                 0                0                 0                0                 0                0                 0                
1717852719        0                0                 0                0                 0                0                 0                0                 0                0                 0                0                 0                0                 0                
1717852729        0                0                 0                0                 0                0                 0                0                 0                0                 0                0                 0                0                 0                
1717852740        0                0                 0                0                 0                0                 0                0                 0                0                 0                0                 0                0                 0                
1717852750        0                0                 0                0                 0                0                 0                0                 0                0                 0                0                 0                0                 0                
1717852760        0                0                 0                0                 0                0                 0                0                 0                0                 0                0                 0                0                 0                
1717852770        0                0                 0                0                 0                0                 0                0                 0                0                 0                0                 0                0                 0                
1717852780        0                0                 0                0                 0                0                 0                0                 0                0                 0                0                 0                0                 0                
1717852790        0                0                 0                0                 0                0                 0                0                 0                0                 0                0                 0                0                 0                
1717852801        0                0                 0                0                 0                0                 0                0                 0                0                 0                0                 0                0                 0                
1717852811        0                0                 0                0                 0                0                 0                0                 0                0                 0                0                 0                0                 0                
1717852821        0                0                 0                0                 0                0                 0                0                 0                0                 0                0                 0                0                 0                
1717852831        0                0                 0                0                 0                0                 0                0                 0                0                 0                0                 0                0                 0                
1717852841        0                0                 0                0                 0                0                 0                0                 0                0                 0                0                 0                0                 0                
1717852851        0                0                 0                0                 0                0                 0                0                 0                0                 0                0                 0                0                 0                
1717852862        0                0                 0                0                 0                0                 0                0                 0                0                 0                0                 0                0                 0                
1717852872        0                0                 0                0                 0                0                 0                0                 0                0                 0                0                 0                0                 0                
1717852882        0                0                 0                0                 0                0                 0                0                 0                0                 0                0                 0                0                 0                
1717852892        0                0                 0                0                 0                0                 0                0                 0                0                 0                0                 0                0                 0                
1717852902        0                0                 0                0                 0                0                 0                0                 0                0                 0                0                 0                0                 0                
1717852913        0                0                 0                0                 0                0                 0                0                 0                0                 0                0                 0                0                 0                
1717852923        0                0                 0                0                 0                0                 0                0                 0                0                 0                0                 0                0                 0                
1717852933        0                0                 0                0                 0                0                 0                0                 0                0                 0                0                 0                0                 0                
1717852943        0                0                 0                0                 0                0                 0                0                 0                0                 0                0                 0                0                 0                
1717852953        0                0                 0                0                 0                0                 0                0                 0                0                 0                0                 0                0                 0                
1717852963        0                0                 0                0                 0                0                 0                0                 0                0                 0                0                 0                0                 0                
1717852974        0                0                 0                0                 0                0                 0                0                 0                0                 0                0                 0                0                 0                
1717852984        0                0                 0                0                 0                0                 0                0                 0                0                 0                0                 0                0                 0                
1717852994        0                0                 0                0                 0                0                 0                0                 0                0                 0                0                 0                0                 0                
1717853004        0                0                 0                0                 0                0                 0                0                 0                0                 0                0                 0                0                 0                
1717853015        0                0                 0                0                 0                0                 0                0                 0                0                 0                0                 0                0                 0                
1717853025        0                0                 0                0                 0                0                 0                0                 0                0                 0                0                 0                0                 0                
1717853035        0                0                 0                0                 0                0                 0                0                 0                0                 0                0                 0                0                 0                
1717853045        0                0                 0                0                 0                0                 0                0                 0                0                 0                0                 0                0                 0                
1717853055        0                0                 0                0                 0                0                 0                0                 0                0                 0                0                 0                0                 0                
1717853065        0                0                 0                0                 0                0                 0                0                 0                0                 0                0                 0                0                 0                
1717853076        0                0                 0                0                 0                0                 0                0                 0                0                 0                0                 0                0                 0                
1717853086        0                0                 0                0                 0                0                 0                0                 0                0                 0                0                 0                0                 0                
1717853096        0                0                 0                0                 0                0                 0                0                 0                0                 0                0                 0                0                 0                
1717853106        0                0                 0                0                 0                0                 0                0                 0                0                 0                0                 0                0                 0                
1717853116        0                0                 0                0                 0                0                 0                0                 0                0                 0                0                 0                0                 0                
1717853126        0                0                 0                0                 0                0                 0                0                 0                0                 0                0                 0                0                 0                
1717853137        0                0                 0                0                 0                0                 0                0                 0                0                 0                0                 0                0                 0                
1717853147        0                0                 0                0                 0                0                 0                0                 0                0                 0                0                 0                0                 0                
1717853157        0                0                 0                0                 0                0                 0                0                 0                0                 0                0                 0                0                 0                
1717853167        0                0                 0                0                 0                0                 0                0                 0                0                 0                0                 0                0                 0                
1717853177        0                0                 0                0                 0                0                 0                0                 0                0                 0                0                 0                0                 0                
1717853187        0                0                 0                0                 0                0                 0                0                 0                0                 0                0                 0                0                 0                
1717853198        0                0                 0                0                 0                0                 0                0                 0                0                 0                0                 0                0                 0                
1717853208        0                0                 0                0                 0                0                 0                0                 0                0                 0                0                 0                0                 0                
1717853218        0                0                 0                0                 0                0                 0                0                 0                0                 0                0                 0                0                 0                
1717853228        0                0                 0                0                 0                0                 0                0                 0                0                 0                0                 0                0                 0                
1717853238        0                0                 0                0                 0                0                 0                0                 0                0                 0                0                 0                0                 0                
1717853248        0                0                 0                0                 0                0                 0                0                 0                0                 0                0                 0                0                 0                
1717853259        0                0                 0                0                 0                0                 0                0                 0                0                 0                0                 0                0                 0                
1717853269        0                0                 0                0                 0                0                 0                0                 0                0                 0                0                 0                0                 0                
1717853279        0                0                 0                0                 0                0                 0                0                 0                0                 0                0                 0                0                 0                
1717853289        0                0                 0                0                 0                0                 0                0                 0                0                 0                0                 0                0                 0                
1717853299        0                0                 0                0                 0                0                 0                0                 0                0                 0                0                 0                0                 0                
1717853310        0                0                 0                0                 0                0                 0                0                 0                0                 0                0                 0                0                 0                
1717853321        0                0                 0                0                 0                0                 0                0                 0                0                 0                0                 0                0                 0                
1717853331        0                0                 0                0                 0                0                 0                0                 0                0                 0                0                 0                0                 0                
1717853341        0                0                 0                0                 0                0                 0                0                 0                0                 0                0                 0                0                 0                
1717853351        0                0                 0                0                 0                0                 0                0                 0                0                 0                0                 0                0                 0                
1717853361        0                0                 0                0                 0                0                 0                0                 0                0                 0                0                 0                0                 0                
1717853372        0                0                 0                0                 0                0                 0                0                 0                0                 0                0                 0                0                 0                
1717853382        0                0                 0                0                 0                0                 0                0                 0                0                 0                0                 0                0                 0                
1717853392        0                0                 0                0                 0                0                 0                0                 0                0                 0                0                 0                0                 0                
1717853402        0                0                 0                0                 0                0                 0                0                 0                0                 0                0                 0                0                 0                
1717853412        0                0                 0                0                 0                0                 0                0                 0                0                 0                0                 0                0                 0                
1717853422        0                0                 0                0                 0                0                 0                0                 0                0                 0                0                 0                0                 0                
1717853433        0                0                 0                0                 0                0                 0                0                 0                0                 0                0                 0                0                 0                
1717853443        0                0                 0                0                 0                0                 0                0                 0                0                 0                0                 0                0                 0                
1717853453        0                0                 0                0                 0                0                 0                0                 0                0                 0                0                 0                0                 0                
1717853463        0                0                 0                0                 0                0                 0                0                 0                0                 0                0                 0                0                 0                
1717853473        0                0                 0                0                 0                0                 0                0                 0                0                 0                0                 0                0                 0                
1717853483        0                0                 0                0                 0                0                 0                0                 0                0                 0                0                 0                0                 0                
1717853494        0                0                 0                0                 0                0                 0                0                 0                0                 0                0                 0                0                 0                
1717853504        0                0                 0                0                 0                0                 0                0                 0                0                 0                0                 0                0                 0                
1717853514        0                0                 0                0                 0                0                 0                0                 0                0                 0                0                 0                0                 0                
1717853524        0                0                 0                0                 0                0                 0                0                 0                0                 0                0                 0                0                 0                
