#TIME all_pgs_mb huge_pgs_mb Node0_Foreign Node1_Foreign Node0_Local Node1_Local Node0_Other Node1_Other Node0_Free Node1_Free Node0_Used Node1_Used
1717837436 1257442107 1170934652 0 0 20333233 18886647 214767 436 85408.48 62677.82 9360.75 34068.65
1717837446 1257442107 1170934652 0 0 20333505 18886872 214767 436 85301.90 62570.34 9466.72 34175.67
1717837456 1257442521 1170934674 0 0 20335295 18887183 214767 437 85001.69 62436.11 9767.05 34310.93
1717837466 1257443699 1170934712 0 0 20336006 18887816 214767 437 84473.00 62058.93 10295.63 34687.61
1717837477 1257444507 1170934736 0 0 20336943 18888858 214767 437 83692.29 61238.59 11076.91 35507.01
1717837487 1257446011 1170934780 0 0 20337789 18889749 214767 437 83864.95 61204.05 10904.23 35543.61
1717837497 1257451265 1170935284 0 0 20341799 18893708 214767 437 79717.02 56349.35 15069.83 40397.28
1717837507 1257462497 1170941608 0 0 20346223 18900761 214767 437 78546.54 54040.33 16220.83 42709.27
1717837518 1257467756 1170944374 0 0 20353370 18914871 214767 437 77904.96 54108.05 16888.02 42643.64
1717837528 1257469977 1170945264 0 0 20357173 18932128 214767 437 77645.07 53661.40 17120.87 43085.93
1717837538 1257472073 1170946064 0 0 20359762 18946258 214767 437 77590.65 54473.22 17179.66 42273.29
1717837549 1257487865 1170960270 0 0 20360588 18948352 214767 437 74495.81 52040.35 20274.56 44705.62
1717837559 1257496893 1170968638 0 0 20360704 18948578 214767 437 74231.08 51371.65 20537.54 45376.45
1717837569 1257500694 1170971908 0 0 20360819 18948635 214767 437 74289.22 51372.22 20480.02 45374.24
1717837580 1257503378 1170974036 0 0 20361047 18948794 214767 437 74172.98 51420.06 20595.68 45326.95
1717837590 1257506869 1170977142 0 0 20361232 18948803 214767 437 73204.96 51508.61 21565.25 45237.86
1717837600 1257510677 1170980670 0 0 20361489 18948832 214767 437 73133.68 51517.64 21634.95 45228.88
1717837612 1257514310 1170983682 0 0 20361688 18949034 214767 437 73753.94 51534.59 21026.66 45213.46
1717837623 1257519699 1170988610 0 0 20362147 18949432 214767 437 68269.40 44497.08 26499.23 52249.45
1717837633 1257524589 1170992850 0 0 20362773 18950006 214767 437 67872.43 44075.39 26896.25 52671.56
1717837643 1257527518 1170994850 0 0 20363525 18950572 214767 437 78450.38 55925.82 16318.29 40820.20
1717837654 1257529256 1170995306 0 0 20364074 18951110 214767 437 78102.37 55855.47 16666.79 40891.54
1717837664 1257529756 1170995448 0 0 20364567 18952233 214767 437 77732.82 55475.27 17036.88 41278.62
1717837674 1257532185 1170996446 0 0 20365364 18953045 214767 437 77794.01 55041.92 16974.62 41705.10
1717837685 1257534363 1170997772 0 0 20365614 18953362 214767 437 77499.60 54793.38 17269.61 41954.15
1717837697 1257536196 1170998746 0 0 20365866 18953485 214767 437 77829.32 54563.06 16939.30 42183.96
1717837707 1257537660 1170999800 0 0 20366135 18953832 214767 437 77780.25 54625.09 16988.38 42122.55
1717837718 1257539004 1171000868 0 0 20366395 18954068 214767 437 77769.04 54960.11 17000.24 41786.92
1717837728 1257539366 1171001072 0 0 20366657 18954194 214767 437 77834.65 54857.38 16933.48 41889.67
1717837738 1257540422 1171001712 0 0 20366895 18954339 214767 437 77817.73 54902.33 16950.90 41848.20
1717837749 1257541586 1171002410 0 0 20367063 18954579 214767 437 77753.94 54893.69 17014.75 41852.78
1717837759 1257542280 1171002702 0 0 20367408 18954691 214767 437 77803.64 54741.41 16964.00 42009.06
1717837770 1257542549 1171002904 0 0 20367585 18954807 214767 437 77749.52 54639.29 17020.34 42107.18
1717837780 1257542789 1171003028 0 0 20367750 18955086 214767 437 77887.15 54653.20 16881.47 42097.92
1717837790 1257543986 1171003698 0 0 20367958 18955380 214767 437 77879.34 54349.05 16889.40 42397.41
1717837801 1257544288 1171003898 0 0 20368109 18955410 214767 437 77878.79 54285.37 16889.34 42461.59
1717837811 1257545281 1171004538 0 0 20368412 18955593 214767 437 77878.14 54632.92 16891.14 42114.15
1717837821 1257546887 1171005450 0 0 20368763 18955873 214767 437 77517.21 54510.31 17252.50 42236.15
1717837832 1257547409 1171005914 0 0 20368972 18955909 214767 437 77829.39 54567.58 16939.95 42178.89
1717837842 1257547631 1171005924 0 0 20369207 18955953 214767 437 77829.07 54565.40 16939.10 42181.06
1717837852 1257548465 1171006676 0 0 20369452 18955968 214767 437 77239.66 54562.89 17529.54 42183.57
1717837862 1257548499 1171006676 0 0 20369864 18956104 214767 437 77579.73 54574.89 17189.48 42175.71
1717837873 1257550535 1171008000 0 0 20370335 18956506 214767 437 77057.38 54529.48 17711.80 42218.02
1717837883 1257552387 1171009390 0 0 20371086 18956920 214767 437 76911.39 54472.47 17856.82 42273.53
1717837893 1257553875 1171010508 0 0 20371397 18957136 214767 437 77247.30 54511.89 17521.89 42235.11
1717837904 1257555811 1171011764 0 0 20371783 18957480 214767 437 77208.66 54155.29 17559.58 42591.78
1717837914 1257557117 1171012718 0 0 20372018 18957646 214767 437 77133.11 54173.98 17635.59 42574.24
1717837924 1257557228 1171012766 0 0 20372233 18957738 214767 437 77192.17 54369.14 17581.50 42376.83
1717837935 1257557500 1171012944 0 0 20372412 18957838 214767 437 77250.46 54364.05 17517.79 42382.41
1717837945 1257557998 1171013406 0 0 20372584 18957916 214767 437 76872.32 54367.37 17896.30 42377.72
1717837955 1257558387 1171013706 0 0 20372717 18958027 214767 437 77244.74 54343.12 17523.89 42401.97
1717837965 1257558845 1171013912 0 0 20372890 18958183 214767 437 77235.38 54286.06 17534.33 42459.91
1717837976 1257559085 1171014048 0 0 20373009 18958245 214767 437 77206.08 54389.95 17562.54 42356.15
1717837986 1257559949 1171014806 0 0 20373165 18958366 214767 437 77144.07 54123.26 17624.06 42623.73
1717837996 1257561271 1171015390 0 0 20373472 18959075 214767 437 77008.62 54163.34 17760.50 42582.79
1717838007 1257561816 1171015682 0 0 20373590 18959184 214767 437 77112.66 54158.12 17656.61 42588.89
1717838017 1257561904 1171015762 0 0 20373688 18959249 214767 437 77111.32 54159.46 17657.94 42587.79
1717838027 1257561946 1171015770 0 0 20373755 18959353 214767 437 77114.03 54090.06 17654.71 42655.91
1717838038 1257562314 1171016084 0 0 20373856 18959408 214767 437 77113.21 54092.39 17655.44 42654.07
1717838048 1257562512 1171016250 0 0 20373976 18959446 214767 437 77112.66 54012.99 17655.48 42734.09
1717838058 1257562594 1171016328 0 0 20374082 18959526 214767 437 77118.38 54013.39 17650.86 42732.09
1717838068 1257562612 1171016328 0 0 20374190 18959587 214767 437 77116.88 54075.64 17652.36 42671.38
1717838079 1257562616 1171016332 0 0 20374263 18959670 214767 437 77116.39 54011.07 17652.76 42735.03
1717838089 1257562790 1171016490 0 0 20374377 18959778 214767 437 76789.25 54086.56 17979.00 42659.02
1717838099 1257564911 1171017870 0 0 20374806 18960339 214767 437 76888.08 53771.44 17880.70 42975.05
1717838110 1257568013 1171019608 0 0 20375173 18962051 214767 437 76724.86 53175.85 18043.88 43571.78
1717838120 1257570326 1171021154 0 0 20375331 18962160 214767 437 76241.30 53414.56 18528.94 43331.91
1717838130 1257572025 1171022234 0 0 20375584 18962235 214767 437 75605.37 53696.26 19163.86 43049.83
1717838140 1257574075 1171023180 0 0 20375796 18962309 214767 437 76431.17 53838.67 18337.04 42907.79
1717838151 1257575367 1171023948 0 0 20375957 18962328 214767 437 76347.72 53778.21 18422.01 42968.26
1717838161 1257576303 1171024248 0 0 20376077 18962363 214767 437 76280.06 53778.84 18487.66 42968.75
1717838172 1257577210 1171024458 0 0 20376147 18962456 214767 437 76345.14 53845.31 18423.58 42901.76
1717838182 1257577763 1171024570 0 0 20376264 18962499 214767 437 76280.04 53778.04 18489.78 42968.43
1717838192 1257578729 1171025374 0 0 20376404 18962514 214767 437 76364.21 53759.62 18405.53 42986.84
1717838203 1257579392 1171025872 0 0 20376537 18962552 214767 437 76596.45 53777.39 18171.74 42969.08
1717838213 1257581573 1171027374 0 0 20377023 18963346 214767 437 76413.61 53098.40 18355.74 43648.41
1717838223 1257584567 1171028264 0 0 20377723 18964051 214767 437 75814.51 53085.32 18954.72 43661.22
1717838233 1257588330 1171030898 0 0 20378210 18964870 214767 437 75895.62 52005.48 18875.11 44742.98
1717838244 1257592488 1171032532 0 0 20378414 18965595 214767 437 75935.77 52310.70 18833.91 44435.77
1717838254 1257594475 1171033174 0 0 20378830 18965722 214767 437 75216.21 59044.01 19552.42 37703.00
1717838264 1257596462 1171033514 0 0 20378993 18965756 214767 437 77446.20 60195.73 17323.02 36523.59
1717838275 1257597788 1171033676 0 0 20379137 18965767 214767 437 77466.14 60248.11 17303.05 36498.36
1717838285 1257599182 1171033982 0 0 20379278 18965788 214767 437 77390.48 60255.89 17378.84 36490.08
1717838295 1257600256 1171034288 0 0 20379395 18965833 214767 437 77734.50 60858.59 17009.15 35887.88
1717838306 1257602382 1171034386 0 0 20380648 18965856 214767 437 78988.50 64312.96 15780.12 32434.23
1717838316 1257605199 1171034760 0 0 20380733 18965951 214767 437 78937.16 69600.84 15832.58 27145.63
1717838326 1257606958 1171034882 0 0 20380813 18966026 214767 437 78919.73 69600.41 15848.89 27145.10
1717838336 1257609159 1171035038 0 0 20380934 18966729 214767 437 79418.95 69117.29 15350.17 27638.27
1717838347 1257614474 1171035538 0 0 20381147 18967633 214767 437 79631.83 68762.64 15136.85 27984.87
1717838357 1257618093 1171036016 0 0 20381507 18968168 214767 437 79429.02 68693.20 15340.16 28053.38
1717838367 1257620920 1171036452 0 0 20381723 18968312 214767 437 79385.50 68421.24 15383.62 28325.36
1717838378 1257624578 1171037546 0 0 20381832 18968406 214767 437 79362.66 68217.60 15406.54 28528.92
1717838388 1257625738 1171037952 0 0 20381937 18968487 214767 437 79295.32 68162.41 15473.94 28586.18
1717838398 1257627899 1171038194 0 0 20382034 18968824 214767 437 79353.11 68673.52 15415.52 28076.51
1717838408 1257630346 1171039044 0 0 20382546 18970472 214767 437 79030.80 68340.64 15737.33 28381.93
1717838419 1257640284 1171040122 0 0 20383579 18970957 214767 437 79106.66 68854.86 15661.57 27891.61
1717838429 1257650390 1171041184 0 0 20383727 18971022 214767 437 78843.04 68843.61 15925.58 27903.44
1717838443 1257657142 1171041716 0 0 20383800 18971138 214767 437 78930.43 69233.56 15838.20 27513.02
1717838454 1257660554 1171042004 0 0 20383833 18971260 214767 437 79174.32 69304.55 15594.25 27441.88
1717838464 1257665270 1171042312 0 0 20383869 18971416 214767 437 79215.05 69260.36 15553.09 27487.30
1717838475 1257666845 1171042454 0 0 20383958 18971496 214767 437 79231.21 69245.21 15535.54 27501.25
1717838485 1257669846 1171042682 0 0 20384099 18971519 214767 437 79247.32 69229.69 15521.30 27516.86
1717838495 1257673248 1171042944 0 0 20384124 18971647 214767 437 79249.91 69226.78 15518.71 27519.22
1717838506 1257677148 1171043176 0 0 20384199 18971724 214767 437 79249.94 69228.88 15518.79 27517.59
1717838516 1257682226 1171043756 0 0 20384289 18971819 214767 437 79283.50 69193.03 15485.12 27552.52
1717838526 1257685794 1171044042 0 0 20384367 18971938 214767 437 79318.91 69158.35 15451.30 27588.11
1717838536 1257690359 1171044356 0 0 20384516 18971986 214767 437 79276.68 69197.78 15491.95 27549.29
1717838547 1257695233 1171044722 0 0 20384557 18972100 214767 437 79283.33 69190.20 15485.30 27555.81
1717838557 1257698727 1171044924 0 0 20384601 18972229 214767 437 79263.49 69212.94 15504.67 27533.52
1717838567 1257703943 1171045282 0 0 20384766 18972734 214767 437 79730.88 68743.96 15039.42 28002.51
1717838578 1257710720 1171045770 0 0 20385303 18972811 214767 437 79258.31 69216.95 15510.31 27530.08
1717838589 1257715535 1171046308 0 0 20385381 18972906 214767 437 79255.38 69221.07 15512.38 27525.40
1717838599 1257722040 1171046768 0 0 20385545 18972939 214767 437 79257.15 69219.21 15511.48 27527.84
1717838609 1257725667 1171047192 0 0 20385611 18973025 214767 437 79257.98 69215.75 15511.77 27530.71
1717838620 1257729643 1171047548 0 0 20385712 18973091 214767 437 79243.19 69231.36 15525.44 27513.64
1717838630 1257734061 1171047824 0 0 20385730 18973244 214767 437 79262.35 69213.32 15506.28 27533.77
1717838643 1257736583 1171048166 0 0 20385798 18973340 214767 437 79276.42 69200.51 15492.72 27545.96
1717838654 1257740352 1171048490 0 0 20385947 18973342 214767 437 79277.09 69199.95 15491.54 27546.66
1717838664 1257744586 1171048778 0 0 20386007 18973442 214767 437 79264.84 69208.23 15503.79 27538.33
1717838675 1257747015 1171048918 0 0 20386068 18973536 214767 437 79263.91 69208.38 15503.81 27538.09
1717838685 1257752186 1171049492 0 0 20386141 18973619 214767 437 79262.39 69212.11 15506.23 27533.43
1717838695 1257761034 1171050006 0 0 20386236 18973677 214767 437 79260.14 69213.86 15508.07 27532.61
1717838706 1257763187 1171050216 0 0 20386370 18973694 214767 437 79261.89 69213.75 15508.38 27532.72
1717838716 1257767822 1171050598 0 0 20386517 18973700 214767 437 79258.20 69213.90 15510.54 27532.56
1717838726 1257773423 1171050942 0 0 20386660 18973711 214767 437 79262.12 69209.38 15505.54 27537.08
1717838736 1257777804 1171051268 0 0 20386720 18973809 214767 437 79262.15 69212.50 15506.47 27534.53
1717838747 1257785355 1171051770 0 0 20386778 18973900 214767 437 79259.70 69214.18 15509.57 27532.28
1717838757 1257791725 1171052266 0 0 20386923 18973930 214767 437 79283.40 69190.61 15486.39 27554.88
1717838767 1257800008 1171053146 0 0 20387023 18974007 214767 437 79260.98 69213.65 15507.64 27532.89
1717838778 1257805509 1171053562 0 0 20387101 18974107 214767 437 79311.95 69190.53 15457.80 27555.94
1717838788 1257811760 1171054106 0 0 20387248 18974141 214767 437 79250.89 69218.74 15516.01 27530.57
1717838798 1257818637 1171054590 0 0 20387586 18974218 214767 437 78989.53 69487.02 15775.16 27263.14
1717838808 1257823826 1171055090 0 0 20387767 18974431 214767 437 79023.00 69461.83 15745.21 27284.63
1717838819 1257827467 1171055342 0 0 20388200 18974479 214767 437 78702.48 69781.93 16066.64 26964.61
1717838829 1257831199 1171055686 0 0 20388299 18974799 214767 437 78939.15 69540.80 15830.21 27205.66
1717838839 1257834458 1171055888 0 0 20388472 18974976 214767 437 79083.43 69408.73 15685.30 27337.74
1717838850 1257838840 1171056222 0 0 20388608 18975156 214767 437 79227.92 69245.19 15541.30 27513.48
1717838860 1257840406 1171056500 0 0 20388692 18975237 214767 437 79232.11 69219.79 15537.61 27526.33
1717838870 1257844326 1171057478 0 0 20388798 18975373 214767 437 79453.87 69145.96 15314.28 27600.51
1717838880 1257847809 1171058112 0 0 20388922 18975846 214767 437 79871.00 68733.67 14897.13 28014.48
1717838891 1257852465 1171058802 0 0 20389084 18976128 214767 437 79921.62 68659.56 14847.11 28088.08
1717838901 1257854930 1171059184 0 0 20389205 18976256 214767 437 79956.15 68602.14 14812.00 28144.16
1717838911 1257858599 1171059618 0 0 20389430 18976348 214767 437 79892.52 68660.89 14876.65 28085.70
1717838922 1257861186 1171059890 0 0 20389685 18976576 214767 437 79903.17 68644.41 14866.55 28102.66
1717838932 1257863149 1171060476 0 0 20389761 18976742 214767 437 79975.30 68570.63 14793.32 28175.88
1717838942 1257864600 1171060688 0 0 20389837 18976887 214767 437 79910.55 68631.69 14858.08 28115.27
1717838952 1257865544 1171061046 0 0 20389907 18977020 214767 437 79864.70 68675.99 14903.94 28071.59
1717838963 1257866599 1171061264 0 0 20389997 18977093 214767 437 79861.58 68681.60 14907.12 28064.48
1717838973 1257867894 1171061876 0 0 20390071 18977185 214767 437 79852.35 68692.66 14917.07 28053.68
1717838983 1257869334 1171062234 0 0 20390171 18977253 214767 437 79843.20 68688.19 14926.03 28057.35
1717838994 1257870483 1171062574 0 0 20390206 18977385 214767 437 79838.43 68671.58 14930.20 28074.95
1717839004 1257874703 1171063262 0 0 20390225 18977561 214767 437 79870.48 68636.98 14897.76 28109.00
1717839014 1257880282 1171063926 0 0 20390350 18977967 214767 437 80304.40 68204.00 14464.35 28543.07
1717839024 1257884724 1171064838 0 0 20390465 18978157 214767 437 80551.88 67955.21 14216.74 28791.33
1717839035 1257887938 1171065258 0 0 20390554 18978226 214767 437 80556.62 67951.09 14212.66 28795.37
1717839045 1257892501 1171065816 0 0 20390622 18978319 214767 437 80560.75 67940.88 14208.41 28805.19
1717839055 1257895608 1171066240 0 0 20390936 18978409 214767 437 80307.95 68191.84 14460.18 28554.15
1717839066 1257899649 1171066738 0 0 20390962 18978539 214767 437 80273.45 68217.44 14495.18 28530.12
1717839076 1257905030 1171067192 0 0 20391417 18978612 214767 437 79778.79 68712.79 14988.94 28033.68
1717839086 1257909022 1171067678 0 0 20391698 18978871 214767 437 79772.24 68714.89 14996.96 28031.08
1717839096 1257913200 1171068214 0 0 20391793 18978999 214767 437 79802.68 68685.70 14966.45 28061.39
1717839107 1257916742 1171068858 0 0 20391939 18979080 214767 437 79731.86 68756.91 15036.80 27989.06
1717839117 1257921773 1171069324 0 0 20392194 18979147 214767 437 79627.57 68862.12 15141.05 27884.56
1717839127 1257925780 1171069610 0 0 20392323 18979255 214767 437 79588.79 68900.13 15180.00 27846.33
1717839138 1257927631 1171069990 0 0 20392410 18979482 214767 437 79718.60 68770.77 15050.03 27975.81
1717839148 1257930178 1171070256 0 0 20392430 18979683 214767 437 79785.84 68704.47 14982.79 28040.06
1717839158 1257935075 1171070634 0 0 20392852 18979806 214767 437 79458.21 69025.58 15309.92 27722.18
1717839168 1257939384 1171070930 0 0 20393084 18979882 214767 437 79311.59 69185.65 15457.12 27560.81
1717839179 1257942678 1171071336 0 0 20393184 18979946 214767 437 79346.84 69148.08 15421.79 27599.02
1717839189 1257947150 1171071702 0 0 20393375 18980163 214767 437 79338.18 69154.89 15429.96 27591.57
1717839199 1257950944 1171072028 0 0 20393459 18980242 214767 437 79321.69 69174.95 15446.94 27571.10
1717839210 1257955855 1171072478 0 0 20393521 18980342 214767 437 79324.22 69172.72 15444.40 27573.82
1717839220 1257956356 1171072512 0 0 20393603 18980412 214767 437 79321.98 69176.58 15447.31 27569.89
1717839230 1257959230 1171072844 0 0 20393730 18980455 214767 437 79315.21 69180.48 15454.02 27565.98
1717839240 1257963786 1171073222 0 0 20393873 18980481 214767 437 79340.04 69164.34 15428.68 27582.12
1717839251 1257967153 1171073610 0 0 20393964 18980552 214767 437 79339.04 69162.63 15429.79 27583.84
1717839261 1257971483 1171073950 0 0 20394075 18980619 214767 437 79317.31 69191.22 15451.31 27556.39
1717839271 1257975394 1171074262 0 0 20394151 18980694 214767 437 79316.48 69197.57 15452.86 27548.89
1717839282 1257978729 1171074546 0 0 20394241 18980775 214767 437 79334.55 69176.36 15434.08 27570.13
1717839292 1257979887 1171074662 0 0 20394307 18980862 214767 437 79333.60 69176.91 15435.02 27569.20
1717839302 1257984160 1171075056 0 0 20394404 18980945 214767 437 79316.00 69193.55 15453.16 27554.02
1717839312 1257987821 1171075412 0 0 20394757 18981256 214767 437 79314.41 69195.34 15454.23 27551.12
1717839323 1257990516 1171075850 0 0 20394875 18981293 214767 437 79315.91 69196.93 15453.78 27549.54
1717839333 1257993903 1171076160 0 0 20394943 18981379 214767 437 79320.61 69191.40 15448.02 27555.68
1717839343 1257997612 1171076454 0 0 20395004 18981788 214767 437 79650.07 68862.19 15119.66 27883.78
1717839354 1258002916 1171076912 0 0 20395392 18981950 214767 437 79400.20 69111.01 15368.43 27634.99
1717839364 1258006965 1171077270 0 0 20395509 18982221 214767 437 79560.50 68951.23 15208.68 27795.24
1717839374 1258009294 1171077494 0 0 20395730 18982291 214767 437 79577.03 68935.01 15192.18 27811.46
1717839384 1258012871 1171077838 0 0 20395872 18982377 214767 437 79547.82 68964.18 15220.81 27782.30
1717839395 1258018037 1171078312 0 0 20396123 18982428 214767 437 79384.61 69125.27 15384.62 27621.38
1717839405 1258021730 1171078696 0 0 20396249 18982515 214767 437 79331.07 69177.76 15437.55 27569.27
1717839415 1258023936 1171078928 0 0 20396331 18982597 214767 437 79321.49 69186.79 15447.14 27558.72
1717839426 1258025898 1171079046 0 0 20396422 18982664 214767 437 79318.55 69191.31 15450.67 27555.23
1717839436 1258028308 1171079442 0 0 20396458 18982780 214767 437 79318.63 69190.57 15450.60 27554.51
1717839446 1258033436 1171079924 0 0 20396553 18982841 214767 437 79316.80 69195.24 15451.42 27551.22
1717839456 1258038753 1171080274 0 0 20396675 18982871 214767 437 79319.52 69191.79 15448.61 27554.28
1717839467 1258042882 1171080726 0 0 20396800 18982897 214767 437 79318.91 69193.85 15450.86 27552.62
1717839477 1258048023 1171081130 0 0 20396945 18982908 214767 437 79325.48 69187.37 15442.96 27558.63
1717839487 1258052650 1171081730 0 0 20397088 18982922 214767 437 79319.89 69192.22 15448.74 27554.88
1717839498 1258056006 1171082146 0 0 20397178 18982987 214767 437 79318.52 69194.63 15450.73 27551.84
1717839508 1258059384 1171082594 0 0 20397278 18983039 214767 437 79318.69 69189.80 15449.94 27556.67
1717839518 1258064241 1171083002 0 0 20397374 18983177 214767 437 79242.05 69269.37 15526.57 27477.64
1717839528 1258069322 1171083366 0 0 20397422 18983361 214767 437 79319.90 69191.73 15449.33 27555.40
1717839539 1258072147 1171083670 0 0 20397505 18983434 214767 437 79318.01 69193.79 15450.71 27552.68
1717839549 1258077492 1171084164 0 0 20397933 18983563 214767 437 79039.52 69468.84 15729.10 27277.14
1717839559 1258081720 1171084556 0 0 20398078 18983844 214767 437 79056.88 69450.69 15711.75 27294.82
1717839570 1258084147 1171084738 0 0 20398111 18984160 214767 437 79239.08 69269.98 15529.65 27476.48
1717839580 1258086937 1171084984 0 0 20398230 18984195 214767 437 79237.45 69271.61 15530.22 27474.85
1717839590 1258091724 1171085368 0 0 20398382 18984270 214767 437 79316.28 69192.74 15452.94 27553.72
1717839600 1258095196 1171085626 0 0 20398527 18984282 214767 437 79317.80 69190.61 15450.82 27556.01
1717839611 1258099201 1171085972 0 0 20398624 18984348 214767 437 79318.75 69193.35 15450.01 27553.11
1717839621 1258102445 1171086336 0 0 20398777 18984349 214767 437 79319.45 69192.45 15450.77 27554.02
1717839631 1258107371 1171086784 0 0 20398901 18984376 214767 437 79320.63 69189.61 15447.50 27558.03
1717839642 1258113002 1171087488 0 0 20398946 18984487 214767 437 79318.77 69191.66 15449.94 27555.39
1717839652 1258118472 1171087950 0 0 20399025 18984561 214767 437 79321.07 69186.48 15447.56 27560.12
1717839662 1258122036 1171088262 0 0 20399101 18984639 214767 437 79319.28 69189.56 15450.54 27556.91
1717839672 1258127386 1171088840 0 0 20399229 18984663 214767 437 79317.12 69191.78 15451.62 27554.68
1717839683 1258131084 1171089080 0 0 20399374 18984672 214767 437 79315.48 69192.29 15453.79 27554.18
1717839693 1258137186 1171089602 0 0 20399469 18984736 214767 437 79304.55 69202.25 15463.36 27545.34
1717839703 1258148111 1171090580 0 0 20399540 18984826 214767 437 79329.66 69177.64 15438.61 27568.82
1717839713 1258154751 1171091144 0 0 20399690 18984831 214767 437 79314.88 69192.12 15453.26 27554.35
1717839724 1258157738 1171091568 0 0 20399781 18984895 214767 437 79316.26 69189.86 15452.36 27556.70
1717839734 1258161406 1171091818 0 0 20399791 18985039 214767 437 79317.14 69192.13 15451.48 27554.46
1717839744 1258163966 1171092156 0 0 20399868 18985121 214767 437 79315.50 69193.51 15452.72 27552.96
1717839755 1258166908 1171092444 0 0 20400001 18985139 214767 437 79324.22 69184.85 15444.47 27561.62
1717839765 1258170989 1171092810 0 0 20400079 18985217 214767 437 79326.61 69182.62 15442.02 27563.94
1717839775 1258173948 1171093056 0 0 20400160 18985291 214767 437 79325.75 69184.61 15442.89 27561.86
1717839785 1258180839 1171093750 0 0 20400267 18985336 214767 437 79324.11 69184.09 15444.03 27563.47
1717839796 1258187553 1171094498 0 0 20400394 18985365 214767 437 79323.46 69183.89 15445.71 27562.57
1717839806 1258191678 1171094874 0 0 20400544 18985368 214767 437 79323.21 69186.64 15445.50 27559.82
1717839816 1258195014 1171095268 0 0 20400671 18985399 214767 437 79325.68 69183.74 15442.95 27562.92
1717839827 1258196882 1171095340 0 0 20400707 18985517 214767 437 79322.50 69187.37 15446.12 27559.20
1717839837 1258200844 1171095788 0 0 20400782 18985594 214767 437 79321.00 69188.18 15447.63 27557.89
1717839847 1258203716 1171095990 0 0 20400836 18985694 214767 437 79321.14 69187.87 15447.49 27558.64
1717839858 1258207320 1171096396 0 0 20400978 18985774 214767 437 79339.94 69169.34 15427.80 27577.12
1717839868 1258217475 1171097230 0 0 20401139 18985797 214767 437 79329.17 69180.16 15440.12 27566.30
1717839878 1258222176 1171097602 0 0 20401494 18986035 214767 437 79350.17 69157.98 15419.06 27588.48
1717839888 1258227519 1171098238 0 0 20401659 18986060 214767 437 79317.86 69191.42 15450.76 27556.12
1717839899 1258235741 1171098904 0 0 20401741 18986137 214767 437 79318.21 69190.32 15449.93 27556.15
1717839909 1258239576 1171099254 0 0 20401882 18986153 214767 437 79320.28 69188.09 15448.34 27557.44
1717839919 1258244811 1171099658 0 0 20402101 18986442 214767 437 79404.76 69104.40 15364.53 27642.06
1717839930 1258248648 1171100010 0 0 20402328 18986451 214767 437 79319.46 69188.75 15450.21 27557.71
1717839940 1258248770 1171100058 0 0 20402418 18986514 214767 437 79320.04 69186.34 15448.59 27560.06
1717839950 1258252592 1171100564 0 0 20402426 18986672 214767 437 79330.67 69177.11 15438.70 27569.35
1717839960 1258254563 1171100678 0 0 20402575 18986690 214767 437 79317.22 69191.20 15451.55 27555.27
1717839971 1258256902 1171100912 0 0 20402714 18986706 214767 437 79321.07 69186.96 15447.70 27559.50
1717839981 1258261904 1171101320 0 0 20402860 18986716 214767 437 79319.69 69186.32 15448.94 27560.20
1717839991 1258263265 1171101538 0 0 20402976 18986758 214767 437 79323.28 69182.20 15445.96 27563.78
1717840002 1258266915 1171101902 0 0 20403058 18986838 214767 437 79316.86 69189.23 15451.76 27557.83
1717840012 1258270440 1171102198 0 0 20403147 18986913 214767 437 79327.27 69178.61 15441.37 27569.02
1717840022 1258274658 1171102604 0 0 20403269 18986956 214767 437 79313.86 69192.20 15454.28 27554.32
1717840032 1258278582 1171103016 0 0 20403356 18987023 214767 437 79316.61 69190.31 15452.02 27556.73
1717840043 1258281390 1171103272 0 0 20403447 18987084 214767 437 79312.73 69192.96 15455.49 27553.50
1717840053 1258283701 1171103478 0 0 20403529 18987162 214767 437 79316.56 69189.95 15452.07 27556.66
1717840063 1258286463 1171103726 0 0 20403595 18987251 214767 437 79306.38 69200.43 15462.30 27546.03
1717840074 1258289131 1171104012 0 0 20403745 18987261 214767 437 79291.48 69213.07 15477.28 27533.40
1717840084 1258290506 1171104302 0 0 20403855 18987310 214767 437 79292.92 69212.51 15475.71 27533.02
1717840094 1258294980 1171104784 0 0 20403879 18987453 214767 437 79315.95 69187.50 15452.68 27557.48
1717840104 1258300654 1171105374 0 0 20403897 18987588 214767 437 79315.94 69188.54 15452.68 27557.01
1717840115 1258303565 1171105606 0 0 20403938 18987700 214767 437 79315.48 69189.96 15453.14 27556.66
1717840125 1258308748 1171106172 0 0 20403980 18987817 214767 437 79316.45 69189.58 15452.18 27556.40
1717840135 1258316162 1171106802 0 0 20404087 18987865 214767 437 79313.89 69192.00 15454.73 27554.46
1717840146 1258319779 1171107162 0 0 20404228 18987876 214767 437 79314.30 69192.35 15454.94 27554.11
1717840156 1258324373 1171107562 0 0 20404315 18987942 214767 437 79315.39 69188.13 15453.24 27557.40
1717840166 1258327241 1171107838 0 0 20404389 18988020 214767 437 79313.44 69191.96 15455.76 27554.50
1717840176 1258333841 1171108370 0 0 20404528 18988034 214767 437 79314.17 69188.82 15455.06 27557.21
1717840187 1258339061 1171108826 0 0 20404622 18988094 214767 437 79311.58 69193.19 15457.54 27553.27
1717840197 1258344709 1171109376 0 0 20404745 18988126 214767 437 79314.76 69189.26 15453.86 27557.32
1717840207 1258351174 1171109924 0 0 20404824 18988212 214767 437 79319.33 69184.49 15447.88 27561.97
1717840218 1258358175 1171110470 0 0 20404981 18988229 214767 437 79312.72 69191.30 15455.98 27555.76
1717840228 1258362199 1171110736 0 0 20405055 18988307 214767 437 79314.10 69189.26 15454.53 27558.94
1717840239 1258365050 1171111086 0 0 20405125 18988392 214767 437 79311.75 69190.20 15456.47 27556.27
1717840250 1258370159 1171111588 0 0 20405264 18988406 214767 437 79313.41 69190.16 15455.78 27556.30
1717840260 1258374230 1171111976 0 0 20405401 18988422 214767 437 79311.66 69191.19 15457.57 27555.28
1717840271 1258378804 1171112450 0 0 20405499 18988480 214767 437 79315.32 69188.83 15453.31 27558.30
1717840281 1258383472 1171112858 0 0 20405568 18988564 214767 437 79312.62 69191.70 15456.07 27554.77
1717840292 1258384894 1171113028 0 0 20405657 18988630 214767 437 79313.77 69189.48 15454.86 27558.04
1717840302 1258386723 1171113216 0 0 20405739 18988702 214767 437 79312.48 69191.98 15455.70 27554.48
1717840312 1258391459 1171113654 0 0 20405819 18988771 214767 437 79312.70 69191.05 15456.04 27556.00
1717840322 1258394586 1171113996 0 0 20405912 18988832 214767 437 79314.11 69193.08 15454.58 27553.38
1717840333 1258399570 1171114628 0 0 20406052 18988845 214767 437 79314.90 69188.26 15453.72 27558.38
1717840343 1258403320 1171115016 0 0 20406069 18988997 214767 437 79330.93 69172.08 15437.70 27574.38
1717840353 1258411287 1171115676 0 0 20406165 18989075 214767 437 79299.91 69200.93 15471.14 27543.07
1717840364 1258419497 1171116508 0 0 20406378 18989472 214767 437 79534.25 68965.30 15233.54 27781.16
1717840374 1258423602 1171116808 0 0 20406645 18989711 214767 437 79538.98 68963.71 15229.63 27782.82
1717840384 1258428158 1171117452 0 0 20406947 18989787 214767 437 79307.54 69192.16 15460.16 27554.91
1717840395 1258430576 1171117656 0 0 20407014 18989874 214767 437 79312.24 69189.89 15456.39 27556.78
1717840405 1258434460 1171118014 0 0 20407026 18990017 214767 437 79312.75 69189.38 15455.88 27557.67
1717840415 1258437051 1171118252 0 0 20407090 18990105 214767 437 79312.22 69189.03 15456.40 27557.00
1717840425 1258440908 1171118650 0 0 20407177 18990171 214767 437 79311.74 69189.94 15457.48 27557.09
1717840436 1258447134 1171119192 0 0 20407216 18990287 214767 437 79309.71 69187.70 15458.92 27558.31
1717840446 1258451202 1171119606 0 0 20407335 18990321 214767 437 79309.75 69190.98 15459.04 27555.48
1717840456 1258458013 1171120118 0 0 20407551 18990342 214767 437 79211.75 69288.20 15558.06 27458.27
1717840467 1258465226 1171120804 0 0 20407846 18990633 214767 437 79304.09 69190.80 15465.12 27555.74
1717840477 1258471315 1171121308 0 0 20407918 18990717 214767 437 79307.43 69189.74 15461.80 27557.33
1717840487 1258474473 1171121640 0 0 20408012 18990778 214767 437 79308.38 69189.80 15461.38 27556.67
1717840497 1258478873 1171122052 0 0 20408134 18990810 214767 437 79309.89 69188.52 15458.74 27558.00
1717840508 1258482092 1171122320 0 0 20408223 18990872 214767 437 79307.57 69188.67 15458.59 27557.30
1717840518 1258488231 1171122850 0 0 20408251 18990998 214767 437 79308.93 69186.94 15459.70 27559.62
1717840528 1258492536 1171123154 0 0 20408261 18991142 214767 437 79310.52 69185.89 15458.11 27560.66
1717840539 1258495345 1171123582 0 0 20408294 18991261 214767 437 79309.75 69188.72 15458.88 27558.39
1717840549 1258500691 1171124058 0 0 20408312 18991397 214767 437 79308.86 69189.59 15460.37 27557.42
1717840559 1258503236 1171124292 0 0 20408385 18991490 214767 437 79306.22 69193.59 15462.46 27552.87
1717840569 1258504914 1171124458 0 0 20408506 18991526 214767 437 79298.09 69195.00 15471.09 27550.97
1717840580 1258510589 1171124890 0 0 20408656 18991530 214767 437 79299.97 69196.38 15468.16 27550.09
1717840590 1258515041 1171125312 0 0 20408781 18991586 214767 437 79334.73 69165.48 15433.89 27582.12
1717840600 1258519046 1171125568 0 0 20408886 18991663 214767 437 79303.10 69194.63 15465.53 27551.99
1717840611 1258523306 1171126044 0 0 20408969 18991733 214767 437 79300.96 69195.88 15467.74 27550.59
1717840621 1258528015 1171126324 0 0 20409095 18991765 214767 437 79301.66 69192.74 15468.03 27553.23
1717840631 1258532306 1171126776 0 0 20409156 18991870 214767 437 79255.49 69192.98 15513.14 27553.10
1717840641 1258536748 1171127318 0 0 20409210 18991998 214767 437 79259.16 69191.88 15510.07 27555.18
1717840652 1258539243 1171127506 0 0 20409292 18992089 214767 437 79252.32 69147.24 15516.50 27599.22
1717840662 1258545551 1171128240 0 0 20409384 18992268 214767 437 79404.09 69089.57 15364.53 27657.46
1717840672 1258549619 1171128512 0 0 20409810 18992611 214767 437 79273.12 69169.90 15495.62 27576.56
1717840683 1258551918 1171128748 0 0 20409934 18992669 214767 437 79257.96 69184.46 15509.18 27562.09
1717840693 1258554522 1171128922 0 0 20410078 18992703 214767 437 79262.84 69186.00 15505.79 27561.60
1717840703 1258555635 1171128968 0 0 20410175 18992789 214767 437 79255.07 69185.90 15512.64 27560.56
1717840713 1258558003 1171129300 0 0 20410328 18992811 214767 437 79303.81 69185.12 15465.36 27561.49
1717840724 1258559076 1171129484 0 0 20410433 18992884 214767 437 79303.53 69185.97 15465.71 27559.51
1717840734 1258559617 1171129528 0 0 20410532 18992963 214767 437 79305.16 69185.27 15463.46 27561.85
1717840744 1258561166 1171129690 0 0 20410584 18993080 214767 437 79305.34 69131.79 15463.29 27614.77
1717840755 1258562405 1171129796 0 0 20410664 18993166 214767 437 79302.26 69187.77 15466.96 27558.81
1717840765 1258564984 1171130046 0 0 20410791 18993209 214767 437 79303.36 69137.09 15464.28 27610.45
1717840776 1258570134 1171130390 0 0 20410874 18993292 214767 437 79302.86 69138.10 15465.41 27608.95
1717840786 1258573655 1171130730 0 0 20410938 18993388 214767 437 79306.93 69182.87 15461.69 27562.61
1717840796 1258576382 1171131014 0 0 20410962 18993534 214767 437 79303.89 69136.37 15464.74 27610.71
1717840807 1258578521 1171131164 0 0 20411029 18993626 214767 437 79302.70 69186.32 15466.59 27560.14
1717840817 1258581604 1171131474 0 0 20411172 18993651 214767 437 79304.53 69143.16 15464.14 27602.94
1717840827 1258583599 1171131616 0 0 20411317 18993672 214767 437 79304.08 69186.54 15464.61 27559.92
1717840838 1258585980 1171131884 0 0 20411464 18993693 214767 437 79303.56 69187.07 15464.61 27559.39
1717840848 1258591200 1171132284 0 0 20411585 18993748 214767 437 79257.60 69186.04 15512.12 27560.43
1717840858 1258592764 1171132486 0 0 20411700 18993825 214767 437 79259.20 69185.00 15509.43 27560.99
1717840868 1258596043 1171132796 0 0 20411833 18993875 214767 437 79304.66 69188.43 15465.05 27558.03
1717840879 1258598296 1171133060 0 0 20411882 18993995 214767 437 79306.10 69185.64 15462.52 27561.92
1717840889 1258604301 1171133556 0 0 20411955 18994074 214767 437 79302.95 69187.74 15465.29 27558.73
1717840899 1258609488 1171134130 0 0 20412058 18994131 214767 437 79305.61 69128.17 15463.01 27618.88
1717840910 1258613274 1171134540 0 0 20412128 18994222 214767 437 79304.58 69189.52 15464.04 27558.03
1717840920 1258617027 1171134912 0 0 20412153 18994350 214767 437 79305.59 69189.23 15463.03 27557.29
1717840930 1258618082 1171135158 0 0 20412233 18994424 214767 437 79303.52 69192.87 15464.78 27553.60
1717840940 1258622195 1171135476 0 0 20412383 18994439 214767 437 79305.74 69189.26 15463.55 27557.80
1717840951 1258629104 1171136034 0 0 20412490 18994485 214767 437 79305.01 69187.46 15464.21 27559.04
1717840961 1258634375 1171136564 0 0 20412552 18994577 214767 437 79305.52 69189.46 15463.10 27555.54
1717840971 1258640130 1171137046 0 0 20412644 18994637 214767 437 79303.31 69190.50 15465.62 27555.96
1717840982 1258646190 1171137510 0 0 20412733 18994701 214767 437 79304.22 69187.93 15464.40 27559.60
1717840992 1258650776 1171137974 0 0 20412833 18994763 214767 437 79305.16 69135.64 15464.17 27610.82
1717841002 1258654045 1171138254 0 0 20412977 18994780 214767 437 79303.73 69141.10 15465.05 27605.36
1717841012 1258660049 1171138728 0 0 20413086 18994835 214767 437 79305.98 69194.89 15462.64 27551.69
1717841023 1258661712 1171138958 0 0 20413176 18994919 214767 437 79302.87 69137.29 15466.89 27609.17
1717841033 1258666893 1171139420 0 0 20413325 18994960 214767 437 79305.83 69187.04 15463.39 27559.53
1717841043 1258666963 1171139452 0 0 20413408 18995062 214767 437 79262.16 69191.43 15506.46 27555.09
1717841054 1258671043 1171139830 0 0 20413490 18995152 214767 437 79259.42 69136.58 15509.77 27609.89
1717841064 1258674887 1171140140 0 0 20413668 18995175 214767 437 79234.65 69214.23 15534.57 27532.24
1717841074 1258677074 1171140354 0 0 20413783 18995256 214767 437 79303.82 69185.78 15462.96 27561.28
1717841084 1258678366 1171140590 0 0 20413888 18995336 214767 437 79256.21 69185.05 15512.42 27561.95
1717841095 1258682208 1171140964 0 0 20413921 18995506 214767 437 79308.70 69182.04 15460.52 27564.42
1717841105 1258682958 1171141054 0 0 20414057 18995566 214767 437 79309.27 69133.10 15459.36 27612.42
1717841116 1258686379 1171141432 0 0 20414196 18995633 214767 437 79307.97 69190.01 15461.22 27556.46
1717841126 1258687289 1171141588 0 0 20414316 18995723 214767 437 79263.34 69142.97 15506.46 27603.49
1717841136 1258688227 1171141588 0 0 20414424 18995786 214767 437 79309.38 69131.58 15459.88 27614.88
1717841146 1258692691 1171142056 0 0 20414496 18995886 214767 437 79317.24 69121.62 15451.99 27624.96
1717841157 1258697198 1171142498 0 0 20414597 18995988 214767 437 79347.88 69144.02 15420.87 27603.05
1717841167 1258701194 1171142812 0 0 20414739 18996023 214767 437 79296.67 69147.23 15470.98 27599.23
1717841177 1258707967 1171143642 0 0 20414904 18996059 214767 437 79310.20 69142.04 15458.43 27604.48
1717841188 1258709723 1171143722 0 0 20414930 18996209 214767 437 79264.28 69181.32 15504.34 27566.23
1717841198 1258712111 1171143966 0 0 20415012 18996742 214767 437 79312.35 70001.47 15456.39 26744.99
1717841208 1258714392 1171144146 0 0 20415080 18997381 214767 437 79325.05 69433.75 15443.58 27313.29
1717841218 1258716949 1171144352 0 0 20415134 18997543 214767 437 79365.08 69164.30 15403.12 27581.20
1717841229 1258723381 1171145230 0 0 20415222 18997751 214767 437 79385.23 69076.93 15383.53 27669.53
1717841239 1258725168 1171145344 0 0 20415305 18997836 214767 437 79434.70 69079.51 15334.04 27667.04
1717841249 1258728416 1171145640 0 0 20415488 18997936 214767 437 79355.46 69094.11 15412.21 27652.98
1717841260 1258731672 1171145976 0 0 20415592 18998022 214767 437 79350.75 69099.99 15418.91 27646.48
1717841270 1258736523 1171146382 0 0 20415745 18998083 214767 437 79361.96 68953.69 15407.76 27792.28
1717841281 1258739545 1171146942 0 0 20415820 18998182 214767 437 79378.58 68987.32 15389.06 27758.65
1717841291 1258741550 1171147172 0 0 20416123 18998604 214767 437 80477.68 68710.30 14291.05 28036.25
1717841301 1258744786 1171147454 0 0 20416418 18999251 214767 437 80203.64 68430.28 14564.50 28316.78
1717841311 1258750119 1171148394 0 0 20416505 18999370 214767 437 79985.97 68420.20 14781.75 28326.86
1717841322 1258752440 1171149296 0 0 20416588 18999507 214767 437 79958.44 68430.55 14810.23 28315.91
1717841332 1258754008 1171149976 0 0 20416728 18999653 214767 437 79962.43 68256.85 14806.82 28489.62
1717841342 1258757760 1171150696 0 0 20416884 18999687 214767 437 79859.29 68346.75 14911.08 28399.73
1717841353 1258760109 1171151080 0 0 20417042 18999749 214767 437 79796.48 68407.59 14972.67 28338.49
1717841363 1258760948 1171151324 0 0 20417129 18999834 214767 437 79716.79 68406.57 15050.85 28338.18
1717841373 1258763442 1171152006 0 0 20417243 18999889 214767 437 79725.71 68393.06 15042.10 28361.71
1717841383 1258764792 1171152098 0 0 20417468 19000366 214767 437 79674.78 69232.23 15093.91 27514.76
1717841394 1258769945 1171152620 0 0 20417514 19001031 214767 437 79695.09 68655.70 15073.65 28090.85
1717841404 1258774718 1171153698 0 0 20417786 19001619 214767 437 80001.59 68063.07 14768.46 28680.93
1717841414 1258778969 1171154672 0 0 20418203 19001911 214767 437 79971.84 68190.61 14796.79 28556.89
1717841425 1258783609 1171155188 0 0 20418378 19002127 214767 437 79977.06 68130.45 14791.56 28615.60
1717841435 1258787024 1171155578 0 0 20418471 19002523 214767 437 80266.54 67772.68 14502.09 28974.87
1717841445 1258794734 1171157844 0 0 20418915 19002642 214767 437 79906.52 68072.27 14864.24 28674.19
1717841455 1258799025 1171158658 0 0 20419068 19003003 214767 437 80281.19 67681.15 14487.64 29065.31
1717841466 1258802404 1171159260 0 0 20419365 19003088 214767 437 80197.31 67763.84 14570.94 28982.62
1717841476 1258804949 1171159462 0 0 20419555 19003268 214767 437 80235.79 67724.28 14532.84 29021.26
1717841486 1258805783 1171159820 0 0 20419619 19003378 214767 437 80218.50 67745.02 14550.26 29001.56
1717841496 1258807629 1171160190 0 0 20419804 19003464 214767 437 80180.84 67781.08 14588.44 28965.38
1717841507 1258811563 1171160992 0 0 20419930 19003846 214767 437 80324.62 67541.76 14444.00 29205.83
1717841517 1258814715 1171161448 0 0 20420031 19003955 214767 437 80339.69 67492.12 14428.02 29254.34
1717841527 1258820376 1171162368 0 0 20420409 19004139 214767 437 80211.90 67631.25 14556.72 29115.79
1717841538 1258821126 1171162464 0 0 20420528 19004270 214767 437 80198.40 67560.00 14570.22 29185.55
1717841548 1258824070 1171162954 0 0 20420929 19004320 214767 437 79904.06 67855.57 14865.18 28890.89
1717841558 1258826752 1171163434 0 0 20421114 19004401 214767 437 79797.76 67958.65 14970.38 28787.96
1717841568 1258827827 1171163860 0 0 20421201 19004471 214767 437 79798.30 67959.73 14971.43 28785.81
1717841579 1258830329 1171164030 0 0 20421306 19004533 214767 437 79797.87 67959.31 14970.38 28786.24
1717841589 1258831628 1171164190 0 0 20421462 19004591 214767 437 79735.10 68017.92 15033.53 28727.63
1717841599 1258834058 1171164548 0 0 20421528 19004710 214767 437 79761.84 67997.12 15006.79 28748.93
1717841610 1258835683 1171164700 0 0 20421642 19004801 214767 437 79749.62 68010.77 15019.54 28735.83
1717841620 1258837498 1171164890 0 0 20421856 19004869 214767 437 79736.60 68026.27 15031.57 28720.29
1717841630 1258840698 1171165308 0 0 20422000 19004976 214767 437 79659.52 67989.24 15109.11 28757.80
1717841641 1258841745 1171165460 0 0 20422110 19005059 214767 437 79670.67 68030.98 15098.05 28715.49
1717841651 1258843772 1171165864 0 0 20422218 19005147 214767 437 79711.49 67990.42 15057.23 28755.55
1717841661 1258844412 1171166058 0 0 20422332 19005185 214767 437 79713.22 67988.30 15055.41 28759.27
1717841672 1258846392 1171166190 0 0 20422423 19005252 214767 437 79706.06 67996.91 15062.64 28749.60
1717841682 1258848891 1171166448 0 0 20422546 19005317 214767 437 79670.14 68030.25 15097.57 28717.32
1717841692 1258851624 1171166654 0 0 20422636 19005421 214767 437 79706.44 67833.85 15061.32 28913.75
1717841702 1258852671 1171166938 0 0 20422708 19005579 214767 437 79745.73 67798.05 15022.89 28949.43
1717841713 1258855075 1171167182 0 0 20422797 19005871 214767 437 79826.70 67643.40 14941.43 29102.19
1717841723 1258856068 1171167304 0 0 20423014 19005998 214767 437 79709.15 67762.47 15060.11 28984.60
1717841733 1258856721 1171167918 0 0 20423075 19006093 214767 437 79711.47 67760.82 15056.78 28986.84
1717841744 1258857891 1171168096 0 0 20423172 19006152 214767 437 79661.81 67759.62 15106.82 28987.45
1717841754 1258859245 1171168282 0 0 20423283 19006205 214767 437 79714.03 67755.56 15053.68 28990.90
1717841765 1258860496 1171168476 0 0 20423407 19006237 214767 437 79716.00 67753.26 15052.73 28993.20
1717841776 1258862149 1171168764 0 0 20423484 19006330 214767 437 79719.30 67751.04 15050.52 28995.54
1717841787 1258864380 1171169000 0 0 20423632 19006400 214767 437 79390.92 67804.19 15377.70 28942.92
1717841798 1258865724 1171169208 0 0 20423700 19006489 214767 437 79441.05 67806.65 15326.70 28940.31
1717841808 1258868957 1171169866 0 0 20423789 19006659 214767 437 79540.50 67705.15 15227.88 29040.61
1717841818 1258869226 1171169948 0 0 20423880 19006727 214767 437 79539.68 67704.98 15228.94 29042.02
1717841829 1258870543 1171170178 0 0 20424035 19006796 214767 437 79475.29 67770.11 15293.33 28977.43
1717841839 1258872812 1171170792 0 0 20424085 19006912 214767 437 79482.86 67763.09 15285.77 28983.88
1717841849 1258874161 1171171124 0 0 20424164 19007039 214767 437 79531.46 67713.12 15233.22 29035.96
1717841859 1258876381 1171171444 0 0 20424324 19007235 214767 437 79605.72 67638.39 15162.93 29107.59
1717841870 1258878862 1171171858 0 0 20424591 19007289 214767 437 79447.76 67668.68 15320.97 29078.38
1717841880 1258881262 1171172274 0 0 20424707 19007419 214767 437 79420.75 67640.83 15347.54 29106.15
1717841890 1258881636 1171172446 0 0 20424807 19007475 214767 437 79422.39 67641.05 15345.74 29105.54
1717841901 1258882673 1171172588 0 0 20424894 19007543 214767 437 79472.23 67641.84 15295.90 29105.17
1717841911 1258885063 1171173020 0 0 20424951 19007653 214767 437 79417.57 67646.74 15351.23 29099.73
1717841921 1258887003 1171173464 0 0 20425067 19007702 214767 437 79468.76 67644.81 15300.52 29102.16
1717841932 1258887529 1171173690 0 0 20425165 19007760 214767 437 79469.62 67647.34 15299.61 29099.73
1717841942 1258888239 1171174040 0 0 20425287 19007793 214767 437 79471.40 67645.54 15297.90 29101.49
1717841952 1258888556 1171174148 0 0 20425385 19007850 214767 437 79468.92 67646.34 15299.71 29100.73
1717841962 1258889370 1171174296 0 0 20425455 19007932 214767 437 79465.47 67648.23 15302.66 29097.80
1717841973 1258889780 1171174612 0 0 20425535 19008006 214767 437 79409.56 67647.84 15359.07 29099.31
1717841983 1258890215 1171174936 0 0 20425582 19008114 214767 437 79466.47 67645.63 15302.15 29101.45
1717841993 1258891757 1171175160 0 0 20425687 19008226 214767 437 79514.67 67596.42 15253.98 29150.16
1717842004 1258893158 1171175496 0 0 20425808 19008300 214767 437 79494.74 67583.88 15273.00 29163.12
1717842014 1258894288 1171175516 0 0 20426289 19008504 214767 437 80252.20 67675.85 14516.43 29070.20
1717842024 1258894710 1171175790 0 0 20426884 19008606 214767 437 79611.50 67539.45 15157.67 29206.09
1717842035 1258896196 1171176482 0 0 20426976 19008673 214767 437 79532.55 67599.86 15237.17 29145.70
1717842045 1258897126 1171177218 0 0 20427066 19008745 214767 437 79460.14 67674.58 15308.62 29071.39
1717842055 1258898970 1171178624 0 0 20427153 19008816 214767 437 79397.95 67673.16 15370.68 29073.35
1717842065 1258900571 1171179878 0 0 20427217 19008908 214767 437 79331.30 67675.37 15437.41 29071.21
1717842076 1258901484 1171180296 0 0 20427393 19008948 214767 437 79262.37 67726.72 15506.25 29019.33
1717842086 1258901825 1171180378 0 0 20427484 19009015 214767 437 79261.88 67727.14 15507.18 29018.84
1717842096 1258902631 1171181038 0 0 20427603 19009054 214767 437 79262.93 67727.45 15506.27 29017.62
1717842107 1258903251 1171181160 0 0 20427692 19009119 214767 437 79262.00 67730.05 15505.68 29016.95
1717842117 1258903564 1171181460 0 0 20427853 19009239 214767 437 79301.79 67785.96 15466.86 28960.09
1717842127 1258904234 1171182096 0 0 20428132 19009327 214767 437 79303.56 67785.23 15465.07 28961.33
1717842137 1258904912 1171182570 0 0 20428162 19009455 214767 437 79300.00 67785.20 15468.70 28961.97
1717842148 1258905582 1171182594 0 0 20428275 19009502 214767 437 79298.97 67787.33 15470.27 28958.64
1717842158 1258905725 1171182646 0 0 20428377 19009554 214767 437 79300.45 67786.67 15469.16 28959.41
1717842168 1258906022 1171182856 0 0 20428479 19009611 214767 437 79291.93 67795.84 15477.24 28950.21
1717842179 1258906609 1171183442 0 0 20428574 19009675 214767 437 79290.69 67797.44 15476.95 28949.68
1717842189 1258907073 1171183770 0 0 20428663 19009742 214767 437 79292.73 67796.97 15476.45 28950.09
1717842199 1258907405 1171183790 0 0 20428755 19009807 214767 437 79293.88 67796.98 15475.29 28949.58
1717842209 1258907771 1171183812 0 0 20428846 19009874 214767 437 79325.92 67797.71 15442.70 28949.30
1717842220 1258907874 1171183864 0 0 20428901 19009977 214767 437 79324.51 67795.71 15444.67 28950.83
1717842230 1258908214 1171184084 0 0 20429015 19010024 214767 437 79320.25 67798.58 15448.38 28947.91
1717842241 1258908669 1171184498 0 0 20429120 19010078 214767 437 79318.16 67799.66 15450.90 28947.29
1717842251 1258909294 1171185028 0 0 20429215 19010138 214767 437 79319.07 67799.24 15450.19 28947.79
1717842262 1258909418 1171185030 0 0 20429292 19010224 214767 437 79279.43 67797.75 15489.68 28949.33
1717842272 1258909997 1171185080 0 0 20429357 19010315 214767 437 79277.69 67796.57 15490.45 28950.51
1717842282 1258910053 1171185082 0 0 20429450 19010383 214767 437 79275.43 67798.90 15493.24 28947.07
1717842292 1258910498 1171185498 0 0 20429534 19010460 214767 437 79275.46 67800.38 15493.77 28946.70
1717842303 1258910860 1171185802 0 0 20429713 19010506 214767 437 79274.84 67798.00 15493.93 28949.07
1717842313 1258911420 1171186268 0 0 20429994 19010563 214767 437 79273.06 67799.82 15495.57 28946.76
1717842323 1258911583 1171186272 0 0 20430168 19010664 214767 437 79273.52 67794.25 15495.11 28951.79
1717842334 1258911864 1171186322 0 0 20430222 19010766 214767 437 79271.07 67795.26 15497.67 28951.32
1717842344 1258912281 1171186448 0 0 20430337 19010810 214767 437 79357.01 67798.27 15410.23 28948.31
1717842354 1258912547 1171186658 0 0 20430407 19010904 214767 437 79335.89 67793.00 15433.33 28953.57
1717842364 1258912910 1171186948 0 0 20430516 19010951 214767 437 79335.33 67794.66 15432.80 28952.02
1717842375 1258913508 1171187448 0 0 20430620 19011010 214767 437 79332.88 67796.30 15435.93 28950.16
1717842385 1258913784 1171187646 0 0 20430721 19011067 214767 437 79334.78 67794.29 15434.98 28952.34
1717842395 1258914234 1171187668 0 0 20430844 19011110 214767 437 79270.52 67924.54 15499.36 28821.93
1717842406 1258914531 1171187716 0 0 20430980 19011140 214767 437 79269.46 67924.14 15499.23 28822.43
1717842416 1258915098 1171187898 0 0 20431056 19011222 214767 437 79271.18 67921.91 15497.45 28824.70
1717842426 1258915428 1171188144 0 0 20431101 19011341 214767 437 79270.67 67918.54 15497.95 28828.11
1717842436 1258915651 1171188354 0 0 20431193 19011409 214767 437 79266.33 67859.57 15503.41 28886.89
1717842447 1258916253 1171188836 0 0 20431285 19011479 214767 437 79246.70 67779.18 15523.93 28967.89
1717842457 1258917002 1171189280 0 0 20431361 19011572 214767 437 79041.39 67725.30 15728.89 29022.68
1717842467 1258917779 1171189496 0 0 20431464 19011639 214767 437 78935.64 67729.95 15834.14 29016.13
1717842478 1258919049 1171190034 0 0 20431549 19011709 214767 437 78935.87 67730.72 15832.34 29015.80
1717842488 1258920157 1171190760 0 0 20431646 19011769 214767 437 78935.51 67731.69 15833.11 29015.93
1717842498 1258921868 1171191648 0 0 20431732 19011844 214767 437 78933.59 67732.65 15834.54 29013.89
1717842508 1258926344 1171194680 0 0 20431847 19011956 214767 437 78830.36 67837.04 15938.41 28909.53
1717842519 1258929580 1171196882 0 0 20431938 19012036 214767 437 78880.98 67784.44 15887.64 28962.59
1717842529 1258930980 1171197792 0 0 20431987 19012208 214767 437 78930.33 67609.22 15838.30 29136.81
1717842539 1258932695 1171199080 0 0 20432070 19012280 214767 437 78929.82 67607.67 15838.32 29138.39
1717842550 1258933457 1171199610 0 0 20432130 19012376 214767 437 78932.06 67607.07 15837.17 29138.48
1717842560 1258934070 1171200028 0 0 20432216 19012446 214767 437 78931.58 67607.84 15836.23 29138.74
1717842570 1258934576 1171200236 0 0 20432295 19012519 214767 437 78927.70 67608.73 15841.55 29138.29
1717842581 1258935171 1171200722 0 0 20432365 19012610 214767 437 78924.06 67607.66 15844.56 29139.37
1717842591 1258935954 1171201298 0 0 20432471 19012661 214767 437 78923.36 67608.71 15845.83 29137.90
1717842601 1258936346 1171201566 0 0 20432570 19012723 214767 437 78920.99 67611.29 15847.26 29134.68
1717842612 1258936795 1171201898 0 0 20432677 19012771 214767 437 78922.81 67608.26 15845.40 29138.18
1717842622 1258937061 1171202098 0 0 20432769 19012833 214767 437 78922.26 67609.86 15846.88 29136.69
1717842632 1258937595 1171202382 0 0 20432855 19012903 214767 437 78921.95 67609.42 15846.26 29137.65
1717842643 1258938172 1171202906 0 0 20432945 19012967 214767 437 78920.90 67610.05 15847.23 29137.95
1717842653 1258938501 1171203058 0 0 20432981 19013089 214767 437 78920.80 67607.60 15848.41 29138.87
1717842663 1258938906 1171203326 0 0 20433083 19013142 214767 437 78918.61 67610.74 15849.63 29135.23
1717842673 1258939299 1171203694 0 0 20433179 19013203 214767 437 78918.90 67609.43 15850.86 29137.57
1717842684 1258939706 1171203932 0 0 20433294 19013243 214767 437 78918.58 67609.53 15850.61 29137.02
1717842694 1258940336 1171204426 0 0 20433359 19013333 214767 437 78919.65 67609.51 15849.51 29137.11
1717842704 1258940667 1171204682 0 0 20433446 19013403 214767 437 78919.39 67608.17 15849.36 29137.80
1717842715 1258940984 1171204776 0 0 20433542 19013461 214767 437 78918.44 67608.25 15850.30 29137.73
1717842725 1258941408 1171205128 0 0 20433591 19013565 214767 437 78921.19 67608.10 15848.94 29137.26
1717842735 1258941704 1171205394 0 0 20433693 19013618 214767 437 78917.65 67609.14 15851.07 29137.44
1717842746 1258942165 1171205680 0 0 20433800 19013669 214767 437 78921.71 67604.66 15847.40 29141.46
1717842756 1258942620 1171206034 0 0 20433902 19013723 214767 437 78920.16 67605.16 15848.61 29141.91
1717842766 1258942923 1171206146 0 0 20433992 19013790 214767 437 78920.55 67605.85 15848.63 29141.25
1717842776 1258943394 1171206454 0 0 20434076 19013859 214767 437 78920.31 67604.38 15848.45 29142.09
1717842787 1258943756 1171206784 0 0 20434173 19013919 214767 437 78920.88 67604.23 15848.39 29142.95
1717842797 1258944096 1171207078 0 0 20434262 19013984 214767 437 78922.79 67601.37 15846.44 29145.74
1717842807 1258944676 1171207424 0 0 20434311 19014091 214767 437 78920.48 67604.16 15848.14 29142.87
1717842818 1258945882 1171208236 0 0 20434420 19014137 214767 437 78907.91 67601.21 15861.31 29145.33
1717842828 1258947033 1171209028 0 0 20434508 19014207 214767 437 78908.14 67601.07 15860.57 29144.91
1717842838 1258947559 1171209418 0 0 20434623 19014247 214767 437 78908.22 67601.60 15860.90 29145.97
1717842848 1258948044 1171209768 0 0 20434709 19014316 214767 437 78908.96 67601.21 15859.77 29145.36
1717842859 1258950431 1171211564 0 0 20434804 19014374 214767 437 78908.62 67600.83 15860.01 29145.71
1717842869 1258951412 1171211972 0 0 20434889 19014443 214767 437 78908.62 67601.18 15859.51 29145.88
1717842879 1258951952 1171212292 0 0 20434941 19014547 214767 437 78910.38 67599.40 15857.75 29147.62
1717842890 1258952656 1171212882 0 0 20435032 19014609 214767 437 78908.23 67602.50 15859.41 29144.56
1717842900 1258953081 1171213054 0 0 20435122 19014675 214767 437 78909.39 67600.85 15860.34 29146.22
1717842910 1258953516 1171213462 0 0 20435223 19014727 214767 437 78906.89 67602.54 15862.23 29143.93
1717842921 1258954203 1171214038 0 0 20435315 19014788 214767 437 78908.50 67601.01 15859.70 29145.45
1717842931 1258954823 1171214414 0 0 20435387 19014870 214767 437 78908.80 67600.57 15859.83 29146.53
1717842941 1258955072 1171214498 0 0 20435470 19014942 214767 437 78908.64 67601.75 15859.57 29145.83
1717842951 1258955212 1171214558 0 0 20435566 19015000 214767 437 78908.91 67600.30 15859.83 29146.67
1717842962 1258955551 1171214860 0 0 20435615 19015104 214767 437 78907.66 67601.52 15860.96 29145.02
1717842972 1258956131 1171215418 0 0 20435727 19015145 214767 437 78908.02 67601.64 15860.60 29143.95
1717842982 1258957355 1171216172 0 0 20435812 19015214 214767 437 78908.74 67600.72 15861.01 29145.74
1717842993 1258958476 1171216972 0 0 20435927 19015259 214767 437 78812.64 67601.89 15956.59 29145.25
1717843003 1258959161 1171217506 0 0 20436007 19015334 214767 437 78812.25 67599.53 15956.49 29146.54
1717843013 1258959720 1171217924 0 0 20436092 19015399 214767 437 78811.96 67600.50 15956.79 29145.97
1717843023 1258960519 1171218572 0 0 20436192 19015455 214767 437 78810.82 67599.23 15957.93 29147.77
1717843034 1258961182 1171218796 0 0 20436250 19015550 214767 437 78812.21 67597.36 15956.41 29149.73
1717843044 1258962353 1171219612 0 0 20436310 19015647 214767 437 78808.38 67599.07 15960.87 29147.39
1717843054 1258963663 1171220616 0 0 20436396 19015720 214767 437 78807.86 67503.04 15960.89 29243.47
1717843065 1258965640 1171221942 0 0 20436497 19015775 214767 437 78805.60 67506.54 15963.10 29239.93
1717843075 1258966491 1171222654 0 0 20436576 19015848 214767 437 78914.76 67509.49 15855.04 29237.07
1717843085 1258967164 1171223086 0 0 20436636 19015946 214767 437 78898.52 67510.40 15869.20 29237.23
1717843096 1258967931 1171223780 0 0 20436738 19016003 214767 437 78895.42 67508.77 15872.84 29236.71
1717843106 1258968671 1171224330 0 0 20436797 19016097 214767 437 78898.64 67507.66 15869.49 29238.81
1717843116 1258969274 1171224774 0 0 20436894 19016164 214767 437 78783.54 67510.98 15986.23 29236.08
1717843127 1258969905 1171225018 0 0 20436997 19016214 214767 437 78787.60 67506.80 15981.64 29239.17
1717843137 1258970333 1171225146 0 0 20437050 19016317 214767 437 78761.72 67506.14 16006.90 29240.88
1717843147 1258972082 1171226466 0 0 20437114 19016408 214767 437 78786.95 67505.86 15981.68 29240.24
1717843157 1258972965 1171227054 0 0 20437200 19016476 214767 437 78787.68 67506.76 15980.60 29240.21
1717843168 1258974408 1171228090 0 0 20437295 19016536 214767 437 78787.89 67506.00 15981.90 29240.12
1717843178 1258978775 1171231236 0 0 20437363 19016632 214767 437 78821.96 67502.44 15946.17 29243.58
1717843188 1258981262 1171233080 0 0 20437432 19016730 214767 437 78622.90 67510.52 16145.23 29236.02
1717843199 1258982544 1171234008 0 0 20437535 19016782 214767 437 78494.01 67639.20 16274.71 29107.26
1717843209 1258983431 1171234794 0 0 20437629 19016851 214767 437 78495.02 67541.91 16273.60 29204.63
1717843219 1258983866 1171234864 0 0 20437717 19016916 214767 437 78493.98 67543.56 16275.76 29202.41
1717843229 1258984512 1171235474 0 0 20437832 19016957 214767 437 78494.31 67541.39 16274.32 29204.74
1717843240 1258985303 1171236084 0 0 20437907 19017040 214768 437 78494.69 67445.87 16273.05 29300.60
1717843250 1258985783 1171236372 0 0 20438005 19017100 214768 437 78561.14 67380.38 16207.64 29365.59
1717843260 1258986352 1171236696 0 0 20438072 19017188 214768 437 78466.58 67376.59 16302.16 29370.93
1717843271 1258987069 1171237272 0 0 20438143 19017270 214768 437 78463.02 67380.51 16306.10 29365.46
1717843281 1258988817 1171238450 0 0 20438273 19017310 214768 437 78570.54 67379.46 16198.76 29366.16
1717843291 1258989967 1171239338 0 0 20438333 19017427 214768 437 80009.01 67822.46 14759.62 28924.51
1717843301 1258992340 1171241154 0 0 20438403 19017520 214768 437 79906.43 67818.31 14862.20 28928.27
1717843312 1258993573 1171242006 0 0 20438492 19017592 214768 437 79927.22 67834.74 14842.06 28911.72
1717843322 1258994604 1171242786 0 0 20438614 19017651 214768 437 79743.98 67805.89 15025.21 28941.17
1717843332 1258996358 1171244052 0 0 20439145 19017751 214769 437 79196.99 67740.95 15572.24 29004.53
1717843343 1258997970 1171245138 0 0 20439553 19017884 214769 437 79702.48 67804.69 15066.14 28941.88
1717843353 1258998809 1171245680 0 0 20439666 19017952 214769 437 79704.38 69640.71 15064.32 27105.75
1717843363 1258999359 1171246088 0 0 20439766 19018015 214769 437 79604.45 69563.25 15163.79 27183.22
1717843374 1258999712 1171246434 0 0 20439865 19018074 214769 437 79703.82 69634.45 15065.39 27111.52
1717843384 1259000132 1171246754 0 0 20439981 19018112 214769 437 79702.98 69635.62 15065.72 27111.47
1717843394 1259000619 1171247174 0 0 20440087 19018191 214769 437 79638.08 69524.36 15130.16 27222.71
1717843404 1259001600 1171247790 0 0 20440186 19018831 214769 437 79570.58 68790.80 15198.59 27956.42
1717843415 1259002162 1171248008 0 0 20440235 19019166 214769 437 79573.49 69418.91 15195.13 27327.66
1717843425 1259002670 1171248448 0 0 20440330 19019231 214769 437 79633.55 69422.83 15135.09 27324.29
1717843435 1259002913 1171248682 0 0 20440453 19019275 214769 437 79634.81 69419.53 15134.46 27326.93
1717843446 1259003330 1171248958 0 0 20440545 19019339 214769 437 79634.09 69258.99 15134.14 27487.57
1717843456 1259003811 1171249280 0 0 20440634 19019408 214769 437 79760.71 69260.34 15007.43 27486.24
1717843466 1259007721 1171252394 0 0 20440744 19019511 214769 437 79737.21 69253.15 15031.53 27493.91
1717843476 1259009771 1171253870 0 0 20440819 19019593 214769 437 79736.30 69190.79 15032.32 27556.29
1717843487 1259010886 1171254722 0 0 20440886 19019679 214769 437 79737.81 69189.20 15030.82 27558.33
1717843497 1259011563 1171255328 0 0 20440964 19019786 214769 437 80024.25 69258.20 14744.38 27488.41
1717843507 1259012235 1171255742 0 0 20441073 19019838 214769 437 80000.29 69192.26 14768.43 27554.34
1717843518 1259012409 1171255856 0 0 20441162 19019906 214769 437 80000.83 69192.98 14767.92 27553.62
1717843528 1259013005 1171256442 0 0 20441253 19019976 214769 437 79984.73 69040.50 14783.46 27707.22
1717843538 1259014088 1171257334 0 0 20441397 19020053 214769 437 79930.39 69249.89 14838.24 27497.72
1717843549 1259014545 1171257558 0 0 20441499 19020124 214769 437 79935.74 69247.63 14845.55 27499.43
1717843559 1259014904 1171257852 0 0 20441621 19020239 214769 437 79940.91 69344.81 14827.86 27402.33
1717843569 1259015158 1171258082 0 0 20441755 19020361 214769 437 80053.10 69528.54 14717.28 27217.93
1717843579 1259016385 1171259250 0 0 20441912 19020418 214769 437 79651.62 71392.88 15116.54 25353.09
1717843590 1259016921 1171259748 0 0 20441995 19020490 214769 437 79644.28 71437.13 15124.94 25309.43
1717843600 1259017175 1171259922 0 0 20442086 19020580 214769 437 80057.22 71380.82 14711.41 25366.34
1717843610 1259017885 1171260394 0 0 20442602 19020753 214769 437 79278.85 71474.75 15490.38 25270.84
1717843621 1259019514 1171261176 0 0 20443217 19021519 214769 437 78901.26 70755.04 15868.58 25991.60
1717843631 1259020424 1171261622 0 0 20443392 19021758 214769 437 79755.49 71291.70 15012.64 25454.93
1717843641 1259021149 1171262270 0 0 20443470 19021878 214769 437 79759.11 71070.51 15009.02 25676.57
1717843652 1259021899 1171262964 0 0 20443545 19021973 214769 437 79757.07 71003.00 15011.55 25749.53
1717843662 1259022062 1171263018 0 0 20443621 19022069 214769 437 79998.58 70936.29 14770.65 25809.71
1717843672 1259022415 1171263350 0 0 20443861 19022629 214769 437 79918.13 70685.16 14850.50 26062.97
1717843682 1259024359 1171264404 0 0 20444548 19023777 214769 437 79778.33 70828.25 14991.54 25918.82
1717843693 1259026183 1171265438 0 0 20446256 19025473 214769 437 79838.83 70017.33 14922.07 26726.26
1717843703 1259027097 1171266096 0 0 20447850 19026731 214769 437 79835.47 70808.93 14932.76 25942.20
1717843713 1259027822 1171266482 0 0 20449841 19028086 214769 437 79833.51 70860.29 14942.23 25886.18
1717843724 1259028643 1171267024 0 0 20452073 19029586 214769 437 79815.76 70741.66 14953.42 25989.64
1717843734 1259029008 1171267234 0 0 20454395 19031108 214769 437 79833.21 70975.84 14935.42 25770.84
1717843744 1259030113 1171267618 0 0 20456062 19032750 214769 437 79204.87 71238.08 15564.32 25508.39
1717843754 1259034419 1171269804 0 0 20456811 19035189 214769 437 78871.03 70257.40 15897.59 26495.85
1717843765 1259036434 1171271100 0 0 20457900 19037311 214769 437 78950.07 70152.45 15829.77 26595.84
1717843775 1259037662 1171271820 0 0 20458460 19039309 214769 437 78857.43 70259.01 15911.79 26487.51
1717843785 1259038510 1171272184 0 0 20458963 19041539 214769 437 79046.62 70264.66 15722.00 26484.32
1717843796 1259039803 1171273000 0 0 20459434 19044802 214769 437 78915.69 70967.33 15853.03 25779.74
1717843806 1259040702 1171273646 0 0 20459869 19048100 214769 437 79020.88 70905.57 15747.75 25841.48
1717843816 1259042382 1171274388 0 0 20460245 19051770 214769 437 79021.06 70694.60 15748.16 26051.42
1717843827 1259043789 1171274962 0 0 20460540 19054951 214769 437 78989.35 70109.99 15779.28 26636.48
1717843837 1259046756 1171276502 0 0 20461327 19056579 214769 437 78899.93 69914.98 15868.70 26833.11
1717843848 1259049827 1171278164 0 0 20461815 19057095 214769 437 79058.62 69655.17 15710.01 27091.84
1717843858 1259052411 1171279448 0 0 20462583 19057210 214769 437 78481.43 69876.70 16287.26 26868.31
1717843868 1259055313 1171280662 0 0 20462882 19057731 214769 437 78225.16 69370.14 16543.16 27376.93
1717843878 1259057386 1171281956 0 0 20463027 19057768 214769 437 78172.91 69342.89 16596.72 27404.27
1717843889 1259060393 1171283222 0 0 20463181 19058416 214769 437 78077.18 70271.04 16691.03 26475.42
1717843899 1259063887 1171285144 0 0 20463526 19058837 214769 437 78319.85 70009.75 16449.34 26736.72
1717843909 1259068007 1171286712 0 0 20464291 19059828 214769 437 77599.14 68937.26 17169.48 27809.92
1717843920 1259071522 1171287706 0 0 20464938 19059920 214770 437 77453.64 68946.77 17315.57 27799.79
1717843930 1259073546 1171289068 0 0 20465111 19060380 214770 437 78110.30 69116.11 16658.50 27630.36
1717843940 1259078503 1171291166 0 0 20465740 19060893 214770 437 77957.25 69586.74 16810.43 27159.72
1717843950 1259083407 1171294084 0 0 20465953 19061264 214770 437 77804.43 69117.51 16965.83 27628.96
1717843961 1259088972 1171296262 0 0 20466393 19062007 214770 437 77636.31 69030.39 17139.49 27715.59
1717843971 1259095120 1171298510 0 0 20466741 19062432 214770 437 77563.90 68800.77 17204.51 27945.39
1717843981 1259099724 1171301092 0 0 20467713 19064154 214770 437 77303.45 68466.27 17464.77 28280.71
1717843992 1259104663 1171303450 0 0 20469383 19066240 214770 437 77698.44 68314.75 17069.70 28432.92
1717844002 1259111336 1171306418 0 0 20470711 19067867 214770 437 76803.09 68373.55 17966.75 28373.02
1717844012 1259114767 1171308102 0 0 20471917 19069418 214770 437 76331.19 68401.14 18437.43 28344.38
1717844022 1259119741 1171310530 0 0 20473041 19071239 214770 437 76263.45 68339.20 18513.23 28407.26
1717844033 1259123891 1171312438 0 0 20474620 19073143 214770 437 76194.61 68285.32 18573.57 28461.15
1717844043 1259126232 1171313736 0 0 20476580 19074875 214772 437 77890.87 67999.34 16876.88 28747.13
1717844054 1259131575 1171315994 0 0 20478510 19076453 214772 437 77766.34 67486.59 17002.28 29265.76
1717844064 1259138181 1171318366 0 0 20479729 19077053 214772 437 77155.87 67416.42 17613.18 29329.79
1717844074 1259144224 1171320500 0 0 20480882 19077427 214772 437 76823.91 67351.90 17944.72 29394.64
1717844084 1259148078 1171322750 0 0 20481460 19077736 214772 437 76645.32 68761.26 18123.31 27986.42
1717844095 1259153021 1171326228 0 0 20481642 19077881 214772 437 76452.28 68982.95 18317.46 27763.52
1717844105 1259156986 1171328816 0 0 20481867 19077992 214772 437 76334.00 68677.78 18436.20 28068.19
1717844115 1259160909 1171330898 0 0 20482216 19078288 214772 437 76245.04 68830.39 18523.73 27916.08
1717844126 1259162968 1171332244 0 0 20482647 19078471 214772 437 76455.34 68689.59 18313.74 28056.87
1717844136 1259166742 1171333926 0 0 20482875 19078804 214772 437 78441.97 69840.96 16326.65 26905.11
1717844146 1259168877 1171335168 0 0 20483058 19079927 214772 437 78408.99 69803.91 16359.63 26943.90
1717844156 1259170828 1171336302 0 0 20483550 19081216 214772 437 78366.27 69738.67 16403.49 27007.80
1717844167 1259171733 1171336722 0 0 20483838 19082197 214772 437 78340.36 69898.24 16427.77 26847.73
1717844177 1259173034 1171337450 0 0 20484251 19084527 214772 437 77958.26 70137.24 16810.62 26613.46
1717844187 1259175882 1171339088 0 0 20484591 19087498 214772 437 78022.64 69444.55 16745.98 27305.28
1717844198 1259179477 1171341202 0 0 20485270 19090209 214772 437 78115.12 69643.46 16653.51 27081.79
1717844208 1259181355 1171342614 0 0 20486179 19093094 214772 437 79893.61 69548.54 14874.55 27197.92
1717844218 1259183171 1171343766 0 0 20488309 19094960 214772 437 79746.51 69683.25 14994.18 27064.39
1717844229 1259185987 1171345118 0 0 20490986 19097239 214772 437 79891.87 69475.15 14876.75 27277.27
1717844239 1259187452 1171345952 0 0 20493659 19099991 214772 437 79999.63 69690.41 14769.11 27055.68
1717844249 1259188984 1171346698 0 0 20496799 19101311 214772 437 79785.67 69743.79 14976.56 27003.29
1717844260 1259190622 1171347508 0 0 20501015 19102394 214772 437 79914.71 69617.29 14854.01 27129.18
1717844270 1259192226 1171348416 0 0 20504717 19103991 214772 437 79811.29 69622.98 14956.88 27124.09
1717844280 1259193296 1171348896 0 0 20509538 19104743 214772 437 79729.65 69730.51 15011.48 27015.95
1717844290 1259194246 1171349304 0 0 20514059 19105126 214772 437 79641.49 69773.23 15129.38 26974.33
1717844301 1259195145 1171349780 0 0 20518669 19105867 214772 437 79790.04 69699.86 14949.94 27047.21
1717844311 1259196340 1171350440 0 0 20521091 19107331 214772 437 79720.93 69778.27 15047.30 26967.70
1717844321 1259198123 1171351398 0 0 20523776 19109090 214772 437 79622.84 69995.16 15156.68 26751.30
1717844332 1259199987 1171352340 0 0 20527516 19110942 214772 437 79707.07 69879.96 15061.56 26866.62
1717844342 1259201368 1171353118 0 0 20531523 19112689 214772 437 79666.75 69900.00 15102.45 26846.46
1717844352 1259202168 1171353522 0 0 20535398 19114179 214772 437 79653.86 70226.32 15114.84 26522.15
1717844363 1259203214 1171353996 0 0 20538543 19116473 214772 437 79787.45 70125.23 14981.43 26626.08
1717844373 1259204366 1171354444 0 0 20541604 19118870 214772 437 79878.46 70042.15 14891.36 26704.98
1717844383 1259205689 1171355104 0 0 20544201 19121308 214772 437 79906.82 70664.79 14869.67 26081.72
1717844394 1259207362 1171356146 0 0 20546006 19124932 214772 437 79795.14 70679.88 14978.74 26067.68
1717844404 1259208350 1171356664 0 0 20547889 19128448 214772 437 79961.01 70502.61 14808.75 26253.49
1717844414 1259210355 1171357550 0 0 20549433 19132337 214772 437 79595.98 70637.10 15172.64 26110.96
1717844425 1259211399 1171358042 0 0 20550983 19135552 214772 437 79557.41 70660.27 15211.82 26092.25
1717844435 1259212664 1171358774 0 0 20553141 19139084 214772 437 78958.69 70693.89 15810.66 26027.25
1717844445 1259214790 1171359798 0 0 20554617 19142813 214772 437 78858.46 70694.97 15910.16 26053.26
1717844455 1259216943 1171360770 0 0 20556145 19146701 214772 437 79261.71 70199.32 15508.91 26547.18
1717844466 1259219905 1171362428 0 0 20557932 19149564 214772 437 79211.10 69679.02 15574.68 27069.22
1717844476 1259222865 1171363448 0 0 20560059 19151142 214772 437 79250.40 69117.67 15518.22 27631.04
1717844486 1259226201 1171364870 0 0 20562546 19152232 214772 437 79545.29 69619.09 15229.99 27127.37
1717844497 1259228559 1171365926 0 0 20565022 19152927 214772 437 79588.54 69619.23 15180.09 27127.36
1717844507 1259231180 1171367148 0 0 20567160 19153817 214772 437 79523.24 69523.32 15248.01 27223.14
1717844517 1259233830 1171368636 0 0 20569156 19154924 214772 437 79497.36 69481.11 15286.41 27266.05
1717844528 1259236102 1171369804 0 0 20571508 19156993 214772 437 79618.72 69467.12 15151.07 27278.90
1717844538 1259239574 1171371820 0 0 20573589 19160848 214772 437 79736.59 68494.39 15030.56 28229.01
1717844548 1259242470 1171373428 0 0 20575405 19164854 214772 437 79516.37 68727.82 15252.25 28029.36
1717844558 1259245766 1171374776 0 0 20577504 19168198 214772 437 79487.12 68200.95 15281.02 28533.73
1717844569 1259248177 1171375820 0 0 20579666 19170977 214772 437 79517.00 68152.25 15251.64 28608.82
1717844579 1259251865 1171377016 0 0 20582290 19174087 214772 437 79532.27 68012.80 15235.97 28739.06
1717844589 1259255212 1171378258 0 0 20585079 19177352 214772 437 79526.19 67996.07 15244.75 28756.87
1717844600 1259258225 1171379720 0 0 20587843 19180776 214772 437 79493.32 67911.64 15289.79 28841.42
1717844610 1259262991 1171381688 0 0 20590863 19184463 214772 437 79308.77 67070.03 15468.37 29681.42
1717844620 1259271026 1171384630 0 0 20593095 19186327 214772 437 78731.38 67442.98 16037.88 29303.49
1717844631 1259276498 1171386942 0 0 20594517 19187559 214772 437 78332.84 67863.16 16436.06 28883.31
1717844641 1259284949 1171390172 0 0 20595567 19189217 214772 437 77755.43 67612.95 17013.20 29133.03
1717844651 1259290951 1171392772 0 0 20596009 19191315 214772 437 77518.23 68420.53 17250.50 28325.93
1717844661 1259295258 1171394328 0 0 20596392 19192546 214772 437 77360.98 68501.95 17407.64 28245.63
1717844672 1259299767 1171396218 0 0 20597218 19193775 214772 437 76848.63 67991.32 17920.55 28755.14
1717844682 1259309655 1171399884 0 0 20598357 19195268 214772 437 77072.27 67535.12 17699.36 29211.34
1717844692 1259316639 1171402636 0 0 20598928 19195792 214772 437 76389.56 67074.23 18388.64 29672.24
1717844703 1259323640 1171404632 0 0 20599505 19196189 214772 437 76064.32 66681.02 18704.30 30065.45
1717844713 1259331674 1171407350 0 0 20599770 19196408 214772 437 76053.86 66441.07 18713.29 30305.78
1717844723 1259339513 1171410050 0 0 20599863 19196695 214772 437 76161.20 66187.91 18605.15 30560.95
1717844733 1259346307 1171412498 0 0 20600147 19197228 214772 437 76049.36 67277.94 18718.78 29468.53
1717844744 1259354703 1171415592 0 0 20600318 19197616 214772 437 76185.81 66769.26 18582.98 29977.21
1717844754 1259363836 1171419136 0 0 20600507 19197845 214772 437 75979.31 66740.66 18788.82 30007.07
1717844764 1259371426 1171421764 0 0 20600576 19198038 214772 437 75960.76 66617.26 18807.39 30129.71
1717844775 1259379807 1171424886 0 0 20600734 19198194 214772 437 75916.21 66515.60 18853.50 30230.86
1717844785 1259385969 1171427244 0 0 20600895 19198284 214772 437 75907.43 66405.46 18861.71 30340.87
1717844795 1259391389 1171429218 0 0 20601066 19198385 214772 437 75921.82 66290.94 18847.45 30455.52
1717844806 1259397620 1171431894 0 0 20601777 19198610 214772 437 76801.36 66176.54 17967.84 30570.25
1717844816 1259404846 1171434274 0 0 20601966 19198821 214772 437 76676.66 66060.45 18091.79 30685.10
1717844826 1259408917 1171435752 0 0 20602067 19199003 214772 437 76599.71 65975.15 18168.92 30771.84
1717844836 1259413497 1171437490 0 0 20602231 19199579 214772 437 76691.57 66690.78 18077.06 30056.19
1717844847 1259418694 1171439320 0 0 20602299 19199826 214772 437 76715.37 66590.68 18053.25 30156.95
1717844857 1259423831 1171441688 0 0 20602439 19199906 214772 437 76680.69 66567.27 18086.49 30179.20
1717844867 1259428394 1171443486 0 0 20602614 19200716 214772 437 76788.31 65712.36 17980.31 31035.77
1717844878 1259434809 1171445996 0 0 20602921 19202438 214772 437 76523.91 67155.21 18245.30 29590.27
1717844888 1259440721 1171448358 0 0 20603241 19203024 214772 437 76357.75 67628.84 18410.88 29118.85
1717844898 1259445607 1171450376 0 0 20603349 19203280 214772 437 76539.94 67401.15 18229.29 29345.38
1717844908 1259449704 1171452390 0 0 20603546 19203517 214772 437 78444.03 67087.27 16324.17 29659.20
1717844919 1259454301 1171454424 0 0 20603771 19203600 214772 437 78394.36 67185.95 16374.27 29561.21
1717844929 1259459167 1171456482 0 0 20604021 19203886 214772 437 79083.10 67182.68 15685.53 29565.59
1717844939 1259462976 1171458254 0 0 20604340 19204223 214772 437 79120.18 67984.46 15648.45 28766.86
1717844950 1259466968 1171460140 0 0 20604845 19204997 214772 437 78933.80 67946.98 15834.89 28800.09
1717844960 1259471794 1171462110 0 0 20605042 19205376 214772 437 78952.89 67858.19 15815.73 28888.30
1717844970 1259476324 1171464044 0 0 20605129 19206090 214772 437 79651.56 69094.74 15117.07 27652.35
1717844980 1259482087 1171466672 0 0 20605610 19206725 214772 437 79970.43 68579.89 14798.29 28166.57
1717844991 1259485694 1171468508 0 0 20607006 19207959 214772 437 80058.82 68782.96 14710.39 27964.10
1717845001 1259490557 1171470908 0 0 20607434 19209562 214772 437 80206.03 68632.92 14500.35 27981.79
1717845011 1259495246 1171473340 0 0 20608132 19211993 214772 437 80390.43 68057.92 14378.23 28688.55
1717845022 1259499475 1171475344 0 0 20608529 19212881 214772 437 80480.79 67851.32 14288.54 28895.14
1717845032 1259504204 1171477522 0 0 20609214 19214097 214772 437 80337.77 68256.84 14431.46 28488.64
1717845042 1259507530 1171479180 0 0 20610123 19216173 214772 437 79801.18 67706.37 14968.69 29040.10
1717845053 1259512285 1171481252 0 0 20611495 19217813 214772 437 78751.39 67788.63 16030.13 28957.84
1717845063 1259519858 1171483688 0 0 20612736 19219310 214772 437 78523.46 68109.10 16248.37 28636.39
1717845073 1259525189 1171485482 0 0 20613473 19221507 214772 437 79102.67 68136.99 15665.46 28583.00
1717845083 1259529217 1171486764 0 0 20613698 19222816 214772 437 78981.28 68123.21 15788.31 28626.98
1717845094 1259534604 1171488754 0 0 20614909 19224917 214772 437 79792.83 68178.64 14975.80 28567.88
1717845104 1259537727 1171490030 0 0 20616929 19226215 214772 437 79801.50 68145.62 14967.77 28606.71
1717845114 1259540444 1171491144 0 0 20618316 19227397 214772 437 79788.30 68161.21 14980.32 28585.82
1717845125 1259542411 1171491856 0 0 20620404 19229478 214772 437 79461.00 68403.93 15311.26 28342.06
1717845135 1259545433 1171493250 0 0 20622092 19231778 214772 437 79426.95 67888.53 15341.67 28858.51
1717845145 1259548533 1171494452 0 0 20623888 19235259 214772 437 79359.73 67807.41 15408.93 28939.73
1717845155 1259551404 1171495742 0 0 20626845 19237485 214772 437 79558.73 68296.35 15215.52 28451.71
1717845166 1259553646 1171496976 0 0 20628668 19239572 214772 437 79050.14 67965.67 15718.05 28785.04
1717845176 1259557822 1171499216 0 0 20631275 19241319 214772 437 78891.68 67898.47 15879.68 28848.27
1717845186 1259565603 1171502508 0 0 20633440 19243245 214772 437 78785.14 67994.26 15983.66 28752.21
1717845197 1259570718 1171504648 0 0 20636059 19245134 214772 437 78657.59 68102.62 16111.15 28645.44
1717845207 1259576257 1171506584 0 0 20638233 19247129 214772 437 78680.50 67932.73 16087.72 28813.73
1717845217 1259579801 1171508110 0 0 20640422 19249235 214772 437 78623.58 67920.41 16151.55 28826.05
1717845228 1259585578 1171510188 0 0 20643337 19251926 214772 437 78765.99 69819.22 16008.75 26930.43
1717845238 1259589596 1171512024 0 0 20646047 19255026 214772 437 78521.47 69569.76 16253.21 27185.57
1717845248 1259592572 1171513358 0 0 20648764 19258102 214772 437 78675.02 69625.36 16093.61 27129.95
1717845258 1259595052 1171514850 0 0 20651643 19261219 214772 437 78621.17 69436.33 16147.45 27278.43
1717845269 1259596011 1171515416 0 0 20654582 19264342 214772 437 78553.04 69562.38 16216.68 27187.30
1717845279 1259598553 1171516964 0 0 20657730 19267124 214772 437 80296.73 69549.56 14479.16 27200.59
1717845289 1259600384 1171518160 0 0 20661157 19269966 214772 437 80178.55 70481.15 14590.07 26265.92
1717845300 1259603383 1171520218 0 0 20665062 19273562 214772 437 80321.89 69758.67 14447.40 26997.37
1717845310 1259604700 1171521126 0 0 20668685 19276551 214772 437 80337.78 69624.76 14436.25 27128.18
1717845320 1259606776 1171522414 0 0 20672306 19279693 214772 437 80795.04 69605.04 13973.18 27150.53
1717845331 1259609324 1171523888 0 0 20675947 19283810 214772 437 80503.54 69570.17 14268.05 27186.72
1717845341 1259611279 1171525078 0 0 20679540 19287490 214772 437 80468.62 69758.47 14301.18 26987.99
1717845351 1259613983 1171526766 0 0 20683015 19290797 214772 437 80629.21 69331.78 14141.16 27415.94
1717845362 1259618165 1171529466 0 0 20686722 19292232 214772 437 80419.14 69597.38 14351.61 27149.45
1717845372 1259622705 1171532252 0 0 20691092 19294114 214772 437 80331.21 69726.38 14443.85 27026.87
1717845382 1259626798 1171534902 0 0 20695174 19296148 214772 437 80237.55 69528.59 14535.78 27217.88
1717845392 1259632024 1171538176 0 0 20699512 19299046 214772 437 80618.14 69387.20 14153.95 27359.87
1717845403 1259635886 1171540694 0 0 20703878 19301185 214772 437 80584.27 69589.87 14185.65 27135.15
1717845413 1259640851 1171543616 0 0 20708666 19305168 214772 437 80663.51 69065.67 14109.96 27646.68
1717845423 1259644661 1171546066 0 0 20714342 19309006 214772 437 80426.23 69414.70 14317.13 27337.93
1717845434 1259648546 1171548528 0 0 20718998 19313581 214772 437 80619.98 69450.37 14150.50 27296.25
1717845444 1259651377 1171550432 0 0 20724054 19318375 214772 437 80816.65 70083.43 13953.72 26666.07
1717845454 1259655314 1171552814 0 0 20730304 19323377 214772 437 80707.01 69192.00 14070.89 27554.46
1717845465 1259658844 1171555048 0 0 20735649 19327346 214772 437 80243.49 69849.57 14536.28 26898.06
1717845475 1259663574 1171558126 0 0 20739354 19331868 214772 437 80411.33 69527.41 14362.63 27219.05
1717845485 1259668319 1171561302 0 0 20742803 19336860 214772 437 80731.25 69746.73 13981.61 26998.59
1717845496 1259672457 1171563946 0 0 20746396 19339301 214772 437 80831.42 69744.33 13937.86 27002.25
1717845506 1259676348 1171566202 0 0 20748982 19341889 214772 437 80351.25 70183.90 14416.89 26563.77
1717845516 1259679185 1171568064 0 0 20752114 19344778 214772 437 80561.47 69962.94 14207.16 26788.93
1717845526 1259683795 1171571466 0 0 20754988 19347765 214772 437 80810.21 69428.80 13958.41 27317.87
1717845537 1259687621 1171574242 0 0 20758088 19350856 214772 437 80340.93 69648.80 14394.61 27086.41
1717845547 1259691938 1171577402 0 0 20761023 19354383 214772 437 80803.73 68880.95 13965.09 27842.14
1717845557 1259697314 1171581438 0 0 20764602 19357494 214772 437 80810.09 69197.30 13958.55 27555.22
1717845568 1259701016 1171584270 0 0 20768955 19360096 214772 437 80781.59 69165.79 13992.48 27585.46
1717845578 1259705022 1171587286 0 0 20774216 19363035 214772 437 80399.82 69172.43 14373.64 27574.77
1717845588 1259708967 1171589998 0 0 20779776 19365985 214772 437 80614.93 69123.30 14187.02 27622.67
1717845599 1259713837 1171593334 0 0 20785205 19369639 214772 437 80372.14 69595.12 14403.79 27151.34
1717845609 1259718303 1171596850 0 0 20790285 19373243 214772 437 80468.16 69302.29 14301.68 27444.74
1717845619 1259722328 1171599732 0 0 20795186 19377042 214772 437 80280.02 68889.84 14498.22 27867.47
1717845629 1259727458 1171602920 0 0 20798994 19379915 214772 437 80755.13 68763.25 14013.59 27983.21
1717845640 1259732968 1171606460 0 0 20801457 19382218 214772 437 80186.69 69228.12 14580.95 27518.64
1717845650 1259739531 1171610822 0 0 20803540 19385314 214772 437 79736.62 68913.49 15032.01 27832.99
1717845660 1259744811 1171614066 0 0 20805298 19387700 214772 437 79602.33 68841.27 15168.09 27912.29
1717845671 1259750273 1171617674 0 0 20806861 19390176 214772 437 79750.02 68613.84 15018.12 28134.80
1717845681 1259756065 1171621210 0 0 20808655 19392299 214772 437 79690.75 69025.59 15089.99 27727.96
1717845691 1259760176 1171623522 0 0 20810754 19394748 214772 437 79499.79 69525.50 15270.04 27233.98
1717845702 1259762753 1171625244 0 0 20812401 19396580 214772 437 79729.65 69566.21 15038.97 27182.34
1717845712 1259763590 1171625850 0 0 20814004 19399091 214772 437 79572.39 69768.56 15195.56 26977.53
1717845722 1259765388 1171627296 0 0 20815507 19401759 214772 437 79486.93 70172.01 15286.54 26576.62
1717845733 1259769982 1171630026 0 0 20817650 19403843 214772 437 78986.73 69475.18 15782.50 27271.29
1717845743 1259773559 1171632262 0 0 20821001 19405680 214772 437 78604.49 69772.61 16173.16 26973.85
1717845753 1259777659 1171634846 0 0 20825430 19406861 214772 437 78161.11 69563.22 16614.96 27183.24
1717845763 1259781975 1171637006 0 0 20829456 19408297 214772 437 78076.69 69531.66 16695.29 27213.82
1717845774 1259786060 1171639030 0 0 20833150 19409531 214772 437 77852.36 69657.06 16915.90 27089.40
1717845784 1259788286 1171640118 0 0 20836420 19410579 214772 437 77836.69 69638.16 16932.14 27102.30
1717845794 1259789789 1171640750 0 0 20839560 19412085 214772 437 77758.12 69706.17 17015.95 27041.46
1717845805 1259794197 1171643050 0 0 20842802 19413701 214772 437 77805.53 69604.36 16964.14 27142.10
1717845815 1259796421 1171644700 0 0 20845219 19415761 214772 437 77788.48 69562.67 16977.00 27179.79
1717845825 1259797752 1171645540 0 0 20847558 19417905 214772 437 77696.62 69564.65 17072.00 27181.95
1717845835 1259799104 1171646272 0 0 20850704 19419472 214772 437 77597.48 69583.46 17171.78 27163.01
1717845846 1259800457 1171647094 0 0 20854426 19420965 214772 437 78761.61 69648.84 16013.67 27099.11
1717845856 1259803116 1171648350 0 0 20858112 19422459 214772 437 78578.71 70015.11 16194.05 26733.62
1717845866 1259806152 1171650172 0 0 20861551 19424018 214772 437 78453.52 69614.40 16321.95 27131.74
1717845877 1259808517 1171651812 0 0 20864733 19425694 214772 437 78393.64 69549.70 16375.16 27196.77
1717845887 1259809780 1171652688 0 0 20867421 19426843 214772 437 78564.88 69437.66 16204.26 27309.00
1717845897 1259812674 1171654224 0 0 20868156 19428147 214772 437 78527.70 69361.81 16240.93 27385.79
1717845908 1259815649 1171655766 0 0 20868472 19430081 214772 437 78120.39 69320.89 16648.89 27426.78
1717845918 1259820124 1171658116 0 0 20868608 19431873 214772 437 78317.78 68888.66 16450.84 27858.54
1717845928 1259829398 1171661722 0 0 20868765 19434237 214772 437 78153.88 67017.99 16614.75 29729.03
1717845938 1259838458 1171665270 0 0 20868895 19434841 214772 437 78078.42 67174.84 16691.89 29571.62
1717845949 1259846785 1171668300 0 0 20869106 19435126 214772 437 77993.38 66903.28 16775.98 29843.18
1717845959 1259850639 1171669694 0 0 20869684 19435297 214772 437 79229.51 67028.43 15538.23 29718.16
1717845969 1259856449 1171671948 0 0 20870069 19435522 214772 437 78921.77 66883.96 15846.54 29862.99
1717845979 1259860262 1171673300 0 0 20870314 19435626 214772 437 78834.75 66983.21 15933.58 29763.26
1717845990 1259865315 1171675136 0 0 20870585 19435732 214772 437 78470.95 66961.79 16297.68 29785.77
1717846000 1259870658 1171677216 0 0 20871266 19435838 214772 437 77823.20 66905.49 16945.45 29841.52
1717846010 1259873036 1171678234 0 0 20871366 19435924 214772 437 77763.08 66839.65 17005.55 29907.50
1717846021 1259876626 1171679526 0 0 20871472 19436036 214772 437 77677.59 66877.63 17091.11 29868.84
1717846031 1259881923 1171681522 0 0 20871611 19436131 214772 437 77597.30 66845.33 17171.32 29901.73
1717846041 1259886205 1171683200 0 0 20871683 19436284 214772 437 77606.18 66831.17 17162.45 29916.32
1717846051 1259890530 1171684944 0 0 20871817 19436390 214772 437 77466.63 66794.04 17302.00 29951.49
1717846062 1259894384 1171686104 0 0 20871923 19436489 214772 437 77405.38 66767.93 17364.43 29978.54
1717846072 1259900488 1171688514 0 0 20872212 19436537 214772 437 77129.48 66900.54 17639.21 29845.92
1717846082 1259905093 1171690282 0 0 20872568 19437011 214772 437 78113.93 66838.06 16654.83 29908.40
1717846093 1259908723 1171691842 0 0 20872692 19437099 214772 437 78037.51 66827.37 16731.12 29920.23
1717846103 1259912547 1171693326 0 0 20872810 19437339 214772 437 78162.14 66579.67 16607.12 30168.01
1717846113 1259916500 1171695186 0 0 20873004 19437782 214772 437 77925.66 66861.73 16842.96 29894.36
1717846123 1259921452 1171697312 0 0 20873205 19438264 214772 437 77751.08 66160.70 17018.09 30586.46
1717846134 1259925548 1171699468 0 0 20873311 19440191 214772 437 77765.90 67330.34 17002.72 29416.18
1717846144 1259928875 1171701012 0 0 20873455 19440894 214772 437 77778.25 67707.39 16990.38 29039.64
1717846154 1259931197 1171701938 0 0 20873545 19442503 214772 437 77761.87 65947.60 17006.76 30805.14
1717846165 1259939380 1171704422 0 0 20873990 19443001 214772 437 77628.04 65797.80 17140.59 30949.86
1717846175 1259946480 1171707288 0 0 20874052 19443225 214772 437 77696.08 65638.35 17072.54 31106.69
1717846185 1259951516 1171709038 0 0 20874182 19443408 214772 437 77593.46 65697.45 17174.81 31052.83
1717846195 1259957595 1171710822 0 0 20874659 19443897 214772 437 78657.13 65636.30 16111.49 31109.72
1717846206 1259963305 1171712620 0 0 20875288 19444105 214772 437 77956.47 66291.24 16811.18 30455.22
1717846216 1259968309 1171714054 0 0 20875584 19444395 214772 437 78107.95 66112.73 16660.68 30634.30
1717846226 1259972259 1171715802 0 0 20875840 19444628 214772 437 78080.59 66133.25 16688.04 30614.34
1717846236 1259978743 1171717818 0 0 20876393 19444855 214772 437 77479.18 66076.21 17291.18 30670.25
1717846247 1259983750 1171720100 0 0 20877766 19445090 214772 437 77558.03 65927.33 17211.70 30819.14
1717846257 1259987010 1171721476 0 0 20878200 19445337 214772 437 78019.65 66075.34 16746.45 30670.29
1717846267 1259989983 1171722354 0 0 20878255 19445462 214772 437 77985.64 66054.90 16784.12 30691.07
1717846277 1259993478 1171723736 0 0 20878407 19445499 214772 437 77947.31 66013.38 16821.92 30733.71
1717846288 1259995519 1171724526 0 0 20878498 19445601 214772 437 77896.14 66008.88 16872.48 30737.18
1717846298 1259998838 1171725828 0 0 20878608 19445724 214772 437 77909.40 65947.59 16859.23 30799.41
1717846309 1260003117 1171727604 0 0 20878919 19446138 214772 437 79583.70 65691.94 15185.09 31054.53
1717846319 1260006873 1171729162 0 0 20879072 19446178 214772 437 79470.41 65731.72 15298.35 31014.75
1717846329 1260010579 1171730776 0 0 20879243 19446208 214772 437 79408.91 65691.96 15358.99 31054.51
1717846339 1260013524 1171731752 0 0 20879509 19446580 214772 437 79337.68 66726.86 15430.07 30019.61
1717846350 1260016522 1171732878 0 0 20879701 19446706 214772 437 79321.16 66683.91 15446.51 30062.59
1717846360 1260018159 1171733578 0 0 20879767 19446829 214772 437 79295.82 66637.68 15473.30 30107.80
1717846370 1260019435 1171734256 0 0 20880019 19446933 214772 437 79051.75 66651.20 15716.88 30095.34
1717846380 1260022328 1171735648 0 0 20880215 19447538 214772 437 79168.72 66080.58 15599.48 30665.88
1717846391 1260024780 1171736654 0 0 20880794 19448385 214772 437 78541.66 66626.90 16228.06 30119.56
1717846401 1260027070 1171737608 0 0 20881005 19448673 214772 437 79095.57 66526.70 15673.36 30220.47
1717846411 1260028120 1171738176 0 0 20881363 19449168 214772 437 78991.88 66222.10 15776.86 30525.01
1717846421 1260032041 1171740326 0 0 20881567 19449442 214772 437 78416.85 66108.12 16351.78 30638.41
1717846432 1260035912 1171742432 0 0 20881887 19449540 214772 437 78120.29 66115.74 16647.85 30630.27
1717846442 1260038659 1171743814 0 0 20881945 19449672 214772 437 78097.73 66090.02 16670.90 30656.54
1717846452 1260041077 1171745012 0 0 20881989 19449826 214772 437 78041.06 66064.66 16727.56 30682.36
1717846463 1260046622 1171748318 0 0 20882085 19449965 214772 437 78028.47 65987.96 16740.15 30759.74
1717846473 1260049394 1171749602 0 0 20882117 19450150 214772 437 78020.80 65938.10 16747.83 30808.51
1717846483 1260051571 1171750498 0 0 20882181 19450316 214772 437 77983.59 65930.20 16785.03 30816.91
1717846493 1260054263 1171751744 0 0 20882216 19450548 214772 437 78067.75 65795.93 16700.88 30950.55
1717846504 1260056800 1171752860 0 0 20882298 19450808 214772 437 78050.89 65733.50 16717.73 31014.08
1717846514 1260059854 1171754102 0 0 20882417 19450960 214772 437 77941.54 65788.52 16827.59 30957.95
1717846524 1260063220 1171755758 0 0 20882539 19451055 214772 437 77888.22 65755.27 16880.41 30991.87
1717846534 1260067022 1171757554 0 0 20882638 19451290 214772 437 77977.44 65618.21 16790.79 31128.25
1717846545 1260070528 1171759310 0 0 20882801 19451379 214772 437 78039.64 65500.66 16728.11 31245.81
1717846555 1260074339 1171760920 0 0 20882934 19451480 214772 437 78062.79 65432.30 16705.45 31314.17
1717846565 1260077402 1171762496 0 0 20883033 19451610 214772 437 78084.60 65370.14 16684.03 31375.46
1717846575 1260081619 1171764506 0 0 20883111 19451842 214772 437 78180.07 65219.59 16588.55 31527.54
1717846586 1260086633 1171767312 0 0 20883291 19451961 214772 437 78056.08 65268.63 16713.16 31477.83
1717846596 1260090560 1171769410 0 0 20883498 19452142 214772 437 78015.83 65339.85 16752.39 31406.61
1717846606 1260094130 1171771296 0 0 20883646 19452237 214772 437 78003.34 65333.71 16765.29 31412.80
1717846616 1260096821 1171772556 0 0 20883754 19452442 214772 437 78024.49 65281.96 16743.69 31464.50
1717846627 1260099404 1171773726 0 0 20883906 19452529 214772 437 77989.53 65256.67 16779.20 31489.80
1717846637 1260102409 1171775192 0 0 20884139 19452683 214772 437 78024.58 65167.80 16745.16 31578.66
1717846647 1260107293 1171777632 0 0 20884401 19452730 214772 437 78991.60 65942.04 15778.61 30804.43
1717846658 1260110513 1171779126 0 0 20884679 19452758 214772 437 78807.63 67901.63 15960.06 28844.84
1717846668 1260115241 1171782276 0 0 20885065 19453839 214772 437 78739.21 66516.00 16030.99 30234.47
1717846678 1260119514 1171784896 0 0 20885431 19454393 214772 437 78563.92 67157.22 16204.71 29590.36
1717846688 1260126462 1171788654 0 0 20886048 19454994 214772 437 78196.96 66734.74 16573.30 30011.72
1717846699 1260132737 1171793088 0 0 20887743 19456611 214772 437 77837.79 66623.42 16936.99 30124.73
1717846709 1260138029 1171797128 0 0 20888565 19456963 214772 437 77300.93 66545.42 17467.70 30200.77
1717846719 1260141608 1171800162 0 0 20888742 19457138 214772 437 77168.57 66566.36 17600.05 30179.72
1717846729 1260145433 1171802638 0 0 20889160 19457427 214772 437 77056.66 66535.20 17714.50 30209.07
1717846740 1260149056 1171804554 0 0 20891355 19457999 214772 437 77421.45 66968.43 17347.18 29779.27
1717846750 1260154325 1171807824 0 0 20892331 19458579 214772 437 77528.77 66256.24 17240.48 30490.83
1717846760 1260158829 1171810778 0 0 20892668 19458788 214772 437 78510.62 65941.70 16258.61 30804.77
1717846771 1260163685 1171813908 0 0 20892870 19459177 214772 437 78567.62 66722.22 16202.01 30024.25
1717846781 1260168315 1171816852 0 0 20893714 19460046 214772 437 78678.86 66931.14 16084.90 29811.21
1717846791 1260172625 1171819548 0 0 20894828 19462183 214772 437 78521.71 66526.42 16248.46 30220.05
1717846801 1260177217 1171822886 0 0 20895684 19463003 214772 437 78132.09 66183.88 16636.54 30563.81
1717846812 1260183669 1171827590 0 0 20897140 19463339 214772 437 77630.02 67211.84 17148.71 29535.90
1717846822 1260188352 1171830550 0 0 20898175 19464730 214772 437 77702.53 66722.66 17067.31 30025.02
1717846832 1260191345 1171832612 0 0 20899522 19466910 214772 437 78322.35 67201.44 16445.79 29546.20
1717846843 1260197877 1171836976 0 0 20900067 19468125 214772 437 78110.76 65934.76 16657.37 30813.89
1717846853 1260202081 1171839884 0 0 20900294 19468921 214772 437 78096.90 65623.34 16671.23 31125.48
1717846863 1260206238 1171842682 0 0 20900597 19469417 214772 437 77939.37 65818.57 16828.87 30927.90
1717846873 1260212510 1171846704 0 0 20900882 19470039 214772 437 78308.69 66167.30 16458.95 30579.16
1717846884 1260217810 1171849946 0 0 20900998 19470232 214772 437 78487.21 65973.15 16281.43 30772.90
1717846894 1260224160 1171853850 0 0 20901848 19471102 214772 437 77660.62 66016.62 17107.68 30729.85
1717846904 1260231508 1171858602 0 0 20903088 19471962 214772 437 77872.11 65881.79 16896.52 30866.35
1717846915 1260237195 1171862176 0 0 20903845 19472898 214772 437 77839.06 65828.70 16930.21 30917.76
1717846925 1260241900 1171865352 0 0 20904736 19473399 214772 437 77912.01 66094.50 16857.59 30651.96
1717846935 1260248315 1171869778 0 0 20906034 19473957 214772 437 79128.50 66419.81 15639.63 30326.66
1717846945 1260253314 1171873226 0 0 20907085 19474351 214772 437 79275.05 66294.44 15494.18 30451.56
1717846956 1260259573 1171877340 0 0 20908473 19474778 214772 437 79330.11 68267.20 15440.93 28477.45
1717846966 1260263399 1171879954 0 0 20909559 19475651 214772 437 78471.20 68329.54 16298.51 28416.02
1717846976 1260270168 1171885244 0 0 20910860 19477380 214772 437 78757.26 67738.50 16012.17 29009.18
1717846987 1260276247 1171889982 0 0 20912343 19478289 214772 437 78539.12 67971.72 16231.39 28774.74
1717846997 1260282227 1171894066 0 0 20913676 19479681 214772 437 78307.18 67327.67 16468.50 29409.82
1717847007 1260288855 1171899292 0 0 20917310 19481072 214772 437 78765.60 66835.89 16002.06 29910.57
1717847017 1260295998 1171904544 0 0 20918777 19482208 214772 437 78981.04 65663.26 15787.63 31083.81
1717847028 1260302321 1171909606 0 0 20920313 19482572 214772 437 78456.18 66280.65 16313.12 30465.82
1717847038 1260307804 1171913246 0 0 20921638 19483485 214772 437 78575.79 65669.43 16196.47 31077.25
1717847048 1260314451 1171917992 0 0 20923658 19485685 214772 437 78204.59 66660.28 16565.75 30079.41
1717847059 1260320179 1171921988 0 0 20925068 19487831 214772 437 78252.73 67056.14 16516.49 29690.33
1717847069 1260323831 1171924732 0 0 20925809 19488066 214772 437 77813.68 67201.90 16954.95 29545.78
1717847079 1260328244 1171928574 0 0 20926070 19488387 214772 437 77657.28 67043.70 17112.10 29702.76
1717847089 1260331454 1171931088 0 0 20927153 19489002 214772 437 77962.20 68298.24 16808.24 28448.40
1717847100 1260335427 1171934088 0 0 20929396 19490385 214772 437 77543.18 67645.57 17226.66 29099.52
1717847110 1260340917 1171938314 0 0 20930443 19491028 214772 437 77646.72 66800.39 17122.14 29946.07
1717847120 1260344570 1171941762 0 0 20931155 19491072 214772 437 77496.73 66940.15 17273.76 29806.31
1717847131 1260347539 1171944430 0 0 20931473 19491339 214772 437 77312.54 67111.49 17456.08 29638.07
1717847141 1260351237 1171947722 0 0 20932093 19493660 214772 437 77497.41 67640.45 17270.73 29105.77
1717847151 1260355593 1171951224 0 0 20932648 19494125 214772 437 77041.45 67165.96 17727.27 29580.50
1717847161 1260357809 1171953050 0 0 20933003 19494789 214772 437 77428.23 67729.65 17340.39 29017.90
1717847172 1260361616 1171956090 0 0 20933479 19495067 214772 437 77300.80 67625.12 17469.43 29120.86
1717847182 1260364760 1171958208 0 0 20934078 19495567 214772 437 76900.83 68056.04 17867.87 28690.43
1717847192 1260367449 1171960324 0 0 20934384 19496026 214772 437 76990.27 67715.72 17778.35 29030.93
1717847203 1260369676 1171961774 0 0 20934763 19496278 214772 437 76813.98 67834.30 17955.85 28912.72
1717847213 1260371551 1171963024 0 0 20935255 19496978 214772 437 76796.46 67874.98 17972.17 28871.49
1717847223 1260374273 1171965128 0 0 20935631 19497274 214772 437 76686.93 68209.42 18085.31 28537.71
1717847234 1260376724 1171966934 0 0 20935941 19497601 214772 437 76808.73 68192.02 17960.54 28554.45
1717847244 1260379120 1171968712 0 0 20936432 19498095 214772 437 76691.58 67907.54 18077.14 28839.96
1717847254 1260383066 1171971432 0 0 20937016 19499059 214772 437 76963.30 67643.53 17805.33 29101.95
1717847264 1260386873 1171973980 0 0 20937620 19500097 214772 437 76967.01 67510.14 17801.73 29238.75
1717847275 1260390950 1171976886 0 0 20937843 19501546 214772 437 77193.09 67144.56 17575.53 29602.52
1717847285 1260394960 1171980012 0 0 20938510 19502314 214772 437 76925.08 67979.22 17843.54 28769.58
1717847295 1260399773 1171983362 0 0 20939093 19503428 214772 437 76854.64 68096.45 17913.98 28651.16
1717847306 1260405034 1171987048 0 0 20940025 19504651 214772 437 76927.44 67328.36 17840.20 29418.73
1717847316 1260409819 1171990456 0 0 20940739 19505853 214772 437 76876.99 67858.52 17892.19 28889.04
1717847326 1260413817 1171993238 0 0 20941216 19507114 214772 437 76891.01 66698.72 17876.21 30047.74
1717847336 1260417368 1171995616 0 0 20941967 19508229 214772 437 76980.02 68096.30 17789.21 28670.25
1717847347 1260421041 1171998112 0 0 20942554 19509560 214772 437 77121.71 67215.12 17646.93 29531.34
1717847357 1260424465 1172000384 0 0 20943292 19510512 214772 437 77160.23 67732.61 17607.91 29021.98
1717847367 1260428109 1172002888 0 0 20943686 19511961 214772 437 76949.00 67187.96 17819.62 29558.02
1717847378 1260431879 1172005404 0 0 20944320 19513063 214772 437 77159.20 67666.70 17609.49 29079.77
1717847388 1260435063 1172007688 0 0 20944878 19514346 214772 437 76873.84 67565.51 17895.50 29181.05
1717847398 1260438404 1172009792 0 0 20945170 19515639 214772 437 77152.47 67731.92 17616.27 28992.75
1717847408 1260440835 1172011234 0 0 20945936 19516762 214772 437 77167.39 67915.86 17601.23 28831.68
1717847419 1260441531 1172011702 0 0 20946080 19517141 214772 437 77098.05 68278.43 17671.79 28466.07
1717847429 1260442937 1172012930 0 0 20946235 19517633 214772 437 76928.45 67978.52 17840.25 28768.43
1717847439 1260444981 1172014540 0 0 20946491 19517785 214772 437 76840.98 68002.96 17927.19 28743.00
1717847449 1260447088 1172016102 0 0 20946708 19518356 214772 437 76957.55 67946.68 17811.07 28800.34
1717847460 1260452157 1172020176 0 0 20946868 19519032 214772 437 76777.03 67414.29 17992.25 29332.18
1717847470 1260455214 1172022658 0 0 20947058 19519104 214772 437 76815.20 67411.21 17957.42 29335.36
1717847480 1260457615 1172024570 0 0 20947133 19519268 214772 437 76769.07 67285.02 18000.14 29462.05
1717847491 1260458775 1172025472 0 0 20947272 19519287 214772 437 76785.56 67315.54 17984.21 29430.92
1717847501 1260460359 1172026668 0 0 20947565 19519670 214772 437 76452.32 67176.20 18316.31 29569.95
1717847511 1260466292 1172029104 0 0 20948177 19520771 214772 437 76231.05 66940.64 18537.57 29808.89
1717847521 1260471467 1172032650 0 0 20948294 19521232 214772 437 76133.76 66084.58 18634.98 30661.88
1717847532 1260474759 1172034940 0 0 20948388 19521380 214772 437 76244.74 65970.72 18523.89 30776.41
1717847542 1260479322 1172038888 0 0 20948548 19521595 214772 437 76255.17 66063.05 18515.05 30683.41
1717847552 1260482362 1172041336 0 0 20948686 19521741 214772 437 76258.64 66056.41 18509.98 30690.16
1717847563 1260486638 1172044836 0 0 20948911 19521913 214772 437 76180.04 66107.90 18588.62 30638.56
1717847573 1260490122 1172047836 0 0 20949088 19522406 214772 437 76101.14 66244.53 18668.09 30501.94
1717847583 1260494566 1172051750 0 0 20949240 19522562 214772 437 76139.86 66302.31 18628.76 30444.23
1717847593 1260497302 1172054146 0 0 20949328 19522732 214772 437 76119.33 66263.70 18649.30 30481.87
1717847604 1260501782 1172056752 0 0 20949392 19522916 214772 437 75454.90 66132.55 19313.73 30612.93
1717847614 1260505314 1172059512 0 0 20949476 19523007 214772 437 75443.31 66132.34 19325.98 30614.12
1717847624 1260510279 1172063148 0 0 20949742 19523079 214772 437 75199.93 66350.08 19568.29 30396.38
1717847635 1260513972 1172065336 0 0 20949958 19523463 214772 437 75102.42 66425.03 19666.83 30321.43
1717847645 1260516273 1172066598 0 0 20950168 19523518 214772 437 75208.54 66293.91 19560.09 30452.56
1717847655 1260518689 1172068056 0 0 20950262 19523652 214772 437 75204.37 66996.46 19563.77 29750.00
1717847665 1260520139 1172069060 0 0 20950371 19523790 214772 437 75095.94 67118.09 19672.69 29628.48
1717847676 1260522145 1172070302 0 0 20950402 19523946 214772 437 75085.80 67073.61 19682.82 29672.90
1717847686 1260523648 1172071484 0 0 20950505 19524168 214772 437 75176.03 66950.42 19592.59 29796.21
1717847696 1260524887 1172072238 0 0 20950592 19524252 214772 437 75161.28 66978.94 19607.98 29767.52
1717847706 1260526126 1172073158 0 0 20950724 19524368 214772 437 75056.59 67032.39 19712.19 29714.07
1717847717 1260527144 1172073952 0 0 20950886 19524387 214772 437 75045.39 67042.20 19722.90 29704.27
1717847727 1260529092 1172074844 0 0 20951102 19524423 214772 437 75109.65 66983.35 19660.09 29763.11
1717847737 1260531459 1172075814 0 0 20951182 19524585 214772 437 75099.39 66940.07 19669.24 29806.47
1717847748 1260534215 1172077764 0 0 20951288 19524729 214772 437 74968.29 67043.41 19800.44 29703.06
1717847758 1260537022 1172079194 0 0 20951409 19524938 214772 437 75087.18 66953.73 19681.44 29792.79
1717847768 1260539265 1172080282 0 0 20951585 19525134 214772 437 75273.94 66744.44 19494.29 30002.03
1717847778 1260540239 1172080836 0 0 20951799 19525158 214772 437 75184.21 66799.42 19583.92 29948.29
1717847789 1260542513 1172082308 0 0 20951960 19525295 214772 437 75021.77 66949.57 19746.45 29796.89
1717847799 1260545221 1172083748 0 0 20952160 19525379 214772 437 74977.56 66941.93 19790.68 29805.14
1717847809 1260547940 1172085486 0 0 20952330 19525569 214772 437 75031.83 66791.66 19736.79 29954.86
1717847819 1260549888 1172086660 0 0 20952371 19525703 214772 437 75016.89 66768.53 19751.74 29978.04
1717847830 1260554165 1172089880 0 0 20952417 19525907 214772 437 74913.04 66880.56 19855.59 29867.00
1717847840 1260554980 1172090346 0 0 20952511 19526009 214772 437 74909.35 67052.20 19859.37 29694.27
1717847850 1260560079 1172092150 0 0 20953337 19527331 214772 437 74591.05 65289.17 20177.57 31458.99
1717847860 1260563359 1172093456 0 0 20953393 19527491 214772 437 74673.00 65177.95 20095.75 31568.52
1717847871 1260566917 1172096062 0 0 20953567 19527647 214772 437 74616.82 65266.11 20151.81 31480.56
1717847881 1260570794 1172097660 0 0 20953661 19527910 214772 437 74589.06 65304.43 20179.56 31442.74
1717847891 1260574723 1172099298 0 0 20953804 19528364 214772 437 74942.60 64958.66 19825.70 31787.80
1717847901 1260576782 1172100098 0 0 20954048 19528527 214772 437 74755.40 65122.33 20013.23 31625.23
1717847912 1260579089 1172101332 0 0 20954113 19528852 214772 437 74639.36 65213.78 20129.27 31532.24
1717847922 1260582220 1172102878 0 0 20954242 19529099 214772 437 74723.69 65099.10 20045.02 31647.37
1717847932 1260586035 1172104072 0 0 20954637 19529189 214772 437 74589.25 65143.61 20180.04 31602.86
1717847943 1260590172 1172105856 0 0 20954876 19529227 214772 437 74481.62 65203.09 20287.09 31543.37
1717847953 1260594699 1172107532 0 0 20955053 19529365 214772 437 74350.29 65285.03 20420.34 31460.14
1717847963 1260597271 1172108564 0 0 20955128 19529539 214772 437 74271.02 65309.65 20497.60 31436.81
1717847973 1260601036 1172110230 0 0 20955254 19529688 214772 437 74632.03 64913.33 20136.74 31833.13
1717847984 1260605420 1172112212 0 0 20955373 19529826 214772 437 74647.38 64852.29 20121.25 31893.80
1717847994 1260609450 1172114036 0 0 20955491 19530041 214772 437 74389.98 65065.43 20379.17 31681.04
1717848004 1260612120 1172115554 0 0 20955600 19530137 214772 437 74394.49 65015.41 20374.14 31731.68
1717848015 1260616329 1172117828 0 0 20955768 19530305 214772 437 74328.39 65034.16 20440.23 31712.39
1717848025 1260620823 1172120244 0 0 20955817 19530491 214772 437 74324.34 64987.03 20444.84 31760.12
1717848035 1260624561 1172121798 0 0 20956024 19530604 214772 437 74364.32 64914.20 20405.51 31832.27
1717848045 1260627411 1172123018 0 0 20956218 19530667 214772 437 74358.93 64851.68 20409.70 31895.91
1717848056 1260631426 1172124632 0 0 20956303 19530952 214772 437 74675.73 64487.71 20092.40 32258.76
1717848066 1260636663 1172127526 0 0 20956487 19531119 214772 437 74631.34 64485.20 20138.62 32261.09
1717848076 1260641350 1172129866 0 0 20956726 19531234 214772 437 74272.29 64794.28 20497.54 31952.18
1717848086 1260643998 1172131038 0 0 20956886 19531294 214772 437 74237.99 64790.35 20530.63 31955.65
1717848097 1260648706 1172133522 0 0 20957057 19531420 214772 437 74128.80 64856.96 20639.83 31892.71
1717848107 1260651989 1172134970 0 0 20957183 19531515 214772 437 74089.14 64845.46 20681.04 31901.01
1717848117 1260657113 1172136940 0 0 20957356 19531655 214772 437 74026.48 65373.14 20743.22 31373.83
1717848128 1260661731 1172139018 0 0 20957488 19532097 214772 437 74251.98 64823.82 20516.65 31922.64
1717848138 1260666102 1172141566 0 0 20957712 19532316 214772 437 74430.23 65353.29 20338.00 31393.10
1717848148 1260673079 1172145162 0 0 20957809 19532440 214772 437 74419.57 65328.75 20348.63 31417.71
1717848158 1260679045 1172148192 0 0 20957989 19532493 214772 437 74224.38 65374.97 20543.75 31372.04
1717848169 1260682993 1172150544 0 0 20958047 19532622 214772 437 74202.81 65359.12 20565.87 31387.35
1717848179 1260686094 1172151852 0 0 20958227 19532694 214772 437 74291.50 65323.39 20477.12 31423.37
1717848189 1260690889 1172154320 0 0 20958319 19532881 214772 437 74332.50 65065.91 20436.13 31681.16
1717848200 1260694487 1172156006 0 0 20958367 19533053 214772 437 74223.43 65032.56 20545.20 31713.95
1717848210 1260699382 1172158792 0 0 20958416 19533219 214772 437 74181.66 65070.50 20586.96 31676.07
1717848220 1260703123 1172160916 0 0 20958500 19533393 214772 437 74167.21 65047.16 20601.41 31699.41
1717848231 1260705618 1172162322 0 0 20958546 19533561 214772 437 74125.59 65014.14 20643.04 31732.37
1717848241 1260708408 1172163786 0 0 20958591 19533746 214773 437 74027.54 64957.29 20741.08 31789.70
1717848251 1260714008 1172166934 0 0 20958621 19533915 214773 437 74015.20 64917.57 20753.43 31828.45
1717848261 1260717160 1172168392 0 0 20958700 19534098 214773 437 74271.10 64688.38 20497.53 32058.15
1717848272 1260720344 1172170262 0 0 20958776 19534264 214773 437 74156.30 64645.90 20612.32 32101.79
1717848282 1260724241 1172172736 0 0 20958852 19534417 214773 437 73880.11 64725.73 20889.56 32020.73
1717848292 1260725359 1172173326 0 0 20958931 19534534 214773 437 73867.23 64685.89 20901.40 32060.61
1717848303 1260729483 1172175704 0 0 20959074 19534650 214773 437 73865.92 64736.78 20901.72 32009.75
1717848313 1260732405 1172177372 0 0 20959103 19534813 214773 437 73845.75 64706.30 20922.88 32039.23
1717848323 1260735554 1172179436 0 0 20959211 19534922 214773 437 73759.99 64653.26 21009.20 32093.78
1717848333 1260737643 1172180662 0 0 20959261 19535063 214773 437 73943.05 66446.88 20825.58 30299.72
1717848344 1260741894 1172184008 0 0 20959381 19535186 214773 437 74319.13 66135.53 20450.20 30610.94
1717848354 1260744930 1172185958 0 0 20959498 19535259 214773 437 74359.23 66053.38 20410.05 30693.09
1717848364 1260747774 1172188290 0 0 20959617 19535341 214773 437 74383.28 65889.69 20384.85 30856.78
1717848375 1260749675 1172189746 0 0 20959701 19535432 214773 437 74367.23 65872.63 20402.00 30873.99
1717848385 1260751527 1172191174 0 0 20959786 19535585 214773 437 74607.00 65693.25 20161.30 31053.21
1717848395 1260753090 1172192350 0 0 20959942 19535618 214773 437 74599.02 65663.14 20169.72 31083.32
1717848405 1260753584 1172192816 0 0 20960034 19535724 214773 437 74659.84 65572.55 20108.79 31174.52
1717848416 1260755253 1172194140 0 0 20960174 19535763 214773 437 74623.94 65579.39 20145.70 31167.07
1717848426 1260757336 1172195560 0 0 20960340 19535851 214773 437 76767.07 66023.72 18001.55 30723.34
1717848436 1260762413 1172199668 0 0 20960924 19536331 214773 437 76273.13 66183.75 18499.12 30563.83
1717848446 1260766006 1172202316 0 0 20961419 19537309 214773 437 75831.65 65978.81 18936.97 30769.99
1717848457 1260771130 1172206256 0 0 20961714 19538104 214773 437 75753.94 65442.99 19014.70 31303.48
1717848467 1260774799 1172208978 0 0 20963262 19538613 214773 437 75970.99 64854.34 18794.19 31891.26
1717848477 1260779146 1172212586 0 0 20965382 19539287 214773 437 75826.63 64476.21 18942.00 32270.88
1717848488 1260783996 1172216118 0 0 20965744 19539846 214773 437 75700.81 64289.77 19067.81 32456.23
1717848498 1260787832 1172219270 0 0 20966064 19540031 214773 437 75596.60 63920.87 19172.03 32826.22
1717848508 1260790932 1172221114 0 0 20966276 19540387 214773 437 75697.33 63971.17 19071.96 32775.29
1717848519 1260793707 1172223202 0 0 20969307 19540880 214773 437 75569.58 64818.38 19199.65 31928.09
1717848529 1260798678 1172226264 0 0 20969748 19541671 214773 437 75007.23 63983.94 19762.70 32762.52
1717848539 1260803132 1172229120 0 0 20969923 19541722 214773 437 74895.16 63892.83 19873.12 32853.63
1717848549 1260805148 1172230288 0 0 20970110 19541772 214773 437 75049.38 63689.59 19719.25 33058.18
1717848560 1260809054 1172232948 0 0 20970289 19544789 214773 437 74956.45 65001.40 19812.18 31745.71
1717848570 1260813557 1172236222 0 0 20970748 19545580 214773 437 74964.96 64731.07 19803.67 32015.00
1717848580 1260817568 1172239214 0 0 20971122 19546619 214773 437 74834.01 64505.21 19934.73 32241.25
1717848590 1260819323 1172240648 0 0 20971472 19547109 214773 437 74824.37 64378.55 19944.25 32366.94
1717848601 1260822034 1172242724 0 0 20972874 19548153 214773 437 74854.77 65024.55 19917.49 31721.43
1717848611 1260825839 1172245534 0 0 20974132 19548927 214773 437 74760.01 64724.89 20008.71 32022.18
1717848621 1260831882 1172250520 0 0 20974479 19549550 214773 437 74463.84 64209.38 20304.37 32537.09
1717848632 1260838146 1172254980 0 0 20974968 19549802 214773 437 74909.53 64016.54 19859.09 32729.97
1717848642 1260841601 1172257188 0 0 20975025 19550065 214773 437 74814.81 64594.53 19953.95 32151.94
1717848652 1260846001 1172260770 0 0 20975204 19550145 214773 437 74806.55 64541.43 19962.23 32205.04
1717848662 1260848542 1172262738 0 0 20975728 19550254 214773 437 74804.32 64507.54 19964.89 32238.93
1717848673 1260852127 1172265432 0 0 20976051 19550597 214773 437 74632.78 66461.50 20136.35 30284.47
1717848683 1260854088 1172266874 0 0 20976140 19550691 214773 437 74563.64 66431.25 20204.99 30314.23
1717848693 1260855927 1172267936 0 0 20976224 19550800 214773 437 74605.16 66432.46 20164.07 30314.01
1717848703 1260858466 1172269908 0 0 20976419 19550830 214773 437 74860.59 66404.48 19908.62 30316.72
1717848714 1260860242 1172271192 0 0 20976503 19550942 214773 437 75190.15 68045.50 19579.59 28700.96
1717848724 1260862806 1172273404 0 0 20976618 19551411 214773 437 74991.05 66486.47 19778.76 30262.00
1717848734 1260866926 1172276882 0 0 20976934 19552730 214773 437 75048.96 66858.02 19721.21 29890.14
1717848745 1260868973 1172278518 0 0 20977093 19553513 214773 437 74877.61 66502.73 19891.10 30243.73
1717848755 1260874065 1172282474 0 0 20977821 19554862 214773 437 74142.01 66534.79 20627.22 30214.12
1717848765 1260879031 1172286788 0 0 20978062 19557115 214773 437 74124.61 65756.28 20645.16 30990.19
1717848775 1260883628 1172290738 0 0 20978365 19557473 214773 437 74152.89 65895.76 20615.84 30850.70
1717848786 1260887285 1172293814 0 0 20978498 19557773 214773 437 74329.53 65530.90 20439.09 31216.75
1717848796 1260889829 1172295562 0 0 20978746 19559499 214773 437 74466.51 66117.66 20303.21 30633.65
1717848806 1260894032 1172298572 0 0 20978963 19561833 214773 437 74452.27 65528.02 20330.51 31218.44
1717848817 1260898684 1172302226 0 0 20979273 19562322 214773 437 74231.17 65459.86 20537.46 31286.70
1717848827 1260902015 1172305106 0 0 20979456 19562453 214773 437 74482.71 65194.16 20286.52 31551.85
1717848837 1260903585 1172306392 0 0 20979709 19563112 214773 437 74226.35 65218.09 20542.27 31532.04
1717848847 1260908252 1172310636 0 0 20979842 19565898 214773 437 75243.78 65222.31 19524.85 31525.35
1717848858 1260913792 1172315106 0 0 20980195 19566658 214773 437 75066.94 65246.55 19701.69 31499.95
1717848868 1260916510 1172317162 0 0 20980620 19567941 214773 437 74915.96 65083.59 19853.20 31663.50
1717848878 1260919056 1172319394 0 0 20980907 19568856 214773 437 74866.73 64978.63 19901.41 31769.65
1717848889 1260921800 1172321738 0 0 20981338 19571625 214773 437 75367.14 65220.99 19402.59 31527.29
1717848899 1260927130 1172325794 0 0 20981685 19572074 214773 437 75286.85 65103.45 19482.78 31643.02
1717848909 1260930302 1172328372 0 0 20981898 19572410 214773 437 75216.83 65009.68 19551.97 31736.79
1717848919 1260932207 1172329600 0 0 20982536 19572625 214773 437 75305.32 65579.41 19463.31 31166.66
1717848930 1260934187 1172330986 0 0 20982752 19572870 214773 437 74524.48 65433.06 20259.32 31313.41
1717848940 1260936890 1172333308 0 0 20983237 19573028 214773 437 75049.50 65619.25 19718.73 31127.22
1717848950 1260939617 1172335302 0 0 20983550 19573374 214773 437 74991.93 65526.55 19776.69 31219.96
1717848960 1260940940 1172336428 0 0 20983680 19573445 214773 437 75067.03 65534.61 19701.20 31211.86
1717848971 1260941878 1172337326 0 0 20983873 19573466 214773 437 75119.96 65605.32 19647.68 31141.15
1717848981 1260943154 1172338062 0 0 20983993 19573517 214773 437 75038.36 65603.26 19730.35 31142.71
1717848991 1260945267 1172339864 0 0 20984114 19573602 214773 437 74924.63 65625.04 19859.07 31121.43
1717849001 1260946376 1172340828 0 0 20984306 19573618 214773 437 75028.98 65623.65 19737.67 31123.93
1717849012 1260948138 1172342032 0 0 20984390 19573744 214773 437 75029.02 65624.15 19739.61 31122.97
1717849022 1260949272 1172343080 0 0 20984447 19573849 214773 437 74986.68 65617.56 19798.04 31128.90
1717849032 1260950564 1172344016 0 0 20984624 19573910 214773 437 75032.40 65594.59 19736.22 31152.43
1717849043 1260951111 1172344484 0 0 20984722 19574007 214773 437 75101.48 65634.00 19667.66 31112.57
1717849053 1260952666 1172345808 0 0 20984798 19574120 214773 437 75028.89 65528.46 19740.22 31217.51
1717849063 1260954924 1172347822 0 0 20984881 19574218 214773 437 74949.21 65440.54 19819.41 31304.55
1717849073 1260956857 1172349634 0 0 20985006 19574318 214773 437 75032.75 64878.10 19737.02 31868.36
1717849084 1260958222 1172350882 0 0 20985153 19574370 214773 437 75101.35 64841.52 19666.30 31904.46
1717849094 1260960436 1172352800 0 0 20985290 19574426 214773 437 75011.15 64723.80 19758.14 32022.66
1717849104 1260960909 1172353228 0 0 20985463 19574468 214773 437 75004.20 64725.67 19763.44 32021.43
1717849114 1260961967 1172354196 0 0 20985559 19574607 214773 437 74771.23 64845.41 19997.94 31901.05
1717849125 1260962790 1172354864 0 0 20985700 19574667 214773 437 75021.77 64840.61 19746.86 31905.95
1717849135 1260963662 1172355668 0 0 20985728 19574831 214773 437 74955.76 64687.32 19813.16 32057.95
1717849145 1260966034 1172357846 0 0 20985850 19574907 214773 437 75043.24 64664.83 19725.60 32081.63
1717849155 1260966822 1172358520 0 0 20986024 19575026 214773 437 75105.89 64799.69 19663.30 31947.34
1717849166 1260969130 1172360604 0 0 20986074 19575254 214773 437 75022.92 64691.85 19745.70 32054.77
1717849176 1260969810 1172361210 0 0 20986170 19575359 214773 437 74951.40 64589.15 19818.94 32157.32
1717849186 1260972383 1172363268 0 0 20986474 19575370 214773 437 74861.96 64589.21 19906.66 32157.89
1717849197 1260974458 1172365150 0 0 20986590 19575560 214773 437 75606.86 64710.55 19161.77 32035.02
1717849207 1260976483 1172366922 0 0 20986674 19575772 214773 437 75518.55 64671.96 19251.67 32074.51
1717849217 1260978374 1172368494 0 0 20986881 19575869 214773 437 75519.04 64436.28 19249.59 32309.87
1717849227 1260980508 1172370210 0 0 20987124 19575991 214773 437 76075.67 64519.55 18692.95 32226.98
1717849238 1260983118 1172372480 0 0 20987268 19576131 214773 437 75949.73 64684.29 18819.51 32062.18
1717849248 1260983894 1172373126 0 0 20987429 19576153 214773 437 75902.94 64648.16 18866.30 32098.30
1717849259 1260985709 1172374804 0 0 20987654 19576183 214773 437 76184.01 64542.15 18585.29 32204.32
1717849269 1260987621 1172376396 0 0 20987954 19576246 214773 437 76924.44 64753.65 17844.19 31992.89
1717849279 1260989539 1172378046 0 0 20989117 19576610 214773 437 76128.75 64786.71 18641.37 31959.76
1717849290 1260991023 1172379340 0 0 20989256 19576645 214773 437 76172.08 64816.61 18597.61 31929.88
1717849300 1260991875 1172380020 0 0 20989315 19576781 214773 437 75816.64 64605.69 18972.11 32140.33
1717849310 1260993357 1172381408 0 0 20989412 19576865 214773 437 76292.72 64618.09 18476.43 32129.16
1717849320 1260993956 1172381968 0 0 20989584 19576943 214773 437 75830.09 65335.04 18939.61 31411.42
1717849331 1260995569 1172383456 0 0 20989665 19577020 214773 437 75888.61 65285.39 18880.02 31461.73
1717849341 1260996518 1172384238 0 0 20989903 19577093 214773 437 75879.10 65392.66 18890.65 31353.80
1717849351 1260998394 1172385808 0 0 20990307 19577222 214773 437 75879.25 65342.99 18889.96 31403.48
1717849361 1261000826 1172388092 0 0 20990838 19577329 214773 437 76594.52 64308.88 18173.72 32437.59
1717849372 1261002152 1172389264 0 0 20990976 19577365 214773 437 79162.60 67419.20 15606.14 29327.88
1717849382 1261003734 1172390784 0 0 20991144 19577428 214773 437 79201.64 67248.28 15567.66 29498.18
1717849392 1261004698 1172391644 0 0 20991273 19577440 214773 437 79161.71 67289.98 15606.98 29456.49
1717849402 1261007701 1172394492 0 0 20991454 19577566 214773 437 78770.04 67827.08 15998.13 28918.89
1717849413 1261008863 1172395560 0 0 20991572 19577635 214773 437 78903.48 67775.16 15865.14 28970.82
1717849423 1261009324 1172395898 0 0 20991688 19577740 214773 437 78720.10 67736.17 16049.67 29010.30
1717849433 1261011150 1172397684 0 0 20991839 19577766 214773 437 78678.13 67691.71 16091.59 29054.75
1717849443 1261013521 1172399902 0 0 20991977 19577881 214773 437 78674.50 67921.30 16094.13 28825.72
1717849453 1261014740 1172401038 0 0 20992087 19577961 214773 437 78797.54 67879.82 15971.65 28867.29
1717849464 1261015990 1172402222 0 0 20992135 19578099 214773 437 78718.03 67755.16 16050.59 28991.32
1717849474 1261017364 1172403480 0 0 20992212 19578178 214773 437 78672.30 67730.01 16096.92 29017.05
1717849484 1261019744 1172405710 0 0 20992371 19578271 214773 437 78678.81 67952.24 16090.41 28795.86
1717849494 1261021537 1172407330 0 0 20992497 19578335 214773 437 78816.21 67898.57 15952.46 28848.50
1717849505 1261023228 1172408904 0 0 20992629 19578390 214773 437 78607.34 67772.87 16163.29 28974.79
1717849515 1261024397 1172409958 0 0 20992685 19578486 214773 437 78670.61 67732.63 16099.50 29013.39
1717849525 1261025647 1172411090 0 0 20992896 19578570 214773 437 78742.23 67971.54 16026.39 28775.46
1717849535 1261026998 1172412376 0 0 20992967 19578647 214773 437 78809.84 67897.82 15958.35 28848.65
1717849546 1261028414 1172413668 0 0 20993124 19578687 214773 437 78630.89 67768.28 16138.34 28978.36
1717849556 1261029225 1172414408 0 0 20993201 19578752 214773 437 78673.35 67724.81 16095.32 29021.66
1717849566 1261032744 1172417604 0 0 20993426 19578840 214773 437 79092.52 67939.25 15675.71 28807.22
1717849576 1261034146 1172418812 0 0 20993693 19578884 214773 437 79693.80 68099.94 15074.82 28647.19
1717849587 1261035897 1172420352 0 0 20994999 19579026 214773 437 78426.41 67954.40 16341.72 28791.58
1717849597 1261037279 1172421624 0 0 20995138 19579083 214773 437 79074.38 67750.22 15694.82 28996.24
1717849607 1261037808 1172422084 0 0 20995300 19579166 214773 437 79132.97 67902.20 15636.26 28844.43
1717849617 1261038905 1172423116 0 0 20995398 19579210 214773 437 79133.36 67889.16 15636.39 28857.31
1717849628 1261039791 1172423856 0 0 20995517 19579349 214773 437 79230.20 68214.41 15537.48 28531.58
1717849638 1261040953 1172424956 0 0 20995603 19579403 214773 437 79200.61 68238.36 15567.10 28508.10
1717849648 1261042134 1172426008 0 0 20995739 19579516 214773 437 79306.70 68357.14 15461.93 28389.39
1717849658 1261042754 1172426552 0 0 20995885 19579702 214773 437 79440.47 68180.95 15328.28 28578.11
1717849669 1261043423 1172427118 0 0 20996286 19579942 214773 437 79309.62 68069.70 15459.01 28676.80
1717849679 1261045262 1172428822 0 0 20996372 19580131 214773 437 83130.73 69848.80 11638.44 26897.25
1717849689 1261045545 1172429066 0 0 20996514 19580224 214773 437 83265.00 69952.68 11504.21 26793.79
1717849699 1261046462 1172429962 0 0 20996620 19580245 214773 437 83264.95 69949.40 11503.79 26797.73
1717849709 1261047005 1172430440 0 0 20996719 19580315 214773 437 83134.03 69856.36 11635.28 26890.60
1717849720 1261047368 1172430702 0 0 20996823 19580344 214773 437 83131.97 69853.86 11636.32 26892.15
1717849730 1261047966 1172431128 0 0 20996937 19580456 214773 437 83256.22 69968.47 11512.52 26699.43
1717849740 1261049950 1172432860 0 0 20997028 19580505 214773 437 83250.38 69955.82 11518.27 26790.21
1717849750 1261051380 1172434112 0 0 20997132 19580570 214773 437 83119.91 69863.57 11650.30 26882.89
1717849761 1261053046 1172435592 0 0 20997233 19580601 214773 437 83120.72 69854.69 11647.91 26892.87
1717849771 1261054882 1172437174 0 0 20997349 19580704 214773 437 83252.23 69016.46 11516.40 27753.02
1717849781 1261056590 1172438718 0 0 20997415 19580779 214773 437 83250.80 69957.21 11518.36 26789.29
1717849791 1261057756 1172439716 0 0 20997473 19580875 214773 437 83121.70 69870.09 11646.92 26902.75
1717849801 1261058653 1172440498 0 0 20997555 19580941 214773 437 83126.68 69936.72 11642.54 26809.40
1717849812 1261060220 1172441962 0 0 20997690 19581004 214773 437 83254.45 69646.35 11513.28 27100.11
1717849822 1261062261 1172443842 0 0 20997789 19581075 214773 437 83250.86 70047.27 11518.16 26697.72
1717849832 1261063046 1172444458 0 0 20997889 19581123 214773 437 83120.00 70049.70 11648.77 26696.76
1717849842 1261064629 1172445898 0 0 20997985 19581174 214773 437 83109.04 69959.55 11660.16 26786.93
1717849853 1261065649 1172446762 0 0 20998121 19581219 214773 437 83237.02 69963.64 11533.19 26782.33
1717849863 1261067340 1172448344 0 0 20998207 19581315 214773 437 83248.98 70049.04 11520.71 26698.48
1717849873 1261067804 1172448740 0 0 20998278 19581394 214773 437 83121.93 70045.56 11646.69 26699.95
1717849883 1261068579 1172449470 0 0 20998322 19581499 214773 437 83120.20 69951.62 11649.11 26795.36
1717849894 1261069023 1172449886 0 0 20998441 19581554 214773 437 83339.10 70389.93 11430.62 26357.14
1717849904 1261069926 1172450734 0 0 20998699 19581638 214773 437 83076.20 70500.22 11693.03 26247.87
1717849914 1261072324 1172452922 0 0 20998902 19581714 214773 437 83590.63 70617.37 11178.00 26130.23
1717849925 1261073602 1172454102 0 0 20998943 19581820 214773 437 83589.84 70521.72 11179.33 26225.87
1717849935 1261074855 1172455098 0 0 20998988 19581904 214773 437 83588.79 70520.01 11178.85 26227.57
1717849945 1261076273 1172456336 0 0 20999035 19582050 214773 437 83588.94 70614.12 11178.70 26132.99
1717849955 1261077166 1172457136 0 0 20999109 19582100 214773 437 83905.38 70615.78 10864.41 26130.68
1717849965 1261078568 1172458298 0 0 20999292 19582150 214773 437 83449.58 70487.92 11318.09 26258.64
1717849976 1261080083 1172459620 0 0 20999374 19582207 214773 437 83500.27 70486.45 11268.87 26259.52
1717849986 1261082791 1172462174 0 0 20999418 19582351 214773 437 83414.50 70584.25 11354.13 26162.79
1717849996 1261084156 1172463462 0 0 20999464 19582451 214773 437 83391.51 70585.66 11377.22 26159.82
1717850006 1261085486 1172464660 0 0 20999514 19582548 214773 437 83395.11 70487.25 11373.52 26258.30
1717850017 1261087235 1172466156 0 0 20999549 19582647 214773 437 83386.49 70488.59 11382.30 26257.97
1717850027 1261089168 1172467936 0 0 20999617 19582761 214773 437 83389.65 70582.63 11378.98 26164.40
1717850037 1261089909 1172468636 0 0 20999667 19582875 214773 437 83206.84 70583.29 11561.79 26162.75
1717850047 1261090418 1172469090 0 0 20999727 19582977 214773 437 83208.37 70487.60 11560.80 26259.47
1717850057 1261091696 1172470248 0 0 20999808 19583021 214773 437 83205.43 70488.86 11564.24 26257.11
1717850068 1261092572 1172471102 0 0 20999921 19583093 214773 437 83206.96 70587.23 11560.88 26159.23
1717850078 1261093113 1172471536 0 0 21000017 19583123 214773 437 83207.54 70585.16 11561.09 26161.39
1717850088 1261093761 1172472116 0 0 21000030 19583259 214773 437 83208.84 70487.88 11559.79 26259.90
1717850098 1261095648 1172473902 0 0 21000056 19583364 214773 437 83203.49 70487.56 11565.74 26260.52
1717850108 1261097521 1172475526 0 0 21000134 19583471 214773 437 83201.96 70586.57 11567.29 26159.90
1717850119 1261098471 1172476282 0 0 21000235 19583496 214773 437 83203.61 70584.43 11565.55 26162.63
1717850129 1261099376 1172477026 0 0 21000309 19583572 214773 437 83203.79 70487.68 11564.34 26260.30
1717850139 1261100077 1172477582 0 0 21000371 19583637 214773 437 83200.48 70488.69 11569.21 26257.77
1717850149 1261100619 1172477992 0 0 21000494 19583705 214773 437 83211.30 70579.69 11557.87 26166.77
1717850160 1261102594 1172479658 0 0 21000544 19583786 214773 437 83207.60 70575.62 11561.03 26171.04
1717850170 1261104206 1172481042 0 0 21000582 19583894 214773 437 83205.23 70480.63 11564.07 26265.84
1717850180 1261105669 1172482272 0 0 21000682 19583923 214773 437 83210.49 70475.77 11559.66 26271.76
1717850190 1261106880 1172483380 0 0 21000757 19584025 214773 437 83211.81 71101.00 11557.50 25645.97
1717850200 1261107784 1172484118 0 0 21000824 19584237 214773 437 83208.66 70854.02 11560.57 25893.64
1717850211 1261110815 1172486510 0 0 21000960 19584388 214773 437 83186.46 71509.89 11582.67 25238.16
1717850221 1261112376 1172487826 0 0 21001064 19584414 214773 437 83188.29 71506.93 11580.09 25239.54
1717850231 1261114826 1172489934 0 0 21001160 19584443 214773 437 83200.87 71492.37 11567.75 25254.20
1717850241 1261117232 1172492100 0 0 21001263 19584539 214773 437 83200.02 71492.93 11569.15 25254.62
1717850252 1261119250 1172493910 0 0 21001295 19584637 214773 437 83199.84 71491.06 11568.79 25256.50
1717850262 1261120843 1172495288 0 0 21001353 19584783 214773 437 83214.70 71318.73 11554.95 25428.80
1717850272 1261121792 1172496092 0 0 21001414 19584866 214773 437 83284.52 71375.54 11484.69 25369.95
1717850282 1261122663 1172496788 0 0 21001505 19584924 214773 437 82767.50 71377.47 12000.68 25369.00
1717850292 1261123820 1172497802 0 0 21001577 19585012 214773 437 82763.97 71271.46 12004.66 25475.09
1717850303 1261124554 1172498374 0 0 21001656 19585082 214773 437 82668.39 71269.86 12101.37 25476.11
1717850313 1261127166 1172500668 0 0 21001805 19585127 214773 437 81928.98 71346.87 12839.64 25399.62
1717850323 1261128230 1172501530 0 0 21001881 19585216 214773 437 82818.71 71271.97 11950.06 25474.50
1717850333 1261130149 1172503220 0 0 21002019 19585253 214773 437 82662.89 71187.88 12105.36 25558.59
1717850344 1261132179 1172505004 0 0 21002144 19585276 214773 437 82669.52 71163.04 12100.16 25583.43
1717850354 1261133307 1172506054 0 0 21002269 19585339 214773 437 82755.64 71091.86 12012.98 25655.66
1717850364 1261134475 1172507068 0 0 21002328 19585407 214773 437 82753.35 71094.06 12013.81 25652.41
1717850374 1261136193 1172508516 0 0 21002460 19585433 214773 437 82659.12 71098.27 12109.18 25648.74
1717850384 1261137138 1172509322 0 0 21002504 19585514 214773 437 82668.29 71087.06 12100.34 25658.97
1717850395 1261138046 1172510114 0 0 21002590 19585600 214773 437 82750.15 71091.48 12018.01 25656.18
1717850405 1261138965 1172510938 0 0 21002681 19585641 214773 437 82749.26 71092.04 12019.88 25654.43
1717850415 1261139628 1172511288 0 0 21002779 19585692 214773 437 82663.41 71090.39 12105.21 25656.18
1717850425 1261140428 1172511978 0 0 21002831 19585812 214773 437 82747.81 71089.61 12020.81 25657.97
1717850435 1261142224 1172513490 0 0 21002883 19585889 214773 437 82744.27 71091.15 12024.42 25655.31
1717850446 1261142612 1172513784 0 0 21003016 19585899 214773 437 82662.16 71092.31 12105.08 25654.15
1717850456 1261144162 1172515154 0 0 21003136 19585907 214773 437 82663.61 71090.60 12105.02 25655.86
1717850466 1261145274 1172516146 0 0 21003306 19585909 214773 437 82745.46 71091.63 12021.71 25654.83
1717850476 1261145878 1172516668 0 0 21003433 19585916 214773 437 82741.85 71088.76 12028.46 25657.70
1717850487 1261147226 1172517810 0 0 21003538 19585954 214773 437 82657.14 71089.91 12111.00 25656.25
1717850497 1261148447 1172518894 0 0 21003618 19586000 214773 437 82654.66 71091.98 12115.04 25655.12
1717850507 1261150509 1172520728 0 0 21003719 19586069 214773 437 82737.41 71092.79 12032.22 25654.86
1717850517 1261152846 1172522862 0 0 21003778 19586157 214773 437 82656.55 71090.15 12112.08 25656.86
1717850527 1261155276 1172525112 0 0 21003826 19586234 214773 437 82749.50 71093.47 12019.21 25652.99
1717850538 1261157965 1172527702 0 0 21004052 19586250 214773 437 82826.55 71098.10 11942.23 25648.37
1717850548 1261160231 1172529758 0 0 21004148 19586288 214773 437 82831.25 71086.82 11938.51 25658.66
1717850558 1261161457 1172530896 0 0 21004224 19586353 214773 437 82750.42 71086.88 12018.21 25659.24
1717850568 1261162599 1172531986 0 0 21004229 19586475 214773 437 82750.41 71084.32 12018.21 25661.73
1717850578 1261162936 1172532268 0 0 21004288 19586602 214773 437 82836.56 71075.30 11932.07 25671.76
1717850589 1261164604 1172533806 0 0 21004349 19586688 214773 437 82835.71 70562.37 11933.00 26183.60
1717850599 1261166061 1172535158 0 0 21004438 19586739 214773 437 82753.23 70562.57 12015.40 26184.98
1717850609 1261167205 1172536300 0 0 21004522 19586843 214773 437 82112.09 70467.18 12679.05 26279.29
1717850619 1261169464 1172538392 0 0 21004606 19586952 214773 437 82857.21 70592.10 11912.07 26154.37
1717850630 1261170429 1172539162 0 0 21004729 19586975 214773 437 82749.72 70616.05 12019.04 26131.02
1717850640 1261172634 1172541174 0 0 21004803 19587050 214773 437 82754.39 70472.96 12013.86 26273.51
1717850650 1261173246 1172541740 0 0 21004925 19587101 214773 437 82838.43 70472.07 11930.20 26275.54
1717850660 1261174826 1172543172 0 0 21004984 19587210 214773 437 82836.93 70560.08 11932.36 26186.38
1717850670 1261175655 1172543946 0 0 21005090 19587255 214773 437 82748.10 70556.91 12020.52 26189.14
1717850681 1261176859 1172545072 0 0 21005212 19587375 214773 437 82588.71 70477.33 12180.03 26270.25
1717850691 1261177213 1172545356 0 0 21005365 19587459 214773 437 83336.81 70480.51 11433.47 26266.55
1717850701 1261177765 1172545900 0 0 21005444 19587547 214773 437 83336.19 70563.98 11432.45 26182.49
1717850711 1261179413 1172547452 0 0 21005576 19587572 214773 437 83262.30 70531.62 11506.93 26241.93
1717850721 1261182631 1172550596 0 0 21005679 19587645 214773 437 83059.34 70756.86 11709.29 25988.66
1717850732 1261184903 1172552768 0 0 21005716 19587777 214773 437 83341.80 70558.57 11427.50 26187.89
1717850742 1261186057 1172553900 0 0 21005834 19587809 214773 437 83104.24 70706.87 11663.96 26039.12
1717850752 1261187427 1172555160 0 0 21005991 19587893 214773 437 82997.85 70587.83 11771.50 26158.63
1717850763 1261190047 1172557620 0 0 21006241 19587930 214773 437 83332.80 70977.36 11436.43 25769.10
1717850773 1261191017 1172558534 0 0 21006316 19588045 214773 437 83341.83 71045.00 11426.30 25701.66
1717850783 1261192761 1172560216 0 0 21006352 19588150 214773 437 83260.17 71044.84 11508.45 25701.68
1717850793 1261194989 1172562308 0 0 21006408 19588236 214773 437 83253.70 70969.11 11515.44 25776.86
1717850803 1261197300 1172564508 0 0 21006558 19588291 214773 437 83328.32 70391.09 11441.34 26355.37
1717850814 1261199504 1172566506 0 0 21006646 19588360 214773 437 83220.64 71077.98 11547.98 25669.05
1717850824 1261200451 1172567410 0 0 21006679 19588469 214773 437 83226.38 70992.95 11543.73 25754.43
1717850834 1261201941 1172568780 0 0 21006794 19588527 214773 437 83309.07 70991.63 11460.69 25754.83
1717850844 1261203262 1172569882 0 0 21006944 19588619 214773 437 83324.56 71055.48 11444.18 25690.99
1717850855 1261203483 1172570094 0 0 21007001 19588706 214773 437 83226.84 71070.18 11542.81 25675.88
1717850865 1261204485 1172571036 0 0 21007039 19588808 214773 437 83228.20 70984.14 11539.93 25761.89
1717850875 1261206409 1172572818 0 0 21007144 19588877 214773 437 83302.74 70996.05 11466.96 25750.41
1717850885 1261207474 1172573808 0 0 21007254 19588936 214773 437 83282.97 71099.56 11486.19 25646.91
1717850895 1261207948 1172574180 0 0 21007342 19588989 214773 437 83211.20 71089.80 11557.43 25657.80
1717850906 1261209745 1172575882 0 0 21007398 19589086 214773 437 82952.39 71015.16 11815.75 25731.30
1717850916 1261210529 1172576592 0 0 21007557 19589132 214773 437 83276.52 71107.34 11491.71 25639.13
1717850926 1261212353 1172578306 0 0 21007653 19589175 214773 437 83190.16 71109.25 11577.98 25635.75
1717850936 1261213970 1172579750 0 0 21007705 19589267 214773 437 83193.92 71022.64 11575.29 25724.43
1717850946 1261215767 1172581430 0 0 21007847 19589296 214773 437 83241.45 71059.25 11527.77 25687.21
1717850957 1261216697 1172582250 0 0 21007923 19589387 214773 437 83255.88 71124.79 11512.75 25622.46
1717850967 1261217115 1172582654 0 0 21007993 19589465 214773 437 83166.53 71125.41 11602.66 25620.56
1717850977 1261217762 1172583208 0 0 21008066 19589651 214773 437 83168.13 70865.77 11600.50 25881.82
1717850987 1261218914 1172584274 0 0 21008152 19589785 214773 437 83242.30 71564.57 11527.41 25182.52
1717850997 1261221199 1172586306 0 0 21008243 19589870 214773 437 83181.14 71703.54 11587.59 25042.93
1717851008 1261222911 1172587908 0 0 21008388 19589917 214773 437 83038.94 71459.89 11730.89 25286.60
1717851018 1261224004 1172588846 0 0 21008565 19590022 214773 437 83269.91 71694.61 11517.91 25051.21
1717851028 1261226683 1172591308 0 0 21008788 19590125 214773 437 83759.83 71784.38 11009.84 24961.59
1717851038 1261227913 1172592404 0 0 21008948 19590742 214773 437 84655.64 71254.13 10114.65 25492.94
1717851049 1261229733 1172594036 0 0 21009097 19591500 214773 437 84169.28 71499.18 10599.36 25247.29
1717851059 1261230551 1172594822 0 0 21009198 19591524 214773 437 84121.04 71528.77 10647.21 25217.31
1717851069 1261230927 1172595152 0 0 21009276 19591616 214773 437 84269.19 71451.00 10499.03 25294.98
1717851079 1261231548 1172595722 0 0 21009370 19591652 214773 437 84209.25 71461.62 10559.89 25284.35
1717851090 1261232154 1172596276 0 0 21009481 19591705 214773 437 84362.25 71484.39 10407.00 25262.26
1717851100 1261232647 1172596760 0 0 21009545 19591765 214773 437 84339.30 71495.24 10429.93 25264.34
1717851110 1261233515 1172597546 0 0 21009677 19591842 214773 437 84069.61 71904.73 10700.18 24841.73
1717851120 1261234762 1172598580 0 0 21010038 19591967 214773 437 83979.79 71785.27 10787.87 24961.20
1717851130 1261235981 1172599722 0 0 21010543 19591996 214773 437 84247.92 71836.16 10521.24 24910.30
1717851141 1261238644 1172602122 0 0 21010774 19592040 214773 437 86747.73 74283.96 8021.96 22461.06
1717851151 1261239443 1172602800 0 0 21010852 19592092 214773 437 86750.12 74282.48 8018.61 22464.12
1717851161 1261240362 1172603628 0 0 21010902 19592174 214773 437 86687.95 74267.17 8080.79 22480.46
1717851171 1261240886 1172604138 0 0 21010969 19592218 214773 437 86719.60 74237.39 8049.52 22510.20
1717851181 1261242848 1172605868 0 0 21011080 19592305 214773 437 86896.07 74144.09 7873.81 22601.88
1717851191 1261243641 1172606618 0 0 21011168 19592338 214773 437 86852.77 74187.65 7915.96 22558.32
1717851202 1261244691 1172607608 0 0 21011254 19592385 214773 437 86798.64 74160.32 7970.06 22585.66
1717851212 1261245509 1172608366 0 0 21011352 19592401 214773 437 86807.38 74149.41 7962.32 22597.66
1717851222 1261246692 1172609478 0 0 21011449 19592465 214773 437 87145.91 73897.49 7623.20 22848.37
1717851232 1261247163 1172609896 0 0 21011535 19592507 214773 437 87089.72 73953.24 7678.90 22794.33
1717851242 1261247163 1172609896 0 0 21011594 19592565 214773 437 87000.57 73958.62 7767.67 22788.48
1717851253 1261248694 1172611312 0 0 21011735 19592607 214773 437 86759.41 74282.79 8009.42 22463.77
1717851263 1261249941 1172612412 0 0 21011787 19592686 214773 437 86819.61 74220.65 7949.13 22526.31
1717851273 1261250757 1172613154 0 0 21011839 19592764 214773 437 86767.62 74191.28 8000.18 22554.69
1717851283 1261251081 1172613462 0 0 21011924 19592791 214773 437 86789.04 74172.84 7979.17 22573.74
1717851293 1261252683 1172614900 0 0 21012044 19592849 214773 437 86726.11 74315.28 8042.68 22431.30
1717851303 1261253244 1172615420 0 0 21012095 19592916 214773 437 86752.43 74288.98 8015.78 22456.99
1717851314 1261254326 1172616418 0 0 21012146 19593001 214773 437 86758.74 74202.85 8009.99 22544.67
1717851324 1261254958 1172617040 0 0 21012180 19593081 214773 437 86748.45 74211.49 8021.31 22535.57
1717851334 1261256134 1172618098 0 0 21012352 19593147 214773 437 86624.79 74611.97 8143.34 22134.56
1717851344 1261256460 1172618310 0 0 21012486 19593235 214773 437 87236.14 74903.11 7532.99 21841.96
1717851354 1261256659 1172618492 0 0 21012761 19594466 214773 437 87075.61 73914.22 7692.60 22832.39
1717851365 1261256934 1172618742 0 0 21012816 19594526 214773 437 87203.23 74201.80 7565.01 22545.82
1717851375 1261257013 1172618820 0 0 21012873 19594583 214773 437 87180.95 74211.64 7587.30 22535.40
1717851385 1261257125 1172618932 0 0 21012937 19594630 214773 437 87153.87 74226.29 7615.37 22520.68
1717851395 1261257342 1172619082 0 0 21012988 19594719 214773 437 87143.40 74437.79 7624.73 22309.19
1717851405 1261257376 1172619116 0 0 21013017 19594801 214773 437 87113.61 74460.74 7654.54 22286.31
1717851416 1261257410 1172619150 0 0 21013076 19594872 214773 437 87246.54 74531.45 7523.14 22215.12
1717851426 1261258184 1172619702 0 0 21013342 19595008 214773 437 87051.50 74531.16 7716.84 22214.81
1717851436 1261258720 1172620056 0 0 21013662 19595341 214773 437 87501.11 74355.24 7268.00 22391.86
1717851446 1261258961 1172620246 0 0 21013779 19595428 214773 437 89060.61 77994.86 5708.51 18751.23
1717851456 1261258961 1172620246 0 0 21013822 19595482 214773 437 89068.53 78001.95 5699.71 18745.50
1717851466 1261258961 1172620246 0 0 21013877 19595524 214773 437 89069.26 78002.14 5699.93 18744.97
1717851477 1261258961 1172620246 0 0 21013922 19595577 214773 437 89068.98 78002.70 5700.23 18743.43
1717851487 1261258961 1172620246 0 0 21013963 19595633 214773 437 89070.32 78002.84 5699.00 18743.28
1717851497 1261258961 1172620246 0 0 21014007 19595688 214773 437 89069.61 78002.41 5700.17 18743.56
1717851507 1261258961 1172620246 0 0 21014060 19595732 214773 437 89069.09 78003.04 5699.16 18743.48
1717851517 1261258961 1172620246 0 0 21014116 19595772 214773 437 89069.37 78005.54 5699.35 18740.93
1717851527 1261258961 1172620246 0 0 21014172 19595815 214773 437 89069.80 78004.35 5698.33 18742.20
1717851538 1261258961 1172620246 0 0 21014214 19595870 214773 437 89070.69 78003.68 5699.02 18743.39
1717851548 1261258961 1172620246 0 0 21014268 19595913 214773 437 89069.35 78002.54 5698.79 18742.55
1717851558 1261258961 1172620246 0 0 21014311 19595967 214773 437 89070.08 78004.31 5698.13 18742.76
1717851568 1261258961 1172620246 0 0 21014369 19596009 214773 437 89068.43 78005.70 5699.84 18741.33
1717851578 1261258961 1172620246 0 0 21014424 19596050 214773 437 89069.37 78004.07 5698.83 18741.01
1717851588 1261258961 1172620246 0 0 21014466 19596105 214773 437 89069.70 78005.33 5699.05 18741.13
1717851599 1261258961 1172620246 0 0 21014522 19596147 214773 437 89070.29 78005.66 5698.99 18741.39
1717851609 1261258961 1172620246 0 0 21014583 19596189 214773 437 89070.16 78004.38 5698.07 18741.60
1717851619 1261258961 1172620246 0 0 21014640 19596230 214773 437 89069.77 78005.48 5699.09 18741.00
1717851629 1261258961 1172620246 0 0 21014696 19596272 214773 437 89068.88 78006.51 5698.89 18740.45
1717851639 1261258961 1172620246 0 0 21014753 19596312 214773 437 89068.29 78005.23 5700.42 18740.86
1717851649 1261258961 1172620246 0 0 21014809 19596354 214773 437 89068.92 78006.81 5699.32 18739.69
1717851660 1261258961 1172620246 0 0 21014866 19596395 214773 437 89068.45 78005.71 5699.76 18740.75
1717851670 1261258961 1172620246 0 0 21014926 19596442 214773 437 89070.12 78006.09 5699.65 18740.38
1717851680 1261258961 1172620246 0 0 21014980 19596485 214773 437 89068.71 78005.19 5699.05 18741.28
1717851690 1261258961 1172620246 0 0 21015032 19596531 214773 437 89069.96 78010.93 5698.84 18735.60
1717851700 1261258961 1172620246 0 0 21015089 19596572 214773 437 89070.38 78010.38 5698.79 18735.18
1717851710 1261258961 1172620246 0 0 21015132 19596628 214773 437 89071.25 78010.21 5698.01 18736.26
1717851721 1261258961 1172620246 0 0 21015187 19596668 214773 437 89070.56 78010.18 5698.73 18736.87
1717851731 1261258961 1172620246 0 0 21015242 19596712 214773 437 89070.10 78010.98 5698.65 18736.59
1717851741 1261258961 1172620246 0 0 21015298 19596754 214773 437 89071.30 78011.50 5697.01 18735.37
1717851751 1261258961 1172620246 0 0 21015343 19596806 214773 437 89071.36 78010.09 5696.89 18736.98
1717851761 1261258961 1172620246 0 0 21015386 19596859 214773 437 89071.28 78010.33 5697.95 18737.21
1717851771 1261258961 1172620246 0 0 21015429 19596914 214773 437 89071.86 78009.81 5697.30 18737.29
1717851782 1261258961 1172620246 0 0 21015472 19596968 214773 437 89070.79 78011.14 5697.50 18735.37
1717851792 1261258961 1172620246 0 0 21015526 19597010 214773 437 89072.11 78010.12 5697.02 18736.46
1717851802 1261258961 1172620246 0 0 21015568 19597064 214773 437 89072.60 78009.22 5696.55 18736.86
1717851812 1261258961 1172620246 0 0 21015613 19597117 214773 437 89072.66 78009.24 5695.96 18736.88
1717851822 1261258961 1172620246 0 0 21015657 19597170 214773 437 89072.67 78008.96 5696.54 18737.11
1717851832 1261258961 1172620246 0 0 21015699 19597227 214773 437 89072.88 78010.16 5696.86 18736.91
1717851843 1261258961 1172620246 0 0 21015754 19597269 214773 437 89072.33 78010.05 5696.47 18736.94
1717851853 1261258961 1172620246 0 0 21015810 19597311 214773 437 89071.70 78009.25 5697.05 18736.72
1717851863 1261258961 1172620246 0 0 21015866 19597352 214773 437 89071.58 78010.36 5696.68 18736.61
1717851873 1261258961 1172620246 0 0 21015922 19597393 214773 437 89072.99 78010.55 5697.82 18735.43
1717851883 1261258961 1172620246 0 0 21015977 19597436 214773 437 89072.45 78010.08 5697.19 18736.01
1717851893 1261258961 1172620246 0 0 21016021 19597490 214773 437 89071.90 78011.42 5696.42 18735.56
1717851904 1261258961 1172620246 0 0 21016077 19597532 214773 437 89070.61 78011.23 5697.53 18736.33
1717851914 1261258961 1172620246 0 0 21016119 19597587 214773 437 89072.83 78010.41 5696.99 18736.17
1717851924 1261258961 1172620246 0 0 21016164 19597640 214773 437 89070.87 78010.08 5697.38 18737.46
1717851934 1261258961 1172620246 0 0 21016219 19597682 214773 437 89072.42 78109.65 5696.32 18636.44
1717851944 1261258961 1172620246 0 0 21016261 19597737 214773 437 89072.83 78110.64 5695.79 18636.46
1717851954 1261258961 1172620246 0 0 21016304 19597790 214773 437 89072.35 78197.09 5697.39 18550.52
1717851965 1261258961 1172620246 0 0 21016361 19597831 214773 437 89072.05 78197.34 5697.25 18548.64
1717851975 1261258961 1172620246 0 0 21016417 19597872 214773 437 89071.73 78284.83 5697.04 18462.66
1717851985 1261258961 1172620246 0 0 21016475 19597912 214773 437 89072.00 78521.40 5695.64 18224.68
1717851995 1261258961 1172620246 0 0 21016519 19597965 214773 437 89073.00 78521.94 5695.75 18225.18
1717852005 1261258961 1172620246 0 0 21016574 19598008 214773 437 89070.76 78520.55 5696.54 18225.51
1717852015 1261258961 1172620246 0 0 21016629 19598050 214773 437 89072.84 78521.05 5695.90 18226.07
1717852026 1261258961 1172620246 0 0 21016672 19598104 214773 437 89071.92 78520.93 5696.35 18226.16
1717852036 1261258961 1172620246 0 0 21016729 19598147 214773 437 89073.11 78680.75 5695.65 18065.82
1717852046 1261258961 1172620246 0 0 21016786 19598189 214773 437 89084.58 78687.59 5684.05 18058.96
1717852056 1261258961 1172620246 0 0 21016829 19598244 214773 437 89085.12 78686.46 5684.58 18059.12
1717852066 1261258961 1172620246 0 0 21016872 19598298 214773 437 89084.27 78686.21 5684.51 18060.85
1717852076 1261258961 1172620246 0 0 21016928 19598339 214773 437 89082.91 78686.86 5685.30 18059.68
1717852087 1261258961 1172620246 0 0 21016985 19598380 214773 437 89083.57 78686.73 5685.68 18059.73
1717852097 1261258961 1172620246 0 0 21017042 19598421 214773 437 89083.86 78688.55 5684.38 18058.41
1717852107 1261258961 1172620246 0 0 21017097 19598464 214773 437 89085.11 78688.01 5684.09 18058.57
1717852117 1261258961 1172620246 0 0 21017154 19598505 214773 437 89083.93 78687.18 5684.81 18059.51
1717852127 1261258961 1172620246 0 0 21017210 19598546 214773 437 89084.22 78686.86 5684.41 18059.26
1717852137 1261258961 1172620246 0 0 21017252 19598601 214773 437 89083.54 78688.77 5685.18 18058.20
1717852148 1261258961 1172620246 0 0 21017307 19598643 214773 437 89085.96 78687.38 5683.16 18058.73
1717852158 1261258961 1172620246 0 0 21017351 19598698 214773 437 89085.52 78686.29 5684.14 18059.83
1717852168 1261258961 1172620246 0 0 21017393 19598751 214773 437 89084.57 78688.10 5684.68 18058.91
1717852178 1261258961 1172620246 0 0 21017448 19598793 214773 437 89085.31 78687.02 5683.87 18059.56
1717852188 1261258961 1172620246 0 0 21017491 19598849 214773 437 89084.60 78687.50 5683.65 18059.98
1717852198 1261258961 1172620246 0 0 21017547 19598890 214773 437 89084.68 78688.20 5684.05 18059.25
1717852209 1261258961 1172620246 0 0 21017608 19598933 214773 437 89084.81 78686.99 5683.88 18059.09
1717852219 1261258961 1172620246 0 0 21017666 19598974 214773 437 89083.88 78688.49 5684.86 18058.00
1717852229 1261258961 1172620246 0 0 21017721 19599014 214773 437 89085.09 78687.57 5684.43 18059.00
1717852240 1261258961 1172620246 0 0 21017765 19599067 214773 437 89083.96 78687.55 5684.36 18058.52
1717852250 1261258961 1172620246 0 0 21017819 19599111 214773 437 89085.07 78686.36 5683.57 18060.19
1717852260 1261258961 1172620246 0 0 21017862 19599167 214773 437 89086.25 78686.32 5683.43 18059.75
1717852270 1261258961 1172620246 0 0 21017906 19599221 214773 437 89084.89 78688.25 5684.41 18059.28
1717852280 1261258961 1172620246 0 0 21017960 19599264 214773 437 89085.77 78686.45 5683.50 18059.62
1717852290 1261258961 1172620246 0 0 21018004 19599317 214773 437 89085.65 78687.34 5683.59 18059.66
1717852301 1261258961 1172620246 0 0 21018060 19599358 214773 437 89084.62 78687.49 5684.15 18059.51
1717852311 1261258961 1172620246 0 0 21018116 19599402 214773 437 89084.10 78687.56 5683.66 18058.41
1717852321 1261258961 1172620246 0 0 21018170 19599444 214773 437 89084.66 78687.60 5684.60 18058.38
1717852331 1261258961 1172620246 0 0 21018228 19599484 214773 437 89084.49 78688.19 5683.28 18058.27
1717852341 1261258961 1172620246 0 0 21018285 19599526 214773 437 89084.17 78687.18 5683.55 18059.28
1717852352 1261258961 1172620246 0 0 21018341 19599568 214773 437 89085.31 78686.34 5683.82 18060.29
1717852362 1261258961 1172620246 0 0 21018383 19599622 214773 437 89084.16 78687.50 5684.59 18058.50
1717852372 1261258961 1172620246 0 0 21018440 19599664 214773 437 89084.99 78687.19 5682.75 18059.42
1717852382 1261258961 1172620246 0 0 21018481 19599720 214773 437 89085.72 78686.31 5683.62 18059.75
1717852392 1261258961 1172620246 0 0 21018525 19599774 214773 437 89085.36 78686.64 5683.27 18059.93
1717852402 1261258961 1172620246 0 0 21018568 19599827 214773 437 89086.59 78686.37 5682.67 18059.60
1717852413 1261258961 1172620246 0 0 21018624 19599869 214773 437 89085.31 78688.13 5682.41 18058.36
1717852423 1261258961 1172620246 0 0 21018680 19599909 214773 437 89084.32 78688.38 5683.81 18059.21
1717852433 1261258961 1172620246 0 0 21018725 19599961 214773 437 89086.52 78687.36 5682.74 18059.71
1717852443 1261258961 1172620246 0 0 21018780 19600004 214773 437 89085.38 78687.54 5683.27 18059.05
1717852453 1261258961 1172620246 0 0 21018822 19600059 214773 437 89086.59 78687.31 5682.21 18059.79
1717852463 1261258961 1172620246 0 0 21018879 19600100 214773 437 89086.82 78688.00 5682.42 18058.96
1717852474 1261258961 1172620246 0 0 21018934 19600143 214773 437 89086.23 78687.66 5682.56 18058.32
1717852484 1261258961 1172620246 0 0 21018990 19600185 214773 437 89087.09 78686.87 5682.02 18059.24
1717852494 1261258961 1172620246 0 0 21019033 19600240 214773 437 89087.39 78686.59 5681.24 18060.05
1717852504 1261258961 1172620246 0 0 21019076 19600294 214773 437 89086.92 78686.60 5681.82 18059.38
1717852514 1261258961 1172620246 0 0 21019125 19600341 214773 437 89086.80 78685.80 5680.96 18060.18
1717852524 1261258961 1172620246 0 0 21019182 19600384 214773 437 89085.75 78687.86 5682.50 18059.09
1717852535 1261258961 1172620246 0 0 21019239 19600425 214773 437 89086.20 78687.90 5682.57 18059.07
1717852545 1261258961 1172620246 0 0 21019296 19600467 214773 437 89086.26 78687.43 5683.03 18058.05
1717852555 1261258961 1172620246 0 0 21019351 19600510 214773 437 89085.92 78686.87 5682.21 18060.28
1717852565 1261258961 1172620246 0 0 21019393 19600564 214773 437 89085.73 78686.30 5682.51 18060.19
1717852575 1261258961 1172620246 0 0 21019450 19600605 214773 437 89086.07 78687.21 5682.68 18060.29
1717852585 1261258961 1172620246 0 0 21019505 19600647 214773 437 89086.45 78688.62 5681.31 18058.45
1717852596 1261258961 1172620246 0 0 21019562 19600688 214773 437 89085.69 78688.69 5681.57 18057.85
1717852606 1261258961 1172620246 0 0 21019617 19600728 214773 437 89088.52 78687.48 5681.25 18059.64
1717852616 1261258961 1172620246 0 0 21019659 19600783 214773 437 89086.30 78687.36 5681.98 18060.15
1717852626 1261258961 1172620246 0 0 21019715 19600825 214773 437 89086.58 78687.96 5681.67 18059.02
1717852636 1261258961 1172620246 0 0 21019771 19600867 214773 437 89087.48 78687.21 5681.14 18059.39
1717852646 1261258961 1172620246 0 0 21019814 19600921 214773 437 89088.22 78685.87 5680.41 18060.23
1717852657 1261258961 1172620246 0 0 21019857 19600977 214773 437 89088.08 78685.93 5680.75 18060.04
1717852667 1261258961 1172620246 0 0 21019913 19601019 214773 437 89087.52 78686.07 5681.20 18061.00
1717852677 1261258961 1172620246 0 0 21019956 19601072 214773 437 89088.75 78686.45 5681.00 18060.02
1717852687 1261258961 1172620246 0 0 21020012 19601115 214773 437 89086.79 78685.93 5681.38 18061.17
1717852697 1261258961 1172620246 0 0 21020067 19601155 214773 437 89088.57 78686.87 5680.66 18059.62
1717852707 1261258961 1172620246 0 0 21020123 19601197 214773 437 89087.10 78687.86 5681.64 18059.20
1717852718 1261258961 1172620246 0 0 21020178 19601239 214773 437 89088.66 78687.29 5680.61 18058.79
1717852728 1261258961 1172620246 0 0 21020232 19601282 214773 437 89087.71 78686.86 5680.46 18059.23
1717852738 1261258961 1172620246 0 0 21020276 19601337 214773 437 89088.09 78687.40 5681.17 18059.07
1717852748 1261258961 1172620246 0 0 21020332 19601379 214773 437 89088.39 78687.66 5681.39 18059.32
1717852758 1261258961 1172620246 0 0 21020387 19601421 214773 437 89087.51 78687.99 5680.73 18058.51
1717852768 1261258961 1172620246 0 0 21020442 19601463 214773 437 89088.39 78686.71 5681.33 18058.34
1717852779 1261258961 1172620246 0 0 21020484 19601519 214773 437 89088.07 78687.02 5679.23 18059.45
1717852789 1261258961 1172620246 0 0 21020539 19601560 214773 437 89088.72 78688.02 5680.02 18058.93
1717852799 1261258961 1172620246 0 0 21020597 19601600 214773 437 89088.64 78687.58 5680.64 18059.49
1717852809 1261258961 1172620246 0 0 21020647 19601653 214773 437 89087.32 78686.73 5679.93 18059.76
1717852819 1261258961 1172620246 0 0 21020702 19601696 214773 437 89087.63 78687.86 5680.14 18059.72
1717852830 1261258961 1172620246 0 0 21020758 19601738 214773 437 89087.91 78686.28 5680.80 18060.78
1717852840 1261258961 1172620246 0 0 21020802 19601791 214773 437 89089.34 78686.26 5679.85 18060.27
1717852850 1261258961 1172620246 0 0 21020855 19601835 214773 437 89089.09 78687.38 5680.08 18059.22
1717852860 1261258961 1172620246 0 0 21020898 19601890 214773 437 89089.07 78687.91 5679.07 18059.21
1717852870 1261258961 1172620246 0 0 21020942 19601944 214773 437 89088.88 78687.79 5679.89 18059.17
1717852880 1261258961 1172620246 0 0 21020998 19601985 214773 437 89090.78 78687.01 5677.85 18059.59
1717852891 1261258961 1172620246 0 0 21021039 19602039 214773 437 89089.84 78688.37 5679.39 18058.10
1717852901 1261258961 1172620246 0 0 21021097 19602081 214773 437 89089.98 78687.86 5679.30 18058.61
1717852911 1261258961 1172620246 0 0 21021153 19602123 214773 437 89089.35 78688.14 5679.29 18058.40
1717852921 1261258961 1172620246 0 0 21021197 19602176 214773 437 89089.96 78688.19 5678.74 18058.38
1717852931 1261258961 1172620246 0 0 21021253 19602218 214773 437 89090.13 78686.25 5678.50 18059.37
1717852941 1261258961 1172620246 0 0 21021298 19602271 214773 437 89090.49 78687.23 5678.74 18059.24
1717852951 1261258961 1172620246 0 0 21021354 19602313 214773 437 89089.33 78686.86 5678.88 18059.61
1717852962 1261258961 1172620246 0 0 21021409 19602356 214773 437 89088.33 78687.75 5679.40 18059.25
1717852972 1261258961 1172620246 0 0 21021465 19602396 214773 437 89089.21 78687.36 5679.41 18059.25
1717852982 1261258961 1172620246 0 0 21021508 19602454 214773 437 89089.41 78688.46 5679.27 18058.61
1717852992 1261258961 1172620246 0 0 21021563 19602495 214773 437 89089.19 78688.36 5679.55 18057.65
1717853003 1261258961 1172620246 0 0 21021618 19602538 214773 437 89090.18 78687.18 5679.53 18058.93
1717853013 1261258961 1172620246 0 0 21021661 19602593 214773 437 89089.35 78686.11 5680.37 18059.94
1717853023 1261258961 1172620246 0 0 21021704 19602647 214773 437 89089.31 78687.14 5679.46 18059.33
1717853033 1261258961 1172620246 0 0 21021760 19602690 214773 437 89089.82 78688.33 5678.90 18059.32
1717853043 1261258961 1172620246 0 0 21021815 19602734 214773 437 89088.29 78687.75 5679.59 18057.81
1717853053 1261258961 1172620246 0 0 21021870 19602776 214773 437 89088.53 78689.52 5680.79 18057.50
1717853063 1261258961 1172620246 0 0 21021927 19602817 214773 437 89088.17 78689.39 5680.55 18057.17
1717853074 1261258961 1172620246 0 0 21021983 19602861 214773 437 89089.18 78687.34 5680.14 18060.21
1717853084 1261258961 1172620246 0 0 21022039 19602903 214773 437 89087.14 78687.83 5680.60 18058.68
1717853094 1261258961 1172620246 0 0 21022094 19602946 214773 437 89088.40 78688.50 5678.85 18058.09
1717853104 1261258961 1172620246 0 0 21022150 19602986 214773 437 89089.08 78688.06 5680.07 18059.04
1717853114 1261258961 1172620246 0 0 21022192 19603040 214773 437 89088.32 78687.59 5679.91 18059.36
1717853125 1261258961 1172620246 0 0 21022247 19603083 214773 437 89089.61 78688.39 5679.14 18057.58
1717853135 1261258961 1172620246 0 0 21022306 19603123 214773 437 89089.43 78688.49 5679.83 18057.48
1717853145 1261258961 1172620246 0 0 21022361 19603165 214773 437 89089.21 78688.43 5679.00 18058.15
1717853155 1261258961 1172620246 0 0 21022417 19603208 214773 437 89089.05 78689.13 5678.67 18058.48
1717853165 1261258961 1172620246 0 0 21022473 19603249 214773 437 89090.09 78688.11 5678.17 18058.57
1717853175 1261258961 1172620246 0 0 21022527 19603291 214773 437 89089.71 78689.30 5679.03 18057.73
1717853185 1261258961 1172620246 0 0 21022584 19603332 214773 437 89089.06 78689.21 5679.20 18057.78
1717853196 1261258961 1172620246 0 0 21022641 19603373 214773 437 89088.25 78688.18 5680.01 18057.79
1717853206 1261258961 1172620246 0 0 21022695 19603417 214773 437 89090.39 78687.62 5678.23 18058.00
1717853216 1261258961 1172620246 0 0 21022738 19603471 214773 437 89090.37 78687.89 5678.40 18058.60
1717853226 1261258961 1172620246 0 0 21022791 19603513 214773 437 89090.45 78688.78 5678.29 18058.21
1717853236 1261258961 1172620246 0 0 21022848 19603553 214773 437 89090.74 78689.28 5677.98 18057.73
1717853247 1261258961 1172620246 0 0 21022905 19603595 214773 437 89090.29 78690.45 5678.51 18057.04
1717853257 1261258961 1172620246 0 0 21022960 19603637 214773 437 89090.65 78689.12 5678.00 18057.94
1717853267 1261258961 1172620246 0 0 21023004 19603691 214773 437 89090.91 78687.55 5677.71 18058.00
1717853277 1261258961 1172620246 0 0 21023047 19603744 214773 437 89091.06 78688.48 5677.70 18057.49
1717853287 1261258961 1172620246 0 0 21023102 19603785 214773 437 89090.57 78688.09 5677.17 18058.92
1717853297 1261258961 1172620246 0 0 21023158 19603826 214773 437 89091.36 78689.00 5677.78 18057.61
1717853308 1261258961 1172620246 0 0 21023200 19603882 214773 437 89091.68 78687.78 5676.45 18058.27
1717853318 1261258961 1172620246 0 0 21023243 19603936 214773 437 89089.75 78688.70 5677.50 18058.38
1717853328 1261258961 1172620246 0 0 21023298 19603979 214773 437 89091.51 78689.62 5677.28 18057.87
1717853338 1261258961 1172620246 0 0 21023354 19604020 214773 437 89091.45 78688.12 5677.17 18058.02
1717853348 1261258961 1172620246 0 0 21023395 19604075 214773 437 89091.85 78688.40 5677.38 18057.68
1717853358 1261258961 1172620246 0 0 21023439 19604129 214773 437 89092.46 78687.52 5676.86 18058.10
1717853369 1261258961 1172620246 0 0 21023483 19604181 214773 437 89091.92 78688.62 5676.41 18057.84
1717853379 1261258961 1172620246 0 0 21023538 19604225 214773 437 89091.98 78689.10 5677.32 18058.00
1717853389 1261258961 1172620246 0 0 21023581 19604278 214773 437 89091.59 78690.10 5677.64 18057.46
1717853399 1261258961 1172620246 0 0 21023637 19604321 214773 437 89091.23 78689.74 5678.05 18057.27
1717853409 1261258961 1172620246 0 0 21023698 19604363 214773 437 89090.60 78690.13 5677.14 18056.33
1717853419 1261258961 1172620246 0 0 21023755 19604405 214773 437 89091.65 78689.63 5677.09 18057.33
1717853430 1261258961 1172620246 0 0 21023809 19604447 214773 437 89090.93 78689.75 5678.28 18056.23
1717853440 1261258961 1172620246 0 0 21023864 19604489 214773 437 89090.47 78688.78 5678.78 18057.27
1717853450 1261258961 1172620246 0 0 21023908 19604544 214773 437 89092.50 78689.86 5676.25 18056.72
1717853460 1261258961 1172620246 0 0 21023963 19604587 214773 437 89092.13 78689.13 5676.62 18057.45
1717853470 1261258961 1172620246 0 0 21024019 19604629 214773 437 89091.77 78689.94 5677.43 18056.64
1717853481 1261258961 1172620246 0 0 21024060 19604682 214773 437 89093.84 78689.43 5675.29 18057.68
1717853491 1261258961 1172620246 0 0 21024104 19604735 214773 437 89091.83 78688.51 5676.30 18057.07
1717853501 1261258961 1172620246 0 0 21024156 19604781 214773 437 89091.54 78688.61 5677.21 18058.39
1717853511 1261258961 1172620246 0 0 21024213 19604822 214773 437 89091.89 78689.70 5676.80 18057.95
1717853522 1261258961 1172620246 0 0 21024256 19604874 214773 437 89091.29 78688.44 5677.41 18057.53
1717853532 1261258961 1172620246 0 0 21024310 19604916 214773 437 89092.83 78688.92 5675.79 18057.65
