#TIME all_pgs_mb huge_pgs_mb Node0_Foreign Node1_Foreign Node0_Local Node1_Local Node0_Other Node1_Other Node0_Free Node1_Free Node0_Used Node1_Used
1717837436 1147501158 1056973072 0 0 20547046 18918550 316915 445 66392.65 81705.56 28392.39 15024.72
1717837446 1147501299 1056973078 0 0 20547498 18918978 316915 445 66173.39 81505.34 28612.06 15225.81
1717837457 1147501759 1056973092 0 0 20549018 18919251 316917 445 66030.16 81385.71 28754.37 15344.92
1717837467 1147502331 1056973110 0 0 20549385 18919677 316917 445 65849.69 81132.16 28935.97 15600.29
1717837477 1147503754 1056973154 0 0 20550212 18920732 316917 445 65184.25 80304.73 29603.13 16426.51
1717837487 1147505009 1056973184 0 0 20551243 18921463 316917 445 64791.45 80544.90 29993.25 16186.30
1717837497 1147508261 1056973268 0 0 20552988 18923037 316917 445 64410.46 79721.29 30373.15 17011.27
1717837508 1147518308 1056977386 0 0 20558984 18928429 316917 445 58830.04 74201.32 35955.07 22525.94
1717837518 1147523017 1056979970 0 0 20566017 18942671 316917 445 58863.27 74340.16 35923.05 22394.25
1717837528 1147525735 1056981016 0 0 20574488 18958235 316917 445 58549.85 73801.36 36234.21 22930.97
1717837538 1147527282 1056981234 0 0 20582525 18972778 316917 445 58344.58 73712.60 36440.12 23018.03
1717837549 1147539298 1056991680 0 0 20585880 18975851 316917 445 56885.69 71427.53 37898.77 25301.62
1717837559 1147553246 1057004698 0 0 20586187 18976005 316917 445 56603.01 70013.46 38181.57 26717.17
1717837569 1147557022 1057007950 0 0 20586324 18976053 316917 445 56622.08 69990.36 38162.96 26740.39
1717837580 1147559692 1057010186 0 0 20586477 18976246 316917 445 56676.89 69982.03 38107.57 26749.15
1717837591 1147563134 1057013028 0 0 20586628 18976433 316917 445 56898.82 69690.21 37886.73 27041.02
1717837601 1147565505 1057015054 0 0 20586803 18976490 316917 445 56998.41 69589.08 37786.59 27141.55
1717837612 1147569479 1057018628 0 0 20586992 18976685 316917 445 56962.96 69628.68 37822.00 27101.02
1717837622 1147573949 1057022536 0 0 20587273 18977083 316917 445 52693.35 61571.50 42091.68 35159.13
1717837632 1147578804 1057026966 0 0 20587753 18977773 316917 445 52402.82 59229.16 42381.27 37502.65
1717837643 1147583352 1057030462 0 0 20588261 18978548 316917 445 58376.95 69556.89 36408.11 27173.41
1717837653 1147585140 1057031116 0 0 20588408 18978983 316917 445 59903.29 75555.63 34880.18 21175.10
1717837665 1147586309 1057031366 0 0 20589541 18979829 316917 445 59698.20 75372.47 35087.79 21363.55
1717837675 1147589328 1057032674 0 0 20591070 18981189 316917 445 58940.75 74904.93 35844.31 21825.81
1717837688 1147593698 1057035394 0 0 20591515 18981688 316917 445 58347.25 74295.36 36437.33 22435.84
1717837698 1147597046 1057037554 0 0 20591791 18982094 316917 445 58825.62 74144.36 35959.48 22586.27
1717837708 1147599202 1057038764 0 0 20592593 18982672 316917 445 59073.07 73541.41 35711.56 23189.21
1717837719 1147601650 1057040852 0 0 20592980 18983003 316917 445 59042.04 73494.43 35741.99 23248.61
1717837729 1147602539 1057041262 0 0 20593291 18983342 316917 445 59005.20 73956.76 35780.29 22773.87
1717837740 1147604539 1057042782 0 0 20593593 18983519 316917 445 58914.96 73507.43 35869.11 23223.20
1717837750 1147605557 1057043706 0 0 20593841 18983755 316917 445 58882.23 74170.18 35902.23 22561.05
1717837761 1147605916 1057043772 0 0 20593996 18983895 316917 445 58953.86 74198.77 35830.75 22531.86
1717837771 1147606136 1057043778 0 0 20594108 18983951 316917 445 58952.29 74198.09 35833.23 22532.54
1717837781 1147606149 1057043778 0 0 20594263 18983967 316917 445 58950.95 74197.21 35832.10 22532.92
1717837792 1147606402 1057043890 0 0 20594370 18984029 316917 445 58953.45 74194.52 35831.09 22535.65
1717837802 1147606684 1057044082 0 0 20594505 18984066 316917 445 58952.93 74195.36 35832.16 22535.83
1717837812 1147606696 1057044082 0 0 20594635 18984104 316917 445 58951.20 74196.21 35832.77 22534.08
1717837823 1147607116 1057044268 0 0 20594732 18984178 316917 445 58950.53 74197.20 35833.44 22533.53
1717837833 1147607121 1057044268 0 0 20594844 18984233 316917 445 58949.93 74200.25 35835.08 22530.38
1717837843 1147607352 1057044448 0 0 20594972 18984275 316917 445 58950.33 74197.58 35835.70 22531.57
1717837854 1147607778 1057044468 0 0 20595109 18984309 316917 445 58947.62 74200.36 35836.95 22530.27
1717837864 1147607822 1057044470 0 0 20595239 18984348 316917 445 58947.17 74197.14 35836.29 22534.02
1717837874 1147608532 1057045022 0 0 20595511 18984527 316917 445 58760.68 74072.07 36023.89 22657.58
1717837885 1147610116 1057046204 0 0 20596097 18985325 316917 445 58615.86 73852.46 36171.44 22878.66
1717837895 1147611669 1057047482 0 0 20596513 18985905 316917 445 57769.50 73739.48 37030.46 22990.65
1717837905 1147614055 1057048994 0 0 20597114 18986357 316917 445 58486.28 73860.61 36299.28 22870.02
1717837916 1147615280 1057049616 0 0 20597445 18986599 316917 445 58373.60 73872.33 36409.99 22859.49
1717837926 1147615548 1057049628 0 0 20597545 18986654 316917 445 58371.59 73870.49 36411.39 22859.64
1717837936 1147615870 1057049826 0 0 20597618 18986740 316917 445 58375.46 73869.02 36408.99 22860.62
1717837946 1147615896 1057049844 0 0 20597683 18986833 316917 445 58368.76 73873.21 36415.25 22857.53
1717837957 1147615952 1057049844 0 0 20597796 18986875 316917 445 58372.25 73871.10 36412.80 22860.17
1717837967 1147616153 1057049848 0 0 20597859 18986967 316917 445 58371.52 73869.06 36412.04 22861.57
1717837977 1147616185 1057049860 0 0 20597959 18987023 316917 445 58372.70 73870.08 36412.33 22860.74
1717837988 1147616203 1057049860 0 0 20598047 18987092 316917 445 58372.82 73867.20 36411.64 22862.53
1717837998 1147616220 1057049860 0 0 20598136 18987158 316917 445 58372.41 73865.86 36412.68 22864.80
1717838008 1147616459 1057050050 0 0 20598221 18987229 316917 445 58373.57 73865.30 36410.89 22864.97
1717838019 1147616661 1057050054 0 0 20598292 18987313 316917 445 58373.62 73866.34 36411.41 22864.30
1717838029 1147616680 1057050054 0 0 20598407 18987358 316917 445 58372.35 73865.99 36412.76 22865.25
1717838039 1147616925 1057050232 0 0 20598519 18987417 316917 445 58374.88 73865.09 36410.13 22865.14
1717838049 1147616925 1057050232 0 0 20598575 18987517 316917 445 58374.88 73864.05 36409.66 22866.59
1717838060 1147616944 1057050232 0 0 20598665 18987591 316917 445 58374.68 73864.24 36410.38 22866.06
1717838070 1147616962 1057050232 0 0 20598773 18987666 316917 445 58377.27 73865.73 36407.30 22865.06
1717838080 1147616962 1057050232 0 0 20598866 18987740 316917 445 58375.43 73865.96 36408.54 22864.86
1717838091 1147616981 1057050234 0 0 20598970 18987827 316917 445 58361.88 73956.25 36422.64 22774.38
1717838101 1147617674 1057050754 0 0 20599155 18987938 316917 445 58485.58 74006.27 36298.04 22724.36
1717838111 1147620043 1057052526 0 0 20599318 18988658 316917 445 58360.33 73921.86 36423.80 22809.98
1717838121 1147622097 1057053470 0 0 20600187 18989637 316917 445 58335.81 73343.73 36448.64 23387.00
1717838132 1147622861 1057054198 0 0 20600275 18989712 316917 445 58336.79 73283.07 36446.82 23448.20
1717838142 1147623194 1057054510 0 0 20600335 18989814 316917 445 58180.55 73246.64 36603.90 23485.34
1717838152 1147623447 1057054750 0 0 20600409 18989914 316917 445 58053.31 73194.43 36731.76 23536.30
1717838163 1147624300 1057055562 0 0 20600486 18989997 316917 445 57924.30 73192.40 36860.75 23538.30
1717838173 1147624544 1057055794 0 0 20600562 18990078 316917 445 57920.49 73328.49 36863.54 23402.25
1717838183 1147624929 1057056168 0 0 20600663 18990142 316917 445 57985.81 73196.88 36799.25 23534.37
1717838193 1147625291 1057056478 0 0 20600751 18990210 316917 445 57958.16 73094.12 36826.32 23636.61
1717838204 1147626764 1057057490 0 0 20600974 18990574 316917 445 57862.61 73359.55 36921.41 23372.55
1717838214 1147629797 1057059122 0 0 20601852 18991490 316917 445 57791.18 72430.30 36994.38 24300.33
1717838224 1147633678 1057060914 0 0 20602527 18992397 316917 445 57231.30 71768.44 37556.45 24962.29
1717838235 1147638480 1057063212 0 0 20603394 18992796 316917 445 56531.74 71532.85 38253.30 25219.90
1717838245 1147641612 1057064158 0 0 20603664 18993144 316917 445 57172.52 71715.09 37585.39 25017.54
1717838255 1147644303 1057064900 0 0 20603835 18993304 316917 445 62857.29 72463.66 31927.17 24268.04
1717838265 1147646602 1057065548 0 0 20603953 18993410 316917 445 62843.30 72334.39 31942.42 24398.24
1717838276 1147647739 1057065630 0 0 20604086 18993456 316917 445 65625.45 73145.39 29157.11 23585.23
1717838286 1147648661 1057065684 0 0 20604210 18993483 316917 445 65629.73 73141.68 29154.72 23589.50
1717838296 1147648968 1057065736 0 0 20604301 18993546 316917 445 65629.25 73141.82 29155.21 23589.34
1717838306 1147649600 1057065752 0 0 20604385 18993612 316917 445 67762.10 77022.57 27022.88 19709.72
1717838317 1147649668 1057065784 0 0 20604444 18993707 316917 445 67742.67 77004.23 27041.79 19725.96
1717838327 1147650379 1057065880 0 0 20604619 18994321 316917 445 70878.36 79568.20 23905.81 17162.43
1717838337 1147652348 1057066294 0 0 20605013 18995576 316917 445 70776.32 78987.98 24007.72 17742.16
1717838348 1147653322 1057066662 0 0 20605184 18995653 316917 445 70600.75 78750.06 24183.82 17980.59
1717838358 1147654554 1057067274 0 0 20605286 18995725 316917 445 70494.23 78757.80 24290.23 17972.42
1717838368 1147656008 1057068020 0 0 20605472 18995900 316917 445 70937.05 78494.09 23847.49 18236.61
1717838378 1147657250 1057068788 0 0 20605843 18996150 316917 445 70591.70 78134.83 24193.26 18595.92
1717838389 1147658180 1057069104 0 0 20607153 18996239 316917 445 69965.09 78555.66 24819.03 18174.49
1717838399 1147661369 1057069434 0 0 20607289 18998254 316917 445 69692.34 77973.52 25091.62 18757.73
1717838409 1147670195 1057070908 0 0 20607394 18998414 316917 445 69671.21 77766.68 25114.93 18935.35
1717838420 1147677642 1057071506 0 0 20607625 18998510 316917 445 69936.50 78124.01 24847.96 18606.87
1717838430 1147683222 1057072076 0 0 20607947 18998694 316917 445 70541.71 78298.42 24243.96 18432.21
1717838441 1147688067 1057072578 0 0 20609031 18998961 316917 445 69552.32 78153.86 25231.78 18578.29
1717838451 1147692676 1057072854 0 0 20609104 18999145 316917 445 69578.08 78449.11 25207.39 18255.34
1717838461 1147696300 1057073376 0 0 20609183 18999246 316917 445 69569.84 78552.87 25214.61 18179.48
1717838472 1147698817 1057073524 0 0 20609246 18999341 316917 445 69578.98 78541.75 25205.48 18189.55
1717838482 1147703005 1057073868 0 0 20609359 18999415 316917 445 69588.37 78532.31 25196.68 18199.41
1717838492 1147704221 1057073960 0 0 20609453 18999487 316917 445 69577.28 78538.89 25207.78 18190.86
1717838503 1147707233 1057074188 0 0 20609550 18999544 316917 445 69571.28 78545.07 25212.21 18185.56
1717838513 1147712904 1057074636 0 0 20609684 18999588 316917 445 69586.68 78530.13 25198.27 18198.64
1717838523 1147716752 1057074972 0 0 20609797 18999650 316917 445 69560.03 78557.03 25224.10 18173.68
1717838534 1147720966 1057075432 0 0 20609954 18999665 316917 445 69539.68 78574.24 25244.36 18156.39
1717838544 1147723293 1057075684 0 0 20610099 18999688 316917 445 69551.84 78561.08 25233.31 18169.55
1717838554 1147727758 1057075970 0 0 20610243 18999695 316917 445 69550.46 78561.84 25234.07 18168.79
1717838564 1147730386 1057076212 0 0 20610329 18999760 316917 445 69552.21 78561.23 25232.44 18169.40
1717838575 1147735676 1057076634 0 0 20610500 18999800 316917 445 69690.09 78905.98 25094.86 17825.23
1717838585 1147741400 1057077020 0 0 20610594 18999914 316917 445 69744.88 78851.02 25040.77 17879.61
1717838596 1147747244 1057077404 0 0 20610692 18999968 316917 445 69747.69 78847.52 25036.77 17883.79
1717838606 1147752311 1057077850 0 0 20610741 19000072 316917 445 69748.25 78853.06 25035.79 17877.57
1717838617 1147761098 1057078534 0 0 20610887 19000097 316917 445 69764.41 78839.02 25020.62 17891.61
1717838627 1147769116 1057079064 0 0 20611001 19000180 316917 445 69778.50 78823.36 25005.95 17906.96
1717838641 1147777299 1057079678 0 0 20611064 19000294 316917 445 69900.93 79009.57 24882.55 17721.06
1717838652 1147783044 1057080070 0 0 20611159 19000351 316917 445 69902.89 79007.66 24881.56 17722.66
1717838663 1147788606 1057080892 0 0 20611233 19000432 316917 445 69905.84 79004.50 24880.20 17726.13
1717838673 1147790766 1057081042 0 0 20611315 19000502 316917 445 69907.40 79001.62 24877.06 17729.27
1717838683 1147795179 1057081408 0 0 20611394 19000600 316917 445 69925.07 78985.84 24858.90 17745.30
1717838693 1147798679 1057081656 0 0 20611425 19000726 316917 445 69919.08 78989.07 24864.95 17739.76
1717838704 1147805027 1057082128 0 0 20611533 19000772 316917 445 69914.82 78994.13 24870.25 17736.50
1717838714 1147811473 1057082618 0 0 20611651 19000822 316917 445 69898.95 79008.54 24886.07 17722.09
1717838725 1147818309 1057083116 0 0 20611764 19000884 316917 445 69897.22 79009.15 24887.36 17721.48
1717838736 1147822160 1057083408 0 0 20611862 19000938 316917 445 69899.97 79006.54 24884.48 17724.66
1717838747 1147829333 1057083944 0 0 20611915 19001040 316917 445 69902.10 79004.10 24882.36 17726.04
1717838757 1147835733 1057084442 0 0 20611998 19001109 316917 445 69902.13 79004.80 24882.93 17727.00
1717838767 1147839781 1057085024 0 0 20612030 19001230 316917 445 69902.61 79001.66 24881.85 17729.04
1717838778 1147844593 1057085362 0 0 20612044 19001371 316917 445 69907.07 78999.13 24877.39 17731.50
1717838788 1147848074 1057085624 0 0 20612119 19001451 316917 445 69902.09 79003.89 24882.88 17726.73
1717838798 1147850682 1057085804 0 0 20612245 19001481 316917 445 69899.47 79004.61 24884.00 17727.65
1717838809 1147852853 1057086004 0 0 20612328 19001550 316917 445 69919.72 79076.78 24864.73 17628.32
1717838819 1147858478 1057086414 0 0 20612455 19001577 316917 445 69922.62 79138.78 24861.96 17591.85
1717838829 1147865773 1057086986 0 0 20612538 19001643 316917 445 69923.09 79135.46 24861.37 17596.23
1717838839 1147871263 1057087352 0 0 20612617 19001723 316917 445 69925.89 79137.25 24858.66 17593.38
1717838850 1147877423 1057087836 0 0 20612768 19001742 316917 445 69943.76 79118.33 24840.70 17613.93
1717838860 1147881782 1057088344 0 0 20612868 19001817 316917 445 69915.20 79143.57 24868.83 17587.06
1717838870 1147883965 1057088460 0 0 20613000 19001859 316917 445 69942.82 79140.30 24841.19 17590.32
1717838880 1147890912 1057089700 0 0 20613319 19002387 316917 445 70229.56 78811.02 24554.90 17920.26
1717838891 1147896774 1057090722 0 0 20613423 19002751 316917 445 70500.07 78540.70 24285.02 18189.93
1717838901 1147900838 1057091186 0 0 20613871 19003156 316917 445 70543.93 78494.27 24240.63 18235.86
1717838911 1147904733 1057091820 0 0 20614134 19003257 316917 445 70422.28 78598.61 24359.85 18136.25
1717838922 1147907836 1057092538 0 0 20614256 19003464 316917 445 70526.87 78458.05 24257.68 18272.57
1717838932 1147911391 1057093072 0 0 20614529 19003512 316917 445 70374.31 78594.33 24409.75 18136.87
1717838942 1147913707 1057093396 0 0 20614697 19003743 316917 445 70507.13 78460.19 24276.83 18270.44
1717838952 1147916727 1057093684 0 0 20615215 19003832 316917 445 70103.23 78859.83 24681.72 17870.80
1717838963 1147919273 1057094242 0 0 20615396 19004011 316917 445 70123.59 78836.45 24659.89 17894.30
1717838973 1147920053 1057094348 0 0 20615465 19004101 316917 445 70123.77 78837.57 24660.68 17893.21
1717838983 1147921380 1057094674 0 0 20615554 19004243 316917 445 70142.64 78785.10 24641.82 17944.63
1717838994 1147922507 1057094752 0 0 20615651 19004351 316917 445 70167.08 78790.91 24616.89 17939.82
1717839004 1147923647 1057095024 0 0 20615727 19004440 316917 445 70172.24 78812.46 24612.32 17918.26
1717839014 1147924825 1057095424 0 0 20615865 19004503 316917 445 70111.21 78841.76 24673.33 17888.47
1717839025 1147925977 1057095904 0 0 20615952 19004592 316917 445 70097.23 78861.93 24687.22 17869.22
1717839035 1147926504 1057096010 0 0 20616015 19004688 316917 445 70098.30 78862.16 24686.72 17868.60
1717839045 1147927251 1057096452 0 0 20616102 19004762 316917 445 70095.39 78863.33 24688.16 17866.44
1717839055 1147927652 1057096514 0 0 20616193 19004828 316917 445 70088.38 78854.34 24696.18 17876.94
1717839066 1147928552 1057096902 0 0 20616273 19004904 316917 445 70079.03 78852.11 24705.43 17880.25
1717839076 1147931303 1057097518 0 0 20616335 19005006 316917 445 70075.73 78845.41 24708.72 17885.93
1717839086 1147934682 1057097920 0 0 20616391 19005106 316917 445 70063.39 78851.32 24721.10 17879.30
1717839097 1147936881 1057098332 0 0 20616514 19005137 316917 445 70032.93 78846.69 24751.52 17884.10
1717839107 1147940552 1057099024 0 0 20616547 19005261 316917 445 70067.33 78848.10 24717.13 17883.11
1717839117 1147946174 1057099394 0 0 20616656 19005343 316917 445 70015.84 78897.71 24769.21 17832.43
1717839127 1147950075 1057099954 0 0 20616774 19005395 316917 445 70002.07 78911.51 24782.45 17819.12
1717839138 1147956648 1057100382 0 0 20617050 19005416 316917 445 69878.93 79037.64 24907.62 17692.99
1717839148 1147957694 1057100516 0 0 20617133 19005485 316917 445 69879.31 79188.49 24905.14 17541.64
1717839158 1147960341 1057100862 0 0 20617214 19005690 316917 445 70005.66 79063.08 24778.52 17667.55
1717839169 1147961491 1057101080 0 0 20617350 19005710 316917 445 70004.52 79062.02 24780.64 17668.64
1717839179 1147966316 1057101530 0 0 20617536 19005764 316917 445 69922.68 79146.23 24861.78 17583.46
1717839189 1147969737 1057101788 0 0 20617601 19005967 316917 445 69959.85 79105.29 24821.65 17628.83
1717839199 1147975010 1057102242 0 0 20617740 19006087 316917 445 69963.55 79101.78 24820.91 17628.85
1717839210 1147980067 1057102720 0 0 20617879 19006176 316917 445 69974.77 79093.05 24809.36 17637.58
1717839220 1147984596 1057103220 0 0 20618078 19006228 316917 445 69878.79 79177.73 24905.66 17552.05
1717839230 1147987758 1057103482 0 0 20618114 19006411 316917 445 69959.21 79108.29 24825.25 17622.92
1717839241 1147990858 1057103836 0 0 20618212 19006467 316917 445 69956.23 79111.71 24827.34 17618.92
1717839251 1147995051 1057104170 0 0 20618362 19006474 316917 445 69955.98 79113.34 24828.62 17617.29
1717839261 1147999477 1057104566 0 0 20618572 19006537 316917 445 69975.74 79252.65 24808.72 17478.00
1717839271 1148004297 1057105034 0 0 20618674 19006597 316917 445 69969.76 79262.95 24814.36 17467.68
1717839282 1148009607 1057105494 0 0 20618780 19006657 316917 445 69982.01 79251.00 24803.10 17479.63
1717839293 1148011669 1057105610 0 0 20618881 19006721 316917 445 69971.76 79255.41 24812.70 17475.79
1717839303 1148016662 1057106058 0 0 20618961 19006810 316917 445 69964.49 79268.34 24820.19 17462.27
1717839314 1148020301 1057106422 0 0 20619058 19006865 316917 445 69965.22 79264.57 24819.24 17466.13
1717839324 1148024938 1057106774 0 0 20619160 19006944 316917 445 69944.05 79289.68 24840.09 17440.95
1717839334 1148029904 1057107404 0 0 20619262 19007023 316917 445 69971.70 79259.73 24812.26 17470.48
1717839345 1148033774 1057107816 0 0 20619341 19007105 316917 445 69972.28 79263.14 24812.82 17467.49
1717839355 1148035942 1057107972 0 0 20619486 19007114 316917 445 69964.06 79267.12 24820.57 17463.51
1717839365 1148040300 1057108578 0 0 20619620 19007140 316917 445 69968.70 79264.15 24815.31 17466.48
1717839375 1148044134 1057108936 0 0 20619706 19007203 316917 445 69970.14 79259.29 24815.38 17469.94
1717839386 1148050954 1057109458 0 0 20619724 19007340 316917 445 69969.58 79259.60 24814.88 17471.04
1717839396 1148057528 1057110120 0 0 20619833 19007385 316917 445 69964.70 79266.78 24819.77 17463.85
1717839406 1148064054 1057110756 0 0 20619957 19007417 316917 445 69966.29 79263.39 24818.17 17468.02
1717839417 1148069030 1057111252 0 0 20620032 19007493 316917 445 69968.75 79260.34 24815.70 17471.41
1717839427 1148077999 1057112012 0 0 20620109 19007573 316917 445 69963.09 79268.89 24822.48 17461.74
1717839437 1148084389 1057112618 0 0 20620239 19007601 316917 445 69964.84 79266.04 24820.20 17464.59
1717839447 1148091888 1057113264 0 0 20620315 19007677 316917 445 69965.38 79260.51 24819.07 17469.67
1717839458 1148095334 1057113616 0 0 20620381 19007767 316917 445 69963.21 79262.06 24821.31 17468.57
1717839468 1148103607 1057114324 0 0 20620507 19007792 316917 445 69962.05 79262.87 24821.42 17467.76
1717839478 1148107696 1057114756 0 0 20620653 19007804 316917 445 69965.11 79261.55 24819.95 17468.68
1717839489 1148115822 1057115404 0 0 20620733 19007881 316917 445 69969.07 79258.35 24816.03 17471.79
1717839499 1148120297 1057115816 0 0 20620795 19007975 316917 445 69963.67 79262.71 24819.84 17467.92
1717839509 1148128932 1057116574 0 0 20620899 19008043 316917 445 69948.57 79278.46 24835.89 17452.23
1717839519 1148135609 1057117146 0 0 20620983 19008256 316917 445 69968.71 79262.01 24816.36 17469.46
1717839530 1148138057 1057117380 0 0 20621044 19008347 316917 445 69964.26 79261.91 24820.82 17468.72
1717839540 1148143455 1057117776 0 0 20621643 19008388 316917 445 69468.96 79756.78 25317.30 16972.49
1717839550 1148150523 1057118296 0 0 20621763 19008954 316917 445 69928.32 79296.35 24858.13 17433.44
1717839561 1148155637 1057118762 0 0 20621828 19009043 316917 445 69926.37 79295.06 24858.13 17435.57
1717839571 1148160233 1057119310 0 0 20622284 19009073 316917 445 69584.71 79635.70 25201.01 17094.93
1717839581 1148164450 1057119656 0 0 20622423 19009144 316917 445 69650.72 79572.59 25130.29 17162.31
1717839591 1148169597 1057120068 0 0 20622593 19009407 316917 445 69774.16 79447.70 25010.97 17282.93
1717839602 1148173554 1057120380 0 0 20622694 19009650 316917 445 69962.07 79257.05 24822.39 17472.66
1717839612 1148176021 1057120562 0 0 20622761 19009737 316917 445 69961.88 79260.23 24823.19 17469.42
1717839622 1148183147 1057121132 0 0 20622893 19009758 316917 445 69960.83 79259.63 24823.62 17469.56
1717839633 1148188902 1057121570 0 0 20622930 19009875 316917 445 69962.20 79259.17 24822.25 17472.02
1717839643 1148190098 1057121718 0 0 20622997 19009961 316917 445 69963.69 79258.40 24820.77 17471.86
1717839653 1148191987 1057121898 0 0 20623088 19010025 316917 445 69959.77 79258.79 24824.85 17471.84
1717839663 1148193441 1057122028 0 0 20623182 19010083 316917 445 69962.24 79254.14 24822.22 17477.52
1717839674 1148197603 1057122414 0 0 20623231 19010188 316917 445 69961.60 79255.84 24822.43 17475.38
1717839684 1148200915 1057122816 0 0 20623301 19010271 316917 445 69962.54 79255.82 24821.91 17475.36
1717839694 1148207853 1057123336 0 0 20623326 19010415 316917 445 69979.19 79236.28 24805.27 17494.98
1717839705 1148211613 1057123686 0 0 20623358 19010554 316917 445 69962.06 79253.72 24822.39 17476.43
1717839715 1148215190 1057123944 0 0 20623480 19010730 316917 445 70013.59 79204.25 24771.95 17526.38
1717839725 1148217133 1057124100 0 0 20623597 19010786 316917 445 69992.22 79226.38 24792.23 17504.45
1717839736 1148221091 1057124410 0 0 20623651 19010893 316917 445 69990.19 79226.96 24794.80 17504.80
1717839746 1148223059 1057124558 0 0 20623747 19010954 316917 445 69990.96 79227.70 24793.50 17502.99
1717839756 1148224526 1057124728 0 0 20623782 19011071 316917 445 69995.38 79221.98 24789.07 17509.70
1717839766 1148229130 1057125032 0 0 20623850 19011197 316917 445 70016.46 79202.70 24767.51 17527.93
1717839777 1148232686 1057125356 0 0 20623997 19011335 316917 445 70077.23 79140.38 24706.77 17590.89
1717839787 1148234101 1057125530 0 0 20624166 19011426 316917 445 69965.63 79248.68 24818.82 17481.95
1717839797 1148236673 1057125746 0 0 20624187 19011560 316917 445 69964.13 79249.88 24820.33 17479.79
1717839807 1148240607 1057126102 0 0 20624257 19011645 316917 445 69964.21 79254.88 24820.82 17475.75
1717839818 1148247798 1057126790 0 0 20624388 19011666 316917 445 69970.19 79247.86 24814.27 17482.81
1717839828 1148254636 1057127388 0 0 20624411 19011799 316917 445 69969.21 79248.64 24815.24 17482.17
1717839838 1148261683 1057128048 0 0 20624434 19011939 316917 445 69977.50 79239.85 24806.96 17491.95
1717839849 1148266313 1057128514 0 0 20624474 19012060 316917 445 69962.41 79252.31 24822.05 17478.84
1717839859 1148274021 1057129220 0 0 20624527 19012178 316917 445 69987.09 79230.30 24797.57 17501.34
1717839869 1148279177 1057129664 0 0 20624590 19012271 316917 445 69980.73 79235.58 24803.72 17494.61
1717839879 1148284180 1057130138 0 0 20624609 19012413 316917 445 69980.05 79237.38 24804.41 17492.76
1717839890 1148285501 1057130332 0 0 20624670 19012509 316917 445 69982.20 79233.71 24802.26 17496.44
1717839900 1148286895 1057130468 0 0 20624748 19012585 316917 445 69982.19 79237.02 24802.88 17493.61
1717839910 1148293735 1057131074 0 0 20624859 19012802 316917 445 70128.61 79090.10 24655.85 17640.74
1717839921 1148298949 1057131490 0 0 20625098 19012906 316917 445 70000.29 79219.54 24784.55 17511.09
1717839931 1148302228 1057131818 0 0 20625241 19012952 316917 445 69984.70 79233.15 24799.75 17498.09
1717839941 1148308301 1057132382 0 0 20625281 19013079 316917 445 69970.81 79248.95 24815.37 17481.68
1717839951 1148314094 1057132870 0 0 20625492 19013148 316917 445 69843.38 79372.06 24941.08 17358.17
1717839962 1148321233 1057133554 0 0 20625595 19013351 316917 445 69932.70 79282.70 24851.82 17447.93
1717839972 1148326188 1057133954 0 0 20625666 19013458 316917 445 69965.99 79247.38 24818.47 17483.86
1717839982 1148327966 1057134056 0 0 20625699 19013579 316917 445 69965.61 79248.10 24819.34 17482.12
1717839993 1148331701 1057134408 0 0 20625742 19013689 316917 445 69966.02 79249.02 24818.44 17481.61
1717840003 1148334951 1057134724 0 0 20625758 19013827 316917 445 69966.04 79249.76 24818.42 17480.48
1717840013 1148340269 1057135172 0 0 20625770 19013966 316917 445 69965.70 79248.51 24818.76 17482.31
1717840023 1148345892 1057135706 0 0 20625834 19014053 316917 445 69968.86 79249.16 24815.60 17480.56
1717840034 1148348750 1057135900 0 0 20625935 19014105 316917 445 69966.01 79252.71 24818.06 17477.92
1717840044 1148354056 1057136386 0 0 20626051 19014144 316917 445 69967.56 79248.13 24816.89 17482.73
1717840054 1148360945 1057137030 0 0 20626083 19014266 316917 445 69959.30 79255.95 24825.16 17474.79
1717840065 1148362747 1057137232 0 0 20626129 19014373 316917 445 69957.55 79258.47 24827.53 17472.16
1717840075 1148365374 1057137388 0 0 20626271 19014386 316917 445 69967.60 79248.54 24817.99 17481.68
1717840086 1148369924 1057137842 0 0 20626361 19014449 316917 445 69968.12 79252.20 24816.35 17478.43
1717840096 1148377660 1057138542 0 0 20626485 19014477 316917 445 69968.32 79251.40 24815.64 17479.76
1717840106 1148386441 1057139478 0 0 20626612 19014509 316917 445 69954.50 79264.09 24829.96 17466.54
1717840117 1148391787 1057139986 0 0 20626736 19014542 316917 445 69968.11 79249.12 24816.35 17481.08
1717840127 1148400532 1057140722 0 0 20626853 19014595 316917 445 69996.46 79220.95 24787.58 17509.68
1717840137 1148403361 1057141070 0 0 20627003 19014607 316917 445 69978.06 79238.60 24806.50 17492.03
1717840147 1148411495 1057141702 0 0 20627158 19014615 316917 445 69964.70 79250.68 24819.88 17479.95
1717840158 1148416873 1057142204 0 0 20627246 19014754 316917 445 70054.84 79160.95 24729.62 17569.34
1717840168 1148422396 1057142624 0 0 20627393 19014831 316917 445 69966.77 79247.28 24817.77 17483.35
1717840178 1148425753 1057142920 0 0 20627478 19014905 316917 445 69957.52 79254.44 24826.94 17477.28
1717840188 1148429799 1057143330 0 0 20627530 19015070 316917 445 70033.84 79179.18 24750.77 17551.45
1717840199 1148435157 1057143718 0 0 20627728 19015088 316917 445 69966.32 79246.15 24818.14 17485.64
1717840209 1148438424 1057143976 0 0 20627790 19015185 316917 445 69967.11 79244.80 24817.35 17484.50
1717840219 1148444756 1057144514 0 0 20628089 19015518 316917 445 69964.26 79246.14 24820.28 17484.49
1717840230 1148448616 1057144800 0 0 20628201 19015559 316917 445 69964.99 79245.67 24819.63 17485.57
1717840240 1148454699 1057145468 0 0 20628273 19015641 316917 445 69966.26 79242.09 24818.20 17489.11
1717840250 1148457591 1057145814 0 0 20628346 19015719 316917 445 69967.12 79244.98 24817.34 17486.29
1717840261 1148459480 1057145978 0 0 20628422 19015798 316917 445 69974.25 79233.71 24810.20 17498.48
1717840271 1148462700 1057146294 0 0 20628504 19015867 316917 445 69973.80 79232.75 24811.21 17498.45
1717840281 1148466501 1057146592 0 0 20628528 19015999 316917 445 69975.27 79229.91 24809.18 17499.77
1717840292 1148469922 1057146922 0 0 20628585 19016095 316917 445 69972.98 79233.71 24811.61 17496.91
1717840302 1148473815 1057147202 0 0 20628706 19016127 316917 445 69973.92 79231.21 24809.61 17498.92
1717840312 1148476023 1057147506 0 0 20628760 19016303 316917 445 70053.76 79152.70 24730.70 17578.58
1717840323 1148479411 1057147780 0 0 20628856 19016442 316917 445 69972.16 79234.68 24812.29 17495.96
1717840333 1148481282 1057147912 0 0 20628920 19016530 316917 445 69968.52 79237.41 24816.62 17493.83
1717840343 1148484819 1057148216 0 0 20629063 19016671 316917 445 69971.27 79234.68 24813.19 17495.48
1717840353 1148487408 1057148412 0 0 20629092 19016798 316917 445 69973.47 79230.10 24810.64 17500.53
1717840364 1148491269 1057148720 0 0 20629282 19016837 316917 445 69968.78 79232.52 24815.68 17498.16
1717840374 1148494466 1057149032 0 0 20629362 19016914 316917 445 69967.77 79235.89 24816.70 17494.73
1717840384 1148497171 1057149228 0 0 20629453 19016974 316917 445 69969.54 79232.34 24814.92 17498.91
1717840395 1148499087 1057149360 0 0 20629528 19017053 316917 445 69967.42 79234.96 24817.25 17495.66
1717840405 1148504524 1057149824 0 0 20629618 19017116 316917 445 69969.75 79232.72 24814.71 17498.50
1717840415 1148509273 1057150334 0 0 20629753 19017190 316917 445 69913.80 79289.07 24870.66 17441.57
1717840426 1148515149 1057150804 0 0 20629798 19017353 316917 445 69967.30 79233.70 24818.73 17496.44
1717840436 1148519534 1057151538 0 0 20629906 19017400 316917 445 69968.10 79235.17 24817.57 17495.46
1717840446 1148524427 1057151920 0 0 20630051 19017407 316917 445 69968.80 79234.93 24815.77 17495.70
1717840456 1148526727 1057152166 0 0 20630192 19017419 316917 445 69969.58 79234.02 24816.52 17496.61
1717840467 1148532243 1057152632 0 0 20630330 19017433 316917 445 69967.55 79234.67 24816.98 17495.96
1717840477 1148538008 1057153160 0 0 20630464 19017451 316917 445 69966.64 79235.77 24817.86 17494.86
1717840488 1148545563 1057153808 0 0 20630564 19017505 316917 445 69967.02 79234.98 24817.08 17495.64
1717840498 1148551407 1057154386 0 0 20630701 19017521 316917 445 69969.18 79236.14 24816.89 17494.49
1717840508 1148555849 1057154744 0 0 20630840 19017537 316917 445 69967.13 79236.69 24817.84 17493.94
1717840519 1148558950 1057155152 0 0 20630951 19017572 316917 445 69969.11 79232.40 24815.35 17498.34
1717840529 1148562934 1057155416 0 0 20631027 19017653 316917 445 69968.10 79234.86 24816.57 17495.77
1717840539 1148569352 1057155970 0 0 20631160 19017673 316917 445 69969.48 79233.15 24814.98 17498.53
1717840549 1148570351 1057156140 0 0 20631248 19017739 316917 445 69967.10 79235.98 24816.39 17494.65
1717840560 1148578835 1057156898 0 0 20631390 19017750 316917 445 69968.09 79233.74 24816.37 17497.52
1717840570 1148584106 1057157340 0 0 20631429 19017866 316917 445 69968.62 79231.20 24815.83 17500.00
1717840580 1148589606 1057157810 0 0 20631499 19017949 316917 445 69967.20 79233.69 24818.39 17497.47
1717840590 1148595561 1057158306 0 0 20631633 19017967 316917 445 69968.00 79233.67 24817.62 17496.96
1717840601 1148599762 1057158648 0 0 20631783 19017972 316917 445 69965.35 79234.13 24819.19 17496.50
1717840611 1148604241 1057159056 0 0 20631875 19018033 316917 445 69965.71 79232.05 24818.74 17498.68
1717840621 1148606432 1057159244 0 0 20631911 19018153 316917 445 69967.12 79231.53 24817.34 17498.62
1717840632 1148608049 1057159392 0 0 20631924 19018293 316917 445 69967.09 79232.39 24817.36 17498.75
1717840642 1148609269 1057159468 0 0 20631942 19018431 316917 445 69966.00 79229.62 24818.46 17501.06
1717840652 1148612570 1057159778 0 0 20632017 19018511 316917 445 69963.80 79234.19 24820.72 17496.44
1717840662 1148616208 1057160104 0 0 20632167 19018513 316917 445 69965.23 79234.09 24820.90 17496.54
1717840673 1148617983 1057160286 0 0 20632313 19018520 316917 445 69964.39 79234.50 24820.18 17496.13
1717840683 1148622989 1057160698 0 0 20632464 19018522 316917 445 69962.29 79234.83 24822.75 17495.80
1717840693 1148626763 1057161004 0 0 20632609 19018536 316917 445 69968.93 79231.01 24816.17 17499.62
1717840704 1148632723 1057161472 0 0 20632704 19018619 316917 445 69968.00 79233.25 24816.45 17497.00
1717840714 1148637571 1057161866 0 0 20632782 19018698 316917 445 69965.05 79238.82 24818.57 17491.81
1717840724 1148640707 1057162108 0 0 20632909 19018722 316917 445 69961.37 79237.39 24824.22 17493.24
1717840734 1148645376 1057162534 0 0 20632991 19018799 316917 445 69966.00 79236.00 24818.46 17494.63
1717840745 1148648434 1057162752 0 0 20633054 19018910 316917 445 69983.01 79216.27 24801.45 17514.03
1717840755 1148652328 1057163170 0 0 20633143 19019010 316917 445 70020.19 79178.95 24764.88 17551.80
1717840766 1148656068 1057163490 0 0 20633316 19019046 316917 445 69965.27 79233.89 24819.78 17496.86
1717840776 1148659640 1057163838 0 0 20633402 19019132 316917 445 69952.16 79247.50 24832.89 17484.25
1717840786 1148664876 1057164266 0 0 20633436 19019306 316917 445 69967.19 79221.43 24817.27 17508.71
1717840796 1148670150 1057164694 0 0 20633524 19019425 316917 445 69969.11 79221.91 24815.42 17508.72
1717840807 1148674162 1057165028 0 0 20633628 19019507 316917 445 69944.77 79244.07 24839.69 17486.17
1717840817 1148679683 1057165462 0 0 20633676 19019640 316917 445 69938.02 79251.55 24846.43 17480.09
1717840827 1148685674 1057165996 0 0 20633797 19019701 316917 445 69945.44 79242.95 24838.58 17487.68
1717840838 1148687873 1057166204 0 0 20633931 19019735 316917 445 69951.84 79236.70 24832.62 17493.47
1717840848 1148689235 1057166288 0 0 20634014 19019814 316917 445 69951.54 79238.58 24833.51 17492.71
1717840858 1148690982 1057166438 0 0 20634098 19019897 316917 445 69952.31 79236.65 24832.15 17494.57
1717840868 1148695388 1057166854 0 0 20634193 19019992 316917 445 69949.34 79239.88 24834.72 17491.36
1717840879 1148697041 1057167068 0 0 20634330 19020040 316917 445 69949.50 79239.82 24835.11 17490.81
1717840889 1148700565 1057167318 0 0 20634473 19020082 316917 445 69948.70 79193.01 24835.75 17537.62
1717840899 1148705447 1057167666 0 0 20634971 19020576 316917 445 70073.86 79114.72 24710.73 17615.91
1717840910 1148708518 1057167942 0 0 20635229 19020612 316917 445 69951.83 79235.73 24833.23 17495.54
1717840920 1148712507 1057168402 0 0 20635313 19020714 316917 445 69902.56 79137.86 24881.98 17592.77
1717840930 1148714676 1057168620 0 0 20635467 19020747 316917 445 69895.96 79239.67 24888.62 17490.96
1717840940 1148716203 1057168772 0 0 20635546 19020864 316917 445 69898.40 79185.96 24886.05 17544.18
1717840951 1148719375 1057169180 0 0 20635584 19021003 316917 445 69844.00 79237.12 24940.54 17493.02
1717840961 1148719875 1057169238 0 0 20635724 19021037 316917 445 69945.85 79239.29 24838.62 17491.34
1717840971 1148722329 1057169478 0 0 20635870 19021058 316917 445 69938.63 79246.40 24845.95 17484.23
1717840982 1148725242 1057169740 0 0 20636014 19021103 316917 445 69936.79 79246.90 24847.73 17483.73
1717840992 1148726974 1057170020 0 0 20636107 19021209 316917 445 69942.81 79243.96 24841.65 17486.67
1717841002 1148731769 1057170444 0 0 20636193 19021300 316917 445 69942.29 79240.86 24842.21 17489.77
1717841013 1148733987 1057170746 0 0 20636297 19021365 316917 445 69898.42 79237.85 24886.04 17492.42
1717841023 1148736101 1057170952 0 0 20636416 19021433 316917 445 69897.16 79237.23 24887.29 17493.01
1717841033 1148739581 1057171254 0 0 20636474 19021534 316917 445 69899.37 79239.91 24885.71 17491.32
1717841044 1148740769 1057171558 0 0 20636609 19021557 316917 445 69941.75 79240.18 24842.21 17491.02
1717841054 1148745026 1057171964 0 0 20636708 19021629 316917 445 69897.14 79241.34 24886.96 17489.29
1717841064 1148747564 1057172230 0 0 20636810 19021690 316917 445 69900.42 79239.34 24884.04 17491.36
1717841074 1148750534 1057172498 0 0 20636867 19021788 316917 445 69938.90 79246.14 24846.06 17484.49
1717841085 1148756533 1057173128 0 0 20636998 19021832 316917 445 69938.93 79241.87 24845.52 17488.79
1717841095 1148759891 1057173546 0 0 20637077 19021914 316917 445 69938.47 79243.43 24846.15 17487.69
1717841105 1148766897 1057174146 0 0 20637158 19022007 316917 445 69943.85 79178.18 24840.61 17552.54
1717841116 1148773319 1057174614 0 0 20637211 19022187 316917 445 69959.78 79168.20 24825.29 17563.07
1717841126 1148774665 1057174728 0 0 20637255 19022302 316917 445 69960.96 79222.54 24823.50 17508.26
1717841136 1148778213 1057175106 0 0 20637346 19022385 316917 445 69942.38 79235.17 24841.13 17496.07
1717841146 1148784481 1057175672 0 0 20637482 19022428 316917 445 69921.12 79255.60 24863.37 17475.03
1717841157 1148790134 1057176118 0 0 20637624 19022487 316917 445 69964.52 79212.87 24821.02 17518.36
1717841167 1148795078 1057176458 0 0 20637719 19022570 316917 445 69943.59 79235.21 24842.09 17494.93
1717841177 1148799646 1057176866 0 0 20637832 19022606 316917 445 69941.82 79237.03 24843.31 17493.60
1717841188 1148803307 1057177232 0 0 20637965 19022630 316917 445 69940.74 79237.33 24843.30 17493.30
1717841198 1148812545 1057177980 0 0 20638084 19022705 316917 445 69943.18 79190.16 24840.34 17540.47
1717841208 1148819304 1057178642 0 0 20638266 19022853 316917 445 69968.75 79204.87 24815.71 17525.86
1717841218 1148822395 1057178996 0 0 20638341 19022944 316917 445 69966.64 79209.90 24815.88 17519.83
1717841229 1148827304 1057179470 0 0 20638426 19023078 316917 445 69944.02 79130.97 24840.98 17599.71
1717841239 1148829863 1057179728 0 0 20638493 19023213 316917 445 69842.71 79179.98 24941.25 17550.71
1717841249 1148832990 1057179994 0 0 20638605 19023295 316917 445 69891.29 79183.06 24893.16 17546.66
1717841260 1148835197 1057180270 0 0 20638688 19023407 316917 445 69945.38 79180.39 24839.07 17551.93
1717841270 1148836918 1057180752 0 0 20638780 19023497 316917 445 69945.02 79245.05 24839.50 17485.58
1717841280 1148838563 1057181090 0 0 20638933 19023529 316917 445 69942.94 79244.05 24842.10 17486.58
1717841290 1148842487 1057181458 0 0 20639040 19023640 316917 445 69927.20 79185.97 24856.91 17544.17
1717841301 1148849641 1057182126 0 0 20639132 19023730 316917 445 69928.74 79251.77 24855.87 17478.86
1717841311 1148852812 1057182388 0 0 20639278 19023758 316917 445 69938.23 79198.14 24846.32 17532.48
1717841321 1148855942 1057182652 0 0 20639345 19023849 316917 445 69939.17 79239.00 24846.88 17491.63
1717841332 1148856990 1057182782 0 0 20639463 19023916 316917 445 69937.58 79194.13 24847.52 17536.50
1717841342 1148859831 1057183042 0 0 20639584 19023979 316917 445 69939.04 79189.89 24845.42 17541.94
1717841352 1148861097 1057183142 0 0 20639670 19024079 316917 445 69885.30 79196.23 24899.21 17533.95
1717841362 1148861387 1057183302 0 0 20639799 19024156 316917 445 69941.51 79172.30 24843.78 17559.27
1717841373 1148862794 1057183416 0 0 20639925 19024222 316917 445 69906.28 79138.21 24878.18 17593.58
1717841383 1148865441 1057183638 0 0 20639968 19024359 316917 445 69953.49 79185.70 24830.97 17545.16
1717841393 1148867407 1057183920 0 0 20640051 19024435 316917 445 69953.93 79239.05 24830.53 17491.15
1717841404 1148870304 1057184260 0 0 20640167 19024510 316917 445 69839.28 79247.04 24945.26 17484.20
1717841414 1148875727 1057184834 0 0 20640297 19024549 316917 445 69952.49 79239.64 24833.59 17490.99
1717841424 1148881821 1057185364 0 0 20640400 19024612 316917 445 69954.36 79185.16 24830.10 17546.59
1717841435 1148884092 1057185580 0 0 20640501 19024686 316917 445 69934.84 79238.23 24848.79 17492.40
1717841445 1148888862 1057185854 0 0 20641057 19024928 316917 445 70738.62 79265.74 24045.84 17464.99
1717841455 1148892509 1057186220 0 0 20642005 19025168 316917 445 69752.72 80721.53 25032.27 16009.10
1717841465 1148896172 1057186410 0 0 20642485 19025730 316917 445 69774.10 80180.59 25010.95 16550.66
1717841476 1148897858 1057186636 0 0 20642560 19026359 316917 445 69773.83 79388.72 25011.74 17341.91
1717841486 1148899820 1057187094 0 0 20642638 19026921 316917 445 69911.10 80149.40 24873.36 16581.33
1717841496 1148903930 1057188058 0 0 20642723 19027726 316917 445 70290.30 79090.13 24494.18 17640.50
1717841507 1148907473 1057189090 0 0 20642860 19028149 316917 445 70697.67 78324.69 24085.88 18405.94
1717841517 1148909163 1057189532 0 0 20643006 19028281 316917 445 70813.78 78240.17 23970.95 18491.07
1717841527 1148912546 1057189988 0 0 20643284 19028365 316917 445 70645.59 78272.41 24138.87 18458.25
1717841537 1148916355 1057190954 0 0 20643392 19028497 316917 445 70634.43 78271.29 24150.03 18459.07
1717841548 1148922292 1057191550 0 0 20643475 19028654 316917 445 70671.41 78169.70 24112.55 18562.05
1717841558 1148923368 1057191876 0 0 20643555 19028832 316917 445 70685.46 78141.87 24098.03 18588.76
1717841568 1148925386 1057192456 0 0 20644084 19029216 316917 445 71496.07 78042.86 23288.59 18689.89
1717841579 1148928889 1057193394 0 0 20645107 19029287 316917 445 70332.07 78460.70 24468.39 18271.08
1717841589 1148931477 1057194402 0 0 20645479 19029437 316917 445 70007.11 78691.23 24778.44 18039.91
1717841599 1148933815 1057194912 0 0 20645579 19029563 316917 445 70047.37 78698.16 24737.09 18032.07
1717841609 1148934678 1057195354 0 0 20645740 19029795 316917 445 69977.16 78661.86 24806.46 18068.77
1717841620 1148937134 1057196242 0 0 20645890 19029849 316917 445 69899.74 78677.61 24884.79 18053.02
1717841630 1148939003 1057196872 0 0 20646041 19029889 316917 445 69806.27 78705.95 24978.26 18023.70
1717841640 1148940247 1057197216 0 0 20646163 19029928 316917 445 69794.73 78700.45 24989.95 18029.79
1717841651 1148941281 1057197662 0 0 20646264 19029987 316917 445 69794.95 78700.00 24989.14 18030.73
1717841661 1148941880 1057197922 0 0 20646368 19030045 316917 445 69787.74 78708.20 24997.30 18022.53
1717841671 1148942737 1057198238 0 0 20646502 19030115 316917 445 69792.84 78703.31 24990.75 18027.92
1717841681 1148943442 1057198582 0 0 20646658 19030173 316917 445 69793.82 78702.83 24991.71 18027.94
1717841692 1148943825 1057198604 0 0 20646864 19030242 316917 445 69672.96 78704.55 25111.58 18026.72
1717841702 1148944640 1057198990 0 0 20646963 19030300 316917 445 69671.68 78706.27 25112.36 18025.45
1717841712 1148945156 1057199080 0 0 20647032 19030384 316917 445 69669.05 78706.71 25114.91 18024.52
1717841723 1148945541 1057199118 0 0 20647127 19030453 316917 445 69629.22 78708.41 25154.36 18022.22
1717841733 1148946137 1057199364 0 0 20647255 19030485 316917 445 69628.28 78705.50 25156.18 18024.71
1717841743 1148946349 1057199572 0 0 20647343 19030597 316917 445 69670.21 78663.68 25114.88 18067.52
1717841753 1148946772 1057199814 0 0 20647412 19030713 316917 445 69672.42 78637.27 25112.18 18093.36
1717841764 1148948185 1057200220 0 0 20647547 19030854 316917 445 69677.03 78587.75 25106.94 18143.01
1717841775 1148949731 1057200784 0 0 20647831 19030934 316917 445 69679.16 78584.90 25105.89 18145.84
1717841785 1148950989 1057201034 0 0 20648071 19030990 316917 445 69672.92 78589.64 25112.04 18140.99
1717841795 1148951660 1057201154 0 0 20648204 19031169 316917 445 69671.88 78588.88 25113.22 18142.32
1717841806 1148952800 1057201602 0 0 20648305 19031313 316917 445 69670.71 78501.97 25113.75 18228.24
1717841816 1148954297 1057201998 0 0 20648392 19031382 316917 445 69673.11 78502.10 25111.96 18228.64
1717841826 1148955051 1057202274 0 0 20648496 19031439 316917 445 69672.95 78501.82 25112.11 18228.46
1717841836 1148956044 1057202850 0 0 20648543 19031549 316917 445 69674.32 78499.68 25111.26 18229.84
1717841847 1148958243 1057203548 0 0 20648614 19031640 316917 445 69671.15 78498.62 25113.83 18231.63
1717841857 1148961840 1057204604 0 0 20648719 19031692 316917 445 69669.79 78502.57 25114.88 18228.05
1717841867 1148964627 1057205462 0 0 20648852 19031718 316917 445 69672.68 78497.16 25110.87 18234.02
1717841878 1148966508 1057206266 0 0 20648968 19031781 316917 445 69694.87 78498.52 25089.59 18232.18
1717841888 1148968173 1057206372 0 0 20649145 19031849 316917 445 69606.71 78498.09 25178.90 18232.12
1717841898 1148969390 1057206966 0 0 20649235 19031917 316917 445 69603.88 78499.65 25180.25 18230.49
1717841909 1148970172 1057207036 0 0 20649310 19031995 316917 445 69603.20 78370.60 25181.26 18359.14
1717841919 1148971474 1057207438 0 0 20649414 19032046 316917 445 69532.12 78412.57 25253.38 18317.56
1717841929 1148971825 1057207738 0 0 20649553 19032073 316917 445 69233.05 78475.04 25551.02 18255.65
1717841939 1148972901 1057207946 0 0 20649659 19032120 316917 445 69231.24 78476.28 25551.82 18254.35
1717841950 1148973493 1057208346 0 0 20649754 19032180 316917 445 69230.59 78348.80 25554.50 18382.44
1717841960 1148973889 1057208594 0 0 20649849 19032238 316917 445 69230.81 78350.15 25553.27 18381.67
1717841970 1148974831 1057209312 0 0 20649942 19032297 316917 445 69230.11 78349.60 25554.42 18382.22
1717841981 1148975139 1057209458 0 0 20650007 19032388 316917 445 69229.18 78345.96 25555.89 18384.67
1717841991 1148975823 1057209720 0 0 20650098 19032451 316917 445 69229.71 78351.16 25555.77 18379.59
1717842001 1148976372 1057209936 0 0 20650200 19032503 316917 445 69228.85 78349.18 25555.72 18382.57
1717842011 1148976765 1057210022 0 0 20650298 19032566 316917 445 69227.73 78352.09 25556.23 18378.54
1717842022 1148976944 1057210170 0 0 20650418 19032597 316917 445 69226.89 78349.51 25557.07 18381.21
1717842032 1148977619 1057210700 0 0 20650505 19032664 316917 445 69162.93 78351.52 25622.12 18379.74
1717842042 1148978087 1057211030 0 0 20650593 19032735 316917 445 69099.46 78350.36 25686.08 18380.88
1717842053 1148978396 1057211134 0 0 20650688 19032795 316917 445 69098.50 78350.04 25685.05 18380.59
1717842063 1148979076 1057211416 0 0 20650785 19032852 316917 445 69098.89 78348.13 25685.13 18382.11
1717842073 1148979320 1057211432 0 0 20650886 19032906 316917 445 69097.77 78351.19 25687.26 18379.55
1717842083 1148979574 1057211570 0 0 20650967 19032977 316917 445 69099.66 78348.70 25685.38 18382.56
1717842094 1148979990 1057211966 0 0 20651074 19033027 316917 445 69095.73 78352.89 25689.39 18377.85
1717842104 1148980650 1057212484 0 0 20651172 19033079 316917 445 69098.19 78350.25 25686.38 18380.38
1717842114 1148981030 1057212810 0 0 20651239 19033167 316917 445 69098.65 78349.61 25684.90 18381.61
1717842125 1148981374 1057212890 0 0 20651334 19033224 316917 445 69099.52 78350.42 25684.55 18381.36
1717842135 1148982637 1057213678 0 0 20651430 19033283 316917 445 69098.46 78351.20 25686.54 18380.01
1717842145 1148983965 1057214382 0 0 20651518 19033349 316917 445 69098.95 78349.39 25686.11 18380.95
1717842155 1148984852 1057215000 0 0 20651582 19033436 316917 445 69099.28 78347.67 25684.77 18383.06
1717842166 1148985628 1057215580 0 0 20651651 19033522 316917 445 69098.27 78347.12 25686.25 18383.66
1717842176 1148986069 1057215830 0 0 20651768 19033560 316917 445 69098.77 78349.25 25686.81 18382.53
1717842186 1148986856 1057216356 0 0 20651865 19033617 316917 445 69097.08 78348.33 25686.89 18382.42
1717842197 1148987116 1057216388 0 0 20651952 19033685 316917 445 69098.21 78347.54 25686.95 18383.17
1717842207 1148987852 1057216882 0 0 20652060 19033730 316917 445 69097.93 78350.69 25687.22 18379.94
1717842217 1148989743 1057218146 0 0 20652158 19033785 316917 445 69098.39 78348.50 25685.69 18382.13
1717842227 1148991170 1057219054 0 0 20652224 19033875 316917 445 69099.15 78347.43 25684.82 18383.88
1717842238 1148991948 1057219564 0 0 20652285 19033969 316917 445 69098.49 78348.03 25686.03 18382.21
1717842248 1148992419 1057219740 0 0 20652358 19034049 316917 445 69097.77 78350.43 25687.41 18380.20
1717842258 1148993078 1057220086 0 0 20652479 19034085 316917 445 69099.10 78347.71 25685.43 18382.99
1717842269 1148993661 1057220532 0 0 20652575 19034143 316917 445 69097.91 78347.73 25687.08 18382.46
1717842279 1148994109 1057220910 0 0 20652661 19034211 316917 445 69097.63 78348.13 25687.36 18381.58
1717842289 1148994657 1057221234 0 0 20652741 19034288 316917 445 69096.75 78348.18 25688.26 18383.05
1717842299 1148995018 1057221436 0 0 20652821 19034362 316917 445 69083.34 78347.41 25701.12 18382.84
1717842310 1148996831 1057222428 0 0 20652858 19034479 316917 445 69082.83 78346.65 25702.23 18384.01
1717842320 1148997720 1057222974 0 0 20652957 19034535 316917 445 69080.73 78350.95 25703.89 18379.68
1717842331 1148998602 1057223590 0 0 20653076 19034568 316917 445 69081.25 78349.91 25703.28 18381.23
1717842341 1148999114 1057223934 0 0 20653169 19034628 316917 445 69079.66 78349.67 25706.38 18381.55
1717842351 1148999532 1057224068 0 0 20653266 19034686 316917 445 69079.68 78349.36 25704.90 18380.29
1717842361 1148999891 1057224358 0 0 20653359 19034746 316917 445 69079.31 78350.32 25705.79 18381.41
1717842372 1149000684 1057224770 0 0 20653456 19034804 316917 445 69140.68 78350.03 25643.35 18381.20
1717842382 1149001179 1057225096 0 0 20653535 19034877 316917 445 69159.02 78361.60 25625.45 18368.62
1717842392 1149001525 1057225402 0 0 20653602 19034964 316917 445 69160.06 78361.77 25624.04 18368.97
1717842403 1149002019 1057225844 0 0 20653712 19035010 316917 445 69162.10 78366.93 25622.85 18363.82
1717842413 1149002392 1057225858 0 0 20653823 19035054 316917 445 69161.14 78397.05 25623.42 18333.58
1717842423 1149002631 1057226002 0 0 20653920 19035109 316917 445 69160.53 78394.00 25623.52 18337.20
1717842433 1149002956 1057226212 0 0 20654016 19035169 316917 445 69159.15 78457.04 25625.31 18273.67
1717842444 1149003406 1057226580 0 0 20654106 19035236 316917 445 69161.56 78457.74 25624.07 18273.03
1717842454 1149003919 1057227038 0 0 20654172 19035331 316917 445 69162.42 78452.99 25622.14 18278.73
1717842464 1149004295 1057227182 0 0 20654222 19035436 316917 445 69162.23 78452.27 25621.73 18278.47
1717842475 1149004734 1057227184 0 0 20654288 19035530 316917 445 69161.13 78389.98 25623.32 18340.27
1717842485 1149005068 1057227482 0 0 20654404 19035571 316917 445 69162.48 78392.94 25622.08 18338.30
1717842495 1149005369 1057227600 0 0 20654491 19035640 316917 445 69162.54 78392.17 25622.05 18338.55
1717842506 1149009142 1057229966 0 0 20654587 19035698 316917 445 69161.98 78391.95 25621.57 18338.68
1717842516 1149010982 1057230998 0 0 20654686 19035756 316917 445 69149.61 78344.30 25634.93 18386.33
1717842526 1149013030 1057232282 0 0 20654806 19035791 316917 445 69157.63 78380.14 25627.34 18350.49
1717842536 1149013772 1057232746 0 0 20654910 19035849 316917 445 69160.21 78327.99 25623.36 18402.70
1717842547 1149014922 1057233578 0 0 20654983 19035931 316917 445 69159.45 78327.94 25625.09 18403.30
1717842557 1149015586 1057233978 0 0 20655046 19036024 316917 445 69158.43 78326.98 25625.66 18403.65
1717842568 1149016089 1057234254 0 0 20655142 19036082 316917 445 69158.86 78328.07 25626.12 18403.19
1717842578 1149016760 1057234842 0 0 20655228 19036150 316917 445 69161.18 78328.47 25622.89 18402.75
1717842588 1149017138 1057234880 0 0 20655324 19036212 316917 445 69160.17 78324.11 25624.89 18406.11
1717842598 1149017345 1057234986 0 0 20655424 19036268 316917 445 69287.64 78328.20 25496.89 18402.43
1717842609 1149020030 1057236576 0 0 20655528 19036325 316917 445 69314.28 78325.51 25470.27 18404.76
1717842619 1149022791 1057238260 0 0 20655622 19036387 316917 445 69315.05 78393.24 25470.06 18337.39
1717842629 1149024486 1057239182 0 0 20655742 19036425 316917 445 69249.36 78390.43 25534.73 18340.76
1717842640 1149025484 1057239982 0 0 20655841 19036483 316917 445 69233.82 78391.04 25550.74 18339.59
1717842650 1149026777 1057240064 0 0 20655947 19036544 316917 445 69138.22 78326.47 25645.84 18404.76
1717842660 1149027237 1057240338 0 0 20656051 19036603 316917 445 69106.09 78326.14 25678.37 18404.62
1717842671 1149028210 1057241116 0 0 20656136 19036678 316917 445 69052.54 78231.98 25731.91 18497.76
1717842681 1149031498 1057242892 0 0 20656190 19036781 316917 445 69108.47 78290.02 25675.50 18441.30
1717842691 1149035634 1057245762 0 0 20656263 19036863 316917 445 69106.62 78293.07 25679.01 18437.07
1717842701 1149039261 1057248364 0 0 20656391 19037011 316917 445 69494.43 77902.04 25287.79 18827.15
1717842712 1149044597 1057251832 0 0 20656613 19037062 316917 445 69124.08 78274.47 25660.90 18456.26
1717842722 1149048691 1057254588 0 0 20656709 19037132 316917 445 69060.63 78274.63 25724.93 18455.66
1717842732 1149052719 1057257162 0 0 20656802 19037202 316917 445 68978.96 78291.21 25805.07 18439.52
1717842743 1149055779 1057259282 0 0 20656890 19037277 316917 445 68978.72 78324.71 25805.24 18406.51
1717842753 1149058225 1057260894 0 0 20656958 19037370 316917 445 68981.50 78226.90 25803.06 18504.29
1717842763 1149059546 1057261740 0 0 20657024 19037456 316917 445 68978.75 78226.87 25805.71 18504.37
1717842773 1149060650 1057262448 0 0 20657131 19037502 316917 445 68978.10 78226.55 25806.46 18503.09
1717842784 1149061513 1057262998 0 0 20657225 19037562 316917 445 68978.00 78229.34 25806.46 18501.89
1717842794 1149062224 1057263584 0 0 20657326 19037614 316917 445 68978.55 78226.20 25806.01 18504.50
1717842804 1149062857 1057263934 0 0 20657412 19037682 316917 445 68979.75 78227.16 25804.31 18504.08
1717842815 1149063457 1057264296 0 0 20657481 19037766 316917 445 68979.66 78225.56 25804.88 18505.07
1717842825 1149063671 1057264330 0 0 20657576 19037825 316917 445 68979.98 78224.95 25805.58 18506.78
1717842835 1149063981 1057264612 0 0 20657636 19037916 316917 445 68982.29 78219.46 25801.68 18512.23
1717842846 1149064885 1057265268 0 0 20657728 19037979 316917 445 68981.87 78225.38 25803.66 18505.37
1717842856 1149065438 1057265696 0 0 20657832 19038028 316917 445 68981.38 78222.58 25803.18 18507.66
1717842866 1149065828 1057265834 0 0 20657938 19038076 316917 445 68980.80 78223.62 25804.24 18507.61
1717842876 1149066202 1057266062 0 0 20658026 19038145 316917 445 68980.11 78222.49 25804.43 18507.79
1717842887 1149066400 1057266156 0 0 20658083 19038242 316917 445 68980.88 78221.89 25803.25 18508.29
1717842897 1149066934 1057266604 0 0 20658178 19038300 316917 445 68980.53 78221.91 25804.50 18508.34
1717842907 1149067483 1057267108 0 0 20658248 19038387 316917 445 68982.07 78221.32 25803.00 18508.41
1717842918 1149068072 1057267376 0 0 20658312 19038477 316917 445 68981.21 78221.27 25803.31 18509.85
1717842928 1149068241 1057267458 0 0 20658424 19038519 316917 445 68980.89 78222.12 25804.18 18509.68
1717842938 1149068405 1057267510 0 0 20658526 19038569 316917 445 68979.68 78224.58 25805.39 18506.16
1717842949 1149068662 1057267668 0 0 20658640 19038608 316917 445 68978.65 78222.78 25804.91 18507.48
1717842959 1149069286 1057268204 0 0 20658727 19038676 316917 445 68980.72 78222.62 25804.29 18508.13
1717842969 1149069749 1057268508 0 0 20658812 19038744 316917 445 68980.03 78222.84 25805.00 18508.40
1717842979 1149070155 1057268706 0 0 20658899 19038812 316917 445 68979.95 78221.82 25805.17 18509.41
1717842990 1149070371 1057268842 0 0 20658987 19038872 316917 445 68979.16 78220.03 25806.43 18509.61
1717843001 1149070675 1057268938 0 0 20659106 19038911 316917 445 68980.24 78221.96 25803.72 18508.75
1717843011 1149070994 1057269250 0 0 20659191 19038979 316917 445 68981.33 78221.67 25802.77 18508.96
1717843021 1149071893 1057269878 0 0 20659288 19039037 316917 445 68981.03 78221.52 25802.93 18508.20
1717843031 1149072246 1057270102 0 0 20659374 19039113 316917 445 68983.28 78138.09 25801.82 18594.88
1717843042 1149072920 1057270540 0 0 20659425 19039218 316917 445 68982.73 78127.55 25801.84 18604.18
1717843052 1149073242 1057270656 0 0 20659534 19039263 316917 445 68981.34 78128.20 25803.20 18603.06
1717843062 1149073578 1057270872 0 0 20659604 19039348 316917 445 68982.29 78125.51 25802.77 18604.27
1717843073 1149073867 1057270986 0 0 20659689 19039417 316917 445 68980.65 78128.12 25804.37 18602.62
1717843083 1149074090 1057271158 0 0 20659780 19039479 316917 445 68979.47 78125.02 25805.71 18605.20
1717843093 1149074898 1057271938 0 0 20659867 19039547 316917 445 68981.54 78125.58 25802.01 18605.05
1717843104 1149075524 1057272338 0 0 20659961 19039604 316917 445 68982.31 78125.09 25802.14 18605.13
1717843114 1149075960 1057272562 0 0 20660048 19039673 316917 445 68982.66 78125.16 25801.84 18606.06
1717843124 1149076091 1057272648 0 0 20660137 19039741 316917 445 68975.16 78115.43 25809.89 18614.29
1717843134 1149076357 1057272706 0 0 20660235 19039796 316917 445 68973.43 78116.85 25811.03 18613.83
1717843145 1149076618 1057272924 0 0 20660320 19039865 316917 445 68973.85 78115.93 25811.21 18614.21
1717843155 1149077070 1057273272 0 0 20660411 19039927 316917 445 68971.59 78119.43 25813.47 18610.71
1717843165 1149077671 1057273734 0 0 20660513 19039982 316917 445 68970.75 78118.53 25814.31 18611.17
1717843176 1149078151 1057274128 0 0 20660600 19040048 316917 445 68970.36 78119.25 25814.60 18611.53
1717843186 1149078401 1057274222 0 0 20660684 19040116 316917 445 68970.41 78118.07 25814.19 18612.56
1717843196 1149078657 1057274342 0 0 20660761 19040196 316917 445 68970.11 78116.76 25813.86 18613.54
1717843206 1149078981 1057274600 0 0 20660845 19040270 316917 445 68970.17 78120.80 25814.29 18609.83
1717843217 1149079787 1057275176 0 0 20660930 19040346 316918 445 68969.20 78021.31 25815.94 18709.44
1717843227 1149080286 1057275460 0 0 20660991 19040440 316918 445 68971.35 78022.96 25813.61 18707.27
1717843237 1149080698 1057275752 0 0 20661091 19040493 316918 445 68969.26 78021.53 25816.30 18709.16
1717843248 1149081139 1057275964 0 0 20661187 19040551 316918 445 68969.65 78023.89 25814.92 18706.84
1717843258 1149081331 1057276090 0 0 20661272 19040620 316918 445 68969.48 78023.43 25814.98 18707.72
1717843268 1149082017 1057276724 0 0 20661300 19040747 316918 445 68969.10 78021.46 25815.36 18709.18
1717843278 1149082651 1057277276 0 0 20661336 19040871 316918 445 68870.47 78020.45 25914.58 18709.83
1717843289 1149083499 1057277942 0 0 20661435 19040930 316918 445 68870.70 77926.75 25912.85 18804.48
1717843299 1149083835 1057278026 0 0 20661531 19040987 316918 445 68869.17 77927.05 25914.43 18804.07
1717843309 1149084322 1057278210 0 0 20661626 19041097 316918 445 68869.83 78054.65 25914.62 18676.55
1717843320 1149084513 1057278290 0 0 20661727 19041202 316918 445 68870.47 78056.18 25914.06 18675.57
1717843330 1149085073 1057278736 0 0 20661826 19041286 316918 445 69401.73 79248.77 25383.34 17482.38
1717843340 1149085502 1057279140 0 0 20661923 19041343 316920 445 69398.05 79291.90 25386.41 17439.35
1717843350 1149085946 1057279482 0 0 20662005 19041426 316920 445 69394.55 79128.00 25389.91 17602.69
1717843361 1149086862 1057280290 0 0 20662064 19041663 316920 445 69397.84 78898.75 25386.62 17832.09
1717843371 1149087834 1057280600 0 0 20662175 19042385 316920 445 69399.74 78971.64 25384.84 17759.58
1717843381 1149088337 1057280924 0 0 20662271 19042449 316920 445 69399.27 79071.82 25385.18 17659.44
1717843392 1149088866 1057281412 0 0 20662366 19042520 316920 445 69303.47 79088.23 25482.18 17641.90
1717843402 1149089284 1057281716 0 0 20662478 19042573 316920 445 69302.95 79086.28 25482.05 17643.93
1717843412 1149089818 1057282118 0 0 20662563 19042645 316920 445 69303.31 78989.43 25479.77 17741.20
1717843422 1149090365 1057282474 0 0 20662624 19042743 316920 445 69305.35 78924.50 25479.11 17805.77
1717843433 1149090809 1057282678 0 0 20662651 19042873 316920 445 69298.09 78862.17 25486.48 17868.55
1717843443 1149091474 1057283084 0 0 20662749 19042927 316920 445 69298.39 78863.83 25486.14 17867.32
1717843453 1149091640 1057283210 0 0 20662845 19042993 316920 445 69300.09 78928.58 25484.03 17801.56
1717843464 1149092111 1057283596 0 0 20662943 19043049 316920 445 69298.53 78866.86 25485.51 17863.88
1717843474 1149092767 1057284176 0 0 20663062 19043090 316920 445 69300.84 78863.82 25484.23 17867.31
1717843484 1149093159 1057284416 0 0 20663150 19043160 316920 445 69203.10 78993.12 25580.87 17738.14
1717843495 1149093935 1057284940 0 0 20663242 19043273 316920 445 69201.92 79023.52 25582.15 17706.63
1717843505 1149094493 1057285286 0 0 20663336 19043331 316920 445 69201.98 79023.24 25583.58 17707.98
1717843515 1149094861 1057285602 0 0 20663399 19043425 316920 445 69199.25 79027.05 25586.26 17704.19
1717843525 1149095426 1057286024 0 0 20663498 19043494 316920 445 69199.16 79309.18 25585.82 17420.54
1717843536 1149095785 1057286318 0 0 20663576 19043579 316920 445 69199.30 79292.58 25586.29 17437.08
1717843546 1149096108 1057286552 0 0 20663693 19043619 316920 445 69200.08 79291.00 25583.88 17439.21
1717843556 1149096884 1057287026 0 0 20663782 19043686 316920 445 69103.50 79263.60 25679.98 17467.76
1717843567 1149097175 1057287278 0 0 20663872 19043777 316920 445 69096.69 79214.14 25687.77 17516.61
1717843577 1149097529 1057287454 0 0 20663966 19043866 316920 445 69160.32 79236.01 25623.65 17495.77
1717843587 1149098022 1057287772 0 0 20664033 19043982 316920 445 69169.03 79228.52 25614.93 17502.75
1717843597 1149098481 1057288168 0 0 20664144 19044102 316920 445 71090.53 78819.56 23694.01 17911.76
1717843608 1149099075 1057288728 0 0 20664226 19044176 316920 445 71090.80 78814.04 23694.84 17916.21
1717843618 1149099689 1057289250 0 0 20664363 19044220 316920 445 70807.63 78906.79 23978.45 17824.53
1717843628 1149101211 1057290408 0 0 20664705 19044628 316920 445 70648.68 78482.79 24135.89 18247.98
1717843639 1149103562 1057291396 0 0 20665333 19045205 316920 445 70531.63 78663.83 24253.43 18066.88
1717843649 1149104350 1057291812 0 0 20665784 19045278 316920 445 70929.11 78851.70 23855.45 17879.05
1717843659 1149104889 1057292172 0 0 20665871 19045361 316920 445 70896.97 78828.46 23887.49 17904.80
1717843670 1149105187 1057292314 0 0 20665943 19045448 316920 445 70830.31 78883.99 23954.15 17847.74
1717843680 1149105755 1057292758 0 0 20666006 19045539 316920 445 70942.76 78883.07 23842.23 17846.69
1717843690 1149106265 1057293224 0 0 20666276 19045848 316920 445 71035.29 78688.27 23749.72 18043.08
1717843700 1149107908 1057294438 0 0 20666781 19047306 316920 445 70876.75 78556.37 23906.81 18174.24
1717843711 1149109306 1057295194 0 0 20667418 19049303 316920 445 70866.32 78451.25 23918.23 18279.38
1717843721 1149110014 1057295490 0 0 20668629 19050924 316920 445 70800.19 78572.06 23983.85 18158.57
1717843731 1149111081 1057295976 0 0 20670373 19052844 316920 445 70747.88 78451.89 24041.96 18278.74
1717843742 1149111503 1057296190 0 0 20673121 19054921 316920 445 70859.16 78439.63 23929.81 18276.42
1717843752 1149112485 1057296802 0 0 20675806 19057048 316920 445 72259.16 79207.13 22525.45 17523.99
1717843762 1149113878 1057298014 0 0 20678290 19059006 316920 445 71680.13 78475.42 23109.27 18250.80
1717843773 1149117773 1057299500 0 0 20678645 19059168 316920 445 71406.02 80350.30 23377.55 16380.32
1717843783 1149119320 1057300766 0 0 20678728 19059267 316920 445 71373.88 80633.13 23410.58 16097.66
1717843793 1149120374 1057301626 0 0 20678771 19059396 316920 445 71317.91 80695.61 23466.55 16036.26
1717843804 1149120997 1057302160 0 0 20678819 19059543 316920 445 71152.01 80545.73 23632.45 16184.97
1717843814 1149121969 1057302858 0 0 20679131 19059834 316920 445 70871.14 80204.55 23914.03 16525.69
1717843824 1149124081 1057303944 0 0 20680483 19059941 316920 445 70109.34 80444.31 24676.62 16286.07
1717843835 1149125190 1057304700 0 0 20680642 19060265 316920 445 71107.18 81131.41 23677.40 15603.46
1717843845 1149126548 1057305774 0 0 20680776 19060530 316920 445 71847.33 80848.91 22937.12 15881.77
1717843855 1149127633 1057306436 0 0 20680930 19061224 316920 445 71892.25 80629.62 22892.76 16101.12
1717843865 1149130212 1057307724 0 0 20681282 19061587 316920 445 71227.30 80780.75 23556.66 15949.43
1717843876 1149131202 1057308194 0 0 20681402 19061882 316920 445 71251.63 81008.39 23532.82 15723.51
1717843886 1149133070 1057309168 0 0 20681829 19062540 316920 445 71925.19 81221.08 22860.02 15512.58
1717843896 1149136662 1057311334 0 0 20682175 19063855 316920 445 71147.82 79900.09 23637.14 16832.22
1717843907 1149140581 1057312656 0 0 20683079 19064959 316920 445 70292.37 79401.74 24492.09 17328.99
1717843917 1149145598 1057314318 0 0 20683167 19065246 316920 445 70456.25 79936.30 24327.71 16793.84
1717843927 1149150239 1057315506 0 0 20683263 19065321 316920 445 70386.91 79871.40 24397.59 16859.34
1717843938 1149151717 1057315970 0 0 20683418 19065342 316920 445 70441.78 79807.20 24343.21 16924.03
1717843948 1149155748 1057317720 0 0 20683598 19065439 316920 445 70960.62 79875.88 23824.33 16855.36
1717843958 1149160635 1057319652 0 0 20683937 19065914 316920 445 70575.19 79726.10 24209.27 17005.21
1717843968 1149163935 1057321140 0 0 20684218 19067396 316920 445 70514.35 79544.20 24271.08 17186.43
1717843979 1149166577 1057322166 0 0 20685463 19069291 316920 445 70303.42 79909.91 24480.59 16824.96
1717843989 1149170080 1057323568 0 0 20686915 19071044 316920 445 70620.95 79858.12 24152.46 16873.11
1717843999 1149173570 1057324886 0 0 20688725 19073117 316920 445 70584.88 79862.10 24200.14 16868.11
1717844010 1149175526 1057325690 0 0 20690686 19075403 316920 445 70548.44 79842.17 24236.06 16889.19
1717844020 1149176810 1057326234 0 0 20692644 19077745 316920 445 70422.90 79743.40 24371.25 16980.92
1717844030 1149180105 1057327322 0 0 20694234 19080334 316920 445 69807.03 79124.39 24977.43 17606.33
1717844040 1149184856 1057329142 0 0 20694387 19080488 316920 445 69669.95 78989.73 25115.01 17740.98
1717844051 1149187811 1057330448 0 0 20694515 19080572 316921 445 69664.84 78923.32 25120.30 17807.31
1717844061 1149190351 1057332136 0 0 20694672 19080657 316921 445 69722.78 78494.80 25062.36 18235.82
1717844071 1149192641 1057333754 0 0 20695032 19080787 316921 445 69928.80 78446.37 24855.24 18284.26
1717844082 1149194627 1057335106 0 0 20695209 19080804 316921 445 69791.45 78527.63 24993.59 18203.05
1717844092 1149197181 1057336802 0 0 20695842 19081248 316921 445 69531.23 78851.36 25253.91 17881.27
1717844102 1149201398 1057339024 0 0 20696654 19082004 316921 445 71277.84 80126.15 23508.41 16605.08
1717844113 1149203545 1057339786 0 0 20697342 19082710 316921 445 71180.66 80290.71 23604.43 16441.11
1717844123 1149207226 1057341800 0 0 20698032 19084075 316921 445 71628.17 80515.13 23156.89 16215.52
1717844133 1149210345 1057343384 0 0 20698726 19085179 316921 445 70883.91 80785.64 23901.15 15945.07
1717844143 1149214393 1057345038 0 0 20699598 19087529 316921 445 70838.92 80981.53 23948.74 15775.30
1717844154 1149218226 1057346520 0 0 20700020 19088678 316921 445 70836.22 80572.97 23948.40 16157.66
1717844164 1149221116 1057347844 0 0 20701001 19090852 316921 445 70620.09 79775.38 24178.37 16941.41
1717844174 1149225277 1057349594 0 0 20703143 19094388 316921 445 70440.08 79122.61 24330.78 17573.97
1717844185 1149229538 1057351302 0 0 20705480 19097583 316921 445 70387.80 79070.73 24394.20 17643.51
1717844195 1149232878 1057352626 0 0 20707627 19100491 316921 445 70443.09 79211.90 24342.59 17518.73
1717844205 1149236115 1057353946 0 0 20710260 19103212 316921 445 70102.29 79327.44 24657.80 17395.50
1717844216 1149238925 1057355102 0 0 20714606 19107676 316921 445 70080.51 79340.02 24704.61 17391.77
1717844226 1149240836 1057356118 0 0 20719484 19112744 316921 445 70009.78 79311.50 24779.52 17427.07
1717844237 1149243659 1057357024 0 0 20725139 19118008 316921 445 69970.47 79311.85 24814.61 17429.03
1717844247 1149248708 1057358938 0 0 20731195 19123058 316921 445 70201.30 78563.81 24585.63 18166.82
1717844257 1149256800 1057361590 0 0 20736085 19126703 316921 445 69706.84 76803.89 25077.84 19926.86
1717844268 1149264603 1057364878 0 0 20740650 19126958 316921 445 69620.82 76686.12 25170.23 20044.14
1717844278 1149270146 1057367822 0 0 20742439 19127181 316921 445 69714.85 76618.43 25069.61 20112.24
1717844288 1149272920 1057369540 0 0 20742988 19127283 316921 445 69596.52 76665.15 25187.45 20065.86
1717844299 1149276327 1057371380 0 0 20743618 19127437 316921 445 69574.33 76619.89 25210.12 20110.39
1717844309 1149280024 1057373024 0 0 20744270 19127554 316921 445 69593.99 76517.55 25196.00 20213.08
1717844319 1149282987 1057374646 0 0 20745420 19127634 316921 445 69553.37 76497.44 25231.61 20233.19
1717844330 1149285568 1057376238 0 0 20746995 19127716 316921 445 69503.71 76439.95 25257.16 20291.29
1717844340 1149289104 1057377512 0 0 20748884 19128045 316921 445 71653.56 76809.14 23131.57 19921.48
1717844350 1149290580 1057378462 0 0 20751314 19128218 316921 445 71516.39 76611.58 23276.79 20119.60
1717844360 1149292215 1057379642 0 0 20754384 19128654 316921 445 71339.21 76621.62 23445.85 20109.63
1717844371 1149295403 1057381134 0 0 20756776 19129646 316921 445 71475.82 76964.89 23308.64 19767.38
1717844381 1149297786 1057382404 0 0 20758765 19130581 316921 445 71730.93 78314.29 23052.23 18416.84
1717844391 1149299503 1057383360 0 0 20760700 19131772 316921 445 71753.53 77886.72 23017.29 18836.49
1717844402 1149301967 1057384546 0 0 20762079 19132902 316921 445 71674.15 78339.63 23110.50 18391.00
1717844412 1149304569 1057386022 0 0 20764000 19134189 316921 445 71283.70 78215.50 23492.74 18503.42
1717844422 1149308597 1057387596 0 0 20766230 19135501 316921 445 71504.11 77660.71 23281.49 19068.94
1717844433 1149312014 1057389000 0 0 20769117 19136520 316921 445 71343.95 77511.45 23441.06 19219.20
1717844443 1149315979 1057390838 0 0 20771654 19137173 316921 445 71298.94 76918.99 23486.08 19811.64
1717844453 1149322087 1057393036 0 0 20774676 19137829 316921 445 70824.42 76956.23 23967.19 19774.40
1717844464 1149327079 1057394990 0 0 20777606 19139763 316921 445 70211.64 77473.18 24578.47 19256.47
1717844474 1149331697 1057396536 0 0 20780611 19141839 316921 445 70544.94 77305.09 24239.52 19428.06
1717844484 1149335923 1057398728 0 0 20782968 19143302 316921 445 70308.90 77459.47 24475.07 19271.77
1717844495 1149344545 1057402554 0 0 20785344 19145815 316921 445 69513.66 77039.81 25273.06 19698.81
1717844505 1149351321 1057405144 0 0 20787730 19148580 316921 445 69241.27 76863.42 25544.25 19874.18
1717844515 1149359651 1057408256 0 0 20789429 19151389 316921 445 69177.41 77006.79 25607.05 19725.92
1717844525 1149364143 1057409916 0 0 20791631 19153678 316921 445 68988.79 76709.24 25795.66 20022.44
1717844536 1149368376 1057411356 0 0 20793816 19155945 316921 445 69047.72 76818.31 25738.91 19915.85
1717844546 1149372007 1057412566 0 0 20796651 19158283 316921 445 68611.14 76681.67 26172.93 20048.96
1717844556 1149378927 1057414930 0 0 20798865 19160547 316921 445 68551.32 76629.19 26233.14 20108.72
1717844567 1149386471 1057417366 0 0 20801281 19162338 316921 445 68510.14 76610.27 26274.32 20119.93
1717844577 1149391466 1057419426 0 0 20803752 19162861 316921 445 68860.05 76340.36 25926.22 20389.93
1717844587 1149398792 1057422430 0 0 20806389 19163635 316921 445 68599.62 76272.59 26191.50 20459.18
1717844598 1149404983 1057424728 0 0 20808294 19164641 316921 445 68626.85 75685.45 26157.61 21047.61
1717844608 1149412086 1057427682 0 0 20808503 19165201 316921 445 68482.77 75472.59 26301.20 21259.81
1717844618 1149418821 1057430412 0 0 20808960 19165817 316921 445 68356.92 75388.55 26427.13 21342.07
1717844628 1149424035 1057432218 0 0 20809407 19166973 316921 445 68296.06 75358.82 26488.79 21377.03
1717844639 1149427960 1057433868 0 0 20809713 19168652 316921 445 68198.10 75272.05 26586.36 21458.75
1717844649 1149433437 1057436282 0 0 20810428 19170377 316921 445 68157.45 75132.56 26627.00 21597.59
1717844659 1149437729 1057438454 0 0 20811537 19172237 316921 445 68108.93 76877.20 26677.83 19853.45
1717844670 1149439617 1057439286 0 0 20813153 19173496 316921 445 68131.17 76701.36 26654.63 20029.27
1717844680 1149443207 1057441550 0 0 20814993 19175045 316921 445 69407.42 76575.70 25376.11 20154.93
1717844690 1149446836 1057443420 0 0 20816457 19176629 316921 445 71345.39 75991.13 23439.07 20739.57
1717844701 1149450587 1057445106 0 0 20818515 19177922 316921 445 70465.62 77938.63 24318.45 18792.00
1717844711 1149454057 1057446746 0 0 20820121 19179193 316921 445 70337.92 77937.80 24445.64 18792.83
1717844721 1149456542 1057447946 0 0 20821686 19180549 316921 445 70564.59 78482.01 24220.04 18249.15
1717844731 1149459665 1057449316 0 0 20822972 19182037 316921 445 70399.49 78316.53 24384.96 18413.70
1717844742 1149461747 1057450218 0 0 20824501 19183589 316921 445 70681.44 78185.95 24103.68 18545.89
1717844752 1149465011 1057451650 0 0 20826379 19184940 316921 445 70556.08 77745.44 24228.49 18985.69
1717844762 1149466009 1057452026 0 0 20828055 19185806 316921 445 70374.86 77773.50 24416.86 18951.93
1717844773 1149468594 1057453086 0 0 20829867 19187096 316921 445 70383.13 77649.95 24402.50 19080.68
1717844783 1149472157 1057454602 0 0 20831998 19189229 316921 445 70149.55 77982.94 24634.90 18751.74
1717844793 1149477491 1057457110 0 0 20834040 19190769 316921 445 70130.62 77504.89 24654.45 19226.94
1717844804 1149483377 1057459466 0 0 20837179 19191708 316921 445 70351.96 76805.95 24434.31 19924.27
1717844814 1149489251 1057461766 0 0 20838892 19192319 316921 445 70102.97 76265.74 24683.88 20464.89
1717844824 1149494972 1057464210 0 0 20841041 19193165 316921 445 69727.75 76482.91 25057.91 20246.37
1717844834 1149499323 1057465764 0 0 20844822 19193859 316921 445 69085.93 76416.96 25698.28 20315.23
1717844845 1149504214 1057467642 0 0 20847033 19194572 316921 445 69054.05 77899.26 25719.73 18821.39
1717844855 1149508783 1057469510 0 0 20850471 19195646 316921 445 69025.30 77187.96 25760.18 19536.80
1717844865 1149513561 1057471124 0 0 20854065 19196136 316921 445 69016.19 77166.20 25774.32 19563.69
1717844876 1149516515 1057472362 0 0 20856888 19196873 316921 445 68898.23 77214.71 25886.23 19515.94
1717844886 1149522369 1057474658 0 0 20859405 19197505 316921 445 68892.88 77044.97 25895.21 19686.78
1717844896 1149524341 1057475504 0 0 20862566 19198456 316921 445 68925.86 77916.12 25824.02 18815.18
1717844907 1149525610 1057476156 0 0 20865823 19199301 316921 445 68841.61 77802.90 25949.51 18927.29
1717844917 1149528427 1057477232 0 0 20868687 19200353 316921 445 68819.88 77652.49 25950.76 19063.67
1717844927 1149529764 1057477756 0 0 20871855 19201459 316921 445 69937.67 77422.00 24847.01 19309.23
1717844937 1149533730 1057479328 0 0 20875496 19202423 316921 445 69601.24 77038.96 25182.95 19692.23
1717844948 1149538055 1057481386 0 0 20879623 19203345 316921 445 69597.80 77558.46 25187.48 19173.93
1717844958 1149543153 1057483602 0 0 20883803 19205036 316921 445 69716.57 77709.55 25073.84 19022.72
1717844968 1149547445 1057485494 0 0 20888316 19207075 316921 445 69586.80 76951.49 25204.98 19749.62
1717844979 1149550591 1057486944 0 0 20892464 19210561 316921 445 69756.21 78582.61 25030.06 18149.80
1717844989 1149556687 1057489586 0 0 20897075 19214423 316921 445 69408.60 78599.80 25383.13 18137.37
1717844999 1149561050 1057491276 0 0 20901629 19218102 316921 445 69485.25 77671.67 25299.30 19059.45
1717845010 1149563262 1057492318 0 0 20906107 19221262 316921 445 69534.84 77464.38 25255.40 19265.76
1717845020 1149565265 1057493314 0 0 20910715 19224916 316921 445 70837.47 77255.29 23951.84 19475.34
1717845030 1149567966 1057494624 0 0 20913029 19228144 316921 445 70616.21 77216.89 24170.56 19517.51
1717845040 1149570333 1057495558 0 0 20915286 19231285 316921 445 70532.84 77183.26 24252.02 19548.38
1717845051 1149571610 1057496332 0 0 20917497 19233983 316921 445 70448.84 77265.21 24335.64 19465.42
1717845061 1149572959 1057497044 0 0 20919637 19234142 316921 445 70466.27 77247.11 24323.70 19483.65
1717845071 1149574661 1057497808 0 0 20921875 19234638 316921 445 70575.63 78893.48 24185.98 17837.15
1717845082 1149575494 1057498116 0 0 20923896 19234919 316921 445 70599.99 78895.12 24185.09 17835.51
1717845092 1149577043 1057499046 0 0 20926017 19235508 316921 445 70374.58 79074.08 24391.21 17656.55
1717845102 1149577985 1057499674 0 0 20928178 19235812 316921 445 70433.79 79018.30 24350.67 17712.89
1717845113 1149580161 1057500658 0 0 20930730 19237012 316921 445 70596.95 78890.38 24178.49 17851.16
1717845123 1149582197 1057501700 0 0 20933922 19238986 316921 445 70608.09 78909.13 24176.97 17821.52
1717845133 1149583548 1057502174 0 0 20936601 19240219 316921 445 70664.73 78893.61 24124.57 17836.64
1717845144 1149585129 1057502988 0 0 20939838 19241806 316921 445 70696.32 78810.58 24096.52 17919.56
1717845154 1149586296 1057503592 0 0 20942913 19243309 316921 445 70692.62 78744.32 24097.89 17985.96
1717845164 1149587096 1057503838 0 0 20946178 19244840 316921 445 70655.36 78719.71 24129.10 18016.89
1717845174 1149588310 1057504530 0 0 20949651 19246424 316921 445 70689.21 78866.07 24095.25 17866.26
1717845185 1149589313 1057505032 0 0 20953276 19248067 316921 445 70672.72 79773.18 24112.34 16959.39
1717845195 1149591129 1057506108 0 0 20954962 19251091 316921 445 70890.21 79604.47 23893.91 17126.16
1717845205 1149592466 1057506834 0 0 20956293 19254279 316921 445 70729.10 79654.51 24055.36 17076.67
1717845216 1149593340 1057507230 0 0 20957542 19257570 316921 445 70724.02 79666.04 24059.95 17066.83
1717845226 1149595235 1057508214 0 0 20959589 19260674 316921 445 70089.36 79729.53 24695.17 17001.10
1717845236 1149597576 1057509280 0 0 20961998 19263966 316921 445 70618.32 79820.14 24168.59 16911.70
1717845246 1149600163 1057510374 0 0 20963931 19267991 316921 445 70572.16 79167.49 24217.93 17563.72
1717845257 1149601050 1057510972 0 0 20966492 19271514 316921 445 71650.24 79760.13 23137.85 16970.53
1717845267 1149601992 1057511398 0 0 20968824 19275145 316921 445 71619.50 79793.47 23165.12 16936.67
1717845278 1149602654 1057511736 0 0 20971793 19278299 316921 445 71665.05 79743.54 23120.03 16955.65
1717845288 1149603657 1057512276 0 0 20974848 19282099 316921 445 71764.46 79967.02 23026.70 16769.06
1717845298 1149606134 1057513522 0 0 20978542 19286392 316921 445 71673.52 79377.09 23111.02 17353.54
1717845308 1149608325 1057514772 0 0 20980850 19290383 316921 445 71670.08 79260.11 23120.00 17472.87
1717845319 1149609825 1057515574 0 0 20983472 19294077 316921 445 71647.20 80072.58 23142.81 16664.10
1717845329 1149612037 1057516936 0 0 20986522 19298477 316921 445 71180.12 79799.26 23604.85 16938.04
1717845339 1149613712 1057517940 0 0 20989398 19303426 316921 445 71572.25 79348.49 23212.20 17383.89
1717845350 1149615966 1057519430 0 0 20991867 19307353 316921 445 71595.34 78164.12 23189.11 18568.71
1717845360 1149620805 1057522294 0 0 20995035 19311618 316921 445 71063.95 78637.96 23724.74 18092.28
1717845370 1149625586 1057525022 0 0 20997696 19316017 316921 445 71316.56 78151.93 23469.63 18592.52
1717845381 1149631734 1057528726 0 0 20999882 19319904 316921 445 70984.26 77753.50 23770.09 18977.87
1717845391 1149639550 1057532574 0 0 21002363 19323589 316921 445 70717.20 77953.14 24076.40 18787.66
1717845401 1149647219 1057536076 0 0 21005265 19327226 316921 445 70249.84 77582.19 24540.15 19146.17
1717845411 1149653053 1057538754 0 0 21007518 19330750 316921 445 70070.55 77538.30 24718.66 19157.95
1717845422 1149657190 1057541158 0 0 21009669 19334556 316921 445 70225.78 77555.05 24567.53 19169.67
1717845432 1149661997 1057543670 0 0 21012070 19338226 316921 445 70359.38 77494.10 24425.11 19237.14
1717845442 1149666970 1057546506 0 0 21015076 19341647 316921 445 69931.59 77822.23 24851.89 18909.00
1717845453 1149672331 1057549374 0 0 21016522 19345696 316921 445 70462.80 76591.02 24322.19 20139.61
1717845463 1149677727 1057552348 0 0 21017320 19349779 316921 445 70358.78 76668.02 24427.76 20063.22
1717845473 1149683067 1057555318 0 0 21018930 19353094 316921 445 69603.06 76771.44 25181.51 19966.40
1717845483 1149688977 1057558174 0 0 21020167 19356471 316921 445 70042.35 76067.22 24748.47 20663.90
1717845494 1149695799 1057561820 0 0 21022411 19358396 316921 445 70288.99 75764.50 24500.01 20968.43
1717845504 1149700209 1057564302 0 0 21025173 19359820 316921 445 70245.92 76144.14 24538.54 20586.49
1717845514 1149707550 1057566730 0 0 21027383 19360786 316921 445 70319.61 76408.61 24469.69 20322.22
1717845525 1149713768 1057568694 0 0 21029721 19361438 316921 445 69859.95 76548.87 24924.65 20181.76
1717845535 1149718973 1057571178 0 0 21031753 19362348 316921 445 69114.48 76949.73 25671.79 19782.71
1717845545 1149723512 1057573542 0 0 21032710 19364325 316921 445 69139.03 76503.74 25647.39 20231.97
1717845556 1149729149 1057576334 0 0 21034085 19366059 316921 445 68712.28 76922.17 26072.78 19813.76
1717845566 1149732661 1057578874 0 0 21034790 19367726 316921 445 68610.81 76939.98 26174.73 19796.78
1717845576 1149736333 1057581170 0 0 21035483 19369528 316921 445 68498.74 76912.68 26285.72 19821.10
1717845586 1149739800 1057583102 0 0 21035891 19370776 316921 445 68453.93 78403.58 26330.52 18328.22
1717845597 1149744625 1057586556 0 0 21036036 19371327 316921 445 70016.58 78208.09 24767.88 18522.62
1717845607 1149750768 1057589732 0 0 21036989 19372090 316921 445 69304.02 78410.24 25480.52 18320.39
1717845617 1149755228 1057592314 0 0 21037290 19372351 316921 445 69175.29 78135.31 25609.76 18595.32
1717845628 1149761100 1057595658 0 0 21037490 19372524 316921 445 69028.46 78292.70 25756.61 18437.93
1717845638 1149765027 1057598056 0 0 21037664 19372736 316921 445 68846.03 78290.30 25938.43 18440.98
1717845648 1149767555 1057599368 0 0 21037742 19372989 316921 445 68806.94 78285.40 25978.08 18445.23
1717845658 1149769363 1057600328 0 0 21037892 19373458 316921 445 68769.70 78298.71 26014.67 18431.80
1717845669 1149771923 1057601862 0 0 21038493 19374175 316921 445 68557.62 78460.92 26226.84 18270.39
1717845679 1149775603 1057603928 0 0 21038572 19375274 316921 445 68449.35 78470.52 26333.14 18236.58
1717845689 1149777658 1057604928 0 0 21038705 19376578 316921 445 68444.02 78457.54 26340.43 18276.73
1717845700 1149780768 1057606624 0 0 21039196 19378263 316921 445 69813.34 79164.32 24971.70 17566.31
1717845710 1149785677 1057609310 0 0 21039933 19379727 316921 445 69246.93 78805.85 25537.53 17926.04
1717845720 1149790375 1057611684 0 0 21040702 19381358 316921 445 69406.56 78620.54 25378.50 18117.00
1717845731 1149793753 1057613456 0 0 21041294 19382781 316921 445 69342.46 78677.67 25443.13 18052.46
1717845741 1149797725 1057615320 0 0 21041554 19384094 316921 445 70027.56 78627.04 24756.93 18103.59
1717845751 1149801778 1057617578 0 0 21042249 19385340 316921 445 69795.00 78818.05 24990.11 17919.12
1717845761 1149805785 1057620016 0 0 21042900 19386926 316921 445 69757.47 78603.40 25027.64 18128.20
1717845772 1149810328 1057623074 0 0 21044181 19388691 316921 445 69133.54 78941.59 25651.46 17789.04
1717845782 1149815034 1057626130 0 0 21045035 19390630 316921 445 69641.37 78788.98 25142.84 17948.31
1717845792 1149819970 1057629316 0 0 21046171 19392164 316921 445 69196.58 78803.45 25595.56 17917.18
1717845803 1149825152 1057632472 0 0 21047005 19394170 316921 445 69621.10 78737.07 25163.36 17996.50
1717845813 1149828924 1057634934 0 0 21048214 19396123 316921 445 69957.44 78616.46 24827.02 18113.77
1717845823 1149833311 1057637766 0 0 21049696 19397798 316921 445 69456.38 78950.96 25328.18 17779.66
1717845833 1149837346 1057640478 0 0 21050810 19400232 316921 445 69883.90 77954.62 24902.55 18774.61
1717845844 1149841178 1057643096 0 0 21051824 19402431 316921 445 69312.86 78552.79 25474.38 18172.78
1717845854 1149844254 1057644962 0 0 21053392 19405961 316921 445 71022.86 79487.60 23773.38 17249.63
1717845864 1149848560 1057647748 0 0 21054130 19411516 316921 445 70714.04 79514.94 24074.65 17212.42
1717845875 1149852362 1057650460 0 0 21055195 19416260 316921 445 70792.40 79285.27 23992.78 17455.05
1717845885 1149856578 1057653356 0 0 21056226 19420307 316921 445 70890.51 79053.06 23893.50 17678.78
1717845895 1149860509 1057655982 0 0 21057454 19425258 316921 445 70971.10 79606.18 23813.36 17152.07
1717845906 1149867206 1057660078 0 0 21058727 19430718 316921 445 70257.14 78431.96 24527.32 18305.38
1717845916 1149871881 1057662852 0 0 21060364 19437117 316921 445 70181.93 79067.41 24602.52 17665.08
1717845926 1149876776 1057665338 0 0 21061035 19441593 316921 445 70762.75 80012.02 24021.75 16718.32
1717845936 1149878076 1057666330 0 0 21061547 19446183 316921 445 70730.96 79978.80 24053.55 16751.85
1717845947 1149881979 1057668446 0 0 21063925 19450075 316921 445 69808.70 79036.80 24976.97 17698.86
1717845957 1149885705 1057670176 0 0 21065307 19452591 316921 445 69901.23 79066.04 24882.73 17666.36
1717845967 1149889072 1057672396 0 0 21067585 19453744 316921 445 69469.69 78901.38 25314.77 17829.88
1717845978 1149890805 1057673660 0 0 21069048 19455509 316921 445 69398.91 78953.94 25377.38 17767.14
1717845988 1149892657 1057674724 0 0 21071342 19457211 316921 445 68899.88 78923.62 25885.64 17816.89
1717845998 1149894626 1057675788 0 0 21073854 19458663 316921 445 68857.46 79202.51 25927.00 17529.76
1717846009 1149898699 1057678076 0 0 21074393 19459515 316921 445 68827.59 78523.68 25956.87 18207.59
1717846019 1149904611 1057681706 0 0 21075269 19460832 316921 445 69424.09 78553.11 25361.46 18177.52
1717846029 1149910473 1057684058 0 0 21075915 19460986 316921 445 68900.21 78398.81 25884.39 18331.82
1717846039 1149914326 1057685692 0 0 21076069 19461328 316921 445 69107.64 78088.04 25677.03 18642.59
1717846050 1149918195 1057686924 0 0 21076389 19461400 316921 445 68850.90 78293.67 25933.62 18436.96
1717846060 1149923705 1057689554 0 0 21076650 19461711 316921 445 69070.04 78909.50 25715.63 17820.19
1717846070 1149929930 1057692560 0 0 21077275 19461917 316921 445 68220.75 78840.29 26563.71 17890.43
1717846081 1149935375 1057695542 0 0 21077378 19462159 316921 445 68336.38 78630.15 26448.08 18100.99
1717846091 1149941869 1057698670 0 0 21077535 19462505 316921 445 68459.18 78493.82 26325.28 18237.34
1717846101 1149944820 1057700022 0 0 21077676 19462785 316921 445 68559.46 78346.90 26224.99 18383.80
1717846111 1149949003 1057701776 0 0 21077910 19463120 316921 445 68764.50 78422.50 26019.98 18309.93
1717846122 1149954211 1057704322 0 0 21078193 19463385 316921 445 68521.68 78299.76 26262.78 18430.98
1717846132 1149958327 1057706056 0 0 21078350 19463576 316921 445 68434.07 78958.46 26351.00 17772.17
1717846142 1149960917 1057707340 0 0 21078456 19463727 316921 445 68392.33 78995.47 26392.12 17735.29
1717846152 1149963776 1057708920 0 0 21078574 19463846 316921 445 68315.12 79024.18 26469.01 17707.05
1717846163 1149967101 1057710148 0 0 21078708 19463952 316921 445 68394.20 78962.63 26389.77 17767.56
1717846173 1149969770 1057711114 0 0 21078749 19464090 316921 445 68295.76 79018.07 26488.70 17713.15
1717846183 1149972409 1057712320 0 0 21078829 19464184 316921 445 68288.40 78971.38 26496.64 17759.25
1717846194 1149976339 1057714042 0 0 21078955 19464288 316921 445 68293.19 78913.32 26492.31 17817.39
1717846204 1149978411 1057714834 0 0 21079056 19464399 316921 445 68288.69 78924.62 26495.77 17805.61
1717846214 1149981612 1057716044 0 0 21079145 19464541 316921 445 68240.18 78869.76 26544.28 17861.93
1717846224 1149984469 1057717204 0 0 21079298 19464650 316921 445 68193.91 78900.20 26591.15 17831.12
1717846235 1149987584 1057718518 0 0 21079397 19464771 316921 445 68156.07 78908.09 26628.39 17822.66
1717846245 1149989326 1057719114 0 0 21079468 19464955 316921 445 68247.66 78775.33 26536.80 17955.95
1717846255 1149991515 1057720256 0 0 21079641 19465450 316921 445 69563.80 78577.17 25220.66 18154.05
1717846266 1149994183 1057721360 0 0 21079810 19465803 316921 445 69542.34 78344.91 25242.74 18385.72
1717846276 1149997386 1057722602 0 0 21079957 19465909 316921 445 69510.37 78324.93 25273.17 18405.70
1717846286 1150000249 1057723842 0 0 21080147 19465957 316921 445 69473.85 78347.62 25310.80 18383.61
1717846296 1150003706 1057725418 0 0 21080374 19466137 316921 445 69463.25 78193.53 25321.93 18536.61
1717846307 1150006899 1057726898 0 0 21080552 19466249 316921 445 69389.29 78159.60 25395.17 18572.11
1717846317 1150008295 1057727584 0 0 21080610 19466357 316921 445 69450.94 78128.86 25333.52 18601.84
1717846327 1150009390 1057728256 0 0 21080653 19466490 316921 445 69559.88 78201.59 25225.10 18530.13
1717846338 1150014034 1057730148 0 0 21081908 19467128 316921 445 68189.70 77498.16 26594.86 19232.47
1717846348 1150017854 1057731468 0 0 21082134 19467185 316921 445 68025.59 77631.36 26759.48 19099.87
1717846358 1150022222 1057733086 0 0 21082322 19467301 316921 445 67998.28 77618.11 26786.20 19117.36
1717846368 1150028045 1057734832 0 0 21082554 19467565 316921 445 68166.25 77432.32 26618.20 19299.98
1717846379 1150035436 1057737646 0 0 21082920 19467694 316921 445 67872.63 77696.47 26910.90 19034.16
1717846389 1150040496 1057739376 0 0 21083152 19467751 316921 445 67845.71 77685.54 26939.95 19045.09
1717846399 1150043962 1057740674 0 0 21083371 19467813 316921 445 67833.56 77651.83 26950.02 19078.31
1717846409 1150047559 1057741892 0 0 21083557 19467901 316921 445 67843.04 77600.45 26942.45 19130.18
1717846420 1150050539 1057742824 0 0 21083725 19468076 316921 445 67948.54 77388.71 26836.50 19341.91
1717846430 1150054310 1057744274 0 0 21083912 19468189 316921 445 67864.55 77392.20 26919.91 19340.04
1717846440 1150058445 1057745580 0 0 21084028 19468296 316921 445 67836.20 77382.30 26948.97 19348.32
1717846451 1150061799 1057746938 0 0 21084222 19468441 316921 445 68754.26 77303.09 26030.88 19427.54
1717846461 1150066085 1057748430 0 0 21084784 19469246 316921 445 68409.44 76938.22 26375.02 19792.95
1717846471 1150069775 1057749986 0 0 21084861 19469408 316921 445 68373.36 76922.21 26411.09 19808.52
1717846481 1150074115 1057751858 0 0 21085110 19469995 316921 445 68505.35 76709.25 26278.19 20021.38
1717846492 1150077623 1057753192 0 0 21085412 19470589 316921 445 68540.74 77716.03 26242.73 19038.60
1717846502 1150081710 1057755054 0 0 21085603 19471053 316921 445 68570.32 77552.94 26215.38 19177.69
1717846512 1150085722 1057756856 0 0 21085910 19471438 316921 445 68397.84 77669.20 26386.72 19068.09
1717846522 1150089401 1057758500 0 0 21086192 19471900 316921 445 68496.44 77697.21 26285.60 19035.60
1717846533 1150095067 1057761246 0 0 21086581 19473189 316921 445 68659.44 76253.87 26125.07 20476.76
1717846543 1150101171 1057764920 0 0 21087527 19475103 316921 445 68027.85 76822.70 26756.61 19907.93
1717846553 1150107086 1057768210 0 0 21088248 19476218 316921 445 68192.23 77266.42 26595.04 19463.71
1717846564 1150112904 1057771770 0 0 21089515 19477210 316921 445 67457.02 77164.88 27327.44 19564.85
1717846574 1150120010 1057776370 0 0 21089923 19478547 316921 445 68439.82 75965.33 26344.23 20765.30
1717846584 1150126011 1057779900 0 0 21090483 19479534 316921 445 68070.62 76283.32 26713.98 20447.30
1717846594 1150132046 1057783380 0 0 21091000 19480608 316921 445 68404.68 76038.16 26379.78 20592.79
1717846605 1150136791 1057786368 0 0 21091736 19481958 316921 445 68017.91 76493.84 26767.62 20236.90
1717846615 1150144273 1057790676 0 0 21092698 19482902 316921 445 68359.56 75985.30 26425.52 20745.33
1717846625 1150150664 1057794494 0 0 21093626 19483767 316921 445 67612.51 76622.80 27173.83 20107.94
1717846636 1150154556 1057796980 0 0 21094443 19484931 316921 445 68287.67 76265.60 26496.29 20465.01
1717846646 1150160458 1057800606 0 0 21094918 19486272 316921 445 68283.07 76170.30 26501.50 20561.54
1717846656 1150165018 1057803408 0 0 21095403 19487552 316921 445 68027.83 76338.23 26756.69 20392.40
1717846666 1150169242 1057805916 0 0 21096332 19488478 316921 445 67642.12 76407.46 27142.34 20324.95
1717846677 1150176835 1057810586 0 0 21097367 19489426 316921 445 67662.75 76615.84 27121.71 20127.15
1717846687 1150182232 1057813872 0 0 21098041 19490642 316921 445 68071.12 76171.28 26712.95 20562.30
1717846698 1150186287 1057816538 0 0 21099066 19491892 316921 445 69688.71 78475.70 25096.95 18256.57
1717846708 1150189126 1057818238 0 0 21099543 19492241 316921 445 69336.01 78569.87 25448.62 18162.88
1717846719 1150193406 1057821546 0 0 21100602 19493490 316921 445 68884.71 78226.28 25899.37 18503.86
1717846730 1150197111 1057823842 0 0 21100962 19493872 316921 445 69199.92 78053.48 25590.25 18677.25
1717846740 1150201058 1057826178 0 0 21102450 19494411 316921 445 68206.84 78195.57 26594.64 18535.65
1717846750 1150208462 1057831838 0 0 21104924 19495346 316921 445 67722.67 77765.52 27061.30 18965.11
1717846761 1150214485 1057836460 0 0 21105381 19495853 316921 445 67148.51 77597.56 27635.52 19133.07
1717846771 1150218174 1057839494 0 0 21105638 19495992 316921 445 67139.97 77440.42 27645.09 19290.21
1717846781 1150221686 1057841982 0 0 21106410 19496318 316921 445 67268.21 77227.15 27516.88 19503.48
1717846792 1150225052 1057844236 0 0 21109060 19496924 316921 445 68422.35 76955.13 26362.11 19776.07
1717846802 1150231277 1057848774 0 0 21109591 19497207 316921 445 67480.02 76825.67 27304.43 19905.63
1717846812 1150237092 1057853298 0 0 21109697 19497322 316921 445 67276.36 76894.75 27509.72 19835.88
1717846822 1150239516 1057854956 0 0 21109821 19497395 316921 445 68016.59 77004.43 26767.87 19726.69
1717846833 1150242358 1057856742 0 0 21113290 19497954 316921 445 68519.77 77142.82 26259.44 19581.63
1717846843 1150246014 1057859078 0 0 21114710 19498184 316921 445 68086.70 76801.05 26696.91 19929.58
1717846853 1150250620 1057862758 0 0 21115114 19498586 316921 445 67925.21 76739.59 26860.03 19991.04
1717846864 1150253454 1057864920 0 0 21115589 19498885 316921 445 67694.16 76877.77 27090.29 19853.56
1717846874 1150257113 1057867818 0 0 21116063 19500374 316921 445 67701.52 76859.45 27083.55 19872.19
1717846884 1150261933 1057871580 0 0 21116351 19501921 316921 445 67654.83 76837.53 27130.21 19894.79
1717846895 1150266668 1057875496 0 0 21116786 19502058 316921 445 67237.39 78077.88 27547.78 18652.79
1717846905 1150270080 1057878024 0 0 21117900 19502939 316921 445 67053.59 77609.16 27730.92 19121.47
1717846915 1150274359 1057881000 0 0 21118335 19503051 316921 445 66992.48 77650.09 27792.46 19080.61
1717846926 1150277401 1057883154 0 0 21118500 19503662 316921 445 67434.52 77801.68 27349.93 18927.97
1717846936 1150283214 1057887176 0 0 21118933 19503907 316921 445 67219.22 77850.25 27562.82 18882.80
1717846946 1150288027 1057890150 0 0 21119509 19504155 316921 445 67086.70 77815.17 27697.77 18915.46
1717846957 1150291595 1057892322 0 0 21120179 19504821 316921 445 66916.11 78088.98 27868.55 18641.65
1717846967 1150293060 1057893394 0 0 21120367 19505020 316921 445 67331.02 77863.12 27453.54 18867.50
1717846977 1150297148 1057896032 0 0 21121118 19505977 316921 445 67828.37 77395.66 26957.18 19344.37
1717846987 1150304441 1057900950 0 0 21122372 19507121 316921 445 67445.02 76837.79 27339.56 19894.07
1717846998 1150310338 1057904968 0 0 21123295 19507792 316921 445 67134.69 77480.73 27658.72 19239.97
1717847008 1150314121 1057907698 0 0 21124000 19508472 316921 445 67562.64 77606.47 27222.34 19124.16
1717847018 1150318681 1057910994 0 0 21125049 19509064 316921 445 67739.43 77339.97 27045.11 19391.26
1717847029 1150322649 1057913564 0 0 21126160 19509765 316921 445 67602.08 77948.11 27181.51 18782.52
1717847039 1150326534 1057916010 0 0 21127057 19510963 316921 445 67665.42 77409.42 27119.88 19322.40
1717847049 1150331139 1057919024 0 0 21127982 19511997 316921 445 67606.30 77483.48 27176.72 19248.36
1717847059 1150336354 1057922576 0 0 21129055 19512814 316921 445 67552.43 77269.57 27231.56 19461.06
1717847070 1150341113 1057925562 0 0 21130254 19513531 316921 445 67569.14 77508.11 27215.32 19224.16
1717847080 1150345226 1057928318 0 0 21131490 19514551 316921 445 67588.03 77308.65 27196.57 19421.98
1717847090 1150349565 1057931272 0 0 21132731 19515342 316921 445 67467.01 77314.07 27321.21 19416.56
1717847100 1150354731 1057934810 0 0 21133999 19515898 316921 445 69246.24 77620.51 25539.44 19110.12
1717847111 1150359421 1057938152 0 0 21135535 19516182 316921 445 69212.75 77672.87 25572.94 19057.76
1717847121 1150364263 1057941520 0 0 21137116 19516429 316921 445 69123.95 77649.63 25660.02 19081.51
1717847131 1150368375 1057944164 0 0 21138479 19517106 316921 445 69389.86 77909.31 25394.10 18822.37
1717847142 1150371275 1057946186 0 0 21138984 19517210 316921 445 69460.61 77892.27 25324.51 18838.36
1717847152 1150374454 1057948612 0 0 21139317 19517363 316921 445 69268.29 77886.74 25515.67 18843.89
1717847162 1150377079 1057950376 0 0 21139615 19517462 316921 445 69912.11 79399.32 24871.86 17331.43
1717847172 1150380753 1057953478 0 0 21140344 19518380 316921 445 69819.51 78289.04 24965.50 18443.10
1717847183 1150386500 1057958252 0 0 21141010 19519283 316921 445 69568.58 77414.53 25217.09 19320.10
1717847193 1150390017 1057961130 0 0 21141995 19519475 316921 445 68544.25 77696.50 26241.98 19033.64
1717847203 1150394326 1057964686 0 0 21142962 19520292 316921 445 68261.99 77829.57 26544.47 18905.21
1717847214 1150398628 1057968390 0 0 21143197 19522242 316921 445 67862.84 77099.55 26941.62 19656.09
1717847224 1150405876 1057972624 0 0 21143339 19524014 316921 445 67915.04 75647.89 26869.49 21083.30
1717847234 1150411958 1057976602 0 0 21143800 19524564 316921 445 67654.56 75613.84 27130.00 21117.39
1717847245 1150416006 1057979288 0 0 21144474 19525234 316921 445 67731.58 76112.47 27052.88 20620.18
1717847255 1150420585 1057982390 0 0 21147708 19525879 316921 445 68327.47 76028.44 26456.70 20704.19
1717847265 1150426521 1057986130 0 0 21148271 19526254 316921 445 67357.34 75950.91 27426.63 20780.98
1717847275 1150430663 1057988832 0 0 21148412 19526394 316921 445 67258.74 75945.81 27525.77 20784.93
1717847286 1150434899 1057991924 0 0 21148603 19526993 316921 445 68185.44 75764.23 26599.16 20966.40
1717847296 1150439160 1057995472 0 0 21150953 19527588 316921 445 68795.29 75774.04 25981.41 20956.59
1717847306 1150445748 1057999294 0 0 21152582 19528222 316921 445 68275.15 75720.78 26511.24 21009.96
1717847317 1150451229 1058002416 0 0 21153629 19528417 316921 445 67889.55 75831.11 26894.00 20899.52
1717847327 1150454215 1058003940 0 0 21153894 19528791 316921 445 67867.11 75809.46 26917.35 20921.23
1717847337 1150456072 1058005088 0 0 21156149 19529039 316921 445 68101.41 76414.19 26674.68 20318.85
1717847347 1150461392 1058008200 0 0 21157771 19529416 316921 445 67230.54 75798.43 27553.96 20932.20
1717847358 1150465972 1058011650 0 0 21158185 19530154 316921 445 67869.32 75766.27 26915.28 20964.36
1717847368 1150470611 1058014396 0 0 21158626 19530262 316921 445 67602.50 75713.02 27182.67 21017.61
1717847378 1150472914 1058015474 0 0 21158812 19530299 316921 445 67555.50 76385.05 27228.46 20347.23
1717847389 1150475372 1058016612 0 0 21158978 19530462 316921 445 67686.82 76344.44 27098.68 20386.19
1717847399 1150477575 1058018072 0 0 21159349 19530643 316921 445 67569.19 76315.67 27216.39 20415.02
1717847409 1150480482 1058019850 0 0 21159767 19530958 316921 445 67340.98 76310.60 27443.48 20421.25
1717847419 1150482216 1058020996 0 0 21159829 19531087 316921 445 67401.48 76276.48 27383.50 20454.15
1717847430 1150484938 1058022172 0 0 21159980 19531178 316921 445 67489.30 76395.39 27295.16 20334.83
1717847440 1150487156 1058023626 0 0 21160082 19531277 316921 445 67499.85 76387.78 27284.72 20342.85
1717847450 1150489560 1058025028 0 0 21160256 19531299 316921 445 67413.39 76387.95 27370.67 20342.68
1717847460 1150492588 1058026470 0 0 21160373 19531363 316921 445 67410.12 76362.04 27373.75 20368.71
1717847471 1150494919 1058027482 0 0 21160549 19531437 316921 445 67493.22 76364.30 27291.23 20367.49
1717847481 1150497207 1058029100 0 0 21160577 19531605 316921 445 67515.00 76331.88 27269.46 20398.88
1717847491 1150498457 1058029728 0 0 21160648 19531755 316921 445 67339.65 76292.70 27444.81 20438.03
1717847502 1150500975 1058031350 0 0 21160749 19531854 316921 445 67210.48 76268.68 27573.97 20461.53
1717847512 1150501627 1058031758 0 0 21160877 19532048 316921 445 67297.52 76213.44 27486.94 20517.83
1717847522 1150503680 1058032864 0 0 21160910 19532230 316921 445 67296.73 76168.53 27487.73 20562.16
1717847532 1150506619 1058034974 0 0 21161041 19532301 316921 445 67205.24 76090.45 27579.21 20641.36
1717847543 1150509896 1058036488 0 0 21161133 19532405 316921 445 67159.30 76113.63 27626.27 20617.00
1717847553 1150513475 1058038052 0 0 21161373 19532521 316921 445 67202.99 76377.26 27581.47 20353.55
1717847563 1150517051 1058039636 0 0 21161606 19534219 316921 445 67080.45 74395.45 27704.65 22335.18
1717847573 1150520487 1058040906 0 0 21161943 19534289 316921 445 66862.13 74490.72 27922.34 22239.91
1717847584 1150524639 1058043050 0 0 21162089 19534541 316921 445 67072.73 74253.61 27712.29 22477.02
1717847594 1150527992 1058044196 0 0 21162322 19534717 316921 445 67116.78 74283.80 27667.68 22448.07
1717847604 1150532670 1058046136 0 0 21162601 19534924 316921 445 66898.77 74515.96 27885.69 22214.20
1717847615 1150536494 1058047934 0 0 21162706 19535221 316921 445 66973.35 74393.50 27810.12 22337.21
1717847625 1150540073 1058049470 0 0 21162831 19535596 316921 445 67064.43 74315.10 27720.02 22416.12
1717847635 1150541805 1058050252 0 0 21162992 19535738 316921 445 67105.96 74317.74 27678.11 22412.89
1717847645 1150546224 1058051756 0 0 21163382 19535996 316921 445 66817.44 74504.31 27967.02 22226.87
1717847656 1150550157 1058053190 0 0 21163674 19536155 316921 445 66495.41 74588.07 28289.12 22143.16
1717847666 1150552820 1058054342 0 0 21163933 19536214 316921 445 66364.52 74575.97 28420.08 22154.66
1717847677 1150557338 1058056270 0 0 21164099 19536308 316921 445 66491.68 74537.41 28292.78 22193.72
1717847687 1150560791 1058057870 0 0 21164212 19536463 316921 445 66477.40 74503.91 28307.25 22226.72
1717847697 1150564857 1058059796 0 0 21164339 19536546 316921 445 66352.91 74480.73 28431.55 22250.49
1717847708 1150566566 1058060708 0 0 21164366 19536714 316921 445 66336.63 74446.11 28447.83 22283.64
1717847718 1150570661 1058062614 0 0 21164491 19536850 316921 445 66425.68 74400.62 28358.29 22329.60
1717847728 1150573514 1058063950 0 0 21164512 19537019 316921 445 66422.93 74358.76 28361.53 22371.43
1717847738 1150576432 1058065400 0 0 21164593 19537157 316921 445 66309.02 74328.74 28475.44 22401.12
1717847749 1150579931 1058067024 0 0 21164620 19537326 316921 445 66296.89 74288.93 28487.57 22442.81
1717847759 1150583009 1058068362 0 0 21164718 19537476 316921 445 66387.92 74253.97 28396.54 22476.70
1717847769 1150587194 1058070930 0 0 21164883 19537642 316921 445 66241.96 74351.33 28542.50 22379.34
1717847779 1150591062 1058072374 0 0 21165032 19537817 316921 445 66236.38 74221.70 28548.77 22508.93
1717847790 1150594378 1058074144 0 0 21165133 19537923 316921 445 66252.32 74159.45 28532.13 22572.28
1717847800 1150599188 1058077198 0 0 21165286 19538055 316921 445 65874.50 73975.77 28910.50 22754.86
1717847810 1150602923 1058079034 0 0 21165367 19538170 316921 445 65761.17 74031.99 29023.29 22698.75
1717847821 1150606887 1058081572 0 0 21165438 19538328 316921 445 65472.78 74055.62 29311.68 22675.55
1717847831 1150610546 1058083592 0 0 21165462 19538497 316921 445 65463.57 74011.52 29320.89 22718.76
1717847841 1150613539 1058085194 0 0 21165649 19538644 316921 445 65672.09 73981.09 29112.37 22749.57
1717847851 1150617400 1058087948 0 0 21165693 19538784 316921 445 65660.31 73947.53 29124.18 22783.10
1717847862 1150620868 1058089640 0 0 21165887 19538827 316921 445 65439.18 73895.77 29344.83 22834.86
1717847872 1150623153 1058091556 0 0 21165982 19538928 316921 445 65430.56 73852.02 29353.90 22879.12
1717847882 1150627982 1058094870 0 0 21166171 19539054 316921 445 65617.28 73839.09 29166.56 22892.32
1717847893 1150630305 1058096226 0 0 21166326 19539092 316921 445 65598.87 73808.96 29185.20 22921.67
1717847903 1150633296 1058097926 0 0 21166523 19539139 316921 445 65378.45 73748.45 29406.62 22982.18
1717847914 1150634987 1058098598 0 0 21166668 19539178 316921 445 65372.09 73717.97 29412.98 23012.17
1717847924 1150637523 1058100294 0 0 21166877 19539280 316921 445 65562.59 73703.20 29222.08 23027.43
1717847934 1150639330 1058101664 0 0 21166978 19539368 316921 445 65552.09 73668.92 29233.22 23061.74
1717847944 1150642137 1058103010 0 0 21167109 19539481 316921 445 65308.82 73630.00 29475.71 23100.62
1717847955 1150644385 1058104480 0 0 21167189 19539595 316921 445 65294.29 73584.18 29490.16 23146.56
1717847965 1150647110 1058105544 0 0 21167391 19539705 316921 445 65513.98 73556.34 29270.07 23174.29
1717847975 1150652101 1058108102 0 0 21167517 19539779 316921 445 65495.29 73520.56 29289.17 23211.15
1717847986 1150656352 1058110666 0 0 21167659 19539870 316921 445 65262.11 73489.26 29521.88 23241.37
1717847996 1150658891 1058112100 0 0 21167758 19539966 316921 445 65248.37 73448.44 29536.09 23282.71
1717848006 1150661675 1058113754 0 0 21167900 19540134 316921 445 65454.48 73424.18 29329.98 23306.95
1717848017 1150665277 1058115726 0 0 21167962 19540270 316921 445 65447.92 73380.89 29336.54 23350.27
1717848027 1150669178 1058117626 0 0 21168017 19540448 316921 445 65423.36 73134.83 29361.10 23595.80
1717848037 1150672459 1058119644 0 0 21168048 19540617 316921 445 65319.86 73181.14 29464.60 23550.09
1717848047 1150677869 1058123202 0 0 21168201 19540774 316921 445 65411.04 73308.66 29372.93 23422.46
1717848058 1150680884 1058125168 0 0 21168243 19540931 316921 445 65395.97 73266.28 29388.48 23465.00
1717848068 1150684562 1058127140 0 0 21168367 19541050 316921 445 65202.30 73281.83 29582.28 23448.80
1717848078 1150688143 1058129612 0 0 21168462 19541150 316921 445 65215.00 73285.61 29569.46 23446.13
1717848089 1150693127 1058132648 0 0 21168609 19541319 316921 445 65423.46 73248.43 29361.00 23482.22
1717848099 1150696109 1058134514 0 0 21168665 19541454 316921 445 65416.76 73214.07 29368.29 23516.56
1717848109 1150700136 1058137218 0 0 21168843 19541509 316921 445 65342.36 75039.77 29441.69 21690.86
1717848120 1150703020 1058139370 0 0 21168983 19541548 316921 445 65472.76 74967.68 29311.70 21764.17
1717848130 1150705611 1058141582 0 0 21169142 19541688 316921 445 65517.86 75123.58 29266.59 21607.18
1717848140 1150708984 1058144262 0 0 21169264 19541762 316921 445 65580.48 75011.43 29204.50 21719.20
1717848150 1150711656 1058145838 0 0 21169385 19541866 316921 445 65493.27 74826.38 29291.19 21904.27
1717848161 1150716170 1058148656 0 0 21169469 19541981 316921 445 65509.97 76821.12 29274.56 19909.51
1717848171 1150721344 1058152412 0 0 21169939 19543023 316921 445 65475.10 75509.54 29309.92 21221.09
1717848181 1150724982 1058155410 0 0 21170115 19544034 316921 445 66079.73 75654.45 28704.72 21076.29
1717848191 1150731447 1058160226 0 0 21170570 19544793 316921 445 65790.61 75238.50 28992.36 21491.64
1717848202 1150736490 1058164210 0 0 21171758 19546476 316921 445 65735.55 75096.91 29048.42 21626.40
1717848212 1150745467 1058171664 0 0 21172356 19547649 316921 445 64961.25 75218.82 29823.21 21512.93
1717848222 1150751406 1058176344 0 0 21172796 19547944 316921 445 64982.69 75122.05 29801.77 21608.65
1717848233 1150755039 1058178664 0 0 21172900 19548276 316921 445 64825.50 74834.39 29958.13 21896.23
1717848243 1150759455 1058181718 0 0 21173099 19549799 316921 445 64924.81 75499.00 29861.57 21220.80
1717848253 1150762964 1058184052 0 0 21173592 19552422 316921 445 64631.96 74912.42 30152.55 21818.21
1717848263 1150768882 1058188102 0 0 21173919 19552917 316921 445 64825.41 75052.23 29959.05 21678.57
1717848274 1150774854 1058192340 0 0 21174052 19553067 316921 445 64808.60 74600.17 29975.86 22130.53
1717848284 1150778049 1058194680 0 0 21174171 19553554 316921 445 64972.72 75138.21 29812.23 21596.55
1717848294 1150781367 1058196968 0 0 21174346 19556755 316921 445 65386.88 75106.82 29397.57 21623.99
1717848305 1150787463 1058201680 0 0 21174483 19557402 316921 445 65367.51 74682.97 29417.55 22047.66
1717848315 1150791480 1058204390 0 0 21175207 19558171 316921 445 65086.88 74486.67 29709.57 22244.68
1717848325 1150795686 1058206966 0 0 21175910 19558970 316921 445 64996.01 74342.29 29788.45 22388.34
1717848335 1150799860 1058209740 0 0 21176132 19562263 316921 445 65151.92 75097.48 29633.04 21637.29
1717848346 1150805786 1058214276 0 0 21176835 19562473 316921 445 64285.62 75073.56 30499.41 21657.07
1717848356 1150809415 1058217398 0 0 21177224 19562645 316921 445 64081.68 75037.41 30705.93 21690.77
1717848366 1150813997 1058221144 0 0 21177598 19562917 316921 445 64082.82 75022.21 30701.63 21710.82
1717848377 1150816653 1058223220 0 0 21177697 19563087 316921 445 64919.73 75014.71 29865.16 21715.80
1717848387 1150820612 1058226374 0 0 21177858 19563120 316921 445 64879.99 75025.27 29904.46 21706.02
1717848397 1150823893 1058228990 0 0 21178093 19563393 316921 445 66576.57 75524.80 28208.38 21209.91
1717848408 1150826104 1058230574 0 0 21178334 19563901 316921 445 66336.36 75377.68 28448.10 21354.66
1717848418 1150828260 1058232446 0 0 21178454 19564280 316921 445 66487.70 76504.10 28296.76 20228.58
1717848428 1150832015 1058235500 0 0 21178881 19565578 316921 445 66193.18 76494.57 28591.28 20237.20
1717848438 1150835745 1058238378 0 0 21179095 19565930 316921 445 65947.77 76643.54 28835.76 20085.34
1717848449 1150840468 1058241792 0 0 21179654 19566855 316921 445 65572.25 76282.40 29217.91 20451.75
1717848459 1150845918 1058246566 0 0 21180192 19569860 316921 445 64560.86 76295.49 30223.60 20435.68
1717848469 1150851850 1058251498 0 0 21180559 19570346 316921 445 65144.84 75561.26 29639.21 21169.37
1717848480 1150854077 1058253496 0 0 21180795 19570465 316921 445 64988.27 75492.69 29796.19 21238.06
1717848490 1150857308 1058255878 0 0 21180941 19571107 316921 445 65175.75 75079.85 29608.71 21649.93
1717848500 1150860353 1058258054 0 0 21181181 19574705 316921 445 64568.99 76104.89 30215.46 20627.41
1717848510 1150864304 1058260902 0 0 21181323 19575607 316921 445 65302.67 75057.74 29482.91 21672.89
1717848521 1150867660 1058263518 0 0 21181494 19575715 316921 445 65166.14 74921.79 29618.32 21808.44
1717848531 1150869307 1058264918 0 0 21181542 19575831 316921 445 64985.56 74926.90 29798.90 21804.41
1717848541 1150872202 1058267484 0 0 21181856 19578869 316921 445 65129.77 74954.47 29655.24 21766.91
1717848552 1150877502 1058271608 0 0 21182286 19579521 316921 445 66007.27 75176.42 28777.87 21554.81
1717848562 1150880675 1058274046 0 0 21182744 19580500 316921 445 65970.53 74100.46 28839.62 22631.38
1717848572 1150882483 1058275626 0 0 21182947 19581262 316921 445 65936.04 73836.34 28848.42 22895.42
1717848582 1150885039 1058277752 0 0 21183225 19583356 316921 445 65168.34 73697.60 29616.00 23035.38
1717848593 1150889349 1058281262 0 0 21183373 19585362 316921 445 66034.59 74311.35 28749.95 22421.28
1717848603 1150892837 1058284136 0 0 21183585 19585806 316921 445 66040.01 73663.70 28744.14 23066.93
1717848613 1150896205 1058286898 0 0 21183976 19586254 316921 445 65853.15 73600.08 28932.46 23130.55
1717848624 1150899334 1058289486 0 0 21184391 19586508 316921 445 64986.41 73555.50 29799.16 23175.71
1717848634 1150901706 1058291510 0 0 21184577 19586602 316921 445 66170.26 74209.30 28614.20 22521.41
1717848644 1150906023 1058295148 0 0 21184845 19586824 316921 445 66811.99 74509.49 27974.10 22221.14
1717848654 1150909931 1058298596 0 0 21185262 19587162 316921 445 66817.37 74268.68 27968.84 22461.95
1717848665 1150913206 1058301506 0 0 21185522 19587319 316921 445 66861.43 74304.31 27923.03 22426.93
1717848675 1150914595 1058302772 0 0 21185599 19587481 316921 445 66877.23 74329.85 27907.29 22400.78
1717848685 1150916618 1058304394 0 0 21185731 19587522 316921 445 66865.93 74153.36 27919.16 22577.00
1717848696 1150918581 1058305958 0 0 21185898 19587612 316921 445 66705.86 74086.44 28078.60 22643.79
1717848706 1150919660 1058306582 0 0 21185983 19587688 316921 445 66732.59 74053.75 28051.97 22676.88
1717848716 1150921400 1058308054 0 0 21186092 19587820 316921 445 66801.43 74127.02 27983.35 22603.18
1717848726 1150923396 1058309782 0 0 21186134 19587944 316921 445 66706.75 74118.98 28077.21 22612.23
1717848737 1150924114 1058310382 0 0 21186198 19588099 316921 445 66710.33 74028.23 28074.13 22702.47
1717848747 1150925728 1058311618 0 0 21186236 19588297 316921 445 66717.67 73969.95 28066.79 22759.80
1717848757 1150928371 1058313994 0 0 21186316 19588389 316921 445 66705.00 73905.25 28079.62 22825.38
1717848767 1150930390 1058315842 0 0 21186469 19588415 316921 445 66620.34 73895.04 28164.27 22835.59
1717848778 1150931489 1058316864 0 0 21186606 19588474 316921 445 66497.40 73905.86 28287.06 22824.98
1717848788 1150933386 1058318562 0 0 21186702 19588627 316921 445 65893.90 73907.57 28890.56 22823.13
1717848798 1150935492 1058320436 0 0 21186727 19588757 316921 445 65899.50 73899.18 28884.95 22832.07
1717848809 1150937764 1058322514 0 0 21186823 19588859 316921 445 65781.48 73810.07 29003.07 22920.55
1717848819 1150938997 1058323668 0 0 21186971 19588868 316921 445 65781.72 73803.39 29003.34 22927.34
1717848829 1150940370 1058324850 0 0 21187120 19588993 316921 445 65918.68 73873.37 28866.03 22857.26
1717848839 1150941800 1058326064 0 0 21187271 19589013 316921 445 65915.12 73794.53 28868.88 22936.10
1717848850 1150943322 1058327430 0 0 21187377 19589089 316921 445 65787.46 73789.69 28996.99 22941.64
1717848860 1150945432 1058329124 0 0 21187455 19589318 316921 445 65791.79 73853.94 28992.23 22877.24
1717848870 1150947252 1058330710 0 0 21187680 19589507 316921 445 65919.58 73729.06 28863.92 23001.57
1717848880 1150949545 1058332580 0 0 21187761 19589661 316921 445 65933.69 73612.05 28850.64 23119.18
1717848891 1150951110 1058333952 0 0 21187867 19589737 316921 445 65786.80 73625.52 28998.30 23105.11
1717848901 1150953789 1058336482 0 0 21188000 19589844 316921 445 65769.08 73682.73 29015.38 23046.92
1717848911 1150957060 1058339326 0 0 21188229 19589995 316921 445 66412.05 73708.10 28372.41 23023.13
1717848922 1150957434 1058339676 0 0 21188269 19590128 316921 445 66426.09 73614.24 28359.54 23115.89
1717848932 1150958961 1058340872 0 0 21188399 19590220 316921 445 66291.10 72951.67 28493.36 23701.98
1717848942 1150961405 1058343142 0 0 21188478 19590318 316921 445 66300.34 73692.06 28485.78 23038.57
1717848952 1150962234 1058343840 0 0 21188639 19590391 316921 445 66226.49 73812.63 28557.96 22919.03
1717848963 1150964892 1058346326 0 0 21188712 19590478 316921 445 66325.41 73706.47 28459.05 23024.81
1717848973 1150967436 1058348722 0 0 21188798 19590668 316921 445 66219.77 73728.39 28564.68 23001.81
1717848983 1150968089 1058349298 0 0 21188961 19590811 316921 445 66730.71 73756.55 28053.75 22973.69
1717848993 1150969440 1058350528 0 0 21189047 19590986 316921 445 66892.60 73689.52 27899.46 23041.76
1717849004 1150970584 1058351598 0 0 21189088 19591105 316921 445 66830.78 73690.12 27953.68 23041.08
1717849014 1150973212 1058354016 0 0 21189135 19591302 316921 445 66720.81 73757.21 28063.65 22974.11
1717849024 1150974443 1058355060 0 0 21189236 19591388 316921 445 66207.87 73694.20 28577.19 23050.43
1717849035 1150976658 1058357076 0 0 21189392 19591480 316921 445 66237.71 73719.04 28546.75 23012.08
1717849045 1150979621 1058359796 0 0 21189475 19591645 316921 445 66294.43 73089.77 28490.12 23640.86
1717849055 1150981174 1058361176 0 0 21189653 19591695 316921 445 66080.54 73080.89 28705.02 23649.74
1717849065 1150983346 1058363170 0 0 21189816 19591740 316921 445 66256.76 72922.85 28527.70 23808.41
1717849076 1150985261 1058364884 0 0 21189923 19591838 316921 445 65535.75 72980.27 29270.79 23750.36
1717849086 1150989269 1058368658 0 0 21190063 19592002 316921 445 66086.61 73426.93 28699.53 23303.70
1717849096 1150990876 1058370090 0 0 21190280 19592017 316921 445 66057.57 73439.88 28727.54 23290.75
1717849106 1150992850 1058371888 0 0 21190446 19592062 316921 445 66133.39 73148.77 28650.70 23581.86
1717849117 1150994031 1058372966 0 0 21190612 19592083 316921 445 65730.89 73186.09 28859.12 23544.54
1717849127 1150995990 1058374748 0 0 21190862 19592232 316921 445 66407.80 73213.32 28376.66 23517.92
1717849137 1150996834 1058375526 0 0 21190942 19592328 316921 445 66336.05 73203.17 28447.94 23527.46
1717849147 1150999197 1058377784 0 0 21191121 19592365 316921 445 66092.20 73133.52 28692.25 23597.25
1717849158 1151001698 1058380172 0 0 21191210 19592504 316921 445 65830.24 73185.96 28953.82 23544.67
1717849168 1151002615 1058380938 0 0 21191481 19592566 316921 445 66303.68 73320.89 28480.95 23409.74
1717849178 1151003998 1058382254 0 0 21191621 19592600 316921 445 66338.80 73200.61 28446.17 23530.02
1717849188 1151005942 1058384124 0 0 21191767 19592671 316921 445 66098.16 73129.69 28686.74 23601.30
1717849199 1151007820 1058385842 0 0 21191952 19592757 316921 445 65312.91 73420.07 29389.16 23310.07
1717849209 1151009109 1058387046 0 0 21192180 19592830 316921 445 66141.38 73481.77 28643.62 23248.86
1717849219 1151010900 1058388764 0 0 21192364 19592846 316921 445 65997.76 73459.86 28786.30 23270.77
1717849230 1151012185 1058389914 0 0 21192541 19592893 316921 445 65415.09 73320.00 29370.59 23410.68
1717849240 1151014338 1058391952 0 0 21192732 19592958 316921 445 66118.81 73295.38 28665.73 23435.25
1717849250 1151016418 1058393854 0 0 21192941 19593051 316921 445 66243.84 73316.09 28541.18 23414.54
1717849260 1151018430 1058395760 0 0 21193054 19593113 316921 445 66117.70 73354.75 28666.75 23376.45
1717849271 1151021847 1058398970 0 0 21193149 19593311 316921 445 66128.71 73189.82 28655.75 23540.86
1717849281 1151023620 1058400604 0 0 21193300 19593389 316921 445 66156.65 73267.95 28627.36 23462.68
1717849291 1151024625 1058401368 0 0 21193507 19593490 316921 445 66065.61 73422.07 28719.38 23309.20
1717849301 1151026378 1058403066 0 0 21193590 19593560 316921 445 66060.88 73425.86 28723.30 23305.37
1717849312 1151027992 1058404616 0 0 21193862 19593636 316921 445 65912.61 73818.98 28871.44 22911.64
1717849322 1151029501 1058405966 0 0 21194039 19593750 316921 445 66528.64 74097.45 28255.98 22633.26
1717849332 1151030093 1058406522 0 0 21194221 19595194 316921 445 66577.39 73480.54 28207.20 23250.09
1717849342 1151030795 1058407170 0 0 21194375 19595199 316921 445 66578.16 73465.04 28206.41 23265.59
1717849353 1151033517 1058409730 0 0 21194604 19595233 316921 445 66532.71 73350.48 28251.87 23380.14
1717849363 1151034940 1058411082 0 0 21194746 19595243 316921 445 66529.65 73338.31 28254.32 23392.32
1717849373 1151037546 1058413376 0 0 21194972 19595330 316921 445 66595.25 73709.72 28188.45 23020.91
1717849383 1151038668 1058414384 0 0 21195122 19595384 316921 445 65845.55 73709.09 28937.53 23022.06
1717849394 1151039604 1058415214 0 0 21195182 19595560 316921 445 66759.62 73481.82 28024.84 23247.83
1717849404 1151042376 1058417788 0 0 21195467 19595815 316921 445 66319.15 73707.95 28465.31 23022.32
1717849414 1151045272 1058420476 0 0 21195807 19596122 316921 445 66644.52 73886.80 28139.94 22844.42
1717849425 1151046519 1058421598 0 0 21195916 19596261 316921 445 69351.28 76437.54 25433.18 20293.11
1717849435 1151047503 1058422474 0 0 21196001 19596462 316921 445 69264.12 76157.20 25519.86 20573.43
1717849445 1151049402 1058424320 0 0 21196151 19596701 316921 445 69304.03 77183.08 25481.05 19547.55
1717849455 1151052187 1058426900 0 0 21196332 19596831 316921 445 69439.49 77264.79 25345.61 19465.84
1717849466 1151054107 1058428616 0 0 21196528 19596848 316921 445 69574.42 77206.76 25209.59 19524.47
1717849476 1151054843 1058429322 0 0 21196693 19596885 316921 445 69360.89 77111.77 25423.61 19619.46
1717849486 1151055918 1058430326 0 0 21196815 19596902 316921 445 69405.16 77067.59 25379.86 19663.04
1717849496 1151056973 1058431216 0 0 21197011 19597012 316921 445 69439.25 76428.11 25345.21 20303.05
1717849506 1151058388 1058432562 0 0 21197024 19597160 316921 445 69478.91 77301.36 25305.55 19429.83
1717849517 1151058906 1058433062 0 0 21197120 19597272 316921 445 69551.01 76919.79 25233.60 19810.84
1717849527 1151060247 1058434334 0 0 21197232 19597302 316921 445 69536.41 76938.73 25247.55 19792.46
1717849537 1151061439 1058435396 0 0 21197335 19597483 316921 445 69989.29 76143.07 24799.20 20592.32
1717849547 1151064133 1058437942 0 0 21197400 19597598 316921 445 69981.07 76805.02 24803.91 19926.52
1717849558 1151065138 1058438834 0 0 21197501 19597678 316921 445 69805.62 76331.96 24936.39 20389.15
1717849568 1151067229 1058440868 0 0 21197607 19597773 316921 445 69120.79 76773.24 25663.66 19957.41
1717849578 1151068530 1058442138 0 0 21197694 19597899 316921 445 69362.21 76338.02 25422.24 20410.03
1717849588 1151070374 1058443906 0 0 21197814 19598018 316921 445 69381.04 77325.53 25403.95 19405.72
1717849599 1151072418 1058445816 0 0 21197894 19598079 316921 445 69389.96 77317.24 25394.56 19412.89
1717849609 1151074923 1058448234 0 0 21198079 19598147 316921 445 69524.47 77035.50 25260.09 19695.72
1717849619 1151075827 1058449080 0 0 21198161 19598205 316921 445 69497.01 76931.12 25288.03 19799.02
1717849629 1151078140 1058451310 0 0 21198362 19598319 316921 445 69745.41 77361.96 25039.04 19368.30
1717849640 1151079142 1058452218 0 0 21198567 19598457 316921 445 70376.68 77282.30 24407.87 19467.05
1717849650 1151083323 1058455940 0 0 21198751 19598563 316921 445 70275.37 77349.09 24509.09 19380.58
1717849660 1151085274 1058457524 0 0 21198830 19598631 316921 445 70266.70 77354.92 24518.47 19375.71
1717849670 1151088505 1058460504 0 0 21198939 19598756 316921 445 70202.32 77430.48 24582.25 19300.66
1717849681 1151090282 1058462048 0 0 21199045 19598858 316921 445 70289.12 77424.16 24495.34 19306.11
1717849691 1151093306 1058464862 0 0 21199113 19598967 316921 445 70319.03 77302.41 24466.12 19428.22
1717849701 1151095129 1058466476 0 0 21199304 19599007 316921 445 69909.82 77464.77 24874.64 19265.46
1717849711 1151097733 1058468844 0 0 21199349 19599178 316921 445 70030.52 77539.66 24754.43 19192.08
1717849722 1151099093 1058470072 0 0 21199501 19599243 316921 445 70053.61 77550.07 24733.04 19180.06
1717849732 1151100728 1058471540 0 0 21199607 19599328 316921 445 69945.45 77455.11 24839.01 19276.09
1717849742 1151101647 1058472232 0 0 21199655 19599448 316921 445 69857.00 77455.52 24927.45 19273.62
1717849752 1151102725 1058473186 0 0 21199702 19599604 316921 445 69858.79 77555.81 24926.79 19175.32
1717849763 1151104474 1058474710 0 0 21199865 19599700 316921 445 70225.94 77559.70 24559.09 19170.93
1717849773 1151106318 1058476362 0 0 21200092 19599760 316921 445 70926.06 77477.84 23858.97 19252.86
1717849783 1151107538 1058477512 0 0 21201467 19599856 316921 445 70197.09 77241.54 24588.97 19489.09
1717849793 1151109664 1058479528 0 0 21201557 19599977 316921 445 70351.92 77346.63 24433.14 19384.59
1717849803 1151110994 1058480664 0 0 21201648 19600031 316921 445 70288.08 77393.76 24497.99 19336.87
1717849814 1151112564 1058482140 0 0 21201750 19600092 316921 445 70240.86 77326.41 24543.60 19406.33
1717849824 1151113567 1058483076 0 0 21201801 19600211 316921 445 70353.75 77421.49 24430.70 19309.75
1717849834 1151114863 1058484316 0 0 21201831 19600379 316921 445 70349.31 77515.59 24435.14 19215.61
1717849844 1151115996 1058485340 0 0 21201864 19600499 316921 445 70339.62 77506.05 24444.05 19223.45
1717849855 1151117432 1058486508 0 0 21202143 19600679 316921 445 70326.79 77438.32 24457.18 19291.91
1717849865 1151119225 1058488002 0 0 21202478 19600891 316921 445 70247.65 77441.17 24539.17 19289.46
1717849875 1151120147 1058488800 0 0 21202676 19600966 316921 445 74190.40 79370.68 20594.64 17359.95
1717849885 1151121124 1058489584 0 0 21202772 19601181 316921 445 74193.66 79089.07 20590.79 17641.18
1717849896 1151123687 1058491762 0 0 21202829 19601367 316921 445 74155.20 79799.65 20629.26 16929.51
1717849906 1151126066 1058493824 0 0 21202863 19601471 316921 445 74162.94 79790.04 20621.52 16940.21
1717849916 1151128546 1058496112 0 0 21202902 19601563 316921 445 74168.28 79786.98 20616.18 16944.22
1717849927 1151130153 1058497560 0 0 21202984 19601608 316921 445 74163.68 79789.74 20620.84 16940.89
1717849937 1151130521 1058497898 0 0 21203060 19601661 316921 445 74166.99 79786.91 20619.04 16943.74
1717849947 1151132520 1058499650 0 0 21203177 19601741 316921 445 74159.94 79631.68 20623.05 17098.95
1717849957 1151134304 1058501204 0 0 21203290 19601764 316921 445 74155.66 79736.22 20628.86 16995.44
1717849968 1151135497 1058502296 0 0 21203333 19601854 316921 445 74157.16 79680.43 20627.30 17050.86
1717849978 1151138131 1058504830 0 0 21203373 19601969 316921 445 74170.65 79562.81 20614.34 17168.93
1717849988 1151140021 1058506526 0 0 21203424 19602048 316921 445 74161.06 79571.24 20623.48 17160.48
1717849998 1151142244 1058508532 0 0 21203516 19602086 316921 445 74164.56 79567.43 20619.04 17163.20
1717850008 1151143947 1058510022 0 0 21203645 19602099 316921 445 74154.63 79573.49 20631.07 17157.14
1717850019 1151146880 1058512676 0 0 21203746 19602182 316921 445 73602.62 79507.02 21181.84 17223.76
1717850029 1151149382 1058514952 0 0 21203835 19602255 316921 445 73645.35 79439.35 21140.23 17290.79
1717850039 1151151066 1058516388 0 0 21203966 19602292 316921 445 73547.84 79375.84 21236.62 17354.79
1717850049 1151152226 1058517390 0 0 21204079 19602307 316921 445 73544.09 79379.48 21239.91 17351.15
1717850060 1151153407 1058518416 0 0 21204233 19602335 316921 445 73690.43 79384.52 21094.62 17345.69
1717850070 1151154729 1058519492 0 0 21204305 19602397 316921 445 73694.21 79380.51 21089.80 17350.12
1717850080 1151156164 1058520708 0 0 21204427 19602422 316921 445 73560.94 79375.18 21223.54 17355.45
1717850090 1151157215 1058521612 0 0 21204501 19602500 316921 445 73069.40 79369.65 21715.05 17360.98
1717850100 1151158567 1058522802 0 0 21204530 19602615 316921 445 73648.79 79373.84 21135.75 17357.29
1717850111 1151159627 1058523678 0 0 21204599 19602695 316921 445 73563.26 79373.24 21221.20 17357.41
1717850121 1151161408 1058525316 0 0 21204627 19602795 316921 445 73565.56 79373.05 21218.90 17357.63
1717850131 1151164580 1058528310 0 0 21204681 19602911 316921 445 73392.14 79630.80 21392.31 17100.52
1717850142 1151166338 1058529998 0 0 21204738 19602980 316921 445 73360.08 79661.35 21425.02 17069.28
1717850152 1151169555 1058533094 0 0 21204876 19602985 316921 445 73286.88 79653.49 21498.18 17077.14
1717850162 1151171008 1058534488 0 0 21204944 19603046 316921 445 73285.60 79651.80 21500.05 17079.42
1717850172 1151172703 1058536088 0 0 21205084 19603078 316921 445 73367.49 79650.18 21416.96 17079.46
1717850183 1151173960 1058537226 0 0 21205172 19603128 316921 445 73371.89 79648.82 21412.07 17082.99
1717850193 1151176011 1058539118 0 0 21205215 19603217 316921 445 73279.51 79658.77 21505.27 17072.93
1717850203 1151178079 1058540924 0 0 21205306 19603295 316921 445 73347.37 79673.85 21437.09 17055.33
1717850213 1151180411 1058543098 0 0 21205353 19603373 316921 445 73343.46 79679.39 21441.11 17052.34
1717850223 1151181210 1058543798 0 0 21205465 19603411 316921 445 73260.09 79671.67 21523.96 17058.96
1717850234 1151181921 1058544402 0 0 21205537 19603472 316921 445 73271.37 79652.65 21513.09 17078.47
1717850244 1151183008 1058545378 0 0 21205588 19603596 316921 445 73357.70 79651.40 21427.84 17078.73
1717850254 1151184632 1058546930 0 0 21205667 19603642 316921 445 73362.51 79900.75 21421.53 16829.88
1717850264 1151187246 1058549312 0 0 21205805 19603645 316921 445 73280.20 79901.29 21504.43 16829.34
1717850275 1151189779 1058551760 0 0 21205914 19603710 316921 445 72774.44 79393.58 22010.02 17337.62
1717850285 1151191063 1058553032 0 0 21205994 19603792 316921 445 73352.79 79394.20 21431.77 17336.43
1717850295 1151192090 1058553976 0 0 21206090 19603843 316921 445 73271.36 79296.29 21513.64 17435.03
1717850305 1151194962 1058556636 0 0 21206147 19603970 316921 445 73275.64 79443.70 21510.01 17287.05
1717850315 1151197071 1058558640 0 0 21206255 19604028 316921 445 73359.50 79443.21 21424.96 17287.93
1717850326 1151198806 1058560292 0 0 21206300 19604132 316921 445 73592.59 79320.75 21191.90 17410.06
1717850336 1151200086 1058561520 0 0 21206362 19604211 316921 445 73509.22 79323.43 21275.77 17408.46
1717850346 1151201670 1058563002 0 0 21206429 19604312 316921 445 73511.96 79404.07 21273.71 17327.16
1717850356 1151203858 1058565004 0 0 21206543 19604366 316921 445 73594.00 79400.79 21191.05 17330.49
1717850367 1151205050 1058566116 0 0 21206606 19604468 316921 445 73340.57 79323.03 21444.44 17407.60
1717850377 1151206757 1058567732 0 0 21206690 19604519 316921 445 73500.45 79323.75 21284.01 17406.40
1717850387 1151208052 1058568920 0 0 21206910 19604666 316921 445 73448.46 79428.90 21335.50 17301.80
1717850397 1151208993 1058569746 0 0 21206980 19604752 316921 445 74017.48 79416.07 20766.56 17314.56
1717850408 1151210672 1058571348 0 0 21207146 19604794 316921 445 73760.29 79486.02 21024.17 17243.72
1717850418 1151212736 1058573198 0 0 21207290 19604954 316921 445 74322.20 79622.55 20462.25 17108.64
1717850428 1151214118 1058574386 0 0 21207414 19605038 316921 445 74384.06 79639.99 20401.02 17090.67
1717850438 1151215411 1058575566 0 0 21207494 19605102 316921 445 74387.55 79552.35 20398.99 17176.28
1717850448 1151216564 1058576654 0 0 21207622 19605116 316921 445 74288.32 79568.61 20496.30 17161.53
1717850459 1151218352 1058578356 0 0 21207728 19605192 316921 445 74066.70 79624.64 20717.76 17107.15
1717850469 1151220337 1058580196 0 0 21207815 19605263 316921 445 74382.05 79638.70 20403.50 17092.54
1717850479 1151222429 1058582134 0 0 21207940 19605298 316921 445 74288.54 79567.20 20497.06 17162.93
1717850489 1151223592 1058583234 0 0 21208014 19605371 316921 445 74288.33 79070.47 20496.75 17659.18
1717850499 1151224593 1058584150 0 0 21208172 19605410 316921 445 74392.71 79628.56 20391.84 17102.07
1717850510 1151225707 1058585188 0 0 21208285 19605442 316921 445 74399.14 79542.00 20385.43 17188.63
1717850520 1151226785 1058586196 0 0 21208372 19605496 316921 445 74315.11 79542.37 20471.01 17188.30
1717850530 1151227180 1058586582 0 0 21208450 19605584 316921 445 74314.48 79622.55 20469.97 17109.24
1717850540 1151228484 1058587912 0 0 21208648 19605641 316921 445 74393.86 79628.84 20391.19 17102.82
1717850551 1151229991 1058589174 0 0 21208725 19605706 316921 445 74382.67 79559.01 20401.93 17171.13
1717850561 1151231619 1058590710 0 0 21208795 19605780 316921 445 74308.64 79548.71 20475.33 17182.51
1717850571 1151232861 1058591824 0 0 21208869 19605929 316921 445 74372.10 79651.05 20412.36 17079.58
1717850581 1151234208 1058593076 0 0 21208917 19606006 316921 445 74380.41 79642.66 20404.71 17087.97
1717850592 1151235638 1058594430 0 0 21209043 19606044 316921 445 74308.91 79547.43 20475.66 17182.70
1717850602 1151236805 1058595500 0 0 21209140 19606133 316921 445 74315.29 79612.57 20469.68 17117.07
1717850612 1151237770 1058596340 0 0 21209267 19606282 316921 445 74370.57 79466.74 20413.89 17264.55
1717850622 1151239274 1058597730 0 0 21209327 19606586 316921 445 74381.41 80561.06 20403.18 16169.08
1717850633 1151240178 1058598552 0 0 21209415 19606676 316921 445 74302.16 80551.10 20481.83 16180.07
1717850643 1151241545 1058599792 0 0 21209487 19606774 316921 445 74317.54 80622.28 20467.46 16108.46
1717850653 1151243615 1058601576 0 0 21209597 19606837 316921 445 74406.03 80612.63 20379.03 16118.62
1717850663 1151244557 1058602428 0 0 21209646 19606942 316921 445 74317.66 80533.55 20466.79 16198.28
1717850673 1151246104 1058603834 0 0 21209655 19607059 316921 445 74318.34 80529.98 20466.12 16201.73
1717850684 1151248247 1058605776 0 0 21209765 19607173 316921 445 74391.29 80624.29 20394.28 16105.85
1717850694 1151249020 1058606448 0 0 21209835 19607226 316921 445 74400.78 80615.06 20383.68 16117.18
1717850704 1151249433 1058606782 0 0 21209868 19607347 316921 445 74403.49 80530.02 20380.96 16198.20
1717850714 1151250451 1058607744 0 0 21209930 19607460 316921 445 74411.60 80611.38 20373.49 16119.25
1717850724 1151251573 1058608774 0 0 21210078 19607480 316921 445 74485.75 80617.45 20298.82 16113.29
1717850735 1151252696 1058609806 0 0 21210139 19607562 316921 445 74490.80 80530.79 20294.19 16199.45
1717850745 1151253745 1058610742 0 0 21210221 19607616 316921 445 74412.24 80530.18 20372.22 16201.48
1717850755 1151254809 1058611736 0 0 21210317 19607702 316921 445 74333.01 80608.35 20452.03 16121.38
1717850765 1151255405 1058612268 0 0 21210535 19607732 316921 445 74650.83 80619.73 20134.16 16110.40
1717850775 1151256664 1058613438 0 0 21211072 19607787 316921 445 75110.57 80622.88 19678.15 16108.89
1717850786 1151257952 1058614662 0 0 21211985 19607969 316921 445 74862.66 80534.74 19921.91 16195.89
1717850796 1151259051 1058615650 0 0 21212044 19608089 316921 445 74887.07 80577.29 19897.39 16153.91
1717850806 1151259523 1058616098 0 0 21212105 19608159 316921 445 74846.69 80602.73 19937.32 16128.02
1717850816 1151259780 1058616312 0 0 21212178 19608230 316921 445 74782.64 80569.63 20001.93 16161.11
1717850827 1151261466 1058617832 0 0 21212302 19608333 316921 445 74595.01 81060.31 20188.96 15671.39
1717850837 1151261887 1058618216 0 0 21212325 19608436 316921 445 74589.46 81062.01 20195.00 15669.27
1717850847 1151262573 1058618872 0 0 21212356 19608594 316921 445 74865.52 80885.51 19919.05 15845.19
1717850857 1151263975 1058620218 0 0 21212489 19608975 316921 445 74833.64 80655.59 19950.98 16075.64
1717850867 1151266078 1058622074 0 0 21212714 19609279 316921 445 76596.40 82618.41 18188.17 14112.33
1717850878 1151266853 1058622782 0 0 21212803 19609327 316921 445 77826.54 83362.22 16957.08 13367.91
1717850888 1151267650 1058623514 0 0 21212874 19609389 316921 445 77720.88 83390.48 17063.67 13340.15
1717850898 1151268095 1058623942 0 0 21212962 19609414 316921 445 77738.66 83374.59 17045.46 13356.64
1717850908 1151269456 1058625154 0 0 21213052 19609504 316921 445 77836.65 83360.72 16948.36 13369.42
1717850918 1151270385 1058626030 0 0 21213138 19609537 316921 445 77828.63 83369.37 16956.43 13360.27
1717850928 1151270660 1058626254 0 0 21213191 19609615 316921 445 77768.61 83343.96 17015.95 13387.83
1717850939 1151271518 1058627046 0 0 21213220 19609760 316921 445 77878.83 83319.03 16905.62 13412.20
1717850949 1151272973 1058628282 0 0 21213275 19609843 316921 445 77835.53 83363.38 16948.56 13367.37
1717850959 1151272973 1058628282 0 0 21213357 19609888 316921 445 77823.61 83289.92 16960.41 13440.71
1717850969 1151274557 1058629796 0 0 21213406 19609953 316921 445 77804.70 83310.74 16979.26 13420.55
1717850979 1151276432 1058631568 0 0 21213450 19610082 316921 445 77851.59 83347.72 16932.49 13382.96
1717850990 1151276792 1058631850 0 0 21213509 19610135 316921 445 77832.01 83368.53 16953.05 13363.21
1717851000 1151277774 1058632764 0 0 21213609 19610174 316921 445 77741.54 83377.28 17043.52 13352.86
1717851010 1151278633 1058633612 0 0 21213692 19610210 316921 445 77756.35 83362.97 17028.71 13368.26
1717851020 1151280863 1058635692 0 0 21213761 19610349 316921 445 77842.48 83562.75 16942.50 13167.92
1717851030 1151281117 1058635936 0 0 21213852 19610656 316921 445 77995.42 84134.00 16790.12 12596.14
1717851041 1151281725 1058636462 0 0 21214436 19611332 316921 445 77472.34 84015.73 17313.75 12715.01
1717851051 1151281845 1058636580 0 0 21214499 19611382 316921 445 77563.36 84006.52 17220.68 12723.62
1717851061 1151281957 1058636692 0 0 21214564 19611427 316921 445 77556.00 83999.20 17228.57 12731.57
1717851071 1151282032 1058636766 0 0 21214615 19611489 316921 445 77553.14 83986.12 17231.91 12744.13
1717851081 1151282276 1058636912 0 0 21214653 19611596 316921 445 77563.11 84175.75 17221.95 12555.96
1717851092 1151282507 1058637094 0 0 21214677 19611682 316921 445 77557.54 84176.62 17227.03 12555.02
1717851102 1151282507 1058637094 0 0 21214702 19611768 316921 445 77550.77 84175.20 17233.69 12555.07
1717851112 1151283261 1058637700 0 0 21214845 19611965 316921 445 77562.29 84120.96 17222.21 12610.88
1717851122 1151283273 1058637710 0 0 21215156 19612184 316921 445 77496.71 84146.20 17299.87 12583.97
1717851132 1151283484 1058637850 0 0 21215247 19612331 316921 445 79132.14 87944.14 15652.45 8786.00
1717851142 1151283484 1058637850 0 0 21215383 19612375 316921 445 79131.68 87944.80 15651.80 8785.95
1717851153 1151283484 1058637850 0 0 21215425 19612430 316921 445 79141.21 87951.04 15643.85 8779.59
1717851163 1151283484 1058637850 0 0 21215480 19612472 316921 445 79139.61 87952.99 15644.48 8777.70
1717851173 1151283484 1058637850 0 0 21215535 19612515 316921 445 79138.47 87953.16 15644.61 8777.98
1717851183 1151283484 1058637850 0 0 21215592 19612555 316921 445 79139.18 87954.04 15644.43 8776.59
1717851193 1151283484 1058637850 0 0 21215648 19612599 316921 445 79139.73 87952.93 15644.77 8776.34
1717851203 1151283484 1058637850 0 0 21215692 19612652 316921 445 79138.86 87952.78 15645.22 8777.36
1717851213 1151283484 1058637850 0 0 21215746 19612695 316921 445 79140.45 87952.80 15644.15 8778.91
1717851224 1151283484 1058637850 0 0 21215801 19612737 316921 445 79140.42 87953.69 15644.09 8777.08
1717851234 1151283484 1058637850 0 0 21215843 19612793 316921 445 79141.18 87952.36 15644.38 8777.78
1717851244 1151283484 1058637850 0 0 21215896 19612838 316921 445 79139.79 87952.59 15645.20 8776.64
1717851254 1151283484 1058637850 0 0 21215940 19612892 316921 445 79139.28 87953.71 15644.79 8777.50
1717851264 1151283484 1058637850 0 0 21215995 19612932 316921 445 79139.66 87953.15 15644.93 8777.57
1717851274 1151283484 1058637850 0 0 21216052 19612973 316921 445 79139.29 87952.90 15645.23 8777.23
1717851285 1151283484 1058637850 0 0 21216109 19613016 316921 445 79139.47 87953.79 15645.04 8776.89
1717851295 1151283484 1058637850 0 0 21216152 19613070 316921 445 79142.11 87953.50 15642.50 8777.13
1717851305 1151283484 1058637850 0 0 21216209 19613112 316921 445 79140.88 87952.77 15644.18 8777.54
1717851315 1151283484 1058637850 0 0 21216251 19613166 316921 445 79141.20 87952.60 15642.38 8778.05
1717851325 1151283484 1058637850 0 0 21216307 19613209 316921 445 79141.43 87953.09 15643.18 8777.64
1717851335 1151283484 1058637850 0 0 21216359 19613254 316921 445 79150.28 87953.34 15634.18 8776.90
1717851346 1151283484 1058637850 0 0 21216404 19613307 316921 445 79149.81 87953.28 15634.28 8777.91
1717851356 1151283484 1058637850 0 0 21216493 19613388 316921 445 79150.56 87954.73 15634.57 8776.89
1717851366 1151283484 1058637850 0 0 21216548 19613431 316921 445 79149.14 87955.13 15634.41 8776.55
1717851376 1151283484 1058637850 0 0 21216604 19613473 316921 445 79149.37 87955.00 15635.75 8775.74
1717851386 1151283484 1058637850 0 0 21216659 19613516 316921 445 79149.79 87955.21 15633.27 8775.93
1717851396 1151283484 1058637850 0 0 21216713 19613559 316921 445 79150.66 87954.92 15633.81 8775.34
1717851406 1151283484 1058637850 0 0 21216756 19613614 316921 445 79151.61 87953.91 15633.45 8776.78
1717851417 1151283484 1058637850 0 0 21216800 19613668 316921 445 79151.76 87954.60 15632.81 8777.09
1717851427 1151283484 1058637850 0 0 21216855 19613708 316921 445 79151.48 87954.91 15632.60 8776.28
1717851437 1151283484 1058637850 0 0 21216991 19613753 316921 445 79150.68 87953.21 15633.42 8777.49
1717851447 1151283484 1058637850 0 0 21217048 19613796 316921 445 79150.41 87955.20 15635.25 8775.43
1717851458 1151283484 1058637850 0 0 21217102 19613839 316921 445 79150.21 87954.79 15634.76 8776.51
1717851468 1151283484 1058637850 0 0 21217146 19613893 316921 445 79150.78 87953.91 15633.86 8777.29
1717851478 1151283484 1058637850 0 0 21217203 19613934 316921 445 79149.36 87953.07 15634.25 8776.57
1717851488 1151283484 1058637850 0 0 21217257 19613977 316921 445 79150.42 87953.85 15635.14 8777.52
1717851498 1151283484 1058637850 0 0 21217301 19614032 316921 445 79150.55 87953.48 15634.05 8777.15
1717851509 1151283484 1058637850 0 0 21217357 19614074 316921 445 79150.69 87954.83 15633.93 8775.85
1717851519 1151283484 1058637850 0 0 21217414 19614117 316921 445 79152.04 87954.95 15632.41 8775.26
1717851529 1151283484 1058637850 0 0 21217457 19614172 316921 445 79150.99 87954.48 15633.12 8776.65
1717851539 1151283484 1058637850 0 0 21217513 19614212 316921 445 79210.97 87961.79 15564.80 8764.41
1717851549 1151283484 1058637850 0 0 21217567 19614257 316921 445 79222.61 87964.46 15562.50 8766.29
1717851559 1151283484 1058637850 0 0 21217623 19614299 316921 445 79222.27 87964.61 15562.80 8766.57
1717851570 1151283484 1058637850 0 0 21217678 19614341 316921 445 79221.12 87964.37 15562.41 8766.29
1717851580 1151283484 1058637850 0 0 21217722 19614396 316921 445 79222.77 87963.93 15560.70 8766.84
1717851590 1151283484 1058637850 0 0 21217764 19614451 316921 445 79223.48 87963.53 15561.13 8766.12
1717851600 1151283484 1058637850 0 0 21217819 19614492 316921 445 79223.39 87964.94 15562.24 8766.21
1717851610 1151283484 1058637850 0 0 21217877 19614538 316921 445 79224.02 87963.68 15561.04 8765.18
1717851621 1151283484 1058637850 0 0 21217919 19614594 316921 445 79223.51 87963.98 15559.96 8766.31
1717851631 1151283484 1058637850 0 0 21217961 19614649 316921 445 79224.69 87965.56 15560.36 8766.16
1717851641 1151283484 1058637850 0 0 21218005 19614702 316921 445 79225.03 87965.53 15558.98 8765.66
1717851651 1151283484 1058637850 0 0 21218061 19614745 316921 445 79226.27 87965.24 15558.71 8766.02
1717851661 1151283484 1058637850 0 0 21218105 19614799 316921 445 79224.50 87966.43 15559.11 8764.76
1717851671 1151283484 1058637850 0 0 21218165 19614846 316921 445 79224.41 87965.15 15559.61 8766.16
1717851682 1151283484 1058637850 0 0 21218210 19614898 316921 445 79225.34 87966.70 15559.12 8764.09
1717851692 1151283484 1058637850 0 0 21218252 19614951 316921 445 79225.18 88064.61 15559.33 8666.55
1717851702 1151283484 1058637850 0 0 21218298 19615005 316921 445 79225.17 88063.05 15559.40 8667.16
1717851712 1151283484 1058637850 0 0 21218340 19615058 316921 445 79382.70 88150.70 15401.38 8579.96
1717851722 1151283484 1058637850 0 0 21218394 19615104 316921 445 79454.23 88149.24 15330.73 8581.07
1717851732 1151283484 1058637850 0 0 21218437 19615159 316921 445 79453.10 88150.27 15331.02 8580.40
1717851742 1151283484 1058637850 0 0 21218492 19615201 316921 445 79452.23 88150.66 15331.86 8579.47
1717851753 1151283484 1058637850 0 0 21218547 19615243 316921 445 79452.82 88150.50 15331.65 8580.70
1717851763 1151283484 1058637850 0 0 21218592 19615296 316921 445 79453.35 88151.36 15330.75 8579.85
1717851773 1151283484 1058637850 0 0 21218647 19615338 316921 445 79537.57 88152.20 15246.89 8578.58
1717851783 1151283484 1058637850 0 0 21218690 19615392 316921 445 79537.91 88150.54 15246.66 8579.12
1717851793 1151283484 1058637850 0 0 21218737 19615443 316921 445 79537.98 88150.74 15246.08 8580.01
1717851803 1151283484 1058637850 0 0 21218777 19615498 316921 445 79538.24 88150.37 15245.31 8580.80
1717851814 1151283484 1058637850 0 0 21218835 19615540 316921 445 79537.34 88152.66 15246.74 8578.68
1717851824 1151283484 1058637850 0 0 21218890 19615582 316921 445 79537.76 88152.75 15246.76 8578.02
1717851834 1151283484 1058637850 0 0 21218933 19615635 316921 445 79537.60 88151.61 15246.50 8579.62
1717851844 1151283484 1058637850 0 0 21218990 19615678 316921 445 79537.21 88151.65 15246.26 8578.59
1717851854 1151283484 1058637850 0 0 21219037 19615732 316921 445 79539.17 88151.07 15245.29 8579.68
1717851864 1151283484 1058637850 0 0 21219080 19615787 316921 445 79538.39 88152.14 15246.68 8578.49
1717851875 1151283484 1058637850 0 0 21219135 19615830 316921 445 79537.17 88151.70 15246.79 8579.05
1717851885 1151283484 1058637850 0 0 21219178 19615883 316921 445 79538.34 88150.78 15245.63 8579.99
1717851895 1151283484 1058637850 0 0 21219221 19615937 316921 445 79536.51 88151.71 15247.11 8579.47
1717851905 1151283484 1058637850 0 0 21219275 19615980 316921 445 79536.70 88150.76 15247.32 8580.49
1717851915 1151283484 1058637850 0 0 21219320 19616032 316921 445 79536.95 88150.14 15248.11 8579.65
1717851925 1151283484 1058637850 0 0 21219363 19616087 316921 445 79539.37 88152.66 15243.65 8577.09
1717851936 1151283484 1058637850 0 0 21219406 19616144 316921 445 79628.27 88153.72 15155.84 8575.92
1717851946 1151283484 1058637850 0 0 21219462 19616184 316921 445 79628.30 88154.41 15156.15 8576.36
1717851956 1151283484 1058637850 0 0 21219504 19616239 316921 445 79627.24 88153.92 15155.82 8576.71
1717851966 1151283484 1058637850 0 0 21219558 19616284 316921 445 79628.22 88154.14 15156.33 8576.10
1717851976 1151283484 1058637850 0 0 21219601 19616339 316921 445 79627.34 88153.89 15157.12 8577.38
1717851986 1151283484 1058637850 0 0 21219644 19616394 316921 445 79627.31 88153.00 15155.29 8577.69
1717851997 1151283484 1058637850 0 0 21219699 19616436 316921 445 79626.85 88154.26 15157.70 8574.97
1717852007 1151283484 1058637850 0 0 21219741 19616490 316921 445 79626.70 88154.61 15157.41 8576.62
1717852017 1151283484 1058637850 0 0 21219798 19616532 316921 445 79627.34 88153.69 15157.71 8576.97
1717852027 1151283484 1058637850 0 0 21219855 19616573 316921 445 79627.90 88154.48 15156.06 8576.26
1717852037 1151283484 1058637850 0 0 21219900 19616629 316921 445 79627.73 88153.97 15156.34 8576.74
1717852047 1151283484 1058637850 0 0 21219940 19616683 316921 445 79628.47 88153.79 15157.08 8576.49
1717852058 1151283484 1058637850 0 0 21219981 19616739 316921 445 79627.43 88154.46 15157.09 8576.75
1717852068 1151283484 1058637850 0 0 21220027 19616795 316921 445 79628.36 88153.27 15155.61 8576.45
1717852078 1151283484 1058637850 0 0 21220070 19616848 316921 445 79629.39 88154.41 15155.18 8576.29
1717852088 1151283484 1058637850 0 0 21220125 19616890 316921 445 79625.64 88153.40 15159.00 8576.32
1717852098 1151283484 1058637850 0 0 21220169 19616944 316921 445 79628.61 88154.14 15156.41 8576.70
1717852108 1151283484 1058637850 0 0 21220212 19616999 316921 445 79629.28 88154.46 15155.18 8577.28
1717852118 1151283484 1058637850 0 0 21220256 19617053 316921 445 79629.29 88154.44 15155.27 8575.70
1717852129 1151283484 1058637850 0 0 21220310 19617096 316921 445 79628.22 88155.10 15156.27 8575.67
1717852139 1151283484 1058637850 0 0 21220352 19617152 316921 445 79628.80 88154.77 15156.35 8576.00
1717852149 1151283484 1058637850 0 0 21220393 19617209 316921 445 79629.01 88154.19 15156.04 8576.55
1717852159 1151283484 1058637850 0 0 21220434 19617263 316921 445 79628.36 88154.30 15154.72 8576.86
1717852169 1151283484 1058637850 0 0 21220490 19617306 316921 445 79629.23 88154.66 15155.76 8576.56
1717852179 1151283484 1058637850 0 0 21220535 19617358 316921 445 79629.83 88153.83 15154.84 8577.92
1717852190 1151283484 1058637850 0 0 21220578 19617412 316921 445 79629.74 88153.75 15155.29 8577.94
1717852200 1151283484 1058637850 0 0 21220635 19617454 316921 445 79627.29 88154.75 15156.27 8576.48
1717852210 1151283484 1058637850 0 0 21220693 19617499 316921 445 79629.45 88156.48 15155.16 8574.71
1717852220 1151283484 1058637850 0 0 21220749 19617539 316921 445 79628.42 88156.23 15155.62 8574.40
1717852230 1151283484 1058637850 0 0 21220805 19617581 316921 445 79628.03 88157.43 15156.02 8573.70
1717852240 1151283484 1058637850 0 0 21220861 19617624 316921 445 79628.78 88155.97 15154.70 8574.87
1717852251 1151283484 1058637850 0 0 21220904 19617677 316921 445 79630.14 88156.48 15155.45 8574.68
1717852261 1151283484 1058637850 0 0 21220959 19617721 316921 445 79627.95 88155.93 15155.53 8574.33
1717852271 1151283484 1058637850 0 0 21221003 19617774 316921 445 79628.64 88155.94 15156.42 8574.80
1717852281 1151283484 1058637850 0 0 21221047 19617829 316921 445 79629.06 88155.68 15154.98 8575.49
1717852291 1151283484 1058637850 0 0 21221102 19617870 316921 445 79628.16 88155.63 15156.93 8574.50
1717852301 1151283484 1058637850 0 0 21221155 19617913 316921 445 79627.76 88155.65 15156.34 8575.09
1717852312 1151283484 1058637850 0 0 21221213 19617953 316921 445 79627.57 88156.45 15156.51 8574.19
1717852322 1151283484 1058637850 0 0 21221268 19617995 316921 445 79627.37 88157.41 15157.22 8573.25
1717852332 1151283484 1058637850 0 0 21221323 19618038 316921 445 79626.80 88157.06 15157.28 8574.06
1717852342 1151283484 1058637850 0 0 21221380 19618080 316921 445 79628.52 88155.00 15156.45 8575.75
1717852353 1151283484 1058637850 0 0 21221421 19618136 316921 445 79628.41 88156.72 15155.71 8574.12
1717852363 1151283484 1058637850 0 0 21221477 19618177 316921 445 79627.01 88156.86 15157.57 8573.80
1717852373 1151283484 1058637850 0 0 21221533 19618219 316921 445 79627.92 88156.55 15157.04 8574.20
1717852383 1151283484 1058637850 0 0 21221573 19618274 316921 445 79628.21 88154.42 15156.75 8574.32
1717852393 1151283484 1058637850 0 0 21221619 19618328 316921 445 79628.12 88156.80 15155.93 8574.43
1717852403 1151283484 1058637850 0 0 21221675 19618368 316921 445 79628.65 88155.84 15156.44 8573.81
1717852414 1151283484 1058637850 0 0 21221730 19618411 316921 445 79629.38 88156.68 15155.61 8574.19
1717852424 1151283484 1058637850 0 0 21221772 19618467 316921 445 79629.97 88155.55 15155.05 8574.73
1717852434 1151283484 1058637850 0 0 21221816 19618521 316921 445 79630.12 88154.63 15155.00 8576.14
1717852444 1151283484 1058637850 0 0 21221859 19618574 316921 445 79630.89 88154.86 15154.20 8575.36
1717852454 1151283484 1058637850 0 0 21221913 19618618 316921 445 79628.14 88156.13 15155.41 8574.99
1717852464 1151283484 1058637850 0 0 21221969 19618658 316921 445 79628.52 88155.93 15155.95 8574.30
1717852475 1151283484 1058637850 0 0 21222012 19618713 316921 445 79629.08 88154.94 15154.88 8575.28
1717852485 1151283484 1058637850 0 0 21222053 19618770 316921 445 79629.52 88155.64 15154.94 8575.62
1717852495 1151283484 1058637850 0 0 21222096 19618824 316921 445 79630.18 88154.44 15154.91 8575.82
1717852505 1151283484 1058637850 0 0 21222138 19618880 316921 445 79629.84 88154.22 15154.15 8576.06
1717852515 1151283484 1058637850 0 0 21222181 19618935 316921 445 79629.44 88156.91 15154.66 8574.25
1717852525 1151283484 1058637850 0 0 21222238 19618976 316921 445 79629.98 88156.92 15155.09 8574.21
1717852536 1151283484 1058637850 0 0 21222295 19619018 316921 445 79630.15 88156.65 15154.30 8574.04
1717852546 1151283484 1058637850 0 0 21222338 19619071 316921 445 79629.25 88157.04 15153.80 8573.60
1717852556 1151283484 1058637850 0 0 21222394 19619113 316921 445 79629.06 88158.78 15155.50 8572.35
1717852566 1151283484 1058637850 0 0 21222451 19619154 316921 445 79628.41 88157.06 15154.66 8574.08
1717852576 1151283484 1058637850 0 0 21222507 19619195 316921 445 79628.34 88157.79 15156.20 8572.38
1717852586 1151283484 1058637850 0 0 21222562 19619236 316921 445 79629.60 88159.76 15154.45 8571.52
1717852597 1151283484 1058637850 0 0 21222618 19619278 316921 445 79630.60 88158.09 15154.97 8572.15
1717852607 1151283484 1058637850 0 0 21222659 19619334 316921 445 79629.55 88156.90 15155.56 8572.84
1717852617 1151283484 1058637850 0 0 21222700 19619387 316921 445 79630.43 88156.18 15153.14 8575.02
1717852627 1151283484 1058637850 0 0 21222755 19619430 316921 445 79630.46 88155.51 15154.00 8573.79
1717852637 1151283484 1058637850 0 0 21222799 19619485 316921 445 79631.42 88156.55 15153.65 8574.67
1717852647 1151283484 1058637850 0 0 21222840 19619541 316921 445 79631.38 88155.69 15153.12 8575.02
1717852657 1151283484 1058637850 0 0 21222883 19619596 316921 445 79629.71 88155.81 15153.94 8574.32
1717852668 1151283484 1058637850 0 0 21222938 19619639 316921 445 79629.67 88156.45 15154.79 8574.83
1717852678 1151283484 1058637850 0 0 21222982 19619693 316921 445 79629.68 88156.57 15154.94 8574.55
1717852688 1151283484 1058637850 0 0 21223034 19619737 316921 445 79629.95 88156.96 15154.51 8573.79
1717852698 1151283484 1058637850 0 0 21223077 19619790 316921 445 79628.95 88155.86 15155.61 8574.91
1717852708 1151283484 1058637850 0 0 21223120 19619845 316921 445 79630.09 88156.61 15154.96 8574.02
1717852718 1151283484 1058637850 0 0 21223176 19619884 316921 445 79630.73 88156.46 15154.30 8573.79
1717852729 1151283484 1058637850 0 0 21223222 19619938 316921 445 79631.75 88156.38 15153.31 8574.39
1717852739 1151283484 1058637850 0 0 21223265 19619993 316921 445 79631.02 88157.05 15153.44 8572.70
1717852749 1151283484 1058637850 0 0 21223307 19620048 316921 445 79631.10 88156.41 15153.86 8574.34
1717852759 1151283484 1058637850 0 0 21223350 19620102 316921 445 79630.80 88155.81 15153.78 8575.36
1717852769 1151283484 1058637850 0 0 21223406 19620144 316921 445 79630.34 88159.12 15154.79 8572.66
1717852779 1151283484 1058637850 0 0 21223462 19620186 316921 445 79630.30 88155.66 15153.66 8574.09
1717852790 1151283484 1058637850 0 0 21223505 19620242 316921 445 79631.18 88155.79 15153.39 8574.47
1717852800 1151283484 1058637850 0 0 21223549 19620294 316921 445 79630.62 88156.14 15153.95 8575.14
1717852810 1151283484 1058637850 0 0 21223596 19620350 316921 445 79630.77 88155.16 15154.26 8575.12
1717852820 1151283484 1058637850 0 0 21223639 19620404 316921 445 79630.52 88156.56 15153.55 8574.17
1717852830 1151283484 1058637850 0 0 21223695 19620445 316921 445 79630.92 88156.80 15153.68 8574.90
1717852840 1151283484 1058637850 0 0 21223750 19620488 316921 445 79628.97 88156.17 15154.50 8574.58
1717852851 1151283484 1058637850 0 0 21223792 19620542 316921 445 79630.57 88156.34 15154.03 8574.29
1717852861 1151283484 1058637850 0 0 21223849 19620585 316921 445 79629.48 88155.52 15155.53 8574.23
1717852871 1151283484 1058637850 0 0 21223890 19620641 316921 445 79630.94 88156.49 15154.12 8573.23
1717852881 1151283484 1058637850 0 0 21223931 19620697 316921 445 79630.21 88156.18 15154.87 8574.04
1717852891 1151283484 1058637850 0 0 21223988 19620738 316921 445 79629.15 88156.20 15154.43 8575.01
1717852901 1151283484 1058637850 0 0 21224043 19620781 316921 445 79628.56 88156.00 15156.41 8574.75
1717852912 1151283484 1058637850 0 0 21224087 19620834 316921 445 79631.38 88157.07 15153.21 8574.05
1717852922 1151283484 1058637850 0 0 21224143 19620876 316921 445 79629.46 88158.14 15155.12 8573.00
1717852932 1151283484 1058637850 0 0 21224198 19620917 316921 445 79631.81 88157.39 15153.25 8573.37
1717852942 1151283484 1058637850 0 0 21224242 19620972 316921 445 79631.30 88156.16 15153.16 8574.72
1717852953 1151283484 1058637850 0 0 21224286 19621027 316921 445 79630.32 88155.61 15153.74 8575.02
1717852963 1151283484 1058637850 0 0 21224338 19621070 316921 445 79630.58 88157.79 15153.49 8573.34
1717852973 1151283484 1058637850 0 0 21224391 19621112 316921 445 79628.62 88157.40 15155.00 8572.73
1717852984 1151283484 1058637850 0 0 21224448 19621154 316921 445 79629.98 88156.67 15154.65 8573.12
1717852994 1151283484 1058637850 0 0 21224489 19621210 316921 445 79629.66 88157.48 15154.43 8573.15
1717853004 1151283484 1058637850 0 0 21224542 19621252 316921 445 79629.70 88157.11 15154.77 8573.66
1717853014 1151283484 1058637850 0 0 21224584 19621308 316921 445 79629.88 88158.17 15154.23 8573.50
1717853024 1151283484 1058637850 0 0 21224639 19621350 316921 445 79629.30 88157.93 15155.26 8572.21
1717853034 1151283484 1058637850 0 0 21224694 19621392 316921 445 79630.67 88157.46 15154.36 8573.80
1717853045 1151283484 1058637850 0 0 21224737 19621448 316921 445 79629.27 88157.29 15155.41 8572.41
1717853055 1151283484 1058637850 0 0 21224794 19621489 316921 445 79630.93 88157.34 15153.53 8572.90
1717853065 1151283484 1058637850 0 0 21224837 19621547 316921 445 79630.90 88156.28 15152.08 8573.47
1717853075 1151283484 1058637850 0 0 21224878 19621602 316921 445 79631.34 88156.12 15153.67 8575.16
1717853085 1151283484 1058637850 0 0 21224923 19621654 316921 445 79630.37 88155.30 15154.20 8574.90
1717853095 1151283484 1058637850 0 0 21224967 19621709 316921 445 79631.61 88156.11 15152.84 8574.12
1717853106 1151283484 1058637850 0 0 21225011 19621762 316921 445 79630.73 88155.76 15154.32 8574.38
1717853116 1151283484 1058637850 0 0 21225065 19621805 316921 445 79628.87 88155.82 15155.70 8574.96
1717853126 1151283484 1058637850 0 0 21225109 19621860 316921 445 79630.19 88156.27 15153.85 8574.91
1717853136 1151283484 1058637850 0 0 21225166 19621902 316921 445 79630.07 88156.81 15155.00 8574.34
1717853146 1151283484 1058637850 0 0 21225224 19621943 316921 445 79630.28 88157.83 15154.29 8572.35
1717853156 1151283484 1058637850 0 0 21225269 19621995 316921 445 79629.93 88158.00 15154.16 8572.70
1717853167 1151283484 1058637850 0 0 21225325 19622035 316921 445 79629.33 88156.32 15154.63 8573.95
1717853177 1151283484 1058637850 0 0 21225368 19622090 316921 445 79630.10 88155.79 15154.39 8575.00
1717853187 1151283484 1058637850 0 0 21225409 19622145 316921 445 79630.49 88156.08 15153.96 8574.18
1717853197 1151283484 1058637850 0 0 21225451 19622201 316921 445 79630.24 88155.29 15154.76 8574.46
1717853207 1151283484 1058637850 0 0 21225495 19622257 316921 445 79630.16 88155.40 15154.37 8575.26
1717853217 1151283484 1058637850 0 0 21225550 19622298 316921 445 79631.85 88155.20 15153.16 8575.02
1717853228 1151283484 1058637850 0 0 21225596 19622351 316921 445 79629.82 88155.01 15154.22 8575.13
1717853238 1151283484 1058637850 0 0 21225652 19622394 316921 445 79628.79 88157.04 15155.27 8573.13
1717853248 1151283484 1058637850 0 0 21225709 19622435 316921 445 79630.64 88156.85 15154.31 8574.37
1717853258 1151283484 1058637850 0 0 21225751 19622490 316921 445 79631.25 88158.51 15153.83 8572.72
1717853268 1151283484 1058637850 0 0 21225807 19622531 316921 445 79630.98 88158.18 15153.58 8572.99
1717853278 1151283484 1058637850 0 0 21225863 19622573 316921 445 79631.60 88157.01 15153.96 8574.71
1717853289 1151283484 1058637850 0 0 21225918 19622615 316921 445 79629.89 88156.37 15155.18 8574.26
1717853299 1151283484 1058637850 0 0 21225973 19622658 316921 445 79630.47 88157.84 15154.62 8572.79
1717853309 1151283484 1058637850 0 0 21226029 19622699 316921 445 79631.24 88156.84 15152.72 8573.40
1717853319 1151283484 1058637850 0 0 21226071 19622754 316921 445 79630.92 88158.00 15153.64 8572.64
1717853329 1151283484 1058637850 0 0 21226127 19622795 316921 445 79631.32 88158.93 15153.74 8571.84
1717853339 1151283484 1058637850 0 0 21226167 19622851 316921 445 79630.64 88156.37 15154.45 8574.90
1717853350 1151283484 1058637850 0 0 21226210 19622905 316921 445 79630.73 88157.75 15153.37 8572.38
1717853360 1151283484 1058637850 0 0 21226267 19622946 316921 445 79631.20 88157.78 15152.96 8573.36
1717853370 1151283484 1058637850 0 0 21226322 19622988 316921 445 79628.85 88157.79 15155.23 8573.41
1717853380 1151283484 1058637850 0 0 21226379 19623029 316921 445 79631.72 88157.41 15153.83 8573.29
1717853390 1151283484 1058637850 0 0 21226421 19623085 316921 445 79630.61 88158.13 15154.46 8573.01
1717853400 1151283484 1058637850 0 0 21226477 19623126 316921 445 79630.05 88157.48 15154.54 8574.23
1717853411 1151283484 1058637850 0 0 21226536 19623171 316921 445 79631.09 88157.33 15153.48 8571.90
1717853421 1151283484 1058637850 0 0 21226579 19623225 316921 445 79631.30 88157.39 15153.80 8573.34
1717853431 1151283484 1058637850 0 0 21226634 19623268 316921 445 79630.25 88158.55 15154.84 8572.67
1717853441 1151283484 1058637850 0 0 21226687 19623311 316921 445 79630.16 88157.91 15153.44 8572.72
1717853451 1151283484 1058637850 0 0 21226743 19623354 316921 445 79631.64 88158.08 15152.82 8572.17
1717853462 1151283484 1058637850 0 0 21226786 19623408 316921 445 79630.96 88156.83 15152.51 8572.43
1717853472 1151283484 1058637850 0 0 21226828 19623462 316921 445 79631.67 88158.41 15153.42 8572.83
1717853482 1151283484 1058637850 0 0 21226885 19623502 316921 445 79630.48 88157.11 15154.14 8574.12
1717853492 1151283484 1058637850 0 0 21226938 19623547 316921 445 79630.18 88157.60 15153.79 8572.16
1717853502 1151283484 1058637850 0 0 21226980 19623601 316921 445 79631.03 88157.57 15153.52 8572.57
1717853512 1151283484 1058637850 0 0 21227036 19623643 316921 445 79629.32 88158.75 15154.74 8571.98
1717853523 1151283484 1058637850 0 0 21227092 19623684 316921 445 79629.18 88157.91 15155.41 8573.33
1717853533 1151283484 1058637850 0 0 21227147 19623727 316921 445 79630.30 88158.58 15154.77 8572.12
