#TIME all_pgs_mb huge_pgs_mb Node0_Foreign Node1_Foreign Node0_Local Node1_Local Node0_Other Node1_Other Node0_Free Node1_Free Node0_Used Node1_Used
1717837437 1545202357 1408942248 0 0 11131173 11667618 500975 436 60387.01 87556.62 34382.75 9189.85
1717837447 1545202410 1408942252 0 0 11131531 11667881 500975 436 60202.79 87462.09 34566.33 9283.49
1717837457 1545202868 1408942266 0 0 11133159 11668275 500975 436 59950.33 87313.95 34818.29 9434.12
1717837467 1545203864 1408942304 0 0 11133890 11668978 500975 436 59512.80 86845.66 35255.44 9900.81
1717837478 1545205419 1408942344 0 0 11134818 11670108 500975 436 58787.64 85936.52 35982.98 10809.94
1717837488 1545206753 1408942380 0 0 11135807 11670956 500975 436 58861.43 86019.21 35906.74 10727.86
1717837498 1545213485 1408943522 0 0 11140125 11674678 500975 436 54145.08 82339.16 40624.14 14407.95
1717837508 1545224311 1408949186 0 0 11147616 11681425 500975 436 52056.94 79975.04 42717.53 16772.43
1717837519 1545227884 1408950954 0 0 11157129 11691239 500975 436 52397.00 79597.73 42378.75 17148.73
1717837529 1545229640 1408951582 0 0 11166798 11702098 500975 436 52000.11 79482.80 42768.20 17263.67
1717837539 1545231828 1408952318 0 0 11172956 11709760 500975 436 52437.97 80472.86 42329.59 16273.56
1717837550 1545249806 1408968682 0 0 11174089 11712337 500975 436 48563.09 79481.74 46205.54 17265.26
1717837560 1545258568 1408976562 0 0 11174203 11712734 500975 436 47936.63 77739.88 46831.99 19006.13
1717837570 1545262127 1408979694 0 0 11174224 11712950 500975 436 47937.26 77623.43 46831.36 19122.61
1717837583 1545265966 1408982742 0 0 11174379 11713211 500975 436 47886.54 77598.16 46882.09 19147.84
1717837593 1545268779 1408985300 0 0 11174423 11713324 500975 436 47850.61 77630.09 46918.01 19116.48
1717837604 1545271305 1408987430 0 0 11174531 11713516 500975 436 47856.12 77625.80 46912.50 19120.82
1717837614 1545276008 1408991640 0 0 11174759 11713738 500975 436 40093.37 75035.36 54675.41 21710.62
1717837625 1545281173 1408996368 0 0 11175438 11713993 500975 436 38679.38 72287.64 56089.83 24458.82
1717837635 1545284735 1408999406 0 0 11176189 11714503 500975 436 44310.58 76651.05 50458.56 20094.92
1717837645 1545286827 1409000394 0 0 11176574 11714941 500975 436 53328.52 77935.34 41440.73 18810.63
1717837655 1545287655 1409000650 0 0 11177046 11715464 500975 436 53212.32 81047.30 41556.97 15699.22
1717837666 1545289287 1409001450 0 0 11177948 11716491 500975 436 52883.24 80433.50 41886.37 16312.96
1717837677 1545291244 1409002750 0 0 11178597 11716766 500975 436 52291.28 80326.78 42477.34 16419.27
1717837687 1545294001 1409004068 0 0 11178966 11717482 500975 436 52554.86 80287.07 42213.82 16458.90
1717837697 1545296828 1409005848 0 0 11179664 11717915 500975 436 51802.85 79907.74 42966.27 16838.73
1717837707 1545297626 1409006446 0 0 11179999 11718107 500975 436 52293.68 80405.62 42476.06 16340.85
1717837718 1545298695 1409007160 0 0 11180286 11718461 500975 436 51961.42 80360.50 42807.20 16387.14
1717837728 1545300710 1409008694 0 0 11180571 11718614 500975 436 52301.65 80301.56 42479.18 16445.91
1717837739 1545301238 1409008938 0 0 11180866 11718743 500975 436 52311.13 80302.33 42457.55 16444.25
1717837749 1545302307 1409009578 0 0 11181087 11718875 500975 436 52131.11 80339.73 42640.06 16406.73
1717837759 1545302536 1409009628 0 0 11181294 11718930 500975 436 52200.16 80458.90 42568.51 16287.56
1717837770 1545302992 1409009920 0 0 11181694 11719019 500975 436 51875.68 80442.26 42904.27 16304.20
1717837780 1545303284 1409010134 0 0 11181878 11719256 500975 436 52128.34 80490.27 42640.96 16256.20
1717837790 1545304113 1409010602 0 0 11182114 11719616 500975 436 52120.04 79931.02 42648.58 16768.45
1717837801 1545304658 1409010948 0 0 11182214 11719707 500975 436 52120.13 79912.34 42649.04 16834.12
1717837811 1545305210 1409011328 0 0 11182438 11719830 500975 436 52060.31 80157.80 42707.32 16588.69
1717837821 1545306221 1409011654 0 0 11182675 11720301 500975 436 52069.16 79717.75 42699.46 17029.89
1717837832 1545307473 1409012658 0 0 11182813 11720464 500975 436 52044.58 80101.69 42725.72 16644.77
1717837842 1545307725 1409012824 0 0 11182989 11720644 500975 436 52124.35 79963.61 42646.04 16782.86
1717837852 1545308723 1409013554 0 0 11183152 11720734 500975 436 52145.08 79629.13 42622.65 17116.93
1717837863 1545309199 1409013886 0 0 11183311 11720947 500975 436 51948.11 79997.35 42820.02 16750.23
1717837873 1545311019 1409015242 0 0 11183937 11721436 500975 436 52309.80 79604.86 42468.44 17141.61
1717837883 1545311692 1409015886 0 0 11184722 11721730 500975 436 51724.41 79680.08 43043.72 17066.89
1717837893 1545312503 1409016444 0 0 11185095 11721924 500975 436 51769.27 79611.58 42999.32 17135.55
1717837904 1545314042 1409017566 0 0 11185328 11721980 500975 436 51675.44 79871.04 43093.29 16874.44
1717837914 1545314863 1409017886 0 0 11185539 11722182 500975 436 51697.50 79812.59 43070.63 16933.38
1717837924 1545315152 1409018076 0 0 11185650 11722230 500975 436 51697.87 79809.45 43070.90 16936.52
1717837935 1545315346 1409018086 0 0 11185762 11722275 500975 436 51696.03 79810.17 43073.68 16936.41
1717837945 1545315408 1409018090 0 0 11185867 11722332 500975 436 51696.76 79811.83 43072.96 16934.29
1717837955 1545315652 1409018106 0 0 11185953 11722407 500975 436 51698.09 79812.74 43071.02 16933.82
1717837966 1545316174 1409018486 0 0 11186012 11722506 500975 436 51698.84 79808.90 43069.29 16938.23
1717837976 1545316176 1409018486 0 0 11186096 11722578 500975 436 51695.41 79811.53 43073.21 16934.44
1717837986 1545316584 1409018668 0 0 11186204 11722672 500975 436 51695.18 79889.34 43073.50 16856.82
1717837996 1545317295 1409019276 0 0 11186325 11723317 500975 436 51396.41 79393.53 43372.80 17352.93
1717838007 1545318555 1409019920 0 0 11186502 11723623 500975 436 51629.76 79497.54 43139.00 17248.49
1717838017 1545318893 1409020112 0 0 11186617 11723727 500975 436 51630.28 79584.26 43138.05 17161.74
1717838027 1545319152 1409020326 0 0 11186724 11723797 500975 436 51639.96 79509.91 43127.80 17236.08
1717838038 1545319362 1409020466 0 0 11186841 11723842 500975 436 51630.54 79456.52 43138.62 17290.55
1717838048 1545319613 1409020628 0 0 11186961 11723889 500975 436 51644.38 79438.04 43123.79 17308.42
1717838058 1545319653 1409020636 0 0 11187101 11723936 500975 436 51652.01 79501.38 43117.72 17244.70
1717838069 1545320168 1409020908 0 0 11187187 11724013 500975 436 51651.49 79436.35 43117.72 17309.18
1717838079 1545320350 1409021062 0 0 11187283 11724080 500975 436 51650.91 79435.11 43118.32 17311.87
1717838089 1545320757 1409021276 0 0 11187438 11724134 500975 436 51946.92 79784.67 42821.71 16962.38
1717838099 1545322922 1409023228 0 0 11187754 11724961 500975 436 51967.43 78230.35 42801.23 18516.12
1717838110 1545326329 1409024526 0 0 11189326 11725280 500975 436 52004.51 78481.60 42764.04 18264.86
1717838120 1545329034 1409026644 0 0 11189503 11725407 500975 436 51708.84 78088.49 43059.80 18657.50
1717838130 1545333146 1409029588 0 0 11189683 11725585 500975 436 51561.65 78112.52 43206.97 18634.97
1717838140 1545334467 1409030226 0 0 11189819 11725704 500975 436 51135.56 79133.62 43633.07 17612.92
1717838151 1545335649 1409030858 0 0 11189904 11725778 500975 436 50943.09 79131.98 43825.04 17614.11
1717838161 1545336627 1409031372 0 0 11189987 11725843 500975 436 50943.38 79131.82 43825.37 17614.15
1717838171 1545337112 1409031626 0 0 11190116 11725882 500975 436 51135.27 79133.97 43633.37 17612.50
1717838182 1545337353 1409031650 0 0 11190242 11725911 500975 436 51006.76 79132.36 43761.51 17615.20
1717838192 1545337882 1409032064 0 0 11190340 11725967 500975 436 50943.23 79130.35 43824.41 17617.20
1717838202 1545338347 1409032300 0 0 11190436 11726036 500975 436 51382.65 79263.87 43384.61 17482.60
1717838212 1545341472 1409033988 0 0 11191187 11726917 500975 436 51375.26 78214.38 43393.37 18535.00
1717838223 1545346117 1409035562 0 0 11192694 11727916 500975 436 49931.97 78287.05 44837.72 18458.92
1717838233 1545349124 1409036956 0 0 11192855 11728231 500975 436 49778.45 77363.57 44990.17 19383.04
1717838243 1545354006 1409038710 0 0 11192994 11728764 500975 436 50313.37 76821.14 44427.61 19606.82
1717838253 1545356818 1409039320 0 0 11193094 11728941 500975 436 56564.90 78512.81 38203.43 18233.25
1717838264 1545358424 1409039512 0 0 11193232 11728960 500975 436 57928.05 79945.22 36842.15 16801.24
1717838274 1545359853 1409039806 0 0 11193348 11728999 500975 436 57925.87 79941.79 36842.75 16804.35
1717838284 1545361455 1409039976 0 0 11193576 11729541 500975 436 58021.06 79809.20 36750.14 16935.79
1717838295 1545362714 1409040148 0 0 11193861 11729560 500975 436 62435.62 81246.09 32333.06 15500.38
1717838305 1545363850 1409040390 0 0 11194007 11729569 500975 436 62383.95 81258.25 32383.68 15488.21
1717838315 1545365287 1409040802 0 0 11194132 11729768 500975 436 62507.80 81070.14 32261.22 15675.83
1717838325 1545366625 1409041028 0 0 11194227 11729919 500975 436 66950.47 82307.37 27819.18 14438.15
1717838336 1545368404 1409041456 0 0 11194741 11730674 500975 436 67113.96 81727.78 27656.47 15019.81
1717838346 1545370310 1409041736 0 0 11196067 11730932 500975 436 66388.00 81994.20 28380.73 14752.45
1717838356 1545372454 1409042190 0 0 11196425 11730972 500975 436 65729.86 82183.03 29039.37 14563.54
1717838367 1545376430 1409042786 0 0 11196567 11731028 500975 436 65622.63 82169.08 29146.61 14577.38
1717838377 1545379223 1409043074 0 0 11196677 11731281 500975 436 65771.57 81944.36 28998.17 14801.61
1717838387 1545383294 1409043824 0 0 11196798 11731755 500975 436 66140.36 81549.22 28628.26 15197.96
1717838397 1545387149 1409044238 0 0 11198350 11732387 500975 436 66519.70 81553.07 28249.04 15193.39
1717838408 1545392846 1409044798 0 0 11198889 11733170 500975 436 66177.88 80790.41 28590.74 15957.24
1717838418 1545400285 1409045464 0 0 11199322 11733324 500975 436 66065.76 81322.41 28703.48 15424.06
1717838428 1545406848 1409046046 0 0 11199579 11733522 500975 436 66050.11 81251.09 28718.51 15494.43
1717838444 1545416906 1409047082 0 0 11199653 11733787 500975 436 66522.94 81307.64 28223.20 15435.87
1717838454 1545418577 1409047270 0 0 11199815 11733810 500975 436 67094.90 81373.10 27674.98 15373.36
1717838465 1545422060 1409047498 0 0 11200528 11734627 500975 436 67272.97 80987.45 27496.17 15759.02
1717838475 1545427372 1409048256 0 0 11201280 11734847 500975 436 66544.61 81451.23 28224.01 15295.32
1717838485 1545434091 1409048674 0 0 11201300 11735097 500975 436 66668.86 81330.67 28099.41 15416.52
1717838495 1545437082 1409048936 0 0 11201402 11735159 500975 436 66684.55 81314.72 28084.07 15432.30
1717838506 1545441457 1409049276 0 0 11201482 11735232 500975 436 66690.94 81314.27 28078.86 15432.87
1717838516 1545446157 1409049596 0 0 11201584 11735301 500975 436 66677.86 81326.46 28091.26 15420.59
1717838526 1545450069 1409049904 0 0 11201619 11735434 500975 436 66695.70 81305.30 28072.93 15441.27
1717838536 1545456533 1409050406 0 0 11201645 11735578 500975 436 66703.37 81296.53 28065.25 15450.00
1717838547 1545463608 1409051096 0 0 11201708 11735685 500975 436 66719.39 81278.58 28049.86 15467.89
1717838557 1545468361 1409051434 0 0 11201854 11735713 500975 436 66725.18 81274.22 28044.08 15472.25
1717838567 1545471803 1409051834 0 0 11202013 11735722 500975 436 66706.34 81293.26 28062.28 15453.21
1717838578 1545474784 1409052092 0 0 11202102 11735788 500975 436 66854.30 81298.43 27914.00 15448.04
1717838592 1545480833 1409052552 0 0 11202176 11735866 500975 436 66851.42 81299.75 27917.34 15446.71
1717838603 1545484025 1409052988 0 0 11202308 11735885 500975 436 66851.68 81298.51 27916.95 15448.61
1717838613 1545486963 1409053242 0 0 11202381 11735961 500975 436 66850.86 81301.11 27918.33 15445.36
1717838623 1545493212 1409053680 0 0 11202526 11735965 500975 436 66853.66 81299.54 27915.05 15446.93
1717838638 1545497170 1409054092 0 0 11202659 11735993 500975 436 66867.43 81283.42 27901.27 15463.05
1717838652 1545502486 1409054698 0 0 11202753 11736057 500975 436 66856.92 81293.90 27911.70 15452.20
1717838662 1545506106 1409054966 0 0 11202813 11736147 500975 436 66853.73 81295.46 27916.04 15451.00
1717838672 1545508376 1409055074 0 0 11202938 11736174 500975 436 66853.93 81296.10 27915.78 15450.37
1717838683 1545512779 1409055588 0 0 11203087 11736183 500975 436 66856.24 81293.21 27912.98 15452.85
1717838693 1545515625 1409055806 0 0 11203137 11736283 500975 436 66850.94 81295.44 27918.76 15451.04
1717838703 1545518253 1409056010 0 0 11203218 11736352 500975 436 66855.47 81293.48 27913.15 15454.16
1717838714 1545522923 1409056392 0 0 11203234 11736488 500975 436 66856.34 81294.45 27913.34 15452.02
1717838724 1545529742 1409056844 0 0 11203355 11736516 500975 436 66974.53 81318.18 27793.66 15428.29
1717838734 1545534532 1409057232 0 0 11203572 11736595 500975 436 66973.07 81316.88 27795.15 15429.59
1717838745 1545538812 1409057698 0 0 11203705 11736611 500975 436 66973.81 81316.27 27795.45 15430.20
1717838756 1545544092 1409058010 0 0 11203836 11736634 500975 436 66982.08 81309.36 27786.54 15437.70
1717838767 1545546591 1409058254 0 0 11203902 11736718 500975 436 66977.87 81310.52 27790.75 15435.50
1717838777 1545550386 1409058616 0 0 11203982 11736787 500975 436 66974.88 81315.43 27794.30 15431.04
1717838787 1545553691 1409058822 0 0 11204086 11736836 500975 436 66977.04 81308.07 27791.58 15438.96
1717838797 1545558769 1409059184 0 0 11204111 11737086 500975 436 67130.15 81306.83 27638.47 15440.19
1717838808 1545564873 1409059700 0 0 11204243 11737176 500975 436 67098.04 81344.56 27671.18 15402.54
1717838818 1545570375 1409060080 0 0 11204357 11737435 500975 436 67287.63 81173.89 27480.99 15573.68
1717838828 1545574847 1409060346 0 0 11204493 11737519 500975 436 67281.08 81159.24 27487.64 15587.23
1717838839 1545581393 1409061250 0 0 11204665 11737691 500975 436 67391.34 81053.01 27376.86 15693.48
1717838849 1545583389 1409061694 0 0 11204766 11737786 500975 436 67433.80 80994.91 27334.82 15751.65
1717838859 1545585285 1409061856 0 0 11204846 11737992 500975 436 67563.62 80865.27 27204.51 15882.41
1717838869 1545585974 1409062246 0 0 11204904 11738101 500975 436 67557.70 80853.75 27211.68 15892.22
1717838880 1545587804 1409062598 0 0 11205038 11738143 500975 436 67535.17 80863.01 27234.05 15883.56
1717838890 1545589911 1409062944 0 0 11205258 11738263 500975 436 67454.66 80925.13 27314.56 15819.98
1717838900 1545591959 1409063284 0 0 11205386 11738371 500975 436 67433.62 80938.32 27335.00 15808.26
1717838911 1545592654 1409063328 0 0 11205485 11738448 500975 436 67424.14 80949.28 27344.09 15797.78
1717838921 1545593719 1409063694 0 0 11205582 11738512 500975 436 67425.82 80947.25 27342.42 15799.32
1717838931 1545594132 1409063720 0 0 11205677 11738572 500975 436 67425.34 80947.32 27343.82 15799.20
1717838941 1545597540 1409064504 0 0 11205751 11738659 500975 436 67426.50 80947.39 27341.30 15798.50
1717838952 1545598584 1409064870 0 0 11205856 11738712 500975 436 67432.10 80954.42 27336.52 15791.19
1717838962 1545600014 1409065210 0 0 11205914 11738810 500975 436 67431.69 80955.55 27337.56 15790.92
1717838972 1545602157 1409065376 0 0 11206006 11738926 500975 436 67477.81 80906.90 27290.81 15839.16
1717838983 1545603727 1409065666 0 0 11206111 11739040 500975 436 67443.57 80941.29 27324.55 15805.29
1717838993 1545604747 1409065922 0 0 11206201 11739115 500975 436 67459.15 80939.03 27309.09 15806.53
1717839003 1545605344 1409066216 0 0 11206313 11739183 500975 436 67438.61 80942.91 27329.52 15803.07
1717839014 1545605780 1409066224 0 0 11206431 11739245 500975 436 67383.15 80967.98 27386.13 15778.48
1717839024 1545606246 1409066424 0 0 11206563 11739268 500975 436 67418.50 80957.43 27351.11 15789.18
1717839034 1545609194 1409066718 0 0 11206647 11739340 500975 436 67410.87 80959.19 27358.28 15787.95
1717839044 1545612243 1409067182 0 0 11206741 11739400 500975 436 67410.37 80944.98 27359.31 15801.59
1717839055 1545615659 1409067422 0 0 11206850 11739462 500975 436 67390.90 80950.90 27378.91 15795.56
1717839065 1545620814 1409067936 0 0 11206977 11739516 500975 436 67354.50 80977.17 27414.12 15769.93
1717839075 1545625854 1409068362 0 0 11207114 11739596 500975 436 67308.97 81024.29 27460.87 15722.17
1717839086 1545629137 1409068658 0 0 11207282 11739729 500975 436 67345.89 80980.74 27422.73 15765.35
1717839096 1545634767 1409069104 0 0 11207496 11739791 500975 436 67206.89 81122.46 27562.89 15624.00
1717839106 1545638112 1409069542 0 0 11207882 11739824 500975 436 66945.85 81383.93 27823.27 15362.64
1717839116 1545641553 1409070052 0 0 11208094 11740039 500975 436 66997.23 81330.71 27772.50 15415.76
1717839127 1545644110 1409070456 0 0 11208250 11740046 500975 436 66998.02 81333.89 27770.66 15412.58
1717839137 1545645082 1409070730 0 0 11208403 11740071 500975 436 66973.74 81356.09 27795.41 15390.98
1717839147 1545649684 1409071482 0 0 11208785 11740127 500975 436 66704.47 81631.14 28063.78 15115.89
1717839158 1545652173 1409071670 0 0 11208872 11740568 500975 436 67059.37 81283.92 27709.25 15462.66
1717839168 1545657046 1409072144 0 0 11209232 11740752 500975 436 66818.55 81531.18 27950.26 15215.28
1717839178 1545661376 1409072744 0 0 11209759 11741118 500975 436 66765.80 81584.91 28006.09 15158.60
1717839188 1545665739 1409073282 0 0 11209940 11741211 500975 436 66720.18 81632.20 28048.90 15114.42
1717839199 1545671022 1409073766 0 0 11210004 11741337 500975 436 66725.73 81627.40 28042.93 15119.80
1717839209 1545676551 1409074158 0 0 11210317 11742126 500975 436 67266.67 81086.75 27503.12 15659.72
1717839219 1545681644 1409074612 0 0 11210492 11742172 500975 436 67276.54 81070.27 27492.66 15676.20
1717839230 1545686979 1409075224 0 0 11210582 11742259 500975 436 67306.30 81041.75 27462.32 15704.77
1717839240 1545691018 1409075578 0 0 11210656 11742338 500975 436 67311.03 81039.48 27457.75 15706.99
1717839250 1545695363 1409075976 0 0 11210798 11742351 500975 436 67304.90 81046.27 27463.32 15700.20
1717839260 1545697667 1409076224 0 0 11210934 11742367 500975 436 67310.46 81043.32 27458.16 15703.76
1717839271 1545702290 1409076578 0 0 11211016 11742444 500975 436 67324.89 81040.43 27443.30 15705.54
1717839281 1545707590 1409077230 0 0 11211165 11742456 500975 436 67317.16 81047.97 27452.73 15698.50
1717839291 1545711632 1409077532 0 0 11211276 11742532 500975 436 67319.00 81046.71 27449.62 15699.41
1717839302 1545714987 1409077786 0 0 11211360 11742696 500975 436 67421.51 80941.87 27347.11 15805.20
1717839312 1545718349 1409078054 0 0 11211534 11742771 500975 436 67321.00 81044.68 27448.29 15701.79
1717839322 1545721645 1409078290 0 0 11211668 11742790 500975 436 67321.05 81044.11 27447.61 15702.36
1717839333 1545724536 1409078586 0 0 11211719 11742928 500975 436 67363.89 81002.23 27404.24 15745.25
1717839343 1545727282 1409078808 0 0 11211836 11743011 500975 436 67355.05 81012.52 27414.10 15733.94
1717839353 1545731030 1409079108 0 0 11211997 11743022 500975 436 67334.07 81033.00 27433.74 15714.07
1717839364 1545733985 1409079436 0 0 11212079 11743101 500975 436 67320.13 81049.67 27449.10 15696.80
1717839374 1545736202 1409079844 0 0 11212166 11743165 500975 436 67318.37 81047.14 27450.86 15698.86
1717839384 1545739396 1409080088 0 0 11212270 11743217 500975 436 67318.68 81049.48 27449.57 15696.99
1717839394 1545741768 1409080366 0 0 11212358 11743282 500975 436 67320.92 81045.79 27446.30 15699.21
1717839405 1545746720 1409080806 0 0 11212394 11743398 500975 436 67320.32 81047.64 27448.42 15699.33
1717839415 1545750352 1409081140 0 0 11212465 11743482 500975 436 67320.00 81047.03 27448.62 15700.49
1717839425 1545753193 1409081342 0 0 11212503 11743595 500975 436 67320.57 81046.73 27448.05 15699.76
1717839436 1545757265 1409081660 0 0 11212571 11743681 500975 436 67318.13 81047.57 27450.10 15699.01
1717839446 1545759568 1409081966 0 0 11212658 11743744 500975 436 67318.80 81045.73 27449.82 15700.75
1717839456 1545761706 1409082156 0 0 11212745 11743809 500975 436 67317.22 81050.55 27451.12 15695.91
1717839466 1545762102 1409082262 0 0 11212887 11743820 500975 436 67317.87 81050.74 27450.30 15695.73
1717839477 1545764778 1409082488 0 0 11213025 11743836 500975 436 67325.11 81043.38 27443.52 15702.66
1717839487 1545771266 1409082942 0 0 11213090 11743955 500975 436 67299.29 81067.79 27469.34 15678.70
1717839497 1545772930 1409083126 0 0 11213167 11744047 500975 436 67316.65 81054.12 27452.08 15692.34
1717839508 1545778915 1409083714 0 0 11213312 11744066 500975 436 67331.46 81039.82 27437.28 15706.35
1717839518 1545785289 1409084112 0 0 11213346 11744187 500975 436 67326.41 81045.58 27443.68 15700.27
1717839528 1545790255 1409084612 0 0 11213478 11744211 500975 436 67311.98 81059.59 27457.25 15686.46
1717839539 1545795826 1409085176 0 0 11213507 11744347 500975 436 67303.48 81066.23 27465.14 15679.25
1717839549 1545800533 1409085586 0 0 11213518 11744487 500975 436 67305.82 81064.12 27462.80 15682.39
1717839559 1545807019 1409086132 0 0 11213585 11744588 500975 436 67321.33 81044.77 27447.29 15702.34
1717839569 1545811191 1409086448 0 0 11213652 11744675 500975 436 67321.05 81046.06 27447.30 15700.35
1717839580 1545811420 1409086464 0 0 11213779 11744699 500975 436 67321.40 81045.00 27447.22 15702.14
1717839590 1545816941 1409087068 0 0 11213819 11744859 500975 436 67319.75 81045.30 27448.87 15701.76
1717839600 1545820495 1409087382 0 0 11213894 11744937 500975 436 67321.31 81044.86 27448.39 15701.60
1717839611 1545822625 1409087528 0 0 11213990 11744999 500975 436 67322.46 81044.07 27446.77 15704.08
1717839621 1545824532 1409087718 0 0 11214070 11745068 500975 436 67320.67 81046.05 27448.02 15700.41
1717839631 1545827756 1409088050 0 0 11214168 11745121 500975 436 67322.71 81042.03 27445.91 15705.04
1717839641 1545832712 1409088400 0 0 11214242 11745201 500975 436 67321.09 81043.69 27446.63 15702.77
1717839652 1545836857 1409088796 0 0 11214380 11745218 500975 436 67322.24 81042.83 27447.39 15703.70
1717839662 1545839566 1409088936 0 0 11214475 11745273 500975 436 67322.29 81045.82 27446.43 15700.64
1717839672 1545842097 1409089184 0 0 11214624 11745275 500975 436 67323.08 81045.61 27446.08 15700.85
1717839683 1545843941 1409089304 0 0 11214771 11745279 500975 436 67321.32 81045.00 27446.89 15701.46
1717839693 1545847032 1409089638 0 0 11214850 11745354 500975 436 67320.71 81044.14 27447.91 15701.91
1717839703 1545851107 1409090042 0 0 11214926 11745430 500975 436 67322.98 81046.21 27446.18 15700.25
1717839714 1545858196 1409090650 0 0 11215023 11745489 500975 436 67326.90 81040.90 27441.72 15706.71
1717839724 1545866904 1409091402 0 0 11215101 11745566 500975 436 67329.21 81038.66 27438.99 15707.80
1717839734 1545870813 1409091758 0 0 11215232 11745681 500975 436 67416.98 80949.46 27351.20 15797.01
1717839744 1545878063 1409092418 0 0 11215404 11745809 500975 436 67426.67 80938.07 27341.95 15807.94
1717839755 1545881454 1409092674 0 0 11215569 11745897 500975 436 67354.95 81011.77 27414.29 15734.70
1717839765 1545885018 1409093048 0 0 11215635 11746050 500975 436 67418.52 80944.63 27350.10 15800.90
1717839775 1545890965 1409093480 0 0 11215661 11746297 500975 436 67538.43 80823.03 27230.20 15923.14
1717839785 1545895062 1409093830 0 0 11215904 11746421 500975 436 67384.42 80979.10 27384.79 15767.37
1717839796 1545898483 1409094288 0 0 11216031 11746459 500975 436 67366.28 80994.54 27403.43 15750.94
1717839806 1545900140 1409094508 0 0 11216123 11746521 500975 436 67363.88 80998.04 27403.84 15748.43
1717839816 1545903493 1409094782 0 0 11216207 11746628 500975 436 67347.23 81015.22 27421.03 15731.25
1717839827 1545907654 1409095078 0 0 11216348 11746657 500975 436 67356.80 81009.64 27412.37 15736.82
1717839837 1545912456 1409095548 0 0 11216495 11746830 500975 436 67542.62 80821.69 27225.10 15924.77
1717839847 1545914792 1409095742 0 0 11216644 11746837 500975 436 67538.12 80828.39 27230.05 15918.07
1717839857 1545917349 1409095982 0 0 11216746 11746886 500975 436 67537.15 80828.45 27232.11 15918.01
1717839868 1545922506 1409096432 0 0 11217033 11746933 500975 436 67327.65 81038.30 27440.59 15708.75
1717839878 1545926190 1409096792 0 0 11217168 11746951 500975 436 67337.00 81029.08 27431.62 15718.46
1717839888 1545929904 1409097204 0 0 11217249 11747030 500975 436 67345.19 81018.50 27423.43 15727.49
1717839899 1545937198 1409097994 0 0 11217282 11747166 500975 436 67315.57 81050.23 27453.05 15696.36
1717839909 1545943582 1409098594 0 0 11217352 11747284 500975 436 67282.12 81083.46 27486.50 15662.19
1717839919 1545948256 1409099088 0 0 11217445 11747459 500975 436 67329.61 81036.43 27439.52 15710.24
1717839929 1545952054 1409099424 0 0 11217527 11747530 500975 436 67330.07 81036.85 27439.65 15709.61
1717839940 1545955996 1409099764 0 0 11217657 11747557 500975 436 67329.91 81038.11 27439.97 15708.35
1717839950 1545958701 1409100074 0 0 11217794 11747570 500975 436 67329.68 81037.07 27438.94 15710.50
1717839960 1545961796 1409100436 0 0 11217868 11747647 500975 436 67327.60 81038.94 27440.63 15707.53
1717839971 1545964209 1409100722 0 0 11217985 11747682 500975 436 67329.55 81036.47 27439.07 15710.64
1717839981 1545966434 1409100854 0 0 11218075 11747746 500975 436 67328.33 81038.27 27439.85 15708.19
1717839991 1545973612 1409101570 0 0 11218211 11747776 500975 436 67317.68 81048.58 27451.05 15697.95
1717840002 1545979848 1409102122 0 0 11218301 11747849 500975 436 67329.31 81040.55 27440.00 15705.91
1717840012 1545983741 1409102490 0 0 11218394 11747912 500975 436 67329.75 81035.28 27438.87 15710.91
1717840022 1545988441 1409102934 0 0 11218422 11748034 500975 436 67329.55 81031.27 27439.07 15714.21
1717840032 1545995080 1409103472 0 0 11218529 11748086 500975 436 67325.44 81036.92 27442.79 15709.54
1717840043 1545998721 1409103814 0 0 11218619 11748150 500975 436 67326.50 81034.73 27442.12 15711.38
1717840053 1546001342 1409104052 0 0 11218701 11748218 500975 436 67328.46 81035.07 27441.41 15711.40
1717840063 1546003310 1409104244 0 0 11218827 11748245 500975 436 67327.95 81036.46 27440.74 15710.01
1717840074 1546006646 1409104480 0 0 11218907 11748318 500975 436 67330.54 81033.64 27438.09 15713.47
1717840084 1546013646 1409105060 0 0 11219018 11748433 500975 436 67327.59 81036.39 27441.68 15710.08
1717840094 1546016130 1409105310 0 0 11219155 11748445 500975 436 67323.64 81040.12 27445.62 15706.35
1717840104 1546020612 1409105712 0 0 11219482 11748472 500975 436 67128.99 81233.61 27640.12 15513.43
1717840115 1546027201 1409106132 0 0 11219595 11748747 500975 436 67326.45 81035.86 27442.17 15710.68
1717840125 1546032271 1409106592 0 0 11219693 11748802 500975 436 67326.42 81038.16 27442.38 15708.30
1717840135 1546035246 1409106866 0 0 11219825 11748821 500975 436 67327.94 81036.91 27441.21 15710.14
1717840146 1546038319 1409107060 0 0 11219860 11748940 500975 436 67333.53 81030.52 27435.09 15716.00
1717840156 1546041176 1409107390 0 0 11219990 11748961 500975 436 67332.20 81030.35 27436.42 15716.30
1717840166 1546043852 1409107620 0 0 11220050 11749070 500975 436 67311.75 81050.29 27456.87 15695.69
1717840176 1546046268 1409107822 0 0 11220079 11749199 500975 436 67312.54 81050.38 27456.09 15696.09
1717840187 1546049645 1409108056 0 0 11220178 11749278 500975 436 67315.04 81048.97 27453.18 15697.49
1717840197 1546051938 1409108208 0 0 11220300 11749353 500975 436 67294.43 81066.49 27474.20 15681.05
1717840207 1546052782 1409108312 0 0 11220321 11749489 500975 436 67293.44 81067.44 27475.18 15679.11
1717840218 1546055862 1409108594 0 0 11220403 11749595 500975 436 67314.76 81048.02 27455.50 15698.45
1717840228 1546056840 1409108702 0 0 11220551 11749597 500975 436 67314.32 81047.20 27453.82 15699.27
1717840239 1546061493 1409109234 0 0 11220645 11749659 500975 436 67319.74 81041.89 27449.54 15704.58
1717840250 1546066089 1409109628 0 0 11220722 11749744 500975 436 67315.35 81046.26 27453.27 15700.29
1717840260 1546069612 1409109932 0 0 11220851 11749824 500975 436 67258.23 81102.04 27509.48 15644.43
1717840270 1546071623 1409110070 0 0 11220967 11749918 500975 436 67320.13 81039.36 27448.07 15707.10
1717840281 1546072253 1409110186 0 0 11221063 11749976 500975 436 67323.55 81035.97 27445.07 15711.02
1717840291 1546075668 1409110436 0 0 11221288 11750232 500975 436 67318.95 81039.84 27449.24 15706.63
1717840301 1546076505 1409110450 0 0 11221424 11750248 500975 436 67319.26 81039.75 27449.36 15708.36
1717840312 1546083866 1409111040 0 0 11221459 11750366 500975 436 67321.03 81038.08 27447.59 15710.08
1717840322 1546089539 1409111504 0 0 11221535 11750445 500975 436 67319.62 81039.75 27448.01 15706.72
1717840332 1546091616 1409111740 0 0 11221682 11750450 500975 436 67320.36 81039.57 27448.34 15706.40
1717840342 1546097751 1409112314 0 0 11221780 11750505 500975 436 67322.25 81037.53 27446.37 15709.09
1717840353 1546103514 1409112748 0 0 11221860 11750577 500975 436 67320.77 81040.86 27448.44 15705.61
1717840363 1546109028 1409113234 0 0 11221998 11750661 500975 436 67323.50 81038.02 27446.29 15709.51
1717840373 1546112035 1409113502 0 0 11222124 11750686 500975 436 67320.21 81039.75 27447.91 15706.72
1717840384 1546117286 1409113830 0 0 11222442 11750953 500975 436 67321.64 81036.28 27446.98 15709.77
1717840394 1546119145 1409114108 0 0 11222545 11751001 500975 436 67320.21 81038.82 27449.49 15707.64
1717840404 1546122757 1409114520 0 0 11222642 11751056 500975 436 67321.69 81034.95 27446.93 15712.21
1717840414 1546126701 1409114772 0 0 11222712 11751140 500975 436 67316.11 81043.53 27452.56 15702.93
1717840425 1546129213 1409115022 0 0 11222806 11751196 500975 436 67315.45 81043.60 27454.34 15702.86
1717840435 1546133115 1409115310 0 0 11222919 11751237 500975 436 67317.05 81041.63 27451.57 15703.41
1717840445 1546135118 1409115530 0 0 11222997 11751314 500975 436 67319.20 81040.25 27449.50 15706.21
1717840456 1546137351 1409115732 0 0 11223145 11751317 500975 436 67319.30 81040.90 27447.84 15705.56
1717840466 1546138449 1409115774 0 0 11223285 11751329 500975 436 67320.93 81038.07 27447.72 15707.44
1717840476 1546141875 1409116094 0 0 11223363 11751403 500975 436 67322.95 81037.27 27445.68 15709.19
1717840486 1546144711 1409116334 0 0 11223379 11751539 500975 436 67322.65 81036.36 27445.97 15710.26
1717840497 1546147714 1409116570 0 0 11223464 11751605 500975 436 67322.28 81036.92 27446.95 15709.64
1717840507 1546152760 1409116964 0 0 11223553 11751672 500975 436 67318.35 81039.71 27449.84 15706.75
1717840517 1546159105 1409117566 0 0 11223659 11751721 500975 436 67333.73 81022.65 27434.89 15724.46
1717840528 1546163896 1409117884 0 0 11223674 11751859 500975 436 67335.36 81023.41 27433.27 15723.07
1717840538 1546168841 1409118360 0 0 11223713 11751970 500975 436 67335.33 81021.83 27433.29 15724.75
1717840548 1546173838 1409118744 0 0 11223781 11752056 500975 436 67320.10 81037.46 27448.64 15708.52
1717840558 1546177564 1409119108 0 0 11223864 11752127 500975 436 67321.20 81031.05 27447.43 15715.45
1717840569 1546180217 1409119352 0 0 11223921 11752220 500975 436 67322.17 81032.30 27446.45 15714.30
1717840579 1546183029 1409119580 0 0 11224011 11752281 500975 436 67319.88 81034.86 27449.35 15711.61
1717840589 1546186891 1409119896 0 0 11224137 11752310 500975 436 67324.02 81028.22 27445.24 15718.24
1717840599 1546189550 1409120180 0 0 11224279 11752324 500975 436 67324.51 81030.07 27444.58 15716.34
1717840610 1546191617 1409120312 0 0 11224425 11752330 500975 436 67325.73 81028.10 27442.89 15719.61
1717840620 1546196340 1409120722 0 0 11224520 11752584 500975 436 67510.52 80843.73 27258.73 15902.73
1717840630 1546203882 1409121412 0 0 11224804 11752646 500975 436 67313.59 81040.00 27455.04 15707.07
1717840641 1546208669 1409121766 0 0 11224858 11752746 500975 436 67312.77 81038.43 27455.85 15708.63
1717840651 1546210794 1409121960 0 0 11224970 11752796 500975 436 67301.30 81051.83 27467.98 15694.64
1717840661 1546215072 1409122276 0 0 11225122 11752806 500975 436 67321.41 81034.23 27447.93 15712.23
1717840671 1546217895 1409122490 0 0 11225272 11752808 500975 436 67319.81 81034.54 27448.42 15711.92
1717840682 1546220175 1409122754 0 0 11225420 11752811 500975 436 67321.34 81035.02 27447.31 15711.44
1717840692 1546221765 1409122892 0 0 11225572 11752813 500975 436 67323.45 81035.66 27445.26 15710.81
1717840702 1546225739 1409123170 0 0 11225717 11752828 500975 436 67323.27 81031.13 27446.00 15715.33
1717840713 1546231536 1409123762 0 0 11225800 11752901 500975 436 67315.63 81028.53 27453.09 15717.93
1717840723 1546237916 1409124278 0 0 11225884 11752993 500975 436 67315.49 81036.25 27453.13 15709.88
1717840733 1546240181 1409124474 0 0 11225965 11753079 500975 436 67314.12 81035.23 27453.56 15711.23
1717840743 1546247001 1409125238 0 0 11226312 11753091 500975 436 67114.84 81187.61 27654.40 15558.86
1717840754 1546252814 1409125678 0 0 11226400 11753160 500975 436 67117.76 81229.23 27650.86 15517.32
1717840764 1546254979 1409125880 0 0 11226441 11753271 500975 436 67113.76 81232.02 27654.58 15514.44
1717840774 1546258103 1409126132 0 0 11226591 11753473 500975 436 67309.37 81035.40 27459.35 15711.07
1717840784 1546264407 1409126660 0 0 11226711 11753503 500975 436 67312.07 81035.36 27456.59 15710.94
1717840795 1546266506 1409126840 0 0 11226851 11753513 500975 436 67310.72 81034.82 27458.52 15711.65
1717840805 1546272063 1409127404 0 0 11226972 11753556 500975 436 67310.90 81032.17 27457.72 15714.87
1717840815 1546275965 1409127690 0 0 11227033 11753646 500975 436 67311.51 81011.90 27457.11 15734.74
1717840826 1546283468 1409128600 0 0 11227101 11753749 500975 436 67309.43 80985.49 27460.32 15760.97
1717840836 1546292098 1409129408 0 0 11227229 11753788 500975 436 67262.80 80982.12 27507.39 15764.34
1717840846 1546297620 1409129882 0 0 11227372 11753800 500975 436 67304.04 81030.39 27464.58 15714.19
1717840856 1546304215 1409130384 0 0 11227439 11753906 500975 436 67305.60 81038.05 27463.61 15709.13
1717840867 1546309756 1409130890 0 0 11227508 11754046 500975 436 67300.86 81041.50 27467.76 15705.07
1717840877 1546316875 1409131660 0 0 11227702 11754332 500975 436 67302.20 80979.57 27466.42 15767.95
1717840887 1546319913 1409131934 0 0 11227736 11754490 500975 436 67254.92 80985.19 27513.34 15760.02
1717840898 1546322839 1409132288 0 0 11227814 11754595 500975 436 67300.45 81034.24 27467.75 15712.23
1717840908 1546332109 1409133028 0 0 11228105 11754829 500975 436 67304.06 81037.79 27464.56 15708.75
1717840918 1546337932 1409133536 0 0 11228171 11754951 500975 436 67303.50 80965.91 27466.22 15780.56
1717840929 1546341570 1409133844 0 0 11228309 11754984 500975 436 67305.05 81039.15 27464.19 15707.89
1717840939 1546344934 1409134386 0 0 11228414 11755055 500975 436 67304.01 81015.78 27464.75 15730.68
1717840949 1546350985 1409134826 0 0 11228515 11755126 500975 436 67304.34 81030.61 27464.28 15715.90
1717840959 1546352379 1409135050 0 0 11228547 11755259 500975 436 67303.85 81029.67 27464.77 15716.37
1717840970 1546354013 1409135150 0 0 11228597 11755385 500975 436 67302.40 80985.06 27466.22 15761.51
1717840980 1546359576 1409135674 0 0 11228652 11755486 500975 436 67303.48 81028.77 27466.71 15717.70
1717840990 1546364570 1409136126 0 0 11228736 11755566 500975 436 67304.43 80977.77 27464.19 15769.27
1717841001 1546368388 1409136536 0 0 11228823 11755661 500975 436 67321.60 81030.04 27448.53 15717.01
1717841011 1546372424 1409136860 0 0 11228967 11755696 500975 436 67302.25 81032.83 27467.11 15714.15
1717841021 1546376136 1409137206 0 0 11229122 11755700 500975 436 67301.04 81032.93 27468.15 15713.54
1717841031 1546382866 1409137708 0 0 11229249 11755741 500975 436 67300.76 81031.16 27467.86 15716.47
1717841042 1546388608 1409138242 0 0 11229328 11755832 500975 436 67253.68 81031.61 27514.96 15715.55
1717841052 1546390531 1409138524 0 0 11229426 11755897 500975 436 67301.17 81032.23 27466.53 15714.23
1717841062 1546394917 1409138894 0 0 11229570 11755922 500975 436 67317.04 81015.44 27450.68 15731.02
1717841073 1546400372 1409139424 0 0 11229682 11755985 500975 436 67300.04 80975.50 27469.19 15771.08
1717841083 1546407567 1409140068 0 0 11229713 11756118 500975 436 67299.63 81035.55 27469.62 15709.93
1717841093 1546409364 1409140190 0 0 11229811 11756188 500975 436 67294.18 81042.72 27475.03 15704.79
1717841103 1546412935 1409140438 0 0 11229919 11756244 500975 436 67297.57 81038.95 27471.25 15707.51
1717841114 1546414391 1409140666 0 0 11230045 11756280 500975 436 67303.64 81027.95 27465.48 15718.54
1717841124 1546416826 1409140844 0 0 11230104 11756391 500975 436 67302.64 80984.78 27467.10 15761.69
1717841134 1546417974 1409140998 0 0 11230198 11756468 500975 436 67302.66 81028.19 27465.96 15718.34
1717841145 1546422782 1409141364 0 0 11230272 11756558 500975 436 67301.66 81032.41 27465.48 15714.06
1717841155 1546425712 1409141834 0 0 11230360 11756642 500975 436 67304.81 80983.03 27463.81 15763.46
1717841165 1546428559 1409141982 0 0 11230414 11756750 500975 436 67300.30 80931.59 27468.32 15814.45
1717841175 1546430082 1409142188 0 0 11230445 11756888 500975 436 67258.62 81011.47 27510.00 15736.07
1717841186 1546433865 1409142616 0 0 11230510 11757024 500975 436 67303.32 80933.89 27465.30 15812.14
1717841196 1546435307 1409142816 0 0 11230600 11757133 500975 436 67256.61 80976.67 27512.02 15769.84
1717841206 1546437995 1409143020 0 0 11230695 11757213 500975 436 67258.84 80978.83 27509.78 15768.72
1717841217 1546440956 1409143306 0 0 11230810 11757276 500975 436 67255.16 80982.82 27513.46 15764.42
1717841227 1546445322 1409143828 0 0 11230912 11757347 500975 436 67255.80 81031.15 27512.50 15715.31
1717841237 1546447425 1409143978 0 0 11231025 11757433 500975 436 67255.64 80985.40 27513.56 15761.60
1717841247 1546449235 1409144248 0 0 11231115 11757522 500975 436 67303.54 81028.13 27465.69 15717.98
1717841258 1546451795 1409144388 0 0 11231162 11757666 500975 436 67261.61 81034.27 27508.12 15710.72
1717841268 1546455640 1409144810 0 0 11231245 11757757 500975 436 67303.82 81025.65 27464.80 15720.45
1717841278 1546458564 1409145120 0 0 11231325 11757864 500975 436 67302.75 81036.63 27467.05 15709.84
1717841289 1546460087 1409145278 0 0 11231440 11757902 500975 436 67304.58 81028.14 27464.04 15719.00
1717841299 1546464687 1409145730 0 0 11231507 11757992 500975 436 67261.47 81027.29 27507.15 15719.80
1717841309 1546469914 1409146198 0 0 11231552 11758106 500975 436 67259.21 81026.79 27509.41 15718.76
1717841319 1546473359 1409146636 0 0 11231644 11758170 500975 436 67302.56 81028.34 27466.16 15718.12
1717841330 1546479730 1409147260 0 0 11231786 11758203 500975 436 67286.89 81029.61 27481.49 15717.46
1717841340 1546484029 1409147686 0 0 11231911 11758254 500975 436 67254.89 80923.51 27514.80 15822.96
1717841350 1546490387 1409148372 0 0 11231991 11758334 500975 436 67260.93 81031.73 27507.69 15714.36
1717841361 1546492351 1409148528 0 0 11232084 11758416 500975 436 67286.98 80985.02 27485.80 15761.45
1717841371 1546495314 1409148830 0 0 11232219 11758472 500975 436 67271.07 80983.54 27498.65 15762.93
1717841381 1546499246 1409149176 0 0 11232367 11758531 500975 436 67311.99 80980.23 27456.21 15766.23
1717841391 1546502982 1409149496 0 0 11232464 11759056 500975 436 67314.81 81839.34 27453.81 14908.28
1717841402 1546507679 1409149874 0 0 11232541 11759827 500975 436 67479.16 80975.20 27290.13 15771.26
1717841412 1546513189 1409150478 0 0 11232733 11760172 500975 436 67701.36 80563.90 27066.88 16182.56
1717841422 1546517591 1409151490 0 0 11232825 11760413 500975 436 67907.64 80362.33 26861.08 16383.64
1717841433 1546519455 1409151776 0 0 11233059 11760545 500975 436 67781.45 80584.32 26987.18 16161.70
1717841443 1546523594 1409152666 0 0 11233392 11760705 500975 436 67402.11 80849.66 27366.51 15897.40
1717841453 1546527634 1409153716 0 0 11233627 11760768 500975 436 67234.66 80906.95 27534.05 15840.07
1717841463 1546530434 1409154220 0 0 11233718 11760923 500975 436 67418.79 80755.11 27350.20 15991.33
1717841474 1546533080 1409154462 0 0 11233839 11761018 500975 436 67422.22 80750.03 27344.92 15997.52
1717841484 1546536616 1409154784 0 0 11234487 11761255 500975 436 68180.49 80816.39 26588.13 15930.09
1717841494 1546539517 1409155208 0 0 11235114 11761351 500975 436 67622.58 80821.36 27146.12 15925.11
1717841505 1546542477 1409155592 0 0 11235227 11761476 500975 436 67396.23 80820.61 27372.95 15925.96
1717841515 1546544938 1409155886 0 0 11235353 11761651 500975 436 67380.86 80713.03 27387.91 16033.44
1717841525 1546546370 1409156346 0 0 11235505 11761765 500975 436 67329.48 80701.96 27439.17 16044.99
1717841535 1546547099 1409156430 0 0 11235602 11761837 500975 436 67331.01 80697.04 27437.61 16048.00
1717841546 1546549792 1409156830 0 0 11235671 11761961 500975 436 67243.98 80724.80 27524.23 16021.66
1717841556 1546551033 1409156956 0 0 11235807 11762002 500975 436 67163.42 80722.27 27606.32 16024.20
1717841566 1546553159 1409157228 0 0 11235919 11762051 500975 436 67162.03 80720.86 27606.59 16026.68
1717841577 1546554574 1409157378 0 0 11235987 11762154 500975 436 67211.16 80723.36 27558.57 16022.25
1717841587 1546555109 1409157826 0 0 11236068 11762233 500975 436 67211.48 80723.41 27557.73 16023.22
1717841597 1546556388 1409157982 0 0 11236151 11762340 500975 436 67210.77 80723.48 27557.85 16024.05
1717841608 1546558255 1409158064 0 0 11236252 11762453 500975 436 67162.86 80726.45 27606.54 16020.62
1717841618 1546558952 1409158382 0 0 11236454 11762475 500975 436 67101.80 80726.56 27666.93 16019.91
1717841628 1546560161 1409158686 0 0 11236573 11762517 500975 436 67101.92 80681.84 27666.70 16065.16
1717841638 1546563983 1409159010 0 0 11236637 11763202 500975 436 67242.89 81388.45 27525.73 15358.15
1717841649 1546569119 1409159844 0 0 11236809 11763956 500975 436 67185.19 80620.91 27583.43 16126.16
1717841659 1546574085 1409160482 0 0 11236982 11764063 500975 436 67175.43 80615.16 27593.29 16131.30
1717841669 1546576277 1409161054 0 0 11237545 11764283 500975 436 67979.55 80611.12 26789.16 16135.35
1717841679 1546577467 1409161114 0 0 11238201 11764328 500975 436 67219.76 80611.32 27550.22 16135.12
1717841690 1546578213 1409161500 0 0 11238306 11764379 500975 436 67200.41 80614.03 27568.24 16133.03
1717841700 1546579329 1409161548 0 0 11238396 11764453 500975 436 67242.22 80473.86 27526.02 16272.61
1717841710 1546580037 1409162130 0 0 11238517 11764491 500975 436 67255.91 80462.97 27513.33 16283.49
1717841721 1546580593 1409162432 0 0 11238620 11764548 500975 436 67193.59 80461.29 27575.04 16285.22
1717841731 1546581097 1409162644 0 0 11238687 11764703 500975 436 67128.95 80401.94 27640.17 16344.17
1717841741 1546581724 1409163002 0 0 11238774 11764812 500975 436 67100.30 80415.36 27668.93 16331.11
1717841751 1546582373 1409163052 0 0 11238921 11765021 500975 436 67042.58 80384.59 27735.55 16361.49
1717841762 1546583088 1409163304 0 0 11238983 11765153 500975 436 67042.61 80345.59 27726.14 16401.47
1717841773 1546583510 1409163720 0 0 11239095 11765193 500975 436 67034.47 80354.48 27734.23 16392.58
1717841783 1546583882 1409163946 0 0 11239223 11765253 500975 436 66994.15 80394.02 27775.08 16353.02
1717841793 1546585658 1409164354 0 0 11239449 11765309 500975 436 66907.91 80403.27 27860.35 16344.36
1717841805 1546587053 1409164570 0 0 11239592 11765366 500975 436 66860.48 80403.39 27907.65 16342.73
1717841815 1546588017 1409164772 0 0 11239706 11765434 500975 436 66832.11 80404.12 27936.15 16342.34
1717841825 1546588471 1409164888 0 0 11239794 11765500 500975 436 66831.44 80403.52 27937.18 16343.11
1717841836 1546589067 1409165136 0 0 11239847 11765598 500975 436 66832.55 80402.29 27936.07 16343.73
1717841846 1546589386 1409165198 0 0 11239901 11765698 500975 436 66830.10 80403.93 27938.03 16343.52
1717841856 1546590019 1409165782 0 0 11239984 11765769 500975 436 66829.83 80403.07 27938.30 16343.05
1717841866 1546590275 1409166036 0 0 11240071 11765835 500975 436 66830.53 80404.01 27937.60 16342.04
1717841877 1546591048 1409166044 0 0 11240155 11765905 500975 436 66831.46 80308.40 27937.76 16438.23
1717841887 1546591817 1409166044 0 0 11240239 11765974 500975 436 66834.52 80305.50 27933.71 16441.57
1717841897 1546592133 1409166070 0 0 11240335 11766032 500975 436 66832.58 80306.62 27935.69 16439.84
1717841908 1546592586 1409166388 0 0 11240433 11766089 500975 436 66823.86 80314.34 27944.76 16432.70
1717841918 1546592801 1409166584 0 0 11240514 11766162 500975 436 66826.33 80314.50 27943.91 16431.96
1717841928 1546593122 1409166856 0 0 11240579 11766251 500975 436 66828.40 80311.36 27940.84 16435.64
1717841938 1546593585 1409167240 0 0 11240705 11766301 500975 436 66826.74 80287.81 27941.89 16458.65
1717841949 1546593738 1409167242 0 0 11240832 11766361 500975 436 66826.79 80254.51 27940.95 16491.96
1717841959 1546594313 1409167272 0 0 11240894 11766461 500975 436 66700.47 80245.78 28068.15 16500.32
1717841969 1546595003 1409167318 0 0 11240959 11766553 500975 436 66634.47 80245.88 28134.76 16500.64
1717841980 1546595401 1409167620 0 0 11241096 11766616 500975 436 66633.68 80247.67 28134.50 16499.91
1717841990 1546595911 1409167864 0 0 11241265 11766678 500975 436 66555.62 80247.30 28213.00 16499.77
1717842000 1546596135 1409167866 0 0 11241345 11766751 500975 436 66555.55 80246.64 28212.71 16499.33
1717842010 1546596690 1409168156 0 0 11241441 11766821 500975 436 66553.88 80241.92 28214.25 16505.15
1717842021 1546596881 1409168228 0 0 11241534 11766882 500975 436 66555.99 80240.18 28212.25 16506.79
1717842031 1546597489 1409168636 0 0 11241628 11766941 500975 436 66556.14 80239.84 28213.07 16506.77
1717842041 1546598316 1409168942 0 0 11241712 11767008 500975 436 66556.74 80240.01 28212.49 16505.96
1717842052 1546598503 1409168958 0 0 11241824 11767049 500975 436 66558.92 80238.20 28210.83 16508.84
1717842062 1546598844 1409169206 0 0 11241919 11767107 500975 436 66559.54 80238.41 28209.08 16507.64
1717842072 1546599050 1409169222 0 0 11242005 11767174 500975 436 66560.21 80238.18 28209.11 16508.42
1717842082 1546599692 1409169608 0 0 11242089 11767246 500975 436 66560.55 80237.35 28208.06 16508.16
1717842093 1546600200 1409169968 0 0 11242180 11767310 500975 436 66560.43 80172.64 28208.76 16572.91
1717842103 1546600741 1409170078 0 0 11242263 11767384 500975 436 66560.02 80109.38 28208.70 16636.60
1717842113 1546601232 1409170302 0 0 11242353 11767447 500975 436 66560.05 80108.77 28209.17 16637.86
1717842124 1546601489 1409170334 0 0 11242440 11767514 500975 436 66560.38 80109.35 28208.24 16638.25
1717842134 1546602014 1409170834 0 0 11242523 11767583 500975 436 66431.99 80108.00 28336.63 16639.10
1717842144 1546602790 1409171504 0 0 11242612 11767649 500975 436 66431.98 80077.09 28336.66 16669.46
1717842155 1546603212 1409171866 0 0 11242694 11767720 500975 436 66435.09 80073.97 28333.04 16672.98
1717842165 1546603579 1409171894 0 0 11242773 11767792 500975 436 66432.72 80073.74 28336.48 16672.82
1717842175 1546603964 1409171910 0 0 11242868 11767848 500975 436 66432.14 80073.84 28337.61 16673.72
1717842185 1546604240 1409172046 0 0 11242963 11767905 500975 436 66432.53 80073.27 28336.70 16673.32
1717842196 1546604683 1409172302 0 0 11243048 11767972 500975 436 66431.77 80072.60 28336.85 16673.50
1717842206 1546605223 1409172774 0 0 11243135 11768038 500975 436 66431.77 80072.92 28336.97 16674.15
1717842216 1546605490 1409172894 0 0 11243231 11768096 500975 436 66432.08 80073.36 28336.16 16673.67
1717842227 1546606040 1409173276 0 0 11243324 11768154 500975 436 66427.48 80077.41 28339.74 16668.56
1717842237 1546606382 1409173460 0 0 11243407 11768223 500975 436 66428.51 80078.11 28340.18 16668.51
1717842247 1546606767 1409173634 0 0 11243492 11768290 500975 436 66428.22 80078.90 28340.02 16667.57
1717842258 1546606967 1409173760 0 0 11243586 11768350 500975 436 66427.41 80078.53 28341.21 16667.52
1717842268 1546608919 1409174940 0 0 11243671 11768416 500975 436 66425.54 80080.84 28342.67 16665.63
1717842278 1546609994 1409175558 0 0 11243767 11768474 500975 436 66425.77 80080.46 28342.43 16665.51
1717842289 1546610714 1409176138 0 0 11243857 11768538 500975 436 66422.14 80081.25 28345.50 16665.77
1717842299 1546611530 1409176726 0 0 11243942 11768604 500975 436 66423.68 80114.80 28345.02 16632.26
1717842309 1546611864 1409176768 0 0 11244027 11768671 500975 436 66420.90 80116.67 28347.84 16629.80
1717842319 1546612099 1409176784 0 0 11244104 11768746 500975 436 66420.15 80117.53 28348.47 16628.03
1717842330 1546612490 1409177146 0 0 11244190 11768813 500975 436 66418.38 80120.06 28349.37 16626.40
1717842340 1546612965 1409177472 0 0 11244285 11768870 500975 436 66418.57 80120.21 28350.59 16626.33
1717842350 1546613332 1409177828 0 0 11244370 11768937 500975 436 66417.57 80122.12 28352.18 16624.94
1717842361 1546613795 1409178008 0 0 11244465 11768993 500975 436 66415.84 80123.68 28352.78 16622.90
1717842371 1546614076 1409178092 0 0 11244550 11769062 500975 436 66414.78 80124.90 28352.96 16621.07
1717842381 1546614333 1409178292 0 0 11244626 11769140 500975 436 66413.79 80125.41 28356.04 16619.09
1717842391 1546614613 1409178428 0 0 11244730 11769188 500975 436 66410.86 80125.79 28357.79 16621.27
1717842402 1546614968 1409178730 0 0 11244816 11769255 500975 436 66470.23 80163.48 28298.95 16582.57
1717842412 1546615636 1409179216 0 0 11244901 11769321 500975 436 66469.00 80163.33 28298.79 16584.24
1717842422 1546616634 1409179796 0 0 11244995 11769381 500975 436 66467.32 80165.39 28300.40 16581.67
1717842433 1546617743 1409180400 0 0 11245082 11769445 500975 436 66466.64 80167.28 28302.57 16579.32
1717842443 1546618497 1409180954 0 0 11245170 11769512 500975 436 66464.73 80167.67 28304.47 16578.88
1717842453 1546618795 1409181170 0 0 11245257 11769580 500975 436 66467.60 80165.99 28301.52 16581.15
1717842464 1546619506 1409181660 0 0 11245344 11769647 500975 436 66524.44 80171.70 28243.85 16575.34
1717842474 1546619923 1409182000 0 0 11245433 11769715 500975 436 66526.69 80171.35 28242.53 16575.26
1717842484 1546620520 1409182334 0 0 11245519 11769781 500975 436 66526.75 80170.55 28242.45 16575.50
1717842494 1546621119 1409182410 0 0 11245605 11769846 500975 436 66526.18 80169.93 28243.34 16576.62
1717842505 1546621380 1409182620 0 0 11245701 11769915 500976 436 66427.80 80169.84 28340.82 16575.80
1717842515 1546621698 1409182786 0 0 11245786 11769983 500976 436 66428.71 80168.20 28340.55 16578.77
1717842525 1546622077 1409183040 0 0 11245882 11770042 500976 436 66429.30 80169.80 28339.93 16577.86
1717842536 1546622557 1409183412 0 0 11245998 11770079 500976 436 66426.68 80171.37 28340.96 16575.09
1717842546 1546623507 1409184006 0 0 11246078 11770152 500976 436 66438.52 80157.58 28331.22 16589.05
1717842556 1546625905 1409185398 0 0 11246161 11770224 500976 436 66461.88 80233.80 28307.23 16512.82
1717842567 1546627447 1409186158 0 0 11246253 11770291 500976 436 66366.33 80233.41 28402.91 16512.07
1717842577 1546628488 1409186488 0 0 11246343 11770354 500976 436 66365.81 80234.36 28402.89 16512.23
1717842587 1546629111 1409186990 0 0 11246429 11770421 500976 436 66367.45 80169.86 28401.29 16576.67
1717842597 1546629708 1409187272 0 0 11246525 11770479 500976 436 66366.82 80170.22 28402.43 16577.34
1717842608 1546629949 1409187462 0 0 11246624 11770545 500976 436 66365.38 80108.15 28403.83 16638.42
1717842618 1546630841 1409188226 0 0 11246724 11770600 500976 436 66366.67 80104.27 28402.05 16641.90
1717842628 1546631583 1409188448 0 0 11246825 11770653 500976 436 66362.24 80058.16 28407.62 16688.31
1717842638 1546633411 1409189436 0 0 11246944 11770689 500976 436 66367.98 80104.81 28400.72 16642.20
1717842649 1546633893 1409189742 0 0 11247037 11770747 500976 436 66367.32 80104.86 28400.89 16642.20
1717842659 1546635222 1409190718 0 0 11247122 11770820 500976 436 66367.77 80102.81 28400.96 16643.65
1717842669 1546639456 1409193436 0 0 11247219 11770886 500976 436 66361.96 80237.32 28407.15 16508.30
1717842680 1546642171 1409194908 0 0 11247304 11770966 500976 436 66364.05 80075.20 28405.11 16670.28
1717842690 1546643731 1409195812 0 0 11247408 11771023 500976 436 66367.43 80070.08 28401.28 16677.07
1717842700 1546644839 1409196384 0 0 11247478 11771107 500976 436 66500.12 80064.31 28269.10 16682.70
1717842711 1546645370 1409196580 0 0 11247571 11771179 500976 436 66434.44 80029.72 28334.69 16716.82
1717842721 1546646477 1409197334 0 0 11247659 11771245 500976 436 66435.21 80030.17 28333.54 16716.29
1717842731 1546648043 1409198240 0 0 11247760 11771303 500976 436 66433.69 80029.84 28335.53 16716.25
1717842742 1546649378 1409199078 0 0 11247849 11771369 500976 436 66434.34 80031.29 28334.89 16714.76
1717842752 1546651498 1409199850 0 0 11247944 11771437 500976 436 66338.92 80031.29 28429.28 16715.78
1717842762 1546655798 1409202564 0 0 11248039 11771496 500976 436 66343.14 80122.11 28426.09 16624.95
1717842772 1546658833 1409204538 0 0 11248135 11771565 500976 436 66341.47 79962.43 28427.15 16784.16
1717842783 1546660636 1409205820 0 0 11248208 11771644 500976 436 66340.99 79960.70 28427.20 16784.86
1717842793 1546661410 1409206290 0 0 11248254 11771750 500976 436 66331.31 79952.22 28437.31 16792.77
1717842803 1546664414 1409208080 0 0 11248316 11771840 500976 436 66344.32 79959.39 28424.98 16786.66
1717842814 1546665488 1409208630 0 0 11248414 11771906 500976 436 66280.06 79960.14 28488.59 16785.94
1717842824 1546666808 1409209744 0 0 11248500 11771971 500976 436 66280.36 79960.24 28489.39 16785.82
1717842834 1546667269 1409209928 0 0 11248600 11772026 500976 436 66279.26 79962.02 28490.84 16783.95
1717842845 1546668093 1409210492 0 0 11248684 11772092 500976 436 66279.32 79959.27 28488.80 16787.32
1717842855 1546668503 1409210762 0 0 11248750 11772180 500976 436 66280.26 79958.59 28488.91 16788.97
1717842865 1546668988 1409211180 0 0 11248836 11772247 500976 436 66280.93 79957.91 28488.82 16787.15
1717842876 1546669422 1409211450 0 0 11248929 11772309 500976 436 66280.59 79960.31 28488.11 16786.81
1717842886 1546669728 1409211488 0 0 11249014 11772375 500976 436 66279.64 79959.07 28489.12 16787.51
1717842896 1546670119 1409211782 0 0 11249110 11772431 500976 436 66279.78 79960.11 28488.49 16786.98
1717842906 1546670390 1409211994 0 0 11249216 11772475 500976 436 66280.41 79956.76 28487.23 16789.73
1717842917 1546670932 1409212402 0 0 11249299 11772546 500976 436 66281.79 79958.38 28486.84 16789.20
1717842927 1546671331 1409212744 0 0 11249363 11772633 500976 436 66281.13 79956.99 28487.11 16789.07
1717842937 1546671724 1409212888 0 0 11249455 11772696 500976 436 66282.12 79957.30 28486.11 16789.29
1717842948 1546672110 1409213094 0 0 11249539 11772761 500976 436 66282.39 79956.89 28485.74 16790.15
1717842958 1546672318 1409213254 0 0 11249623 11772828 500976 436 66283.33 79956.53 28485.90 16789.93
1717842968 1546672575 1409213364 0 0 11249718 11772883 500976 436 66282.27 79957.69 28486.46 16789.88
1717842978 1546673071 1409213816 0 0 11249807 11772946 500976 436 66279.84 79958.63 28488.38 16788.43
1717842989 1546673579 1409214072 0 0 11249897 11773007 500976 436 66282.36 79954.33 28485.77 16792.77
1717842999 1546673899 1409214254 0 0 11249994 11773063 500976 436 66278.96 79956.63 28489.27 16789.91
1717843009 1546674327 1409214574 0 0 11250059 11773151 500976 436 66279.48 79956.75 28488.75 16789.82
1717843020 1546674467 1409214586 0 0 11250154 11773207 500976 436 66280.81 79957.14 28487.93 16789.89
1717843030 1546674682 1409214712 0 0 11250250 11773263 500976 436 66281.02 79956.38 28488.12 16790.73
1717843040 1546675369 1409215284 0 0 11250337 11773331 500976 436 66281.67 79955.84 28486.95 16790.74
1717843050 1546675818 1409215560 0 0 11250424 11773399 500976 436 66282.11 79956.42 28486.65 16789.57
1717843061 1546676266 1409215878 0 0 11250533 11773443 500976 436 66185.18 79958.88 28583.04 16787.09
1717843071 1546677574 1409216762 0 0 11250616 11773513 500976 436 66184.22 79958.25 28585.48 16788.33
1717843081 1546678710 1409217404 0 0 11250728 11773553 500976 436 66187.75 79954.99 28581.39 16791.05
1717843092 1546679640 1409217926 0 0 11250795 11773640 500976 436 66186.81 79955.30 28581.81 16790.77
1717843102 1546680418 1409218412 0 0 11250883 11773707 500976 436 66187.25 79955.21 28580.88 16790.84
1717843112 1546680837 1409218712 0 0 11250969 11773773 500976 436 66186.94 79954.57 28582.28 16791.51
1717843123 1546681532 1409219132 0 0 11251055 11773838 500976 436 66187.59 79954.27 28580.65 16792.31
1717843133 1546681707 1409219236 0 0 11251140 11773904 500976 436 66188.55 79954.31 28581.11 16792.21
1717843143 1546682012 1409219378 0 0 11251247 11773951 500976 436 66186.04 79953.57 28582.69 16792.51
1717843153 1546682477 1409219726 0 0 11251320 11774027 500976 436 66185.81 79955.84 28583.35 16790.74
1717843164 1546683189 1409220340 0 0 11251389 11774112 500976 436 66191.91 79949.51 28576.82 16796.61
1717843174 1546683652 1409220724 0 0 11251463 11774188 500976 436 66189.71 79950.39 28579.44 16796.69
1717843184 1546684067 1409220926 0 0 11251551 11774253 500976 436 66189.53 79951.23 28579.13 16795.90
1717843195 1546684309 1409221034 0 0 11251637 11774320 500976 436 66190.30 79950.25 28578.40 16796.81
1717843205 1546685895 1409222058 0 0 11251733 11774382 500976 436 66190.24 79950.09 28578.38 16796.45
1717843215 1546686442 1409222422 0 0 11251825 11774444 500976 436 66191.48 79948.79 28577.82 16798.18
1717843225 1546687084 1409222920 0 0 11251920 11774504 500976 436 66197.01 79942.35 28573.30 16803.13
1717843236 1546687620 1409223408 0 0 11252033 11774546 500976 436 66098.21 79943.86 28669.92 16802.21
1717843246 1546688334 1409223906 0 0 11252092 11774640 500976 436 66098.92 79943.08 28670.28 16803.46
1717843256 1546688876 1409224250 0 0 11252178 11774706 500976 436 66097.95 79943.05 28671.16 16803.55
1717843267 1546689396 1409224514 0 0 11252265 11774770 500976 436 66097.02 79942.83 28671.68 16803.22
1717843277 1546689635 1409224606 0 0 11252351 11774836 500976 436 66097.70 79942.75 28670.96 16803.83
1717843287 1546689919 1409224842 0 0 11252438 11774903 500976 436 66097.09 79942.62 28671.58 16803.96
1717843298 1546690075 1409224928 0 0 11252540 11774957 500976 436 66099.14 79942.74 28668.99 16805.46
1717843308 1546690705 1409225470 0 0 11252612 11775037 500976 436 65999.31 79945.07 28769.96 16801.51
1717843318 1546691583 1409226178 0 0 11252695 11775113 500976 436 66003.38 79846.19 28765.30 16901.34
1717843328 1546693905 1409227348 0 0 11252824 11775191 500976 436 66094.21 79849.82 28674.52 16897.25
1717843339 1546695437 1409228296 0 0 11252962 11775260 500977 436 66126.68 79850.36 28642.54 16896.24
1717843349 1546696917 1409229218 0 0 11253058 11775347 500977 436 68032.63 79659.74 26735.62 17086.23
1717843359 1546699721 1409231426 0 0 11253154 11775408 500977 436 68032.76 79661.64 26735.86 17085.39
1717843370 1546701058 1409232262 0 0 11253271 11775464 500977 436 67759.79 79674.21 27009.38 17071.76
1717843380 1546702576 1409233306 0 0 11253602 11775554 500977 436 67401.08 79685.16 27367.73 17060.82
1717843390 1546704080 1409234116 0 0 11254265 11775599 500977 436 67597.12 79682.62 27171.50 17064.54
1717843401 1546704589 1409234354 0 0 11254346 11775676 500977 436 67694.62 79684.05 27074.59 17063.03
1717843411 1546705033 1409234684 0 0 11254429 11775744 500977 436 67694.46 79683.21 27074.16 17062.84
1717843421 1546706019 1409235578 0 0 11254512 11775822 500977 436 67693.80 79685.68 27074.96 17061.33
1717843431 1546706465 1409235704 0 0 11254607 11775879 500977 436 67692.86 79685.29 27075.77 17061.30
1717843442 1546706599 1409235796 0 0 11254710 11775937 500977 436 67627.72 79687.46 27141.51 17059.00
1717843452 1546707052 1409236158 0 0 11254817 11775985 500977 436 67585.15 79685.70 27189.62 17060.87
1717843462 1546707748 1409236724 0 0 11254911 11776043 500977 436 67564.31 79685.84 27204.43 17059.64
1717843473 1546709502 1409237782 0 0 11254987 11776119 500977 436 67474.18 79663.79 27295.12 17084.30
1717843483 1546711045 1409238806 0 0 11255077 11776187 500977 436 67630.30 79682.13 27137.83 17064.48
1717843493 1546711594 1409239120 0 0 11255162 11776259 500977 436 67565.48 79681.85 27203.20 17063.73
1717843504 1546712293 1409239642 0 0 11255249 11776324 500977 436 67567.56 79683.88 27201.66 17063.18
1717843514 1546713084 1409240128 0 0 11255374 11776410 500977 436 67847.35 79651.37 26923.27 17096.20
1717843524 1546715334 1409242018 0 0 11255476 11776464 500977 436 67662.49 79648.57 27106.63 17097.91
1717843534 1546716671 1409243136 0 0 11255572 11776518 500977 436 67659.59 79649.21 27109.04 17096.88
1717843545 1546717250 1409243420 0 0 11255656 11776602 500977 436 67987.60 79619.69 26780.53 17126.82
1717843555 1546718123 1409243936 0 0 11255745 11776679 500977 436 67931.36 79646.34 26837.83 17100.29
1717843565 1546718541 1409244126 0 0 11255810 11776770 500977 436 67836.21 79644.23 26932.41 17103.33
1717843576 1546718956 1409244538 0 0 11255872 11776870 500977 436 67818.15 79549.80 26950.54 17196.77
1717843586 1546720676 1409245746 0 0 11255981 11776941 500977 436 67789.52 79449.75 26979.21 17296.79
1717843596 1546722482 1409246902 0 0 11256108 11776998 500977 436 67787.77 79453.16 26981.52 17293.30
1717843606 1546723222 1409247416 0 0 11256258 11777040 500977 436 67755.04 79451.64 27013.68 17294.94
1717843617 1546724297 1409248136 0 0 11256388 11777121 500977 436 67699.27 79353.66 27091.41 17392.88
1717843627 1546725599 1409249186 0 0 11256474 11777217 500977 436 67497.19 81483.67 27271.43 15263.29
1717843637 1546726239 1409249596 0 0 11256536 11777339 500977 436 67393.19 81286.51 27375.43 15460.09
1717843648 1546726886 1409250100 0 0 11256640 11777437 500977 436 67805.11 81285.77 26963.51 15460.29
1717843658 1546728192 1409250690 0 0 11257294 11777555 500977 436 67133.93 81126.85 27635.30 15618.63
1717843668 1546729661 1409251600 0 0 11257987 11777893 500977 436 69572.86 80667.23 25193.41 16079.84
1717843679 1546731030 1409252388 0 0 11258120 11778484 500977 436 69584.36 80860.93 25183.79 15885.64
1717843689 1546731862 1409253182 0 0 11258221 11778553 500977 436 69624.19 81025.07 25144.47 15720.98
1717843699 1546732072 1409253376 0 0 11258293 11778645 500977 436 69559.63 81025.13 25209.57 15721.95
1717843709 1546732467 1409253694 0 0 11258440 11778942 500977 436 69697.41 82888.12 25071.72 13859.56
1717843720 1546733082 1409254230 0 0 11258741 11780084 500977 436 69647.22 82562.05 25121.40 14175.03
1717843730 1546734264 1409254930 0 0 11259629 11782486 500977 436 69250.68 82548.15 25519.04 14199.53
1717843740 1546735771 1409255946 0 0 11261781 11783898 500977 436 69188.11 82170.14 25581.64 14576.32
1717843751 1546738349 1409257278 0 0 11264673 11785476 500977 436 68057.00 82177.53 26712.23 14568.58
1717843761 1546739920 1409258264 0 0 11267270 11787472 500977 436 69100.11 82605.54 25668.02 14141.46
1717843771 1546740633 1409258704 0 0 11269488 11789463 500977 436 69101.96 82543.77 25666.79 14203.81
1717843782 1546741005 1409259000 0 0 11271774 11791457 500977 436 69156.11 82614.85 25623.88 14131.62
1717843792 1546743850 1409259714 0 0 11273231 11792570 500977 436 68483.15 81645.40 26286.57 15101.06
1717843803 1546746150 1409261194 0 0 11273389 11792629 500977 436 68478.29 81928.27 26290.34 14818.33
1717843813 1546747377 1409262144 0 0 11273488 11792705 500977 436 68364.92 81910.55 26404.77 14834.01
1717843823 1546749216 1409263664 0 0 11273582 11792773 500977 436 68236.03 81913.05 26533.13 14833.41
1717843834 1546750007 1409264262 0 0 11273725 11792803 500977 436 68239.34 82208.64 26529.85 14537.33
1717843844 1546750998 1409265008 0 0 11273853 11793071 500977 436 68367.26 82759.32 26403.04 13987.26
1717843855 1546751606 1409265556 0 0 11273993 11793088 500977 436 68305.57 82757.68 26462.67 13988.79
1717843865 1546752761 1409266198 0 0 11274100 11793672 500977 436 68229.83 82555.09 26538.79 14192.45
1717843875 1546753784 1409266642 0 0 11274220 11793959 500977 436 68887.63 82339.37 25885.59 14409.24
1717843888 1546755952 1409268326 0 0 11274478 11794770 500977 436 69139.64 83226.26 25630.61 13519.71
1717843899 1546758829 1409269838 0 0 11275081 11795388 500977 436 68414.05 82528.08 26356.85 14218.43
1717843909 1546762219 1409271152 0 0 11275500 11795489 500977 436 68142.16 82256.08 26626.06 14491.50
1717843919 1546766353 1409272872 0 0 11275596 11796104 500977 436 68570.22 82572.47 26198.40 14173.50
1717843929 1546770038 1409274482 0 0 11275863 11796502 500977 436 68297.69 82383.27 26470.77 14364.25
1717843940 1546775390 1409276348 0 0 11276303 11797341 500977 436 67976.00 81938.78 26792.13 14807.69
1717843950 1546780414 1409278048 0 0 11276702 11798150 500977 436 67609.20 82060.56 27160.60 14686.13
1717843960 1546783509 1409278908 0 0 11276872 11798872 500977 436 67958.18 82078.34 26810.57 14668.24
1717843971 1546787524 1409280208 0 0 11277108 11799157 500977 436 68094.07 81807.02 26674.59 14939.55
1717843981 1546790905 1409281284 0 0 11277320 11799267 500977 436 67945.41 81896.83 26823.21 14849.23
1717843991 1546794584 1409282840 0 0 11277427 11799502 500977 436 67889.70 81647.34 26878.43 15099.69
1717844002 1546798546 1409284378 0 0 11277629 11800092 500977 436 68104.70 81154.69 26663.92 15592.82
1717844012 1546803025 1409286494 0 0 11278319 11801898 500977 436 67934.59 80889.18 26834.03 15857.28
1717844022 1546807385 1409288402 0 0 11279300 11804147 500977 436 67741.36 81040.86 27027.26 15705.77
1717844032 1546809754 1409289500 0 0 11280434 11806025 500978 436 67266.64 81456.52 27502.59 15290.01
1717844043 1546813871 1409291170 0 0 11282055 11807936 500979 436 67289.31 81414.86 27478.82 15331.74
1717844053 1546816580 1409292528 0 0 11283574 11810007 500979 436 67339.65 81503.17 27430.69 15243.29
1717844063 1546817939 1409293352 0 0 11284748 11812073 500979 436 67525.25 81476.18 27243.38 15285.75
1717844074 1546819897 1409294206 0 0 11285815 11814283 500979 436 67386.83 81479.98 27383.61 15268.33
1717844084 1546822217 1409295162 0 0 11286798 11816570 500979 436 67445.09 80975.64 27324.80 15773.55
1717844094 1546826186 1409297116 0 0 11288157 11817766 500979 436 68484.21 80414.09 26268.99 16346.38
1717844105 1546829131 1409298770 0 0 11290759 11819421 500979 436 68464.52 80272.18 26305.28 16489.41
1717844115 1546833614 1409301190 0 0 11291967 11822579 500979 436 68524.98 79813.38 26244.28 16936.17
1717844125 1546836446 1409302998 0 0 11293009 11826313 500979 436 68550.06 80408.51 26218.63 16344.01
1717844135 1546839626 1409304748 0 0 11294532 11830229 500979 436 69425.34 81644.93 25348.78 15104.22
1717844146 1546842260 1409306116 0 0 11296622 11833867 500979 436 69348.04 81453.46 25403.07 15293.49
1717844156 1546845042 1409307618 0 0 11298803 11837761 500979 436 68971.37 81574.11 25797.49 15180.66
1717844166 1546847232 1409308462 0 0 11301461 11841208 500979 436 68794.63 81605.86 25976.28 15140.25
1717844177 1546849957 1409310066 0 0 11304503 11845684 500979 436 67878.11 82323.98 26891.12 14424.90
1717844187 1546855314 1409312090 0 0 11306170 11850127 500979 436 67477.10 81926.96 27291.02 14827.62
1717844197 1546861880 1409315000 0 0 11306911 11854579 500979 436 66906.71 80243.37 27861.91 16504.18
1717844208 1546871252 1409318294 0 0 11308217 11855441 500979 436 66401.63 79673.46 28367.64 17073.01
1717844218 1546875017 1409319838 0 0 11309891 11855477 500979 436 66229.60 79712.11 28546.83 17034.36
1717844228 1546879766 1409321408 0 0 11312091 11855571 500979 436 66407.38 79614.78 28361.81 17131.69
1717844239 1546882772 1409322744 0 0 11314817 11855627 500979 436 66206.04 79695.27 28562.59 17051.20
1717844249 1546886397 1409324346 0 0 11317544 11855842 500979 436 66118.64 79709.90 28650.11 17036.57
1717844259 1546889418 1409326176 0 0 11322259 11856090 500979 436 66197.67 79612.44 28576.29 17137.91
1717844270 1546891636 1409327124 0 0 11326264 11857013 500979 436 66271.86 80086.31 28499.79 16660.91
1717844280 1546894326 1409328390 0 0 11329437 11858533 500979 436 66743.99 80053.34 28028.77 16697.93
1717844290 1546898505 1409329936 0 0 11333039 11861203 500979 436 66669.20 80777.00 28099.42 15962.57
1717844300 1546903352 1409332042 0 0 11336331 11863863 500979 436 66934.13 79974.09 27841.77 16777.82
1717844311 1546909055 1409334002 0 0 11340314 11866420 500979 436 66994.67 79703.84 27773.55 17042.62
1717844321 1546914887 1409336136 0 0 11341094 11869199 500979 436 67523.74 79590.06 27247.30 17161.87
1717844331 1546919095 1409338228 0 0 11342368 11872067 500979 436 67195.34 79868.43 27546.84 16886.00
1717844342 1546924783 1409340626 0 0 11343480 11874393 500979 436 66544.30 80095.12 28223.89 16659.21
1717844352 1546930852 1409343016 0 0 11344553 11877520 500979 436 65844.84 79249.00 28922.31 17497.47
1717844362 1546936872 1409344976 0 0 11345542 11880793 500979 436 66012.25 78668.34 28755.55 18078.12
1717844373 1546942971 1409347118 0 0 11346542 11884178 500979 436 65408.16 78517.08 29360.46 18229.40
1717844383 1546947427 1409348636 0 0 11348189 11887220 500979 436 64810.21 78167.29 29957.96 18579.18
1717844393 1546954826 1409350798 0 0 11349792 11890203 500979 436 64580.67 78302.77 30187.95 18451.08
1717844403 1546961654 1409352602 0 0 11351526 11893064 500979 436 64546.75 78152.25 30226.11 18572.07
1717844414 1546966416 1409354130 0 0 11353195 11895866 500979 436 64564.60 79570.59 30203.15 17182.11
1717844424 1546969924 1409355722 0 0 11354556 11898793 500979 436 66071.55 79616.56 28697.07 17129.43
1717844434 1546972651 1409357040 0 0 11355949 11899112 500979 436 66020.42 79544.14 28747.73 17202.33
1717844445 1546977340 1409358992 0 0 11357123 11899838 500979 436 66015.88 79431.48 28751.76 17314.98
1717844455 1546981222 1409360396 0 0 11358714 11900495 500979 436 65812.81 79485.73 28956.46 17260.84
1717844465 1546983793 1409361684 0 0 11360188 11901168 500979 436 65866.14 79423.95 28902.48 17323.09
1717844476 1546986027 1409362574 0 0 11361647 11901655 500979 436 65781.35 79383.12 28987.34 17363.35
1717844486 1546989331 1409364128 0 0 11363157 11902337 500979 436 65534.31 79436.61 29234.31 17310.41
1717844496 1546990933 1409364812 0 0 11364374 11903588 500979 436 65405.58 79323.06 29363.04 17423.97
1717844506 1546994087 1409365988 0 0 11365800 11905110 500979 436 65283.75 79219.87 29484.88 17525.73
1717844517 1546997102 1409367132 0 0 11367270 11906976 500979 436 65478.54 78990.00 29290.08 17757.51
1717844527 1547001673 1409369232 0 0 11369101 11908668 500979 436 65376.13 79133.57 29392.60 17612.90
1717844537 1547004932 1409370242 0 0 11371232 11910357 500979 436 65338.62 78931.03 29430.00 17819.14
1717844548 1547009804 1409372280 0 0 11374490 11913249 500979 436 65355.89 80408.61 29412.73 16338.46
1717844558 1547013256 1409373550 0 0 11377053 11916797 500979 436 65327.83 80417.34 29444.22 16329.13
1717844568 1547016087 1409375158 0 0 11380745 11920482 500979 436 65070.23 80227.39 29702.61 16519.07
1717844579 1547020313 1409376974 0 0 11383770 11923463 500979 436 67079.95 80025.16 27689.82 16721.31
1717844589 1547024383 1409378988 0 0 11386852 11927230 500979 436 67620.98 80469.71 27148.21 16277.24
1717844599 1547027694 1409380756 0 0 11389360 11931046 500979 436 67521.55 80291.46 27246.19 16461.66
1717844609 1547029960 1409381970 0 0 11391998 11934698 500979 436 67514.27 81988.00 27254.36 14760.59
1717844620 1547032723 1409383158 0 0 11394931 11939406 500979 436 67565.79 82079.79 27202.83 14667.25
1717844630 1547034434 1409384244 0 0 11397794 11944073 500979 436 67558.93 82041.60 27209.70 14713.24
1717844641 1547036584 1409385150 0 0 11400457 11947610 500979 436 67367.31 82138.49 27394.81 14609.43
1717844651 1547038611 1409386192 0 0 11402090 11952368 500979 436 67749.27 81876.17 27015.00 14862.92
1717844661 1547039620 1409386730 0 0 11402750 11956864 500979 436 67436.82 82026.04 27331.80 14719.44
1717844672 1547041790 1409387574 0 0 11404378 11961577 500979 436 67399.71 81980.08 27369.51 14772.44
1717844682 1547044930 1409388928 0 0 11406433 11965923 500979 436 67068.20 81813.03 27701.63 14939.86
1717844692 1547047994 1409390440 0 0 11408728 11969896 500979 436 67104.30 81775.85 27633.40 14977.28
1717844702 1547051807 1409391938 0 0 11412243 11973356 500979 436 66874.41 81324.50 27894.39 15421.96
1717844713 1547056389 1409393752 0 0 11416374 11974655 500979 436 66867.89 81330.61 27876.08 15411.75
1717844723 1547059481 1409394892 0 0 11420908 11976490 500979 436 66901.08 81264.45 27862.46 15471.22
1717844733 1547062682 1409396352 0 0 11426125 11978696 500979 436 66871.75 81194.39 27918.87 15536.07
1717844744 1547066422 1409397814 0 0 11431624 11982445 500979 436 66794.53 81195.50 27973.60 15550.97
1717844754 1547069446 1409398940 0 0 11437127 11985918 500979 436 66804.48 81180.27 27968.39 15574.54
1717844764 1547071599 1409399770 0 0 11442628 11990103 500979 436 66756.24 81134.91 28015.74 15613.37
1717844775 1547074851 1409401170 0 0 11448965 11994909 500979 436 67960.21 80854.66 26818.41 15902.59
1717844785 1547078427 1409402576 0 0 11454452 11998977 500979 436 67746.61 81044.42 27025.62 15702.05
1717844795 1547080188 1409403286 0 0 11458535 12003741 500979 436 67852.77 80888.47 26917.50 15862.82
1717844806 1547084339 1409405060 0 0 11460871 12007469 500979 436 67757.03 80936.48 27011.61 15815.44
1717844816 1547087208 1409406082 0 0 11463407 12011887 500979 436 67721.08 80902.71 27042.14 15849.22
1717844827 1547088653 1409406772 0 0 11465767 12016382 500979 436 67724.45 80867.91 27051.05 15879.77
1717844837 1547091313 1409407790 0 0 11468510 12020754 500979 436 67715.05 80825.90 27055.93 15921.17
1717844848 1547094599 1409409192 0 0 11471752 12025171 500979 436 67676.07 80858.97 27095.52 15888.71
1717844858 1547096490 1409409940 0 0 11475752 12029337 500979 436 67690.85 80797.54 27086.86 15956.11
1717844869 1547099291 1409411324 0 0 11480421 12034283 500979 436 67732.52 80786.11 27047.52 15963.87
1717844879 1547100289 1409411862 0 0 11485723 12038605 500979 436 67736.27 80693.63 27033.46 16031.69
1717844890 1547101852 1409412786 0 0 11490878 12044589 500979 436 67703.27 82024.07 27030.75 14729.91
1717844900 1547105084 1409414002 0 0 11495214 12050396 500979 436 67724.82 81030.37 27007.17 15701.34
1717844910 1547107265 1409415170 0 0 11500182 12055106 500979 436 67609.41 81082.15 27161.00 15665.52
1717844921 1547110558 1409416514 0 0 11504776 12059887 500979 436 67791.54 80419.43 26977.08 16327.53
1717844931 1547113963 1409417722 0 0 11507577 12061299 500979 436 67735.36 80327.84 27045.44 16420.44
1717844941 1547117240 1409419084 0 0 11509899 12062893 500979 436 67713.12 79889.94 27055.50 16856.54
1717844952 1547121130 1409420864 0 0 11513042 12063929 500979 436 67219.34 80443.16 27549.29 16305.14
1717844962 1547126630 1409423138 0 0 11516121 12064922 500979 436 67038.75 80083.47 27729.99 16662.99
1717844972 1547130125 1409424444 0 0 11519159 12065447 500979 436 66490.66 80242.95 28285.40 16503.52
1717844982 1547132871 1409425198 0 0 11522151 12066940 500979 436 67526.96 80086.93 27241.66 16659.76
1717844993 1547134760 1409426138 0 0 11525198 12068503 500979 436 67462.00 80106.67 27306.20 16639.80
1717845003 1547136866 1409427154 0 0 11528200 12070199 500979 436 67480.37 80118.63 27288.87 16627.84
1717845013 1547138305 1409427700 0 0 11531362 12072239 500979 436 67075.99 80046.21 27693.84 16700.82
1717845024 1547144721 1409430456 0 0 11534275 12073933 500979 436 66609.98 79945.62 28169.25 16800.85
1717845034 1547151520 1409433400 0 0 11537399 12075815 500979 436 65875.16 80023.46 28893.00 16723.00
1717845044 1547156862 1409435562 0 0 11539624 12078072 500979 436 65866.89 79902.88 28901.85 16843.59
1717845055 1547163459 1409438300 0 0 11540714 12080221 500979 436 66263.23 79566.86 28505.53 17179.60
1717845065 1547169119 1409440556 0 0 11542096 12082146 500979 436 65146.94 80047.45 29622.29 16703.96
1717845075 1547172507 1409441892 0 0 11543392 12083834 500979 436 64819.24 80035.75 29949.38 16711.24
1717845085 1547176447 1409443074 0 0 11544396 12085192 500979 436 64747.82 79998.64 30020.90 16747.82
1717845096 1547180588 1409444470 0 0 11545744 12087049 500979 436 64746.25 79987.16 30022.38 16759.31
1717845106 1547184694 1409446332 0 0 11546713 12089535 500979 436 64767.47 82248.82 30000.66 14501.75
1717845116 1547187545 1409447436 0 0 11547705 12092134 500979 436 64738.41 81731.38 30030.21 15015.18
1717845127 1547189396 1409448376 0 0 11548606 12093917 500979 436 64593.51 81676.95 30150.28 15067.69
1717845137 1547190955 1409448794 0 0 11549519 12095673 500979 436 64412.95 81681.78 30349.39 14993.79
1717845147 1547193935 1409450074 0 0 11550643 12097995 500979 436 65928.53 80829.76 28840.09 15901.65
1717845157 1547198450 1409452176 0 0 11552485 12100572 500979 436 65520.30 80787.67 29247.84 15929.79
1717845168 1547202190 1409453692 0 0 11553755 12102259 500979 436 65619.80 81244.11 29149.46 15502.35
1717845178 1547205761 1409455522 0 0 11555258 12103932 500979 436 64966.21 81328.11 29802.41 15423.35
1717845188 1547211107 1409458124 0 0 11556231 12105188 500979 436 64740.16 80584.63 30029.08 16161.83
1717845199 1547215142 1409459932 0 0 11557436 12105879 500979 436 64723.20 80430.96 30045.42 16315.57
1717845209 1547217958 1409461048 0 0 11558751 12106694 500979 436 64713.88 79763.21 30054.96 16983.25
1717845219 1547222493 1409462988 0 0 11560330 12107112 500979 436 66242.49 79287.61 28526.13 17458.50
1717845230 1547228518 1409465176 0 0 11561634 12107452 500979 436 66107.35 79087.82 28663.18 17658.64
1717845240 1547233364 1409467178 0 0 11563391 12107619 500979 436 67247.17 79081.25 27521.45 17664.80
1717845250 1547238781 1409469276 0 0 11564993 12107806 500979 436 66831.12 79028.92 27937.50 17718.63
1717845261 1547243436 1409471014 0 0 11566374 12108117 500979 436 66805.84 78972.47 27963.43 17773.99
1717845271 1547246316 1409472318 0 0 11567729 12108276 500979 436 66787.00 78917.88 27980.75 17828.59
1717845281 1547249175 1409473460 0 0 11569069 12108436 500979 436 66772.00 78890.93 27996.84 17856.14
1717845292 1547252839 1409474728 0 0 11570429 12108625 500979 436 67006.16 78712.73 27762.46 18033.88
1717845302 1547258638 1409477332 0 0 11571284 12108840 500979 436 66643.72 78788.79 28129.03 17954.73
1717845312 1547264200 1409479720 0 0 11571985 12109125 500979 436 66293.64 78751.85 28473.50 17997.55
1717845323 1547270290 1409482168 0 0 11572298 12110446 500979 436 66371.35 78924.05 28396.98 17822.41
1717845333 1547277083 1409484698 0 0 11572538 12110563 500979 436 66311.31 78829.65 28456.92 17916.81
1717845343 1547283710 1409486980 0 0 11572758 12110680 500979 436 66186.17 78889.02 28582.45 17857.56
1717845353 1547290338 1409489246 0 0 11573403 12111215 500979 436 65830.17 78643.82 28938.45 18103.32
1717845364 1547296714 1409491610 0 0 11573551 12111681 500979 436 65942.52 78239.62 28826.76 18522.11
1717845374 1547305307 1409494788 0 0 11574634 12112184 500979 436 65770.19 78554.80 28998.43 18191.27
1717845384 1547309388 1409496132 0 0 11575055 12113099 500979 436 66432.55 79349.91 28336.07 17397.20
1717845395 1547314996 1409498520 0 0 11575118 12113294 500979 436 66381.16 79316.81 28387.46 17429.68
1717845405 1547319204 1409500360 0 0 11575241 12113784 500979 436 66257.08 80646.57 28511.54 16099.44
1717845415 1547326493 1409503498 0 0 11575415 12114355 500979 436 66308.34 80236.44 28462.95 16508.03
1717845425 1547334259 1409506702 0 0 11575720 12114753 500979 436 66184.98 79715.08 28583.29 17031.38
1717845436 1547338980 1409508952 0 0 11576234 12115881 500979 436 66016.68 79820.10 28752.05 16926.37
1717845446 1547346153 1409511424 0 0 11577036 12116247 500979 436 67315.52 80134.87 27452.61 16612.13
1717845456 1547352086 1409513964 0 0 11577898 12116914 500979 436 67458.19 80131.05 27310.06 16615.41
1717845466 1547358091 1409516654 0 0 11578353 12116925 500979 436 66936.29 80451.05 27833.45 16295.41
1717845477 1547363209 1409519124 0 0 11578746 12117337 500979 436 67802.93 80309.88 26966.23 16437.20
1717845487 1547371364 1409523040 0 0 11580200 12118321 500979 436 66768.08 79606.54 28000.64 17139.93
1717845497 1547381696 1409527262 0 0 11582689 12119155 500979 436 66371.38 79977.62 28399.25 16766.36
1717845508 1547390181 1409531072 0 0 11583627 12120428 500979 436 67252.68 79692.94 27516.01 17058.37
1717845518 1547392227 1409532074 0 0 11583960 12120850 500979 436 67610.23 80535.36 27158.58 16211.61
1717845528 1547397336 1409534632 0 0 11584239 12121774 500979 436 67353.29 79273.24 27414.96 17472.73
1717845538 1547403650 1409538546 0 0 11584705 12123253 500979 436 67317.65 80059.89 27450.58 16687.18
1717845549 1547410152 1409541858 0 0 11585321 12124846 500979 436 67330.34 80149.89 27438.81 16596.78
1717845559 1547415078 1409544652 0 0 11585997 12125956 500979 436 66900.70 80139.96 27868.14 16606.61
1717845569 1547421151 1409547850 0 0 11586570 12126820 500979 436 67069.98 79934.64 27698.64 16811.86
1717845580 1547426586 1409550930 0 0 11587197 12127629 500979 436 67151.92 80207.41 27616.70 16541.80
1717845590 1547430787 1409553510 0 0 11587842 12129081 500979 436 67275.73 80099.76 27493.50 16646.70
1717845600 1547433890 1409555368 0 0 11588401 12130612 500979 436 67134.84 79976.41 27633.50 16771.07
1717845610 1547438083 1409557630 0 0 11588987 12131998 500979 436 67419.88 80000.19 27343.70 16733.92
1717845621 1547443310 1409560364 0 0 11589572 12133257 500979 436 67066.80 80271.68 27701.94 16478.02
1717845631 1547448222 1409563422 0 0 11590127 12134791 500979 436 67167.88 80373.34 27602.53 16397.12
1717845641 1547451705 1409565692 0 0 11590912 12135944 500979 436 67381.00 79898.11 27389.16 16854.41
1717845652 1547456589 1409568590 0 0 11591778 12137050 500979 436 68359.53 79857.70 26409.09 16890.53
1717845662 1547462051 1409571630 0 0 11592870 12138440 500979 436 67849.91 80631.07 26923.63 16117.21
1717845672 1547467811 1409575132 0 0 11594023 12139203 500979 436 68105.00 80238.05 26666.53 16507.92
1717845682 1547471566 1409577432 0 0 11594644 12140274 500979 436 68159.68 80597.68 26608.96 16148.90
1717845693 1547473568 1409578894 0 0 11595590 12140832 500979 436 67635.31 80655.99 27133.92 16090.59
1717845703 1547478563 1409581922 0 0 11595913 12140985 500979 436 66947.69 80952.78 27839.57 15791.82
1717845713 1547484427 1409585578 0 0 11597390 12141391 500979 436 67980.98 80530.00 26787.75 16217.52
1717845724 1547488218 1409588186 0 0 11598842 12142451 500979 436 67929.60 80484.93 26839.61 16261.04
1717845734 1547491644 1409590700 0 0 11599021 12142462 500979 436 67836.94 80562.27 26931.80 16184.20
1717845744 1547496454 1409593908 0 0 11599304 12143012 500979 436 67957.69 80423.00 26810.93 16324.15
1717845754 1547499190 1409595804 0 0 11599683 12143356 500979 436 68000.69 80372.61 26769.05 16373.38
1717845765 1547500698 1409597140 0 0 11599885 12143672 500979 436 68021.91 81538.08 26746.71 15208.98
1717845775 1547504676 1409600158 0 0 11600236 12144698 500979 436 68217.89 81177.50 26551.77 15568.48
1717845785 1547508020 1409602728 0 0 11601052 12145445 500979 436 68594.95 81325.00 26180.66 15421.00
1717845796 1547513901 1409607126 0 0 11601760 12146718 500979 436 68387.84 80990.68 26380.89 15755.87
1717845806 1547520552 1409611924 0 0 11602732 12148724 500979 436 68869.36 80382.88 25900.36 16273.77
1717845816 1547527693 1409617150 0 0 11603776 12149629 500979 436 67645.93 79857.87 27123.90 16905.38
1717845827 1547535575 1409622622 0 0 11605019 12151694 500979 436 68083.28 80861.93 26685.95 15885.15
1717845837 1547542478 1409627708 0 0 11606134 12153299 500979 436 68967.32 80794.16 25801.84 15952.39
1717845847 1547548208 1409632060 0 0 11607763 12154863 500979 436 68401.14 79751.50 26368.02 16996.18
1717845858 1547557706 1409639242 0 0 11609289 12156577 500979 436 68567.61 79645.07 26202.55 17103.21
1717845868 1547565196 1409644678 0 0 11610828 12158338 500979 436 68400.58 79720.05 26372.42 17026.42
1717845878 1547573326 1409650302 0 0 11612082 12160376 500979 436 68412.56 79825.38 26355.63 16921.69
1717845888 1547579731 1409655290 0 0 11613670 12161721 500979 436 67880.97 80941.86 26888.93 15804.61
1717845899 1547586861 1409660124 0 0 11614817 12163714 500979 436 68082.56 80442.51 26689.64 16301.12
1717845909 1547593273 1409664572 0 0 11616559 12165338 500979 436 68372.64 80363.95 26397.69 16387.30
1717845919 1547599655 1409668750 0 0 11617858 12167462 500979 436 68929.38 79948.77 25843.27 16799.20
1717845930 1547606386 1409673224 0 0 11619150 12169400 500979 436 68320.20 80559.02 26345.66 16197.71
1717845940 1547612885 1409677602 0 0 11620825 12171499 500979 436 68513.95 80265.41 26256.67 16478.67
1717845950 1547618122 1409680946 0 0 11622716 12173439 500979 436 68592.32 80834.37 26175.91 15912.70
1717845960 1547621752 1409683296 0 0 11624115 12174521 500979 436 68966.81 81062.83 25802.43 15686.24
1717845971 1547625891 1409686072 0 0 11625013 12175807 500979 436 68904.26 80196.10 25864.96 16550.37
1717845981 1547629518 1409688572 0 0 11625730 12176897 500979 436 68957.12 80799.84 25811.50 15953.15
1717845991 1547634882 1409692346 0 0 11627076 12178338 500979 436 68258.77 80934.53 26510.39 15811.94
1717846002 1547640767 1409696830 0 0 11628192 12179284 500979 436 68302.10 80525.09 26465.53 16195.00
1717846012 1547644628 1409699744 0 0 11628667 12180546 500979 436 68218.32 81134.71 26549.80 15612.83
1717846022 1547646228 1409701098 0 0 11628778 12181053 500979 436 68340.72 81162.88 26427.90 15588.55
1717846032 1547647693 1409702338 0 0 11628870 12181427 500979 436 68334.62 80782.02 26433.49 15964.27
1717846043 1547649131 1409703480 0 0 11629002 12181946 500979 436 68247.61 80454.50 26520.55 16291.96
1717846053 1547653163 1409706590 0 0 11629698 12182479 500979 436 68282.27 80375.36 26494.40 16365.60
1717846063 1547656863 1409710010 0 0 11629797 12182553 500979 436 68163.04 80469.16 26605.12 16277.43
1717846074 1547658481 1409711526 0 0 11629902 12182609 500979 436 68172.06 80474.92 26596.59 16271.55
1717846084 1547659629 1409712538 0 0 11629986 12182682 500979 436 68175.66 80511.06 26592.96 16236.09
1717846094 1547660510 1409713258 0 0 11630089 12182793 500979 436 68196.52 80844.31 26572.72 15901.66
1717846105 1547666219 1409715580 0 0 11631226 12183983 500979 436 66668.58 80253.08 28101.71 16493.49
1717846115 1547671828 1409719500 0 0 11631517 12184250 500979 436 67069.83 79845.66 27699.38 16900.92
1717846125 1547675070 1409721892 0 0 11631654 12184336 500979 436 67036.18 79890.92 27733.59 16855.55
1717846136 1547677680 1409724204 0 0 11631800 12184454 500979 436 67090.58 79835.21 27678.54 16911.28
1717846146 1547680464 1409726490 0 0 11631909 12184630 500979 436 67083.43 79840.69 27685.77 16905.78
1717846156 1547684548 1409729954 0 0 11632341 12184808 500979 436 67388.55 79549.42 27389.70 17200.12
1717846167 1547689144 1409733980 0 0 11632410 12184952 500979 436 67237.63 79687.45 27530.50 17060.16
1717846177 1547692508 1409736088 0 0 11632823 12185467 500979 436 67329.54 80174.00 27439.14 16572.46
1717846187 1547695423 1409737674 0 0 11632917 12185540 500979 436 67308.21 80162.14 27460.41 16585.94
1717846197 1547698839 1409739548 0 0 11633013 12185626 500979 436 67266.16 80281.29 27502.58 16465.17
1717846208 1547701505 1409740770 0 0 11633095 12185755 500979 436 67197.55 80266.20 27571.07 16479.86
1717846218 1547704610 1409742546 0 0 11633180 12185851 500979 436 67228.87 80210.25 27540.40 16536.21
1717846228 1547708192 1409744548 0 0 11633621 12186010 500979 436 67296.62 80171.70 27472.61 16574.77
1717846239 1547711593 1409746556 0 0 11633767 12186049 500979 436 67228.77 80174.70 27539.36 16571.76
1717846249 1547713684 1409747474 0 0 11634081 12186095 500979 436 67757.70 80408.63 27009.94 16337.83
1717846259 1547714993 1409748452 0 0 11634227 12186184 500979 436 67741.06 80297.49 27028.26 16448.98
1717846269 1547717050 1409749520 0 0 11634360 12186305 500979 436 67834.14 80187.24 26934.48 16559.90
1717846280 1547717896 1409750148 0 0 11634443 12186386 500979 436 67867.95 80197.22 26900.81 16549.24
1717846290 1547719534 1409750974 0 0 11634544 12186446 500979 436 67847.47 80181.70 26921.15 16565.33
1717846300 1547720557 1409751722 0 0 11634593 12186560 500979 436 67823.31 80184.61 26947.31 16561.96
1717846311 1547721287 1409752188 0 0 11634705 12186612 500979 436 67777.62 80188.99 26992.66 16557.47
1717846321 1547722859 1409753170 0 0 11634814 12186666 500979 436 67806.43 80148.53 26962.19 16598.54
1717846331 1547725548 1409754406 0 0 11634896 12186871 500979 436 67754.25 80081.20 27014.37 16668.44
1717846342 1547727197 1409755532 0 0 11634942 12186990 500979 436 67714.61 80043.60 27054.12 16702.87
1717846352 1547728977 1409756564 0 0 11635044 12187058 500979 436 67739.39 80008.26 27029.82 16738.20
1717846362 1547729848 1409757196 0 0 11635194 12187074 500979 436 67710.76 80034.27 27057.93 16712.20
1717846372 1547730322 1409757598 0 0 11635341 12187112 500979 436 67733.55 80232.14 27035.07 16514.95
1717846383 1547735049 1409759160 0 0 11636505 12188436 500979 436 66685.80 79155.90 28083.44 17590.56
1717846393 1547738964 1409760378 0 0 11637044 12189094 500979 436 66498.57 79452.91 28271.26 17294.20
1717846403 1547742105 1409761644 0 0 11637231 12189362 500979 436 66412.25 79683.79 28357.03 17062.68
1717846413 1547746071 1409763284 0 0 11637689 12189802 500979 436 66346.82 79722.18 28421.80 17024.96
1717846424 1547748226 1409764264 0 0 11637999 12189955 500979 436 66298.75 79678.04 28470.41 17068.42
1717846434 1547751613 1409765982 0 0 11638290 12190540 500979 436 66558.46 79363.49 28210.16 17382.58
1717846444 1547753604 1409766982 0 0 11638359 12190968 500979 436 66542.10 79355.62 28226.52 17391.05
1717846455 1547759143 1409768976 0 0 11638769 12191578 500979 436 66380.29 79373.77 28388.34 17373.86
1717846465 1547763504 1409771128 0 0 11639322 12192275 500979 436 66190.74 78991.44 28577.88 17755.63
1717846475 1547773446 1409775430 0 0 11641079 12194098 500979 436 65053.87 78245.29 29715.32 18501.17
1717846485 1547779821 1409778754 0 0 11641571 12195186 500979 436 65863.98 77946.42 28910.57 18795.12
1717846496 1547786182 1409781578 0 0 11642286 12196151 500979 436 66086.64 77127.37 28682.04 19619.10
1717846506 1547794833 1409785484 0 0 11643518 12196693 500979 436 64818.94 78344.36 29949.68 18402.64
1717846516 1547801424 1409788544 0 0 11643842 12197934 500979 436 65576.91 77548.02 29191.71 19199.56
1717846527 1547807146 1409791266 0 0 11645239 12198844 500979 436 65462.74 77893.66 29307.09 18853.91
1717846537 1547814204 1409794970 0 0 11645988 12199805 500979 436 65958.12 77512.40 28810.05 19234.07
1717846547 1547819647 1409797920 0 0 11647029 12200956 500979 436 65413.79 77666.48 29354.91 19129.63
1717846558 1547827101 1409801566 0 0 11648273 12201335 500979 436 65547.17 77729.33 29222.51 19017.13
1717846568 1547835742 1409805490 0 0 11649942 12201742 500979 436 65030.39 77825.26 29738.87 18921.20
1717846578 1547845829 1409810136 0 0 11651599 12201980 500979 436 64961.55 77829.98 29806.57 18916.85
1717846589 1547855496 1409814898 0 0 11652767 12202740 500979 436 65325.21 77708.02 29442.98 19039.66
1717846599 1547862865 1409818622 0 0 11653921 12203709 500979 436 65475.14 77652.00 29294.66 19094.46
1717846609 1547868244 1409821644 0 0 11654505 12204845 500979 436 65137.72 77680.05 29631.51 18968.26
1717846619 1547874168 1409824568 0 0 11655223 12206027 500979 436 64920.62 77757.63 29848.00 18990.02
1717846630 1547880162 1409827398 0 0 11655872 12206973 500979 436 65334.97 77834.19 29433.76 18912.28
1717846640 1547882089 1409828386 0 0 11656350 12207146 500979 436 65276.57 78037.75 29492.05 18707.75
1717846650 1547885932 1409830100 0 0 11656590 12207589 500979 436 65203.51 77804.19 29565.11 18943.61
1717846661 1547889995 1409832098 0 0 11656706 12207859 500979 436 65195.70 77491.46 29572.92 19255.01
1717846671 1547894434 1409834344 0 0 11656806 12208348 500979 436 64904.14 77253.84 29864.48 19492.20
1717846681 1547899353 1409837288 0 0 11657383 12208672 500979 436 64567.16 77540.64 30201.46 19206.91
1717846692 1547905927 1409841694 0 0 11657495 12208750 500979 436 64549.31 77492.67 30219.31 19254.94
1717846702 1547911003 1409844694 0 0 11657580 12208846 500979 436 64393.38 77576.50 30375.33 19169.96
1717846712 1547916308 1409848532 0 0 11657708 12208914 500979 436 64371.43 77541.20 30398.33 19204.77
1717846723 1547921961 1409852080 0 0 11657867 12208951 500979 436 64258.88 77572.18 30510.34 19174.80
1717846734 1547927456 1409855160 0 0 11657966 12209063 500979 436 64957.73 77538.08 29810.89 19208.89
1717846744 1547932253 1409857890 0 0 11658298 12209249 500979 436 64276.50 77408.61 30492.12 19337.86
1717846754 1547936263 1409860580 0 0 11658390 12209348 500979 436 64192.99 77429.77 30574.49 19317.54
1717846765 1547940420 1409863730 0 0 11658454 12209463 500979 436 64186.48 77372.39 30582.52 19374.67
1717846775 1547944626 1409866400 0 0 11658510 12209605 500979 436 64170.32 77301.25 30598.30 19445.30
1717846785 1547946021 1409867350 0 0 11658569 12209723 500979 436 64184.14 77239.73 30584.48 19507.33
1717846796 1547950258 1409870044 0 0 11658694 12210151 500979 436 64640.90 76702.57 30127.72 20045.04
1717846806 1547956416 1409874068 0 0 11658785 12210248 500979 436 64631.21 76649.26 30138.01 20097.20
1717846816 1547962608 1409878114 0 0 11658892 12210340 500979 436 64496.26 76719.30 30272.36 20027.77
1717846827 1547968739 1409882144 0 0 11658984 12210446 500979 436 64231.07 76908.04 30537.67 19838.42
1717846837 1547974023 1409885920 0 0 11659130 12210484 500979 436 64361.85 76712.16 30405.21 20038.43
1717846847 1547981000 1409890272 0 0 11659349 12210820 500979 436 64300.85 76690.48 30467.77 20056.60
1717846857 1547986984 1409893534 0 0 11659447 12210921 500979 436 66158.58 76615.68 28609.55 20130.78
1717846868 1547991857 1409896312 0 0 11659751 12211024 500979 436 66263.84 77203.96 28504.33 19542.51
1717846878 1547996404 1409899022 0 0 11659875 12211090 500979 436 66163.54 77276.46 28605.08 19469.02
1717846888 1548001405 1409901558 0 0 11660043 12211261 500979 436 66174.52 79106.59 28594.11 17638.96
1717846899 1548005648 1409904136 0 0 11660197 12211448 500979 436 65658.13 78671.89 29110.49 18075.11
1717846909 1548010985 1409907450 0 0 11661023 12212317 500979 436 65457.57 78434.57 29311.14 18311.89
1717846919 1548014597 1409909640 0 0 11661441 12212409 500979 436 65769.65 78416.21 28999.58 18330.36
1717846929 1548019002 1409912528 0 0 11662001 12213672 500979 436 65268.33 77684.82 29473.62 19092.80
1717846940 1548024585 1409916706 0 0 11662254 12216327 500979 436 65243.61 76927.42 29525.59 19819.05
1717846950 1548029712 1409920160 0 0 11662558 12216606 500979 436 65187.34 76976.47 29581.28 19771.57
1717846960 1548033386 1409922648 0 0 11662660 12216908 500979 436 65176.67 76816.21 29593.12 19932.07
1717846971 1548037125 1409924752 0 0 11663279 12217514 500979 436 64965.68 76841.18 29799.61 19901.34
1717846981 1548043562 1409928732 0 0 11664902 12219189 500979 436 65097.38 77584.40 29671.24 19162.18
1717846991 1548047930 1409931532 0 0 11665266 12219612 500979 436 64717.99 77009.60 30050.25 19736.87
1717847001 1548051722 1409933710 0 0 11665388 12219697 500979 436 64682.11 76809.97 30086.51 19935.51
1717847012 1548055953 1409935924 0 0 11665494 12219816 500979 436 64717.68 77603.88 30050.55 19142.59
1717847022 1548060159 1409938870 0 0 11667143 12221857 500979 436 64956.69 78076.48 29811.93 18670.50
1717847032 1548064188 1409941476 0 0 11667988 12222645 500979 436 64661.57 77449.58 30106.11 19296.89
1717847043 1548069339 1409944910 0 0 11668363 12223350 500979 436 64635.54 77068.19 30133.16 19678.27
1717847053 1548072524 1409946876 0 0 11668896 12223525 500979 436 64473.27 76983.24 30295.35 19763.36
1717847063 1548075681 1409948828 0 0 11669488 12225726 500979 436 64780.85 77328.86 29987.77 19409.24
1717847073 1548081956 1409952920 0 0 11669851 12226666 500979 436 64370.88 77063.23 30399.89 19683.24
1717847084 1548088132 1409956994 0 0 11670897 12227888 500979 436 63445.89 75953.21 31323.33 20794.53
1717847094 1548096878 1409960812 0 0 11671176 12228381 500979 436 63720.07 75645.15 31048.06 21101.49
1717847104 1548102602 1409963716 0 0 11671281 12228596 500979 436 63833.60 75475.09 30934.53 21272.52
1717847114 1548109154 1409966660 0 0 11671451 12229252 500979 436 64259.65 75793.47 30509.49 20953.00
1717847125 1548117977 1409970226 0 0 11671920 12229752 500979 436 64221.30 75860.50 30547.32 20885.72
1717847135 1548124369 1409973308 0 0 11672294 12230165 500979 436 64139.95 75742.25 30628.68 21005.79
1717847145 1548128144 1409975076 0 0 11672399 12230726 500979 436 64188.25 75726.57 30581.61 21019.89
1717847156 1548130200 1409976178 0 0 11672530 12230862 500979 436 64134.29 75699.18 30634.34 21048.47
1717847166 1548133124 1409977688 0 0 11672578 12231139 500979 436 64188.42 75538.05 30580.20 21209.99
1717847176 1548141656 1409981340 0 0 11672874 12231274 500979 436 63755.95 75687.34 31012.75 21059.11
1717847187 1548148937 1409984912 0 0 11673052 12231374 500979 436 63635.87 75729.94 31132.75 21016.58
1717847197 1548154682 1409987932 0 0 11673162 12231486 500979 436 63563.39 75741.13 31204.76 21005.33
1717847208 1548158235 1409989230 0 0 11673334 12231534 500979 436 65332.84 77727.16 29435.29 19019.30
1717847218 1548164588 1409992672 0 0 11673526 12231853 500979 436 65015.61 76358.75 29765.04 20393.23
1717847228 1548169280 1409995410 0 0 11674027 12232956 500979 436 65322.18 76406.31 29446.46 20340.28
1717847238 1548172322 1409997574 0 0 11674261 12233693 500979 436 64966.63 76052.80 29801.99 20693.79
1717847249 1548178272 1410001132 0 0 11674594 12235401 500979 436 64628.90 75879.33 30153.72 20871.20
1717847259 1548184801 1410005648 0 0 11675436 12237081 500980 436 64335.18 75525.89 30433.57 21220.57
1717847269 1548192491 1410010834 0 0 11675759 12237361 500980 436 64242.59 75503.67 30526.04 21243.38
1717847280 1548198139 1410014090 0 0 11675889 12237710 500980 436 64257.77 75258.16 30510.85 21488.31
1717847290 1548202973 1410016642 0 0 11676178 12239354 500980 436 64250.88 77132.11 30517.75 19616.26
1717847300 1548208990 1410019752 0 0 11676390 12241867 500980 436 66121.66 77441.40 28648.62 19305.67
1717847310 1548214588 1410023956 0 0 11676811 12243173 500980 436 65533.21 75983.49 29236.05 20765.29
1717847321 1548219006 1410027108 0 0 11677180 12243879 500980 436 65315.63 76400.12 29453.08 20346.90
1717847331 1548224000 1410030356 0 0 11677908 12245076 500980 436 65781.27 76076.32 28987.44 20672.56
1717847341 1548230560 1410034582 0 0 11680449 12248192 500980 436 65421.01 76191.47 29349.43 20555.11
1717847352 1548238702 1410040282 0 0 11682433 12249546 500980 436 65258.27 75087.21 29509.16 21659.86
1717847362 1548243740 1410043736 0 0 11682956 12250401 500980 436 65366.32 74947.77 29401.89 21798.70
1717847372 1548248128 1410046584 0 0 11683477 12251035 500980 436 64880.25 74580.05 29888.38 22166.99
1717847382 1548254016 1410049694 0 0 11684123 12255498 500980 436 65413.23 75350.44 29356.54 21399.64
1717847393 1548261326 1410054378 0 0 11684940 12258123 500980 436 65211.12 74796.74 29557.10 21949.72
1717847403 1548267930 1410059210 0 0 11685236 12258948 500980 436 65006.20 74644.33 29762.43 22101.70
1717847413 1548272127 1410062280 0 0 11685318 12259317 500980 436 64873.03 74544.98 29895.59 22201.59
1717847424 1548275306 1410064506 0 0 11685437 12259464 500980 436 66042.13 74784.82 28728.00 21970.68
1717847434 1548279299 1410067518 0 0 11686701 12262328 500980 436 66019.18 75682.46 28750.42 21064.72
1717847444 1548285421 1410071992 0 0 11687723 12263140 500980 436 65307.06 75332.67 29461.64 21405.44
1717847454 1548289716 1410074622 0 0 11688572 12263591 500980 436 65301.31 75079.60 29467.31 21668.57
1717847465 1548291641 1410076002 0 0 11688895 12263832 500980 436 65271.33 75219.16 29498.48 21527.30
1717847475 1548295386 1410077764 0 0 11691736 12264277 500980 436 66066.87 75442.77 28701.86 21303.69
1717847485 1548299717 1410080840 0 0 11692353 12264610 500980 436 65610.71 74835.82 29158.02 21910.65
1717847495 1548301995 1410082170 0 0 11692858 12264922 500980 436 65547.88 74607.07 29221.29 22139.39
1717847506 1548304515 1410083782 0 0 11693180 12265016 500980 436 65544.76 74574.52 29223.98 22171.95
1717847516 1548307472 1410085030 0 0 11693301 12265112 500980 436 65607.10 75141.35 29161.52 21604.71
1717847526 1548311300 1410087000 0 0 11693380 12265354 500980 436 65791.09 75035.34 28978.06 21711.27
1717847537 1548313914 1410088192 0 0 11693700 12265687 500980 436 65081.33 74897.40 29687.29 21850.10
1717847547 1548317670 1410090606 0 0 11694266 12265869 500980 436 64831.70 75028.52 29936.08 21717.94
1717847557 1548319847 1410092216 0 0 11694456 12265930 500980 436 64692.91 74983.66 30075.22 21763.30
1717847567 1548322399 1410093916 0 0 11694518 12266060 500980 436 64691.19 74945.63 30077.43 21801.95
1717847578 1548324451 1410095476 0 0 11694670 12266208 500980 436 64909.56 74821.14 29859.06 21925.05
1717847588 1548327034 1410097046 0 0 11694759 12266302 500980 436 64891.45 74813.23 29876.19 21933.23
1717847598 1548329143 1410098376 0 0 11694875 12266383 500980 436 64748.31 74801.35 30020.31 21945.18
1717847609 1548331930 1410100386 0 0 11694929 12266511 500980 436 64737.13 74788.02 30031.49 21959.62
1717847619 1548334238 1410101942 0 0 11695030 12266662 500980 436 64781.49 74774.02 29987.68 21972.44
1717847629 1548336332 1410103268 0 0 11695195 12266681 500980 436 64745.57 74660.47 30023.13 22085.99
1717847639 1548338600 1410105086 0 0 11695357 12266727 500980 436 64607.38 74623.87 30161.79 22122.59
1717847650 1548341907 1410107226 0 0 11695475 12266795 500980 436 64469.28 74722.44 30299.34 22024.54
1717847660 1548343648 1410108392 0 0 11695550 12267058 500980 436 64585.09 74671.95 30183.53 22074.66
1717847670 1548345741 1410110164 0 0 11695611 12267224 500980 436 64612.73 74596.79 30155.46 22149.68
1717847680 1548347876 1410111570 0 0 11695786 12267298 500980 436 64422.62 74555.90 30346.61 22191.62
1717847691 1548349244 1410112652 0 0 11695889 12267557 500980 436 64403.75 74438.08 30364.87 22308.92
1717847701 1548350908 1410114008 0 0 11695993 12267683 500980 436 64528.59 74419.98 30240.03 22327.71
1717847711 1548353493 1410115816 0 0 11696064 12267787 500980 436 64512.93 74404.92 30255.77 22341.55
1717847722 1548355376 1410117036 0 0 11696189 12267857 500980 436 64372.21 74388.12 30396.41 22357.44
1717847732 1548357325 1410118360 0 0 11696291 12267975 500980 436 64365.30 74283.34 30402.82 22466.73
1717847742 1548359853 1410120038 0 0 11696414 12268166 500980 436 64473.57 74307.45 30295.05 22438.59
1717847752 1548361279 1410121172 0 0 11696499 12268303 500980 436 64455.12 74216.99 30313.50 22529.48
1717847763 1548363248 1410122614 0 0 11696623 12268378 500980 436 64298.52 74215.29 30470.28 22531.18
1717847773 1548365044 1410123638 0 0 11696712 12268467 500980 436 64288.00 74198.69 30480.62 22548.91
1717847783 1548365493 1410123966 0 0 11696786 12268612 500980 436 64410.22 74188.19 30358.40 22556.88
1717847793 1548367184 1410125400 0 0 11696940 12268727 500980 436 64385.70 74172.68 30384.07 22573.79
1717847804 1548369030 1410126638 0 0 11697113 12268801 500980 436 64259.91 74195.92 30508.71 22551.67
1717847814 1548370450 1410127648 0 0 11697211 12268883 500980 436 64267.94 74193.80 30500.82 22552.66
1717847824 1548372426 1410128994 0 0 11697365 12268963 500980 436 64395.75 74170.61 30372.87 22575.90
1717847834 1548374619 1410131018 0 0 11697396 12269120 500980 436 64373.62 74163.46 30395.00 22583.15
1717847845 1548377478 1410132882 0 0 11697533 12269180 500980 436 64212.50 74174.34 30555.82 22572.13
1717847855 1548379710 1410134442 0 0 11697676 12269228 500980 436 64219.12 73560.36 30549.03 23186.11
1717847865 1548380977 1410135170 0 0 11697890 12269236 500980 436 64334.75 73553.16 30432.92 23193.89
1717847876 1548383178 1410136690 0 0 11697986 12269337 500980 436 64319.80 73433.29 30449.31 23313.18
1717847886 1548386204 1410138666 0 0 11698128 12269387 500980 436 64176.24 73419.16 30591.40 23327.30
1717847896 1548389289 1410141162 0 0 11698242 12269520 500980 436 64170.34 73500.37 30598.28 23248.29
1717847906 1548392019 1410143440 0 0 11698350 12269640 500980 436 64385.17 73385.21 30383.45 23360.81
1717847917 1548394727 1410145562 0 0 11698387 12269800 500980 436 64377.91 73273.97 30390.71 23473.64
1717847927 1548396622 1410147208 0 0 11698456 12269936 500980 436 64081.04 73212.01 30688.18 23534.47
1717847937 1548399579 1410149398 0 0 11698563 12270090 500980 436 63882.08 73086.68 30887.72 23659.79
1717847947 1548400566 1410150204 0 0 11698755 12270133 500980 436 63684.06 75171.64 31084.13 21574.83
1717847958 1548401932 1410151494 0 0 11698876 12270210 500980 436 63775.97 75060.98 30992.65 21686.17
1717847968 1548403963 1410153414 0 0 11698987 12270304 500980 436 63631.07 74980.08 31137.67 21766.39
1717847978 1548407378 1410156578 0 0 11699179 12270484 500980 436 65507.37 74738.13 29260.82 22008.33
1717847988 1548411010 1410159712 0 0 11699901 12271425 500980 436 65417.29 74371.09 29351.33 22374.95
1717847999 1548413582 1410161908 0 0 11700072 12271988 500980 436 65420.45 74458.61 29348.17 22287.95
1717848009 1548416572 1410164250 0 0 11700435 12272813 500980 436 65163.28 73850.59 29605.34 22895.41
1717848019 1548421728 1410168844 0 0 11701422 12275696 500980 436 64714.25 73998.07 30053.45 22785.85
1717848030 1548426108 1410172458 0 0 11702378 12275981 500980 436 64193.15 73853.00 30575.67 22893.47
1717848040 1548428105 1410174246 0 0 11702568 12276090 500980 436 64155.31 73683.29 30613.31 23062.25
1717848050 1548430696 1410176148 0 0 11702920 12276155 500980 436 63677.55 73728.02 31091.70 23018.45
1717848060 1548432787 1410177596 0 0 11703546 12279575 500980 436 64275.08 74437.86 30493.54 22310.33
1717848071 1548436295 1410180418 0 0 11703955 12280475 500980 436 64356.40 73827.48 30410.81 22918.14
1717848081 1548440344 1410183574 0 0 11704197 12280574 500980 436 64278.02 73362.03 30491.10 23384.50
1717848091 1548443635 1410186598 0 0 11704320 12280643 500980 436 64091.38 73377.28 30677.24 23369.30
1717848102 1548447173 1410189746 0 0 11705254 12283037 500980 436 64291.86 74943.39 30477.45 21795.91
1717848112 1548450259 1410192344 0 0 11705533 12284169 500980 436 64258.43 74274.43 30510.20 22473.69
1717848122 1548453794 1410195000 0 0 11706303 12284873 500980 436 63801.54 74003.55 30987.63 22746.15
1717848132 1548456281 1410197098 0 0 11706704 12285776 500980 436 63928.52 74011.97 30840.71 22734.09
1717848143 1548459783 1410200406 0 0 11706866 12289058 500980 436 64033.49 74868.74 30735.13 21881.23
1717848153 1548462843 1410202882 0 0 11707149 12289981 500980 436 64161.21 74255.39 30607.41 22491.75
1717848163 1548466565 1410206006 0 0 11707708 12290173 500980 436 63543.45 74381.35 31226.88 22365.29
1717848174 1548468456 1410207708 0 0 11708420 12290251 500980 436 63277.21 74397.29 31492.14 22349.18
1717848184 1548470398 1410209142 0 0 11708601 12290333 500980 436 63408.22 74494.04 31360.40 22253.05
1717848194 1548471404 1410209948 0 0 11708694 12290467 500980 436 63874.35 74870.76 30894.27 21875.82
1717848204 1548475290 1410213574 0 0 11708809 12290672 500980 436 63760.92 74596.41 31007.70 22149.73
1717848215 1548476616 1410214698 0 0 11709048 12291044 500980 436 63614.00 74583.01 31154.18 22163.46
1717848225 1548478837 1410216672 0 0 11709458 12291305 500980 436 63734.27 74741.26 31034.98 22005.20
1717848235 1548481247 1410218698 0 0 11709617 12291352 500980 436 63841.18 74762.97 30927.59 21983.50
1717848245 1548483739 1410220862 0 0 11709783 12291408 500980 436 63872.63 74478.29 30895.99 22268.79
1717848256 1548484646 1410221720 0 0 11709887 12291482 500980 436 63906.19 74495.28 30861.49 22251.18
1717848266 1548486347 1410223232 0 0 11710077 12291556 500980 436 64068.50 74591.70 30700.31 22154.76
1717848276 1548487442 1410224258 0 0 11710267 12291578 500980 436 64198.88 74589.08 30568.30 22157.38
1717848287 1548489471 1410225976 0 0 11710406 12291642 500980 436 64056.22 74492.75 30713.05 22253.71
1717848297 1548490534 1410226746 0 0 11710532 12291693 500980 436 63916.52 74494.56 30853.73 22251.90
1717848307 1548491450 1410227528 0 0 11710725 12291811 500980 436 64043.61 74395.18 30725.21 22351.29
1717848317 1548493837 1410229726 0 0 11710927 12291837 500980 436 64187.17 74374.01 30582.06 22371.62
1717848328 1548495252 1410230970 0 0 11711022 12291939 500980 436 64057.87 74276.14 30710.75 22470.37
1717848338 1548496607 1410232262 0 0 11711122 12292013 500980 436 63925.48 74281.49 30844.75 22464.98
1717848348 1548498039 1410233458 0 0 11711282 12292119 500980 436 64070.97 74369.39 30697.65 22377.09
1717848358 1548499314 1410234452 0 0 11711356 12292249 500980 436 64729.25 74384.07 30039.37 22362.50
1717848369 1548501146 1410236090 0 0 11711583 12292343 500980 436 64159.45 74511.05 30609.34 22235.41
1717848379 1548505263 1410239830 0 0 11711849 12292401 500980 436 64908.90 74358.79 29860.27 22387.68
1717848389 1548508872 1410243150 0 0 11712042 12292481 500980 436 65181.36 74323.33 29587.26 22423.29
1717848400 1548510389 1410244492 0 0 11712118 12292556 500980 436 65174.93 74326.58 29593.73 22419.89
1717848410 1548511821 1410245640 0 0 11712291 12292583 500980 436 65018.15 74258.32 29750.98 22488.14
1717848420 1548513506 1410247172 0 0 11712371 12292653 500980 436 65008.01 74266.27 29760.61 22480.31
1717848430 1548516410 1410249858 0 0 11712593 12292783 500980 436 64973.18 74364.79 29795.44 22381.68
1717848441 1548518142 1410251402 0 0 11712754 12292786 500980 436 65070.53 74365.72 29697.17 22380.75
1717848451 1548519294 1410252420 0 0 11712908 12292864 500980 436 64823.26 74264.70 29945.36 22483.43
1717848461 1548520498 1410253550 0 0 11713083 12292941 500980 436 64745.82 74268.47 30022.86 22478.00
1717848471 1548524131 1410256680 0 0 11713432 12293004 500980 436 64803.71 74367.18 29965.59 22379.29
1717848482 1548526337 1410258618 0 0 11713636 12293075 500980 436 64685.82 74368.14 30082.80 22380.01
1717848492 1548527970 1410260078 0 0 11713758 12293152 500980 436 64558.84 74267.61 30209.40 22478.85
1717848502 1548529640 1410261578 0 0 11713928 12293165 500980 436 64447.90 74265.94 30321.24 22480.52
1717848513 1548531124 1410262838 0 0 11714064 12293307 500980 436 64576.50 74351.41 30192.12 22396.25
1717848523 1548532786 1410264370 0 0 11714153 12293384 500980 436 64509.43 74355.21 30258.70 22391.25
1717848533 1548534502 1410265896 0 0 11714321 12293414 500980 436 64380.19 74254.45 30388.57 22492.01
1717848543 1548535669 1410267010 0 0 11714407 12293480 500980 436 64368.36 74264.64 30400.26 22482.41
1717848554 1548536398 1410267690 0 0 11714537 12293616 500980 436 64508.12 74352.51 30260.53 22393.96
1717848564 1548538680 1410269828 0 0 11714688 12293617 500980 436 64506.88 74354.75 30261.76 22391.72
1717848574 1548539692 1410270672 0 0 11714797 12293709 500980 436 64380.59 74251.54 30388.03 22495.09
1717848584 1548542253 1410273086 0 0 11714876 12293781 500980 436 64369.06 74262.70 30399.11 22483.77
1717848595 1548543592 1410274334 0 0 11715075 12293846 500980 436 64507.11 74354.41 30261.59 22392.05
1717848605 1548545395 1410276064 0 0 11715163 12293916 500980 436 64504.31 74350.13 30264.31 22395.86
1717848615 1548546538 1410277054 0 0 11715269 12294027 500980 436 64377.28 73647.24 30392.99 23099.22
1717848625 1548547894 1410278326 0 0 11715426 12294044 500980 436 64368.13 73624.64 30400.47 23127.82
1717848636 1548550442 1410280710 0 0 11715615 12294122 500980 436 64503.84 73658.22 30264.30 23088.24
1717848646 1548552080 1410282246 0 0 11715735 12294194 500980 436 64506.40 72918.28 30261.49 23828.18
1717848656 1548553238 1410283302 0 0 11715905 12294250 500980 436 64371.00 73654.57 30395.70 23091.89
1717848667 1548554995 1410285020 0 0 11715994 12294313 500980 436 64362.54 73600.98 30406.08 23161.50
1717848677 1548556787 1410286620 0 0 11716151 12294429 500980 436 64490.73 72788.43 30277.89 23973.73
1717848687 1548559141 1410288822 0 0 11716211 12294652 500980 436 64492.06 73439.31 30276.56 23329.86
1717848697 1548561134 1410290578 0 0 11716324 12294940 500980 436 64358.97 74654.11 30409.65 22093.40
1717848708 1548563112 1410292312 0 0 11716353 12295074 500980 436 64299.93 74418.44 30468.69 22329.67
1717848718 1548564838 1410293892 0 0 11716489 12295162 500980 436 64314.49 74728.28 30454.66 22018.18
1717848728 1548567046 1410295952 0 0 11716604 12295233 500980 436 64353.52 74068.52 30415.80 22677.95
1717848738 1548569062 1410297852 0 0 11716766 12295273 500980 436 64321.18 74690.26 30446.97 22056.21
1717848749 1548570751 1410299386 0 0 11716906 12295390 500980 436 63814.79 74225.98 30953.83 22450.27
1717848759 1548572036 1410300586 0 0 11717065 12295451 500980 436 64233.92 74768.68 30534.92 21977.79
1717848769 1548573232 1410301630 0 0 11717427 12295494 500980 436 64243.52 74712.52 30524.61 22033.95
1717848780 1548575976 1410304170 0 0 11717682 12295512 500980 436 63955.04 75290.08 30814.18 21456.39
1717848790 1548577961 1410306052 0 0 11717856 12295579 500980 436 64212.34 74863.44 30556.28 21883.05
1717848800 1548580878 1410308716 0 0 11717937 12295665 500980 436 64429.96 74842.03 30338.73 21904.44
1717848810 1548581985 1410309722 0 0 11718069 12295736 500980 436 64300.25 74213.18 30469.42 22533.85
1717848821 1548583627 1410311294 0 0 11718218 12295865 500980 436 63717.33 74654.42 31051.29 22092.55
1717848831 1548585951 1410313270 0 0 11718306 12296000 500980 436 64414.74 74589.31 30353.89 22157.15
1717848841 1548587951 1410315102 0 0 11718417 12296077 500980 436 64317.07 74464.12 30451.55 22281.94
1717848851 1548589861 1410316836 0 0 11718486 12296207 500980 436 64373.26 73808.11 30395.36 22955.99
1717848862 1548592211 1410318942 0 0 11718626 12296291 500980 436 64354.40 74562.37 30413.84 22183.60
1717848872 1548593739 1410320412 0 0 11718742 12296371 500980 436 64353.08 74471.01 30415.75 22275.45
1717848882 1548594963 1410321472 0 0 11718862 12296434 500980 436 64314.34 74449.45 30454.28 22298.15
1717848893 1548595830 1410322180 0 0 11718992 12296495 500980 436 63727.21 74328.73 31043.08 22436.31
1717848903 1548597637 1410323820 0 0 11719110 12296587 500980 436 64104.48 74892.06 30663.72 21854.90
1717848913 1548598288 1410324384 0 0 11719225 12296706 500980 436 63965.67 74670.06 30803.62 22076.41
1717848923 1548600080 1410325990 0 0 11719380 12296716 500980 436 63966.27 74668.80 30802.49 22077.66
1717848934 1548601013 1410326852 0 0 11719555 12296775 500980 436 64054.25 73766.52 30715.48 22979.97
1717848944 1548602422 1410328178 0 0 11719595 12296904 500980 436 64224.32 74609.76 30544.30 22137.28
1717848954 1548603578 1410329244 0 0 11719699 12296989 500980 436 64142.21 74514.45 30626.50 22232.01
1717848965 1548605519 1410331134 0 0 11719799 12297046 500980 436 64128.26 74524.13 30640.36 22221.37
1717848975 1548607615 1410333106 0 0 11719892 12297198 500980 436 64212.62 74665.45 30556.07 22089.02
1717848985 1548608799 1410334186 0 0 11720038 12297212 500980 436 64223.41 74607.93 30545.27 22138.54
1717848995 1548609747 1410335038 0 0 11720206 12297234 500980 436 64142.67 74509.64 30625.64 22236.82
1717849006 1548610807 1410336068 0 0 11720331 12297302 500980 436 64214.90 74515.50 30553.72 22230.59
1717849016 1548611691 1410336806 0 0 11720379 12297450 500980 436 64219.54 73601.84 30549.73 23144.62
1717849026 1548612087 1410337194 0 0 11720543 12297470 500980 436 64141.04 74610.39 30627.19 22136.08
1717849037 1548613403 1410338360 0 0 11720627 12297567 500980 436 64135.73 74509.45 30632.89 22237.09
1717849047 1548614117 1410338982 0 0 11720724 12297670 500980 436 64217.78 74511.55 30550.35 22235.51
1717849057 1548614968 1410339734 0 0 11720849 12297749 500980 436 64207.27 74590.11 30560.90 22178.35
1717849068 1548616292 1410340974 0 0 11721016 12297837 500980 436 64132.62 73997.89 30636.67 22748.58
1717849078 1548618931 1410343376 0 0 11721199 12298078 500980 436 63354.38 74379.45 31414.25 22366.53
1717849088 1548619828 1410344220 0 0 11721285 12298267 500980 436 64172.90 74923.30 30595.72 21823.86
1717849099 1548622192 1410346404 0 0 11721315 12298455 500980 436 64118.30 75042.81 30650.32 21704.73
1717849109 1548624461 1410348526 0 0 11721351 12298632 500980 436 64065.39 75199.17 30703.23 21547.36
1717849119 1548625592 1410349534 0 0 11721479 12298722 500980 436 64199.03 75053.59 30570.80 21693.36
1717849129 1548626860 1410350756 0 0 11721608 12298767 500980 436 64193.81 74918.39 30574.81 21828.20
1717849140 1548628044 1410351830 0 0 11721707 12298892 500980 436 64141.42 75032.19 30627.20 21714.89
1717849150 1548630832 1410354382 0 0 11721755 12299044 500980 436 64120.23 75102.66 30648.89 21642.93
1717849160 1548633052 1410356420 0 0 11721916 12299139 500980 436 63714.06 74902.19 31055.13 21844.27
1717849170 1548634006 1410357338 0 0 11722025 12299198 500980 436 63644.64 74887.43 31123.98 21859.08
1717849181 1548637317 1410360368 0 0 11722110 12299363 500980 436 63581.57 74078.64 31186.56 22693.51
1717849191 1548638420 1410361416 0 0 11722286 12299451 500980 436 63725.85 75071.37 31042.77 21675.76
1717849201 1548640203 1410362926 0 0 11722344 12299588 500980 436 63724.18 74890.32 31043.55 21856.14
1717849211 1548642808 1410365362 0 0 11722527 12299597 500980 436 63537.67 74911.89 31230.83 21833.69
1717849222 1548643848 1410366300 0 0 11722615 12299745 500980 436 63544.84 74209.21 31223.79 22560.23
1717849232 1548646111 1410368406 0 0 11722795 12299836 500980 436 63687.17 74954.36 31081.48 21792.11
1717849242 1548648086 1410370200 0 0 11722941 12299883 500980 436 63639.73 74963.62 31129.58 21782.85
1717849253 1548649773 1410371754 0 0 11723125 12299932 500980 436 63483.81 75038.74 31285.45 21707.73
1717849263 1548651287 1410373100 0 0 11723308 12299994 500980 436 62433.41 75012.46 32335.74 21734.00
1717849273 1548653800 1410375488 0 0 11723480 12300059 500980 436 63252.38 75450.11 31516.24 21297.12
1717849283 1548655381 1410376836 0 0 11723546 12300212 500980 436 63305.88 75133.71 31462.75 21613.44
1717849294 1548657398 1410378768 0 0 11723620 12300333 500980 436 63306.16 75215.25 31462.59 21530.72
1717849304 1548658249 1410379472 0 0 11723823 12300428 500980 436 63685.32 74185.71 31083.30 22562.36
1717849314 1548660814 1410381902 0 0 11723872 12300567 500980 436 63700.74 74997.44 31067.95 21749.03
1717849324 1548661831 1410382842 0 0 11724050 12300638 500980 436 63539.34 74980.59 31229.42 21765.88
1717849335 1548663536 1410384412 0 0 11724196 12300674 500980 436 62961.35 74977.45 31807.27 21768.57
1717849345 1548666225 1410386888 0 0 11724377 12300785 500980 436 63725.31 74132.68 31043.31 22630.59
1717849355 1548668731 1410389322 0 0 11724482 12300870 500980 436 63532.02 75024.80 31252.12 21721.66
1717849366 1548669733 1410390220 0 0 11724617 12300970 500980 436 63547.54 74982.82 31221.59 21773.39
1717849376 1548674295 1410394566 0 0 11724785 12301055 500980 436 63649.36 75037.47 31119.27 21707.52
1717849386 1548676439 1410396466 0 0 11724832 12301220 500980 436 63655.20 74131.68 31113.60 22615.35
1717849396 1548679193 1410399130 0 0 11724977 12301296 500980 436 63494.00 74810.15 31274.70 21944.31
1717849407 1548680436 1410400216 0 0 11725114 12301362 500980 436 63483.29 75096.88 31284.96 21649.59
1717849417 1548684113 1410403658 0 0 11725364 12301560 500980 436 63658.14 75439.16 31110.11 21307.31
1717849427 1548684910 1410404380 0 0 11725502 12301636 500980 436 63674.90 74660.67 31093.81 22085.80
1717849437 1548687267 1410406552 0 0 11725700 12301917 500980 436 63580.04 76368.63 31188.66 20377.84
1717849448 1548688885 1410407960 0 0 11725937 12302168 500980 436 62855.14 77016.98 31940.59 19729.98
1717849458 1548692001 1410410956 0 0 11726022 12302285 500980 436 63816.81 76768.23 30951.81 19978.36
1717849468 1548694030 1410412532 0 0 11726106 12302393 500980 436 63506.71 76911.64 31261.91 19835.89
1717849478 1548696968 1410415130 0 0 11726188 12302505 500980 436 63526.11 76974.55 31243.59 19771.43
1717849489 1548699715 1410417594 0 0 11726399 12302563 500980 436 64011.69 76797.18 30757.14 19966.91
1717849499 1548702981 1410420532 0 0 11726703 12302657 500980 436 64491.02 77031.70 30276.61 19715.98
1717849509 1548704685 1410422050 0 0 11728075 12302764 500980 436 63476.32 77103.20 31293.02 19643.26
1717849520 1548706881 1410423984 0 0 11728234 12302852 500980 436 63757.25 77007.93 31011.38 19739.20
1717849530 1548708816 1410425712 0 0 11728361 12302964 500980 436 63916.29 76905.07 30851.94 19841.39
1717849540 1548710454 1410427146 0 0 11728470 12303064 500980 436 63862.75 76750.41 30905.88 19996.09
1717849550 1548711833 1410428252 0 0 11728525 12303224 500980 436 63981.29 76923.68 30788.44 19822.29
1717849561 1548713240 1410429408 0 0 11728725 12303244 500980 436 64030.00 76950.48 30738.71 19796.52
1717849571 1548715076 1410430922 0 0 11728806 12303357 500980 436 64062.81 76780.60 30705.86 19966.48
1717849581 1548717120 1410432510 0 0 11728953 12303779 500980 436 64106.33 76347.90 30661.83 20398.56
1717849591 1548719600 1410434522 0 0 11729371 12303912 500980 436 64119.34 77089.78 30649.36 19657.34
1717849602 1548721884 1410436526 0 0 11729589 12304149 500980 436 67170.01 79481.98 27598.61 17265.62
1717849612 1548723176 1410437590 0 0 11729663 12304227 500980 436 67180.26 79484.88 27588.46 17262.13
1717849622 1548724353 1410438600 0 0 11729784 12304325 500980 436 67113.80 79540.38 27654.48 17206.69
1717849632 1548726403 1410440378 0 0 11729889 12304420 500980 436 67177.01 79558.96 27591.61 17187.12
1717849643 1548727717 1410441386 0 0 11730099 12304539 500980 436 67691.00 79461.72 27078.68 17284.25
1717849653 1548728808 1410442336 0 0 11730282 12304566 500980 436 67577.30 79485.62 27190.91 17260.84
1717849663 1548730225 1410443510 0 0 11730417 12304621 500980 436 67596.34 79552.02 27173.41 17194.45
1717849673 1548731462 1410444528 0 0 11730614 12304642 500980 436 67679.38 79468.62 27089.76 17277.84
1717849683 1548732604 1410445436 0 0 11730709 12304691 500980 436 67670.18 79476.50 27097.99 17268.92
1717849694 1548734879 1410447446 0 0 11730802 12304811 500980 436 67592.65 79555.14 27176.57 17192.02
1717849704 1548736518 1410448844 0 0 11730880 12304874 500980 436 67585.16 79564.57 27200.65 17181.89
1717849714 1548738541 1410450576 0 0 11731028 12304944 500980 436 67687.07 79460.66 27081.13 17285.31
1717849724 1548740415 1410452190 0 0 11731130 12305004 500980 436 67585.29 79480.82 27183.34 17265.77
1717849735 1548743034 1410454524 0 0 11731188 12305132 500980 436 67589.41 79557.86 27179.29 17188.61
1717849745 1548744495 1410455774 0 0 11731375 12305149 500980 436 67671.05 79562.21 27098.22 17184.26
1717849755 1548745366 1410456484 0 0 11731479 12305202 500980 436 67680.23 79468.21 27088.39 17278.85
1717849765 1548747247 1410458084 0 0 11731533 12305353 500980 436 67588.84 78732.18 27179.79 18013.37
1717849776 1548749677 1410460200 0 0 11731601 12305432 500980 436 67593.94 79556.17 27175.70 17190.29
1717849786 1548751603 1410461918 0 0 11731787 12305473 500980 436 67681.12 79469.36 27086.51 17277.11
1717849796 1548753536 1410463570 0 0 11731921 12305482 500980 436 67680.18 79470.45 27088.13 17276.01
1717849806 1548754774 1410464604 0 0 11732024 12305596 500980 436 67607.96 79871.48 27160.66 16875.09
1717849816 1548755684 1410465372 0 0 11732122 12305855 500980 436 67768.73 80635.37 26999.89 16112.69
1717849827 1548757973 1410467334 0 0 11732172 12307214 500980 436 67692.84 79585.64 27076.88 17160.82
1717849837 1548760019 1410469176 0 0 11732325 12307308 500980 436 67405.46 79427.02 27363.67 17319.57
1717849847 1548761520 1410470552 0 0 11732395 12307393 500980 436 67420.59 79472.30 27347.09 17276.17
1717849858 1548763591 1410472390 0 0 11732553 12307437 500980 436 67412.13 79551.60 27357.06 17194.89
1717849868 1548765462 1410474054 0 0 11732627 12307599 500980 436 67552.33 79691.53 27215.80 17055.52
1717849878 1548767248 1410475714 0 0 11732684 12307699 500980 436 67502.12 79656.97 27267.07 17089.54
1717849889 1548768418 1410476844 0 0 11732773 12307787 500980 436 67486.02 79503.77 27282.68 17242.70
1717849899 1548769686 1410478068 0 0 11733006 12307905 500980 436 67943.77 79427.51 26824.95 17319.64
1717849909 1548770237 1410478530 0 0 11733478 12308372 500980 436 68581.05 79431.60 26192.00 17315.72
1717849920 1548771865 1410480040 0 0 11734799 12308555 500980 436 68652.98 82704.40 26115.80 14041.57
1717849930 1548773595 1410481668 0 0 11734878 12308646 500980 436 69410.20 84031.83 25360.02 12714.14
1717849940 1548775218 1410483254 0 0 11734971 12308747 500980 436 69448.17 84063.48 25320.54 12682.98
1717849950 1548776572 1410484480 0 0 11735055 12308792 500980 436 69430.66 84068.83 25337.46 12678.23
1717849961 1548777573 1410485422 0 0 11735111 12308912 500980 436 69649.46 83976.61 25118.25 12769.86
1717849971 1548777733 1410485560 0 0 11735213 12308936 500980 436 69621.75 84001.66 25146.48 12744.81
1717849981 1548778250 1410486006 0 0 11735357 12309008 500980 436 69881.05 84069.66 24887.07 12677.91
1717849991 1548779768 1410487400 0 0 11735827 12309069 500980 436 69563.09 84129.31 25206.66 12616.66
1717850001 1548781206 1410488718 0 0 11736215 12309174 500980 436 69886.91 84026.46 24881.22 12720.59
1717850012 1548782073 1410489544 0 0 11736282 12309257 500980 436 72508.45 86573.62 22260.77 10173.46
1717850022 1548782706 1410490138 0 0 11736323 12309387 500980 436 72548.24 86619.13 22219.89 10128.45
1717850032 1548783828 1410491174 0 0 11736372 12309476 500980 436 72491.65 86596.23 22277.04 10150.23
1717850042 1548785284 1410492562 0 0 11736455 12309514 500980 436 72444.18 86646.54 22324.55 10100.47
1717850052 1548787027 1410494178 0 0 11736506 12309637 500980 436 72494.91 86682.71 22273.95 10063.76
1717850062 1548787729 1410494806 0 0 11736612 12309651 500980 436 72455.93 86721.02 22313.48 10026.24
1717850073 1548789028 1410496004 0 0 11736712 12309689 500980 436 72474.86 86619.93 22293.95 10126.54
1717850083 1548789689 1410496626 0 0 11736804 12309711 500980 436 72443.07 86650.70 22325.55 10095.39
1717850093 1548791339 1410498188 0 0 11736875 12309816 500980 436 72515.37 86661.21 22253.38 10084.76
1717850103 1548792195 1410498960 0 0 11736971 12309844 500980 436 72480.07 86697.58 22289.26 10049.00
1717850113 1548793609 1410500284 0 0 11737048 12309902 500980 436 72449.66 86642.53 22318.99 10102.46
1717850124 1548793782 1410500434 0 0 11737086 12310008 500980 436 72329.29 86267.84 22438.35 10479.70
1717850134 1548795481 1410502004 0 0 11737146 12310104 500980 436 72458.38 86719.73 22310.43 10026.73
1717850144 1548795607 1410502120 0 0 11737246 12310140 500980 436 72437.00 86657.19 22332.16 10088.91
1717850154 1548796711 1410503174 0 0 11737312 12310187 500980 436 72381.10 86713.05 22386.56 10033.41
1717850164 1548797646 1410504036 0 0 11737403 12310276 500980 436 72528.00 86650.03 22240.70 10096.05
1717850174 1548798755 1410505052 0 0 11737499 12310301 500980 436 72491.84 86686.78 22276.41 10059.80
1717850185 1548798960 1410505246 0 0 11737596 12310339 500980 436 72472.07 86624.35 22296.63 10122.12
1717850195 1548799776 1410506036 0 0 11737690 12310365 500980 436 72441.84 86648.20 22325.88 10098.27
1717850205 1548799912 1410506154 0 0 11737791 12310461 500980 436 72478.53 86647.93 22290.70 10098.65
1717850215 1548801068 1410507226 0 0 11738006 12310506 500980 436 73020.24 86662.65 21747.89 10084.37
1717850225 1548801333 1410507474 0 0 11738054 12310598 500980 436 72901.50 86694.98 21866.26 10052.09
1717850236 1548802758 1410508858 0 0 11738230 12310695 500980 436 72883.81 86731.92 21884.92 10014.05
1717850246 1548803821 1410509772 0 0 11738400 12310722 500980 436 73462.12 86742.89 21306.67 10003.57
1717850256 1548804213 1410510136 0 0 11738508 12310787 500980 436 73320.03 86791.36 21448.59 9955.77
1717850266 1548805498 1410511362 0 0 11738552 12310857 500980 436 73377.96 86732.11 21390.66 10015.47
1717850276 1548806626 1410512460 0 0 11738647 12310940 500980 436 73060.04 87134.58 21708.23 9611.88
1717850287 1548807471 1410513234 0 0 11738712 12310987 500980 436 73093.79 87100.27 21674.84 9646.80
1717850297 1548808400 1410514118 0 0 11738761 12311073 500980 436 73183.56 86927.57 21585.06 9818.43
1717850307 1548808930 1410514634 0 0 11738796 12311150 500980 436 73140.53 86969.16 21629.21 9777.30
1717850317 1548809714 1410515370 0 0 11738915 12311206 500980 436 73071.22 87123.63 21698.46 9622.83
1717850327 1548809794 1410515442 0 0 11739006 12311227 500980 436 73109.19 87085.86 21659.62 9660.11
1717850337 1548810877 1410516468 0 0 11739091 12311276 500980 436 73194.05 86916.11 21574.08 9830.40
1717850348 1548811914 1410517480 0 0 11739189 12311357 500980 436 73062.66 87134.93 21706.54 9611.66
1717850358 1548813247 1410518682 0 0 11739260 12311410 500980 436 73356.82 87089.58 21410.82 9656.43
1717850368 1548813757 1410519158 0 0 11739307 12311496 500980 436 73435.32 86930.15 21333.88 9815.82
1717850378 1548815128 1410520486 0 0 11739405 12311515 500980 436 73379.48 86986.97 21390.25 9759.60
1717850388 1548815324 1410520676 0 0 11739496 12311605 500980 436 73648.17 86800.63 21120.55 9945.83
1717850399 1548816252 1410521540 0 0 11739549 12311665 500980 436 73689.07 86758.56 21080.15 9988.01
1717850409 1548816252 1410521540 0 0 11739619 12311728 500980 436 73608.49 86755.77 21160.24 9990.72
1717850419 1548817093 1410522344 0 0 11739656 12311808 500980 436 73709.30 86754.52 21059.43 9992.54
1717850429 1548817107 1410522356 0 0 11739775 12311867 500980 436 73407.46 87139.66 21361.16 9607.48
1717850439 1548818306 1410523484 0 0 11739825 12311941 500980 436 73418.56 86882.78 21315.46 9838.90
1717850449 1548819432 1410524556 0 0 11739926 12311968 500980 436 73642.28 87144.79 21126.54 9601.18
1717850460 1548821404 1410526456 0 0 11740045 12312035 500980 436 73674.11 87195.45 21095.12 9551.60
1717850470 1548822401 1410527360 0 0 11740101 12312099 500980 436 73712.51 87156.18 21056.11 9591.78
1717850480 1548823419 1410528328 0 0 11740145 12312188 500980 436 73627.62 87159.83 21141.62 9587.17
1717850490 1548824069 1410528958 0 0 11740201 12312248 500980 436 73676.39 87111.45 21092.23 9635.66
1717850500 1548824178 1410529064 0 0 11740301 12312323 500980 436 73737.49 87338.93 21031.75 9407.64
1717850511 1548825305 1410530120 0 0 11740374 12312361 500980 436 73777.82 87297.93 20990.80 9449.79
1717850521 1548826273 1410531044 0 0 11740409 12312462 500980 436 73741.49 87251.61 21026.64 9494.03
1717850531 1548826818 1410531578 0 0 11740445 12312540 500980 436 73771.33 87220.48 20997.89 9525.57
1717850541 1548828682 1410533324 0 0 11740557 12312608 500980 436 73769.13 87304.66 20999.49 9441.94
1717850551 1548828926 1410533554 0 0 11740613 12312682 500980 436 73822.61 87254.78 20946.13 9491.68
1717850562 1548830150 1410534722 0 0 11740721 12312695 500980 436 73772.26 87220.80 20993.87 9527.78
1717850572 1548830806 1410535362 0 0 11740854 12312732 500980 436 73776.16 87718.85 20992.96 9028.74
1717850582 1548831157 1410535704 0 0 11741031 12312802 500980 436 73558.94 87720.12 21209.79 9026.85
1717850592 1548831175 1410535720 0 0 11741839 12313065 500980 436 73593.23 87682.89 21174.90 9065.21
1717850602 1548831603 1410536110 0 0 11742095 12313320 500980 436 73568.07 87575.21 21200.55 9170.35
1717850612 1548831746 1410536252 0 0 11742142 12313386 500980 436 73716.92 87717.14 21052.30 9028.45
1717850623 1548831826 1410536332 0 0 11742194 12313444 500980 436 73727.66 87688.92 21041.07 9057.21
1717850633 1548831901 1410536406 0 0 11742255 12313505 500980 436 73958.23 87674.87 20809.90 9072.25
1717850643 1548831955 1410536460 0 0 11742332 12313552 500980 436 73965.36 87651.96 20803.85 9094.02
1717850653 1548831985 1410536490 0 0 11742423 12313572 500980 436 73983.05 87629.25 20786.09 9116.73
1717850663 1548832486 1410536862 0 0 11742492 12313667 500980 436 74064.06 87771.86 20704.66 8975.66
1717850674 1548833246 1410537410 0 0 11742699 12313981 500980 436 74098.29 87448.15 20672.03 9298.43
1717850684 1548833666 1410537672 0 0 11742969 12314158 500980 436 75603.82 89529.96 19165.36 7217.12
1717850694 1548833666 1410537672 0 0 11743018 12314228 500980 436 76400.98 90723.46 18367.80 6022.08
1717850704 1548833666 1410537672 0 0 11743060 12314282 500980 436 76405.78 90729.25 18362.96 6017.26
1717850714 1548833666 1410537672 0 0 11743117 12314323 500980 436 76403.95 90730.22 18365.21 6017.36
1717850724 1548833666 1410537672 0 0 11743159 12314377 500980 436 76404.90 90730.96 18363.82 6016.00
1717850735 1548833666 1410537672 0 0 11743217 12314418 500980 436 76405.53 90731.46 18363.15 6015.00
1717850745 1548833666 1410537672 0 0 11743272 12314459 500980 436 76403.47 90731.72 18363.79 6015.46
1717850755 1548833666 1410537672 0 0 11743329 12314500 500980 436 76404.46 90731.55 18365.15 6014.99
1717850765 1548833666 1410537672 0 0 11743372 12314553 500980 436 76404.89 90891.24 18363.32 5854.73
1717850775 1548833666 1410537672 0 0 11743427 12314596 500980 436 76404.13 90889.32 18364.49 5855.78
1717850785 1548833666 1410537672 0 0 11743469 12314650 500980 436 76405.18 90891.32 18363.09 5855.65
1717850796 1548833666 1410537672 0 0 11743524 12314693 500980 436 76404.82 90891.40 18363.39 5855.56
1717850806 1548833666 1410537672 0 0 11743581 12314733 500980 436 76405.05 90890.89 18363.69 5856.16
1717850816 1548833666 1410537672 0 0 11743634 12314774 500980 436 76404.55 90890.04 18364.07 5855.51
1717850826 1548833666 1410537672 0 0 11743677 12314829 500980 436 76405.36 90889.62 18362.99 5855.86
1717850836 1548833666 1410537672 0 0 11743725 12314880 500980 436 76406.82 90890.00 18361.80 5856.63
1717850846 1548833666 1410537672 0 0 11743738 12314965 500980 436 76405.80 90890.98 18363.52 5856.56
1717850857 1548833666 1410537672 0 0 11743792 12315006 500980 436 76405.66 90891.93 18363.04 5854.54
1717850867 1548833666 1410537672 0 0 11743848 12315048 500980 436 76404.85 90892.07 18363.39 5854.50
1717850877 1548833666 1410537672 0 0 11743903 12315091 500980 436 76404.98 90891.96 18363.26 5855.01
1717850887 1548833666 1410537672 0 0 11743958 12315134 500980 436 76406.59 90893.04 18362.71 5853.50
1717850897 1548833666 1410537672 0 0 11744013 12315177 500980 436 76406.17 90891.50 18363.06 5855.09
1717850907 1548833666 1410537672 0 0 11744056 12315230 500980 436 76405.24 90898.99 18363.55 5848.04
1717850918 1548833666 1410537672 0 0 11744112 12315272 500980 436 76406.88 90898.61 18362.26 5847.49
1717850928 1548833666 1410537672 0 0 11744155 12315325 500980 436 76406.16 90898.85 18362.58 5847.64
1717850938 1548833666 1410537672 0 0 11744210 12315369 500980 436 76407.31 90898.17 18361.91 5848.41
1717850948 1548833666 1410537672 0 0 11744253 12315420 500980 436 76407.46 90899.55 18361.78 5847.42
1717850958 1548833666 1410537672 0 0 11744310 12315463 500980 436 76406.25 90897.90 18361.95 5847.68
1717850968 1548833666 1410537672 0 0 11744353 12315516 500980 436 76407.78 90898.39 18360.96 5847.58
1717850978 1548833666 1410537672 0 0 11744408 12315559 500980 436 76407.32 90897.57 18360.81 5849.02
1717850989 1548833666 1410537672 0 0 11744450 12315614 500980 436 76406.81 90897.39 18362.30 5847.72
1717850999 1548833666 1410537672 0 0 11744494 12315666 500980 436 76407.41 90898.42 18361.36 5848.56
1717851009 1548833666 1410537672 0 0 11744553 12315709 500980 436 76406.49 90898.23 18361.77 5848.80
1717851019 1548833666 1410537672 0 0 11744610 12315750 500980 436 76406.44 90899.13 18361.77 5847.37
1717851029 1548833666 1410537672 0 0 11744665 12315793 500980 436 76406.73 90898.68 18361.95 5848.43
1717851039 1548833666 1410537672 0 0 11744707 12315847 500980 436 76407.63 90897.37 18360.50 5848.75
1717851050 1548833666 1410537672 0 0 11744752 12315899 500980 436 76408.47 90898.11 18360.75 5848.43
1717851060 1548833666 1410537672 0 0 11744808 12315941 500980 436 76408.03 90898.46 18361.29 5848.01
1717851070 1548833666 1410537672 0 0 11744865 12315981 500980 436 76407.01 90898.22 18361.26 5847.75
1717851080 1548833666 1410537672 0 0 11744919 12316023 500980 436 76407.94 90898.06 18361.26 5848.06
1717851090 1548833666 1410537672 0 0 11744962 12316077 500980 436 76408.03 90898.88 18359.75 5847.69
1717851100 1548833666 1410537672 0 0 11745018 12316117 500980 436 76406.97 90897.01 18361.75 5848.96
1717851111 1548833666 1410537672 0 0 11745073 12316159 500980 436 76408.81 90897.90 18360.96 5848.67
1717851121 1548833666 1410537672 0 0 11745115 12316212 500980 436 76408.98 90898.81 18359.75 5847.70
1717851131 1548833666 1410537672 0 0 11745170 12316255 500980 436 76408.62 90898.59 18360.02 5848.07
1717851141 1548833666 1410537672 0 0 11745226 12316295 500980 436 76407.44 90899.02 18360.40 5847.96
1717851151 1548833666 1410537672 0 0 11745280 12316337 500980 436 76408.01 90900.55 18361.75 5846.46
1717851161 1548833666 1410537672 0 0 11745335 12316379 500980 436 76407.42 90904.96 18360.27 5841.51
1717851172 1548833666 1410537672 0 0 11745392 12316419 500980 436 76406.76 90904.55 18361.05 5841.91
1717851182 1548833666 1410537672 0 0 11745447 12316460 500980 436 76408.13 90903.82 18360.63 5842.75
1717851192 1548833666 1410537672 0 0 11745502 12316503 500980 436 76407.80 90904.03 18361.50 5842.44
1717851202 1548833666 1410537672 0 0 11745557 12316545 500980 436 76407.16 90904.96 18360.63 5841.53
1717851212 1548833666 1410537672 0 0 11745613 12316585 500980 436 76406.88 90904.22 18361.88 5842.32
1717851222 1548833666 1410537672 0 0 11745669 12316627 500980 436 76407.20 90905.48 18361.04 5841.99
1717851233 1548833666 1410537672 0 0 11745724 12316669 500980 436 76408.57 90903.64 18359.56 5842.45
1717851243 1548833666 1410537672 0 0 11745765 12316724 500980 436 76410.00 90903.89 18359.30 5842.08
1717851253 1548833666 1410537672 0 0 11745819 12316766 500980 436 76409.73 90903.98 18359.45 5842.07
1717851263 1548833666 1410537672 0 0 11745862 12316820 500980 436 76409.26 90903.61 18359.36 5843.47
1717851273 1548833666 1410537672 0 0 11745905 12316874 500980 436 76410.19 90901.90 18359.10 5843.70
1717851283 1548833666 1410537672 0 0 11745948 12316928 500980 436 76410.32 90903.45 18358.43 5843.50
1717851294 1548833666 1410537672 0 0 11746003 12316969 500980 436 76409.10 90902.87 18358.83 5842.84
1717851304 1548833666 1410537672 0 0 11746059 12317011 500980 436 76409.66 90904.48 18359.12 5842.53
1717851314 1548833666 1410537672 0 0 11746114 12317052 500980 436 76408.77 90904.93 18359.48 5842.03
1717851324 1548833666 1410537672 0 0 11746170 12317095 500980 436 76409.69 90903.57 18358.93 5841.99
1717851334 1548833666 1410537672 0 0 11746214 12317150 500980 436 76410.05 90905.20 18358.22 5842.26
1717851344 1548833666 1410537672 0 0 11746269 12317191 500980 436 76409.20 90904.04 18358.43 5842.53
1717851354 1548833666 1410537672 0 0 11746333 12317295 500980 436 76409.80 90904.76 18358.40 5842.36
1717851365 1548833666 1410537672 0 0 11746388 12317337 500980 436 76410.68 90903.71 18358.68 5843.28
1717851375 1548833666 1410537672 0 0 11746444 12317378 500980 436 76409.50 90904.76 18359.75 5842.71
1717851385 1548833666 1410537672 0 0 11746500 12317422 500980 436 76409.36 90903.80 18359.39 5843.19
1717851395 1548833666 1410537672 0 0 11746553 12317466 500980 436 76411.12 90903.42 18358.16 5842.71
1717851405 1548833666 1410537672 0 0 11746597 12317519 500980 436 76410.75 90903.60 18358.53 5843.41
1717851415 1548833666 1410537672 0 0 11746652 12317560 500980 436 76409.62 90903.30 18359.62 5843.17
1717851426 1548833666 1410537672 0 0 11746709 12317603 500980 436 76409.72 90904.67 18359.04 5842.36
1717851436 1548833666 1410537672 0 0 11746765 12317643 500980 436 76409.46 90904.00 18359.82 5843.04
1717851446 1548833666 1410537672 0 0 11746822 12317685 500980 436 76408.71 90904.12 18360.55 5841.85
1717851456 1548833666 1410537672 0 0 11746877 12317726 500980 436 76409.51 90904.57 18359.67 5841.46
1717851467 1548833666 1410537672 0 0 11746921 12317779 500980 436 76408.73 90903.80 18358.98 5843.77
1717851477 1548833666 1410537672 0 0 11746977 12317818 500980 436 76409.09 90904.00 18358.62 5842.49
1717851487 1548833666 1410537672 0 0 11747034 12317861 500980 436 76410.46 90903.46 18358.16 5842.57
1717851497 1548833666 1410537672 0 0 11747077 12317915 500980 436 76410.07 90904.48 18357.67 5842.55
1717851507 1548833666 1410537672 0 0 11747132 12317957 500980 436 76508.70 90904.03 18260.06 5841.95
1717851517 1548833666 1410537672 0 0 11747190 12317998 500980 436 76508.81 90905.87 18258.82 5841.69
1717851528 1548833666 1410537672 0 0 11747235 12318050 500980 436 76653.52 90993.44 18114.17 5753.54
1717851538 1548833666 1410537672 0 0 11747291 12318090 500980 436 76652.67 90993.25 18116.58 5754.32
1717851548 1548833666 1410537672 0 0 11747348 12318130 500980 436 76652.50 90993.06 18116.24 5753.52
1717851558 1548833666 1410537672 0 0 11747389 12318185 500980 436 76654.30 90991.71 18114.82 5754.86
1717851568 1548833666 1410537672 0 0 11747432 12318239 500980 436 76654.12 90992.52 18114.01 5754.04
1717851578 1548833666 1410537672 0 0 11747476 12318293 500980 436 76654.92 90992.52 18114.31 5752.47
1717851589 1548833666 1410537672 0 0 11747533 12318334 500980 436 76659.95 90993.00 18107.79 5753.58
1717851599 1548833666 1410537672 0 0 11747588 12318373 500980 436 76660.08 90992.74 18108.55 5752.31
1717851609 1548833666 1410537672 0 0 11747635 12318430 500980 436 76660.22 90993.07 18108.55 5753.39
1717851619 1548833666 1410537672 0 0 11747691 12318472 500980 436 76660.45 90993.11 18109.27 5753.45
1717851629 1548833666 1410537672 0 0 11747732 12318524 500980 436 76661.22 90993.63 18107.00 5752.83
1717851639 1548833666 1410537672 0 0 11747789 12318565 500980 436 76658.79 90993.05 18108.44 5753.47
1717851649 1548833666 1410537672 0 0 11747845 12318605 500980 436 76658.93 90993.22 18109.27 5752.88
1717851660 1548833666 1410537672 0 0 11747887 12318661 500980 436 76661.01 90994.34 18108.23 5753.23
1717851670 1548833666 1410537672 0 0 11747949 12318707 500980 436 76660.80 90993.41 18108.03 5753.05
1717851680 1548833666 1410537672 0 0 11748003 12318749 500980 436 76660.77 90992.50 18107.86 5753.56
1717851690 1548833666 1410537672 0 0 11748047 12318804 500980 436 76661.12 90993.74 18108.16 5753.29
1717851700 1548833666 1410537672 0 0 11748101 12318845 500980 436 76659.88 90993.88 18109.36 5753.09
1717851710 1548833666 1410537672 0 0 11748158 12318886 500980 436 76660.70 90994.77 18109.11 5752.19
1717851721 1548833666 1410537672 0 0 11748212 12318928 500980 436 76659.85 90992.87 18109.27 5752.71
1717851731 1548833666 1410537672 0 0 11748255 12318983 500980 436 76660.56 90992.38 18108.06 5753.68
1717851741 1548833666 1410537672 0 0 11748298 12319037 500980 436 76660.62 90992.30 18108.00 5753.28
1717851751 1548833666 1410537672 0 0 11748341 12319091 500980 436 76661.47 90994.27 18107.45 5751.71
1717851761 1548833666 1410537672 0 0 11748397 12319133 500980 436 76661.16 90993.28 18107.46 5752.83
1717851771 1548833666 1410537672 0 0 11748440 12319185 500980 436 76660.34 90994.73 18106.48 5752.28
1717851782 1548833666 1410537672 0 0 11748495 12319226 500980 436 76660.77 90993.27 18107.46 5752.70
1717851792 1548833666 1410537672 0 0 11748551 12319267 500980 436 76662.07 90993.91 18107.67 5753.21
1717851802 1548833666 1410537672 0 0 11748593 12319323 500980 436 76661.36 90995.02 18106.84 5751.94
1717851812 1548833666 1410537672 0 0 11748649 12319363 500980 436 76660.06 90994.02 18107.66 5751.99
1717851822 1548833666 1410537672 0 0 11748705 12319406 500980 436 76661.39 90994.46 18107.36 5752.50
1717851832 1548833666 1410537672 0 0 11748759 12319446 500980 436 76660.84 90993.13 18107.78 5752.92
1717851843 1548833666 1410537672 0 0 11748803 12319500 500980 436 76660.15 90994.31 18107.60 5752.16
1717851853 1548833666 1410537672 0 0 11748858 12319541 500980 436 76658.90 90992.72 18109.35 5753.25
1717851863 1548833666 1410537672 0 0 11748913 12319583 500980 436 76660.48 90992.95 18108.69 5752.63
1717851873 1548833666 1410537672 0 0 11748956 12319635 500980 436 76660.76 90993.57 18107.47 5753.01
1717851883 1548833666 1410537672 0 0 11749012 12319677 500980 436 76661.11 90993.74 18108.23 5752.23
1717851893 1548833666 1410537672 0 0 11749067 12319719 500980 436 76660.79 90993.27 18107.99 5753.21
1717851904 1548833666 1410537672 0 0 11749122 12319761 500980 436 76660.98 90993.73 18107.75 5752.81
1717851914 1548833666 1410537672 0 0 11749178 12319803 500980 436 76660.20 90994.24 18108.59 5752.82
1717851924 1548833666 1410537672 0 0 11749233 12319844 500980 436 76659.16 90994.64 18109.08 5752.93
1717851934 1548833666 1410537672 0 0 11749288 12319886 500980 436 76659.86 90993.48 18109.36 5752.60
1717851944 1548833666 1410537672 0 0 11749330 12319941 500980 436 76661.68 90993.79 18108.05 5752.69
1717851955 1548833666 1410537672 0 0 11749383 12319983 500980 436 76661.00 90993.46 18107.13 5753.15
1717851965 1548833666 1410537672 0 0 11749426 12320038 500980 436 76660.49 90992.32 18108.24 5754.27
1717851975 1548833666 1410537672 0 0 11749468 12320092 500980 436 76660.87 90994.10 18107.40 5752.37
1717851985 1548833666 1410537672 0 0 11749523 12320134 500980 436 76661.04 90992.50 18107.70 5753.15
1717851995 1548833666 1410537672 0 0 11749566 12320189 500980 436 76661.32 90992.22 18107.96 5753.38
1717852005 1548833666 1410537672 0 0 11749607 12320243 500980 436 76661.34 90993.50 18108.46 5752.47
1717852016 1548833666 1410537672 0 0 11749661 12320286 500980 436 76661.79 90993.58 18107.42 5752.44
1717852026 1548833666 1410537672 0 0 11749704 12320338 500980 436 76662.11 90993.23 18107.72 5753.83
1717852036 1548833666 1410537672 0 0 11749747 12320392 500980 436 76661.90 90993.21 18106.82 5752.81
1717852046 1548833666 1410537672 0 0 11749805 12320434 500980 436 76661.12 90993.94 18107.13 5752.53
1717852056 1548833666 1410537672 0 0 11749860 12320475 500980 436 76662.74 90993.81 18105.88 5751.77
1717852066 1548833666 1410537672 0 0 11749902 12320529 500980 436 76661.41 90993.05 18106.73 5753.03
1717852077 1548833666 1410537672 0 0 11749945 12320583 500980 436 76662.48 90993.98 18105.79 5752.00
1717852087 1548833666 1410537672 0 0 11750000 12320626 500980 436 76662.22 90993.14 18106.51 5752.95
1717852097 1548833666 1410537672 0 0 11750041 12320681 500980 436 76661.53 90993.43 18106.60 5752.16
1717852107 1548833666 1410537672 0 0 11750083 12320736 500980 436 76662.99 90992.71 18106.27 5753.75
1717852117 1548833666 1410537672 0 0 11750137 12320778 500980 436 76660.95 90995.70 18107.84 5751.27
1717852127 1548833666 1410537672 0 0 11750193 12320820 500980 436 76662.44 90994.61 18106.04 5751.73
1717852138 1548833666 1410537672 0 0 11750235 12320874 500980 436 76661.98 90993.75 18107.80 5753.21
1717852148 1548833666 1410537672 0 0 11750291 12320914 500980 436 76661.54 90995.17 18107.18 5751.79
1717852158 1548833666 1410537672 0 0 11750346 12320956 500980 436 76661.14 90994.62 18106.99 5751.50
1717852168 1548833666 1410537672 0 0 11750387 12321011 500980 436 76661.14 90994.32 18107.61 5751.65
1717852178 1548833666 1410537672 0 0 11750442 12321050 500980 436 76661.18 90996.01 18107.52 5750.99
1717852188 1548833666 1410537672 0 0 11750498 12321091 500980 436 76660.98 90994.96 18108.31 5751.50
1717852199 1548833666 1410537672 0 0 11750554 12321133 500980 436 76660.92 90994.79 18108.34 5752.17
1717852209 1548833666 1410537672 0 0 11750614 12321174 500980 436 76661.21 90994.17 18107.61 5751.80
1717852219 1548833666 1410537672 0 0 11750670 12321216 500980 436 76661.14 90994.73 18106.99 5751.88
1717852229 1548833666 1410537672 0 0 11750712 12321269 500980 436 76661.75 90995.26 18107.05 5751.20
1717852240 1548833666 1410537672 0 0 11750767 12321311 500980 436 76660.98 90995.32 18107.27 5751.19
1717852250 1548833666 1410537672 0 0 11750823 12321352 500980 436 76661.51 90994.68 18106.71 5751.29
1717852261 1548833666 1410537672 0 0 11750877 12321394 500980 436 76660.97 90993.79 18107.22 5752.83
1717852271 1548833666 1410537672 0 0 11750918 12321449 500980 436 76660.72 90994.71 18106.99 5751.87
1717852281 1548833666 1410537672 0 0 11750973 12321489 500980 436 76661.48 90995.22 18106.77 5752.30
1717852291 1548833666 1410537672 0 0 11751031 12321529 500980 436 76662.46 90995.80 18106.75 5750.77
1717852301 1548833666 1410537672 0 0 11751074 12321584 500980 436 76661.52 90994.45 18105.70 5751.03
1717852311 1548833666 1410537672 0 0 11751129 12321625 500980 436 76661.16 90995.41 18107.60 5751.63
1717852322 1548833666 1410537672 0 0 11751184 12321668 500980 436 76661.73 90994.07 18107.50 5752.98
1717852332 1548833666 1410537672 0 0 11751228 12321720 500980 436 76660.04 90995.13 18107.23 5751.92
1717852342 1548833666 1410537672 0 0 11751285 12321760 500980 436 76661.34 90995.79 18107.40 5750.76
1717852352 1548833666 1410537672 0 0 11751339 12321803 500980 436 76660.53 90993.59 18108.09 5751.97
1717852362 1548833666 1410537672 0 0 11751382 12321858 500980 436 76661.08 90994.37 18106.67 5753.30
1717852372 1548833666 1410537672 0 0 11751436 12321899 500980 436 76661.88 90994.96 18107.38 5751.02
1717852383 1548833666 1410537672 0 0 11751490 12321941 500980 436 76661.40 90993.99 18106.82 5751.10
1717852393 1548833666 1410537672 0 0 11751531 12321996 500980 436 76662.47 90994.89 18105.80 5752.07
1717852403 1548833666 1410537672 0 0 11751587 12322037 500980 436 76661.77 90994.43 18106.36 5752.64
1717852413 1548833666 1410537672 0 0 11751630 12322091 500980 436 76662.71 90995.64 18106.58 5750.34
1717852423 1548833666 1410537672 0 0 11751685 12322131 500980 436 76662.21 90995.18 18106.55 5751.85
1717852434 1548833666 1410537672 0 0 11751740 12322175 500980 436 76662.07 90995.47 18107.13 5751.14
1717852444 1548833666 1410537672 0 0 11751781 12322229 500980 436 76661.66 90994.04 18106.12 5752.43
1717852454 1548833666 1410537672 0 0 11751836 12322272 500980 436 76662.93 90994.85 18105.20 5752.27
1717852464 1548833666 1410537672 0 0 11751879 12322326 500980 436 76662.34 90994.73 18105.89 5751.73
1717852474 1548833666 1410537672 0 0 11751934 12322367 500980 436 76661.95 90995.68 18106.38 5751.30
1717852484 1548833666 1410537672 0 0 11751990 12322408 500980 436 76662.23 90995.78 18106.51 5750.72
1717852495 1548833666 1410537672 0 0 11752045 12322449 500980 436 76662.44 90994.73 18106.78 5750.86
1717852505 1548833666 1410537672 0 0 11752088 12322502 500980 436 76661.66 90995.21 18106.59 5751.25
1717852515 1548833666 1410537672 0 0 11752145 12322544 500980 436 76660.29 90995.24 18108.98 5750.79
1717852525 1548833666 1410537672 0 0 11752203 12322584 500980 436 76662.22 90996.88 18107.57 5750.09
1717852535 1548833666 1410537672 0 0 11752256 12322627 500980 436 76661.71 90994.72 18107.51 5750.38
1717852545 1548833666 1410537672 0 0 11752299 12322682 500980 436 76662.74 90994.90 18106.00 5751.21
1717852556 1548833666 1410537672 0 0 11752339 12322738 500980 436 76663.89 90994.29 18104.85 5752.30
1717852566 1548833666 1410537672 0 0 11752382 12322792 500980 436 76663.03 90995.25 18105.74 5750.72
1717852576 1548833666 1410537672 0 0 11752437 12322833 500980 436 76662.46 90993.70 18106.16 5751.95
1717852586 1548833666 1410537672 0 0 11752479 12322888 500980 436 76662.31 90994.26 18107.42 5752.84
1717852596 1548833666 1410537672 0 0 11752521 12322943 500980 436 76662.39 90993.77 18106.23 5752.83
1717852606 1548833666 1410537672 0 0 11752565 12322993 500980 436 76662.92 90996.36 18105.84 5751.11
1717852616 1548833666 1410537672 0 0 11752620 12323036 500980 436 76662.65 90996.49 18105.62 5749.98
1717852627 1548833666 1410537672 0 0 11752675 12323077 500980 436 76661.01 90995.81 18106.73 5750.16
1717852637 1548833666 1410537672 0 0 11752732 12323119 500980 436 76662.25 90995.11 18106.07 5751.95
1717852647 1548833666 1410537672 0 0 11752786 12323161 500980 436 76661.46 90994.90 18107.69 5750.68
1717852657 1548833666 1410537672 0 0 11752829 12323215 500980 436 76661.60 90996.82 18106.09 5750.14
1717852667 1548833666 1410537672 0 0 11752885 12323255 500980 436 76660.48 90996.57 18107.75 5749.90
1717852677 1548833666 1410537672 0 0 11752941 12323296 500980 436 76662.01 90996.62 18107.13 5750.00
1717852688 1548833666 1410537672 0 0 11752983 12323351 500980 436 76662.15 90996.74 18106.04 5750.23
1717852698 1548833666 1410537672 0 0 11753037 12323393 500980 436 76661.07 90995.93 18107.14 5750.11
1717852708 1548833666 1410537672 0 0 11753080 12323446 500980 436 76661.82 90995.82 18107.40 5750.15
1717852718 1548833666 1410537672 0 0 11753135 12323487 500980 436 76661.59 90996.38 18106.70 5749.60
1717852728 1548833666 1410537672 0 0 11753189 12323530 500980 436 76661.64 90998.57 18107.13 5747.91
1717852738 1548833666 1410537672 0 0 11753242 12323571 500980 436 76661.61 90996.94 18106.13 5748.05
1717852749 1548833666 1410537672 0 0 11753298 12323613 500980 436 76661.98 90998.43 18107.23 5748.61
1717852759 1548833666 1410537672 0 0 11753353 12323654 500980 436 76661.42 90996.76 18107.74 5749.36
1717852769 1548833666 1410537672 0 0 11753396 12323709 500980 436 76662.42 90995.54 18106.81 5750.02
1717852779 1548833666 1410537672 0 0 11753438 12323763 500980 436 76662.50 90997.76 18106.24 5749.25
1717852789 1548833666 1410537672 0 0 11753494 12323803 500980 436 76661.98 90997.70 18107.25 5748.37
1717852799 1548833666 1410537672 0 0 11753549 12323845 500980 436 76661.66 90996.40 18107.98 5749.69
1717852810 1548833666 1410537672 0 0 11753595 12323900 500980 436 76662.60 90997.01 18106.16 5749.99
1717852820 1548833666 1410537672 0 0 11753650 12323940 500980 436 76661.55 90998.21 18107.62 5748.75
1717852830 1548833666 1410537672 0 0 11753706 12323981 500980 436 76661.37 90996.92 18106.38 5749.55
1717852840 1548833666 1410537672 0 0 11753760 12324025 500980 436 76660.47 90996.87 18107.79 5750.13
1717852850 1548833666 1410537672 0 0 11753817 12324065 500980 436 76661.92 90997.16 18106.81 5748.95
1717852860 1548833666 1410537672 0 0 11753860 12324118 500980 436 76661.77 90997.58 18107.50 5749.50
1717852871 1548833666 1410537672 0 0 11753914 12324158 500980 436 76661.17 90997.30 18107.60 5748.68
1717852881 1548833666 1410537672 0 0 11753969 12324199 500980 436 76660.99 90997.30 18107.75 5749.17
1717852891 1548833666 1410537672 0 0 11754026 12324239 500980 436 76660.43 90997.12 18108.34 5749.35
1717852901 1548833666 1410537672 0 0 11754070 12324291 500980 436 76661.39 90996.69 18107.89 5749.93
1717852911 1548833666 1410537672 0 0 11754114 12324343 500980 436 76661.43 90997.35 18106.28 5749.22
1717852921 1548833666 1410537672 0 0 11754167 12324386 500980 436 76661.00 90998.61 18107.11 5748.72
1717852932 1548833666 1410537672 0 0 11754214 12324438 500980 436 76662.14 90997.39 18107.07 5749.07
1717852942 1548833666 1410537672 0 0 11754270 12324479 500980 436 76661.79 90997.48 18106.41 5749.04
1717852952 1548833666 1410537672 0 0 11754325 12324520 500980 436 76662.47 90997.71 18107.41 5749.28
1717852962 1548833666 1410537672 0 0 11754381 12324560 500980 436 76659.45 90998.06 18109.85 5749.42
1717852973 1548833666 1410537672 0 0 11754437 12324599 500980 436 76660.56 90998.14 18107.68 5748.32
1717852983 1548833666 1410537672 0 0 11754491 12324642 500980 436 76661.01 90997.98 18107.20 5748.48
1717852993 1548833666 1410537672 0 0 11754547 12324684 500980 436 76661.71 90999.18 18106.97 5747.81
1717853003 1548833666 1410537672 0 0 11754601 12324723 500980 436 76662.42 90999.09 18106.84 5747.96
1717853013 1548833666 1410537672 0 0 11754657 12324764 500980 436 76662.32 90998.75 18106.84 5747.82
1717853024 1548833666 1410537672 0 0 11754698 12324818 500980 436 76663.86 90996.77 18105.25 5749.28
1717853034 1548833666 1410537672 0 0 11754741 12324871 500980 436 76662.48 90999.02 18105.73 5747.98
1717853044 1548833666 1410537672 0 0 11754787 12324922 500980 436 76661.96 90997.27 18106.17 5748.79
1717853054 1548833666 1410537672 0 0 11754831 12324975 500980 436 76662.57 90996.11 18106.05 5749.95
1717853064 1548833666 1410537672 0 0 11754874 12325029 500980 436 76662.03 90996.80 18107.20 5749.74
1717853074 1548833666 1410537672 0 0 11754917 12325083 500980 436 76662.69 90996.89 18106.05 5750.10
1717853085 1548833666 1410537672 0 0 11754972 12325124 500980 436 76662.72 90996.77 18105.41 5749.86
1717853095 1548833666 1410537672 0 0 11755014 12325177 500980 436 76662.06 90998.64 18106.66 5748.96
1717853105 1548833666 1410537672 0 0 11755068 12325218 500980 436 76662.36 90996.88 18105.77 5749.66
1717853115 1548833666 1410537672 0 0 11755111 12325271 500980 436 76661.94 90997.89 18106.27 5748.65
1717853125 1548833666 1410537672 0 0 11755165 12325312 500980 436 76663.24 90998.41 18105.95 5748.66
1717853135 1548833666 1410537672 0 0 11755219 12325356 500980 436 76661.19 90998.23 18106.01 5748.30
1717853146 1548833667 1410537672 0 0 11755275 12325396 500980 436 76662.71 90996.95 18106.51 5748.63
1717853156 1548833667 1410537672 0 0 11755317 12325449 500980 436 76661.85 90997.53 18105.87 5748.44
1717853166 1548833667 1410537672 0 0 11755371 12325492 500980 436 76662.56 90997.24 18106.17 5749.30
1717853176 1548833667 1410537672 0 0 11755414 12325545 500980 436 76661.92 90999.05 18106.37 5747.97
1717853186 1548833667 1410537672 0 0 11755469 12325587 500980 436 76663.07 90996.84 18105.62 5749.14
1717853196 1548833667 1410537672 0 0 11755525 12325629 500980 436 76661.24 90997.64 18106.55 5749.33
1717853207 1548833667 1410537672 0 0 11755580 12325670 500980 436 76662.80 90997.56 18105.93 5747.98
1717853217 1548833667 1410537672 0 0 11755622 12325723 500980 436 76663.24 90999.26 18106.09 5748.36
1717853227 1548833667 1410537672 0 0 11755677 12325765 500980 436 76662.72 90998.34 18106.04 5748.64
1717853237 1548833667 1410537672 0 0 11755733 12325806 500980 436 76662.11 90996.87 18106.51 5749.19
1717853247 1548833667 1410537672 0 0 11755776 12325862 500980 436 76663.03 90997.38 18105.18 5749.09
1717853257 1548833667 1410537672 0 0 11755829 12325902 500980 436 76663.17 90997.56 18106.02 5749.01
1717853268 1548833667 1410537672 0 0 11755872 12325956 500980 436 76663.91 90996.52 18105.75 5749.54
1717853278 1548833667 1410537672 0 0 11755915 12326010 500980 436 76664.33 90997.13 18103.90 5749.34
1717853288 1548833667 1410537672 0 0 11755969 12326051 500980 436 76663.36 90996.48 18104.28 5750.07
1717853298 1548833667 1410537672 0 0 11756012 12326104 500980 436 76663.21 90998.41 18105.55 5748.67
1717853308 1548833667 1410537672 0 0 11756069 12326146 500980 436 76662.25 90996.60 18105.88 5750.49
1717853318 1548833667 1410537672 0 0 11756111 12326199 500980 436 76663.36 90998.19 18104.87 5749.46
1717853328 1548833667 1410537672 0 0 11756167 12326240 500980 436 76664.33 90998.54 18104.90 5748.46
1717853339 1548833667 1410537672 0 0 11756223 12326280 500980 436 76663.92 90998.34 18105.27 5748.12
1717853349 1548833667 1410537672 0 0 11756279 12326321 500980 436 76663.54 90997.90 18105.58 5748.19
1717853359 1548833667 1410537672 0 0 11756321 12326376 500980 436 76663.82 90998.07 18105.40 5749.01
1717853369 1548833667 1410537672 0 0 11756362 12326430 500980 436 76663.66 90998.93 18104.59 5747.05
1717853379 1548833667 1410537672 0 0 11756417 12326473 500980 436 76663.18 90999.83 18106.04 5747.21
1717853389 1548833667 1410537672 0 0 11756471 12326515 500980 436 76663.80 90998.83 18105.43 5747.81
1717853400 1548833667 1410537672 0 0 11756526 12326557 500980 436 76663.54 90998.54 18105.09 5747.02
1717853410 1548833667 1410537672 0 0 11756572 12326613 500980 436 76663.81 90998.04 18105.49 5748.05
1717853420 1548833667 1410537672 0 0 11756614 12326667 500980 436 76664.60 90997.88 18104.60 5748.74
1717853430 1548833667 1410537672 0 0 11756656 12326723 500980 436 76663.75 90999.21 18104.01 5746.37
1717853440 1548833667 1410537672 0 0 11756711 12326762 500980 436 76662.54 90999.07 18105.21 5746.90
1717853450 1548833667 1410537672 0 0 11756766 12326804 500980 436 76664.18 90998.76 18104.51 5747.21
1717853461 1548833667 1410537672 0 0 11756821 12326846 500980 436 76663.04 90999.70 18105.70 5746.88
1717853471 1548833667 1410537672 0 0 11756876 12326887 500980 436 76663.26 90999.76 18105.44 5746.70
1717853481 1548833667 1410537672 0 0 11756930 12326929 500980 436 76664.70 90999.19 18105.05 5746.45
1717853491 1548833667 1410537672 0 0 11756974 12326982 500980 436 76664.25 90998.53 18104.49 5748.46
1717853501 1548833667 1410537672 0 0 11757028 12327023 500980 436 76664.23 90998.30 18105.04 5747.75
1717853511 1548833667 1410537672 0 0 11757071 12327076 500980 436 76664.22 90999.84 18103.49 5747.18
1717853522 1548833667 1410537672 0 0 11757126 12327119 500980 436 76663.96 90998.95 18104.80 5747.51
1717853532 1548833667 1410537672 0 0 11757181 12327160 500980 436 76663.71 90998.46 18105.07 5748.52
1717853542 1548833667 1410537672 0 0 11757236 12327201 500980 436 76663.11 90998.47 18105.65 5747.60
