#TIME all_pgs_mb huge_pgs_mb Node0_Foreign Node1_Foreign Node0_Local Node1_Local Node0_Other Node1_Other Node0_Free Node1_Free Node0_Used Node1_Used
1717837435 2913193616 2568500058 1433234 510650 39222736 44729605 488243 6095 80574.18 67134.16 14193.95 29613.96
1717837445 2913193667 2568500060 1433234 510650 39223217 44729821 488243 6095 80338.96 67073.14 14429.66 29673.81
1717837455 2913194202 2568500076 1433234 510650 39225052 44730372 488245 6095 79952.97 66872.46 14815.57 29874.59
1717837465 2913195155 2568500108 1433234 510650 39225661 44730845 488245 6095 79526.32 66494.76 15241.93 30252.27
1717837476 2913196214 2568500144 1433234 510650 39226695 44731751 488245 6095 78698.79 65728.07 16070.35 31018.91
1717837486 2913197823 2568500184 1433234 510650 39227704 44732572 488245 6095 78832.84 65895.91 15936.93 30853.68
1717837496 2913201825 2568500314 1433234 510650 39230760 44734527 488245 6095 77270.00 64967.37 17501.50 31778.62
1717837506 2913213675 2568506966 1433234 510650 39235449 44743154 488245 6095 71923.40 59376.21 22851.64 37367.39
1717837517 2913217410 2568508720 1433234 510650 39246227 44751518 488245 6095 72285.95 59979.55 22479.87 36771.32
1717837527 2913221667 2568510868 1433234 510650 39257310 44760135 488245 6095 71577.84 59188.93 23194.88 37559.26
1717837537 2913223471 2568511664 1433234 510650 39266633 44767198 488245 6095 71300.38 59410.61 23469.50 37334.04
1717837547 2913237650 2568524472 1433234 510650 39268215 44768842 488245 6095 70553.84 56481.32 24214.82 40265.49
1717837558 2913248433 2568534264 1433234 510650 39268404 44768959 488245 6095 69754.94 56114.57 25013.68 40632.97
1717837568 2913252089 2568537618 1433234 510650 39268480 44769046 488245 6095 69782.88 56088.29 24985.84 40659.25
1717837578 2913254606 2568539660 1433234 510650 39268724 44769295 488245 6095 69811.32 56041.76 24956.82 40706.04
1717837589 2913257757 2568542216 1433234 510650 39268750 44769436 488245 6095 69689.52 55529.16 25079.10 41233.93
1717837599 2913260816 2568545048 1433234 510650 39268825 44769732 488245 6095 69454.84 55470.66 25314.39 41275.86
1717837609 2913264615 2568548112 1433234 510650 39268991 44769982 488245 6095 69508.23 54492.05 25262.96 42253.00
1717837620 2913268132 2568551300 1433234 510650 39269422 44770361 488245 6095 61535.60 51549.80 33234.05 45195.68
1717837632 2913273303 2568556022 1433234 510650 39270154 44771066 488245 6095 60986.31 52675.29 33781.34 44070.62
1717837643 2913275503 2568557026 1433234 510650 39270819 44771469 488245 6095 73999.75 60851.53 20768.88 35895.01
1717837653 2913277084 2568557492 1433234 510650 39271374 44771951 488245 6095 73579.07 60739.25 21189.55 36006.73
1717837663 2913278727 2568557962 1433234 510650 39272275 44773439 488245 6095 73395.45 60067.01 21375.52 36681.76
1717837674 2913280774 2568558876 1433234 510650 39273152 44774292 488245 6095 72997.45 59417.04 21770.19 37329.43
1717837684 2913283454 2568560644 1433234 510650 39273542 44774527 488245 6095 72685.16 59310.33 22083.47 37436.17
1717837694 2913284847 2568561328 1433234 510650 39273962 44775030 488245 6095 72237.47 59831.03 22501.39 36915.45
1717837705 2913287021 2568562756 1433234 510650 39274280 44775564 488245 6095 72421.84 59167.74 22346.30 37578.72
1717837715 2913288899 2568564128 1433234 510650 39274499 44775888 488245 6095 72601.28 59776.91 22167.34 36969.09
1717837725 2913289773 2568564404 1433234 510650 39274732 44776141 488245 6095 72578.27 59695.66 22189.89 37052.80
1717837736 2913290987 2568565514 1433234 510650 39274994 44776276 488245 6095 72546.40 59432.71 22222.29 37313.76
1717837746 2913291666 2568566080 1433234 510650 39275218 44776457 488245 6095 72548.98 59688.92 22219.65 37057.15
1717837757 2913291932 2568566084 1433234 510650 39275307 44776577 488245 6095 72519.19 59774.28 22249.44 36972.37
1717837767 2913291948 2568566084 1433234 510650 39275395 44776654 488245 6095 72517.48 59771.76 22251.16 36973.72
1717837777 2913291987 2568566084 1433234 510650 39275514 44776705 488245 6095 72516.31 59773.31 22252.95 36972.66
1717837787 2913292014 2568566084 1433234 510650 39275607 44776780 488245 6095 72516.59 59774.93 22253.20 36971.35
1717837798 2913292069 2568566084 1433234 510650 39275731 44776822 488245 6095 72515.11 59773.68 22254.72 36972.30
1717837808 2913292090 2568566084 1433234 510650 39275847 44776878 488245 6095 72515.00 59776.17 22253.63 36970.87
1717837818 2913292090 2568566084 1433234 510650 39275966 44776925 488245 6095 72513.73 59775.77 22254.92 36970.20
1717837829 2913292105 2568566098 1433234 510650 39276076 44776982 488245 6095 72512.20 59776.62 22256.58 36970.45
1717837839 2913292135 2568566098 1433234 510650 39276169 44777058 488245 6095 72513.77 59773.71 22255.45 36971.77
1717837849 2913292188 2568566098 1433234 510650 39276260 44777133 488245 6095 72513.16 59773.76 22255.11 36973.40
1717837860 2913292375 2568566102 1433234 510650 39276340 44777283 488245 6095 72519.04 59794.82 22249.77 36951.27
1717837870 2913293649 2568566840 1433234 510650 39276630 44777513 488245 6095 72076.22 59745.28 22695.41 37002.87
1717837880 2913294975 2568567870 1433234 510650 39277361 44778172 488245 6095 72007.02 58914.39 22762.93 37831.19
1717837891 2913296665 2568569328 1433234 510650 39277897 44778621 488245 6095 71959.19 58677.68 22808.94 38069.34
1717837901 2913299821 2568571692 1433234 510650 39278480 44779323 488245 6095 72057.88 58803.59 22710.75 37942.48
1717837911 2913301380 2568572794 1433234 510650 39278661 44779606 488245 6095 71793.13 58917.14 22975.10 37830.41
1717837922 2913301860 2568572910 1433234 510650 39278816 44779723 488245 6095 72125.21 59159.50 22644.04 37587.52
1717837932 2913302175 2568573100 1433234 510650 39278925 44779881 488245 6095 72121.61 59184.44 22647.50 37567.54
1717837942 2913302837 2568573678 1433234 510650 39279064 44779984 488245 6095 72098.77 59199.29 22669.46 37547.70
1717837952 2913302874 2568573678 1433234 510650 39279212 44780089 488245 6095 72081.08 59215.98 22687.57 37530.10
1717837963 2913302929 2568573682 1433234 510650 39279360 44780261 488245 6095 72050.09 59162.73 22718.54 37584.78
1717837973 2913302947 2568573682 1433234 510650 39279427 44780348 488245 6095 72047.04 59164.36 22722.18 37583.21
1717837984 2913303170 2568573792 1433234 510650 39279510 44780418 488245 6095 72047.35 59163.18 22720.79 37583.45
1717837994 2913303225 2568573794 1433234 510650 39279594 44780487 488245 6095 72046.39 59163.38 22721.82 37583.09
1717838004 2913303225 2568573794 1433234 510650 39279697 44780539 488245 6095 72044.46 59163.52 22723.75 37583.49
1717838014 2913303244 2568573796 1433234 510650 39279797 44780591 488245 6095 72044.66 59164.82 22724.04 37582.23
1717838025 2913303244 2568573796 1433234 510650 39279874 44780677 488245 6095 72044.17 59164.77 22725.09 37582.30
1717838035 2913303263 2568573796 1433234 510650 39279954 44780765 488245 6095 72042.45 59164.68 22726.25 37581.85
1717838045 2913303263 2568573796 1433234 510650 39280039 44780838 488245 6095 72039.73 59168.81 22729.52 37578.26
1717838056 2913303301 2568573798 1433234 510650 39280147 44780885 488245 6095 72041.30 59167.19 22725.99 37579.92
1717838066 2913303301 2568573798 1433234 510650 39280268 44780944 488245 6095 72044.27 59169.28 22724.49 37578.37
1717838076 2913303319 2568573798 1433234 510650 39280354 44781023 488245 6095 72042.97 59168.67 22725.30 37578.34
1717838087 2913303319 2568573798 1433234 510650 39280442 44781100 488245 6095 72042.18 59168.59 22726.55 37578.53
1717838097 2913303563 2568574010 1433234 510650 39280554 44781252 488245 6095 72358.41 58988.65 22410.22 37759.88
1717838107 2913305385 2568575722 1433234 510650 39280649 44781873 488245 6095 72307.93 58693.33 22460.20 38056.05
1717838117 2913308227 2568576984 1433234 510650 39281494 44782855 488245 6095 71864.86 58668.20 22904.38 38078.33
1717838128 2913309640 2568577906 1433234 510650 39281792 44782940 488245 6095 72147.61 58507.45 22620.63 38239.67
1717838138 2913310090 2568578336 1433234 510650 39281870 44783036 488245 6095 71999.53 58418.75 22769.10 38328.92
1717838148 2913310117 2568578360 1433234 510650 39281941 44783138 488245 6095 71803.27 58402.78 22965.52 38343.79
1717838159 2913310999 2568579202 1433234 510650 39282026 44783209 488245 6095 71740.84 58338.77 23028.40 38408.31
1717838169 2913311343 2568579524 1433234 510650 39282127 44783265 488245 6095 71766.02 58248.65 23002.13 38498.37
1717838179 2913311538 2568579706 1433234 510650 39282200 44783358 488245 6095 71804.07 58465.85 22964.16 38280.70
1717838190 2913311608 2568579774 1433234 510650 39282256 44783458 488245 6095 71742.39 58335.19 23026.23 38411.38
1717838200 2913312176 2568580030 1433234 510650 39282494 44783545 488245 6095 71891.17 58146.98 22879.05 38601.59
1717838210 2913314925 2568581554 1433234 510650 39283261 44784275 488245 6095 71362.25 58358.57 23407.47 38389.89
1717838220 2913320195 2568584504 1433234 510650 39284106 44786212 488245 6095 70457.27 57139.43 24310.90 39607.53
1717838231 2913323613 2568585696 1433234 510650 39284345 44786349 488245 6095 69935.35 57056.13 24835.30 39689.38
1717838241 2913326740 2568587042 1433234 510650 39284620 44786454 488245 6095 69164.80 56883.36 25605.92 39862.61
1717838251 2913330932 2568588174 1433234 510650 39284841 44786564 488245 6095 70492.11 59591.41 24280.76 37153.72
1717838262 2913333325 2568588758 1433234 510650 39285109 44786681 488245 6095 71403.32 60812.49 23365.30 35934.59
1717838272 2913334300 2568588830 1433234 510650 39285144 44786800 488245 6095 72742.91 62248.62 22025.71 34497.90
1717838282 2913334934 2568588876 1433234 510650 39285217 44786876 488245 6095 72743.61 62248.73 22025.02 34497.78
1717838292 2913335255 2568588914 1433234 510650 39285241 44787005 488245 6095 72742.40 63141.66 22026.22 33580.32
1717838303 2913335877 2568588950 1433234 510650 39285302 44787093 488245 6095 76972.95 64009.91 17795.68 32736.72
1717838313 2913335982 2568588988 1433234 510650 39285384 44787161 488245 6095 76972.65 64009.64 17795.98 32737.40
1717838323 2913336458 2568589028 1433234 510650 39285458 44787239 488245 6095 76948.10 69307.83 17821.04 27438.64
1717838333 2913337216 2568589140 1433234 510650 39285985 44787472 488245 6095 76860.99 72234.18 17908.24 24512.84
1717838344 2913338419 2568589298 1433234 510650 39286185 44787520 488245 6095 76589.21 72324.31 18179.41 24422.40
1717838354 2913339881 2568589714 1433234 510650 39286624 44787875 488245 6095 76687.93 72104.46 18080.20 24642.10
1717838364 2913341062 2568589920 1433234 510650 39286757 44787989 488245 6095 76530.17 72623.48 18238.45 24123.10
1717838375 2913342803 2568590364 1433234 510650 39286930 44788630 488245 6095 76326.28 72556.44 18442.35 24190.03
1717838385 2913343799 2568590696 1433234 510650 39287094 44789251 488245 6095 76293.50 71900.38 18475.24 24846.19
1717838395 2913345876 2568591432 1433234 510650 39288252 44789518 488245 6095 75918.19 71649.24 18850.44 25097.82
1717838405 2913349942 2568592372 1433234 510650 39288511 44789589 488245 6095 75735.23 71832.00 19033.49 24914.47
1717838416 2913354230 2568592954 1433234 510650 39288696 44790190 488245 6095 76779.54 71817.85 17989.08 24932.44
1717838426 2913358355 2568593514 1433234 510650 39288806 44790886 488245 6095 77296.56 71569.96 17472.77 25176.51
1717838437 2913364344 2568594296 1433234 510650 39289355 44791941 488245 6095 77256.27 71992.62 17512.19 24754.77
1717838448 2913372504 2568594996 1433234 510650 39289999 44792646 488245 6095 76825.19 71398.66 17944.01 25347.81
1717838459 2913380627 2568595900 1433234 510650 39290573 44792706 488245 6095 76341.45 71932.23 18427.27 24814.24
1717838469 2913385234 2568596268 1433234 510650 39290759 44792745 488245 6095 76327.19 71952.80 18442.04 24792.78
1717838479 2913388436 2568596538 1433234 510650 39290791 44792865 488245 6095 76324.75 71953.60 18443.88 24792.96
1717838490 2913391749 2568596944 1433234 510650 39290884 44792941 488245 6095 76303.60 71974.95 18465.09 24771.52
1717838500 2913393877 2568597128 1433234 510650 39290989 44793001 488245 6095 76289.87 71988.67 18478.75 24757.95
1717838510 2913396675 2568597298 1433234 510650 39291035 44793138 488245 6095 76258.78 72019.00 18509.85 24727.49
1717838520 2913399981 2568597600 1433234 510650 39291137 44793214 488245 6095 76229.30 72052.37 18539.39 24694.62
1717838531 2913402498 2568597822 1433234 510650 39291276 44793232 488245 6095 76222.77 72058.26 18545.46 24688.20
1717838541 2913405143 2568598198 1433234 510650 39291406 44793255 488245 6095 76220.29 72060.41 18548.35 24686.05
1717838551 2913409996 2568598614 1433234 510650 39291492 44793315 488245 6095 76220.43 72057.60 18548.20 24688.98
1717838562 2913416124 2568599098 1433234 510650 39291567 44793395 488245 6095 76215.39 72065.85 18551.35 24680.62
1717838572 2913422422 2568599696 1433234 510650 39291727 44793405 488245 6095 76194.35 72087.57 18574.85 24658.90
1717838582 2913427358 2568600006 1433234 510650 39291827 44793474 488245 6095 76182.65 72098.33 18585.97 24648.25
1717838592 2913431453 2568600286 1433234 510650 39291843 44793641 488245 6095 76215.47 72065.64 18553.16 24680.97
1717838603 2913433659 2568600474 1433234 510650 39291900 44793737 488245 6095 76214.71 72065.29 18554.52 24681.75
1717838613 2913437213 2568600748 1433234 510650 39292040 44793763 488245 6095 76198.75 72084.08 18570.01 24662.39
1717838623 2913441789 2568601090 1433234 510650 39292206 44793795 488245 6095 76190.63 72090.39 18577.68 24656.07
1717838637 2913444683 2568601440 1433234 510650 39292339 44793836 488245 6095 76209.93 72073.43 18558.69 24673.74
1717838649 2913450285 2568601872 1433234 510650 39292360 44793972 488245 6095 76204.89 72079.46 18564.25 24667.01
1717838662 2913455055 2568602264 1433234 510650 39292601 44794279 488245 6095 76205.93 72079.10 18562.70 24668.01
1717838672 2913460154 2568602624 1433234 510650 39292671 44794362 488245 6095 76212.63 72069.70 18556.60 24678.45
1717838683 2913463017 2568602898 1433234 510650 39292735 44794452 488245 6095 76206.34 72075.94 18562.80 24670.09
1717838693 2913466203 2568603140 1433234 510650 39292766 44794574 488245 6095 76206.73 72076.61 18561.89 24669.88
1717838703 2913470914 2568603538 1433234 510650 39292841 44794649 488245 6095 76204.53 72079.13 18563.12 24667.34
1717838713 2913479018 2568604084 1433234 510650 39292938 44794874 488245 6095 76363.48 71916.72 18405.15 24829.38
1717838724 2913485437 2568604648 1433234 510650 39292978 44795993 488245 6095 77398.18 70875.34 17370.45 25871.80
1717838734 2913489635 2568604988 1433234 510650 39293055 44796201 488245 6095 77533.84 70741.54 17234.78 26005.47
1717838745 2913498368 2568605536 1433234 510650 39293895 44796308 488245 6095 76757.96 71517.66 18011.58 25226.83
1717838755 2913506320 2568606170 1433234 510650 39294411 44796323 488245 6095 76350.71 71923.55 18418.57 24822.92
1717838765 2913513347 2568606646 1433234 510650 39294565 44796456 488245 6095 76350.55 71919.79 18418.07 24825.79
1717838775 2913520250 2568607132 1433234 510650 39294689 44796563 488245 6095 76282.50 71986.04 18486.09 24760.54
1717838786 2913525656 2568607560 1433234 510650 39294784 44796692 488245 6095 76326.14 71942.00 18442.49 24804.04
1717838796 2913530429 2568608248 1433234 510650 39294868 44796831 488245 6095 76256.84 72016.05 18511.79 24730.02
1717838806 2913534596 2568608582 1433234 510650 39294935 44796917 488245 6095 76250.35 72177.68 18517.81 24568.78
1717838817 2913538857 2568608834 1433234 510650 39295046 44796988 488245 6095 76221.21 72209.59 18547.41 24535.89
1717838827 2913543780 2568609232 1433234 510650 39295078 44797119 488245 6095 76216.27 72213.59 18552.36 24534.02
1717838837 2913550601 2568609698 1433234 510650 39295160 44797247 488245 6095 76271.01 72161.29 18498.77 24585.18
1717838847 2913556041 2568610164 1433234 510650 39295304 44797260 488245 6095 76266.08 72166.58 18503.23 24580.49
1717838858 2913562307 2568610652 1433234 510650 39295388 44797382 488245 6095 76203.47 72230.34 18565.15 24516.22
1717838868 2913564839 2568610870 1433234 510650 39295459 44797489 488245 6095 76236.65 72206.06 18530.99 24540.40
1717838878 2913570240 2568611286 1433234 510650 39295581 44797958 488245 6095 76665.42 71759.46 18103.21 24986.10
1717838889 2913573580 2568611486 1433234 510650 39295677 44798114 488245 6095 76678.11 71773.29 18090.52 24973.86
1717838899 2913579218 2568612266 1433234 510650 39295938 44798232 488245 6095 76419.82 72000.77 18348.80 24746.81
1717838909 2913584461 2568612800 1433234 510650 39296272 44798303 488245 6095 76157.24 72264.56 18611.51 24481.91
1717838919 2913587226 2568613468 1433234 510650 39296387 44798364 488245 6095 76143.70 72259.00 18624.43 24486.09
1717838930 2913589305 2568613988 1433234 510650 39296478 44798442 488245 6095 76143.15 72241.50 18625.47 24505.48
1717838940 2913591644 2568614940 1433234 510650 39296546 44798556 488245 6095 76137.19 72224.12 18631.44 24523.00
1717838950 2913593222 2568615414 1433234 510650 39296633 44798630 488245 6095 76136.61 72225.38 18631.60 24522.18
1717838961 2913594492 2568615946 1433234 510650 39296733 44798696 488245 6095 76099.54 72214.05 18669.16 24532.47
1717838971 2913595037 2568616282 1433234 510650 39296854 44798747 488245 6095 76110.68 72212.30 18657.94 24533.79
1717838981 2913596094 2568616584 1433234 510650 39296904 44798865 488245 6095 76074.15 72206.00 18695.11 24541.01
1717838992 2913596550 2568616986 1433234 510650 39296999 44798928 488245 6095 76073.91 72206.19 18694.73 24541.43
1717839002 2913597422 2568617188 1433234 510650 39297094 44799003 488245 6095 76104.35 72202.00 18662.91 24544.47
1717839012 2913598003 2568617494 1433234 510650 39297203 44799056 488245 6095 76106.97 72200.66 18661.66 24546.46
1717839023 2913598651 2568617630 1433234 510650 39297246 44799172 488245 6095 76075.70 72205.64 18691.95 24540.95
1717839033 2913599079 2568617824 1433234 510650 39297330 44799250 488245 6095 76106.75 72182.86 18662.95 24563.71
1717839043 2913599586 2568618188 1433234 510650 39297413 44799328 488245 6095 76110.51 72213.16 18660.28 24533.87
1717839053 2913600104 2568618194 1433234 510650 39297472 44799427 488245 6095 76077.54 72212.34 18691.08 24533.72
1717839064 2913600603 2568618448 1433234 510650 39297533 44799525 488245 6095 76102.32 72210.93 18666.81 24535.04
1717839074 2913600995 2568618782 1433234 510650 39297625 44799591 488245 6095 76101.88 72210.00 18666.75 24536.59
1717839084 2913601388 2568618876 1433234 510650 39297637 44799733 488245 6095 76100.46 72209.49 18667.67 24536.49
1717839095 2913603888 2568619600 1433234 510650 39297700 44799825 488245 6095 76092.35 72211.40 18676.79 24533.70
1717839105 2913605300 2568619686 1433234 510650 39297825 44799852 488245 6095 76091.59 72213.42 18678.26 24533.04
1717839115 2913607322 2568620050 1433234 510650 39297967 44799866 488245 6095 76096.97 72202.87 18671.92 24543.60
1717839125 2913609663 2568620198 1433234 510650 39298091 44799895 488245 6095 76091.14 72194.07 18678.48 24551.91
1717839136 2913612531 2568620424 1433234 510650 39298220 44799917 488245 6095 76089.64 72195.33 18679.61 24551.13
1717839146 2913617090 2568620798 1433234 510650 39298364 44799925 488245 6095 76089.77 72195.81 18679.05 24550.66
1717839156 2913621747 2568621220 1433234 510650 39298454 44799986 488245 6095 76094.94 72204.61 18673.68 24542.41
1717839167 2913627928 2568621948 1433234 510650 39298471 44800123 488245 6095 76098.03 72205.90 18670.59 24541.16
1717839177 2913633165 2568622392 1433234 510650 39298534 44800209 488245 6095 76097.79 72208.46 18670.83 24539.13
1717839187 2913636654 2568622748 1433234 510650 39298623 44800276 488245 6095 76100.68 72204.86 18669.65 24541.60
1717839198 2913641734 2568623172 1433234 510650 39298709 44800347 488245 6095 76100.43 72206.46 18668.19 24539.59
1717839208 2913646399 2568623632 1433234 510650 39298764 44800441 488245 6095 76097.08 72207.12 18671.54 24539.37
1717839218 2913650240 2568623970 1433234 510650 39298846 44800515 488245 6095 76094.17 72208.66 18675.16 24537.80
1717839228 2913654325 2568624378 1433234 510650 39298943 44800567 488245 6095 76107.73 72206.41 18660.89 24541.18
1717839239 2913659440 2568624858 1433234 510650 39299010 44800679 488245 6095 76141.02 72176.99 18628.20 24568.07
1717839249 2913661998 2568625314 1433234 510650 39299084 44800757 488245 6095 76137.85 72180.93 18630.79 24565.54
1717839259 2913666816 2568625720 1433234 510650 39299218 44801034 488245 6095 76350.82 71966.96 18416.82 24779.11
1717839269 2913670437 2568626078 1433234 510650 39299550 44801190 488245 6095 76217.89 72104.13 18551.66 24642.20
1717839280 2913671207 2568626214 1433234 510650 39299616 44801275 488245 6095 76219.13 72102.14 18549.99 24643.98
1717839290 2913677215 2568626752 1433234 510650 39299735 44801391 488245 6095 76115.81 72203.26 18651.59 24542.76
1717839300 2913681557 2568627142 1433234 510650 39299808 44801471 488245 6095 76108.99 72212.77 18659.73 24533.70
1717839311 2913685200 2568627498 1433234 510650 39299947 44801486 488245 6095 76110.07 72213.17 18659.18 24533.30
1717839321 2913690639 2568628036 1433234 510650 39300037 44801549 488245 6095 76111.12 72208.73 18657.50 24538.39
1717839331 2913694221 2568628322 1433234 510650 39300077 44801661 488245 6095 76111.84 72212.23 18656.79 24533.84
1717839342 2913699430 2568628832 1433234 510650 39300091 44801803 488245 6095 76115.05 72209.93 18653.57 24535.55
1717839352 2913703611 2568629226 1433234 510650 39300185 44801866 488245 6095 76116.28 72208.52 18652.44 24537.95
1717839362 2913707606 2568629610 1433234 510650 39300296 44801915 488245 6095 76119.15 72205.98 18649.48 24541.08
1717839373 2913713683 2568630128 1433234 510650 39300327 44802056 488245 6095 76100.31 72226.47 18668.31 24521.22
1717839383 2913717830 2568630520 1433234 510650 39300349 44802188 488245 6095 76093.23 72231.08 18675.39 24514.45
1717839393 2913720502 2568630742 1433234 510650 39300460 44802247 488245 6095 76107.70 72216.92 18659.48 24529.55
1717839403 2913725474 2568631246 1433234 510650 39300562 44802313 488245 6095 76093.59 72231.12 18678.06 24512.53
1717839414 2913728674 2568631720 1433234 510650 39300670 44802363 488245 6095 76087.30 72236.72 18681.32 24510.93
1717839424 2913731943 2568632028 1433234 510650 39300753 44802432 488245 6095 76084.72 72240.20 18683.95 24506.27
1717839434 2913735018 2568632266 1433234 510650 39300891 44802446 488245 6095 76087.40 72237.09 18680.73 24510.52
1717839445 2913737084 2568632586 1433234 510650 39300926 44802568 488245 6095 76084.64 72241.19 18683.09 24504.78
1717839455 2913744233 2568633166 1433234 510650 39301026 44802717 488245 6095 76030.32 72293.36 18738.31 24453.74
1717839465 2913748284 2568633574 1433234 510650 39301179 44802872 488245 6095 76022.25 72299.55 18746.98 24447.02
1717839475 2913752272 2568633906 1433234 510650 39301267 44802936 488245 6095 76023.59 72301.38 18745.67 24445.09
1717839486 2913756005 2568634284 1433234 510650 39301505 44802974 488245 6095 75915.80 72404.62 18853.47 24341.35
1717839496 2913762607 2568634812 1433234 510650 39301630 44803196 488245 6095 76097.60 72221.70 18671.56 24525.35
1717839506 2913765983 2568635128 1433234 510650 39301741 44803239 488245 6095 76097.53 72223.07 18670.70 24523.40
1717839517 2913768092 2568635312 1433234 510650 39301824 44803313 488245 6095 76096.12 72223.65 18673.04 24522.81
1717839527 2913772076 2568635742 1433234 510650 39301931 44803364 488245 6095 76107.91 72214.61 18661.32 24530.96
1717839537 2913774984 2568636008 1433234 510650 39302020 44803431 488245 6095 76097.50 72225.59 18671.13 24519.96
1717839547 2913775873 2568636098 1433234 510650 39302117 44803492 488245 6095 76104.40 72217.87 18663.83 24528.60
1717839558 2913782612 2568636806 1433234 510650 39302266 44803493 488245 6095 76103.53 72217.81 18665.21 24528.65
1717839568 2913787918 2568637314 1433234 510650 39302418 44803495 488245 6095 76105.22 72217.21 18665.10 24529.26
1717839578 2913793940 2568637814 1433234 510650 39302518 44803546 488245 6095 76104.47 72214.94 18664.74 24533.18
1717839589 2913796877 2568638088 1433234 510650 39302534 44803684 488245 6095 76106.87 72213.10 18661.75 24533.48
1717839599 2913799292 2568638394 1433234 510650 39302565 44803806 488245 6095 76105.52 72214.57 18663.11 24531.96
1717839609 2913805967 2568639008 1433234 510650 39302667 44803862 488245 6095 76105.46 72215.30 18663.83 24531.16
1717839619 2913812135 2568639526 1433234 510650 39302755 44803948 488245 6095 76126.11 72190.50 18642.52 24555.96
1717839630 2913818650 2568640118 1433234 510650 39302850 44804061 488245 6095 76139.61 72178.65 18629.55 24567.82
1717839640 2913823803 2568640610 1433234 510650 39303032 44804071 488245 6095 76106.17 72209.97 18662.60 24536.50
1717839650 2913828655 2568641052 1433234 510650 39303178 44804079 488245 6095 76104.30 72213.18 18664.32 24533.95
1717839661 2913832019 2568641542 1433234 510650 39303205 44804202 488245 6095 76101.70 72213.44 18667.52 24533.63
1717839671 2913837380 2568641906 1433234 510650 39303348 44804210 488245 6095 76101.32 72214.28 18667.31 24532.19
1717839681 2913842285 2568642546 1433234 510650 39303486 44804238 488245 6095 76115.40 72198.41 18652.24 24548.61
1717839691 2913846448 2568642984 1433234 510650 39303580 44804297 488245 6095 76116.89 72197.99 18651.74 24548.23
1717839702 2913851285 2568643410 1433234 510650 39303623 44804420 488245 6095 76103.97 72208.37 18664.66 24538.63
1717839712 2913855385 2568643778 1433234 510650 39303645 44804552 488245 6095 76102.10 72210.45 18666.53 24536.64
1717839722 2913859011 2568644172 1433234 510650 39303722 44804630 488245 6095 76100.09 72214.72 18667.66 24531.74
1717839733 2913863307 2568644560 1433234 510650 39303865 44804640 488245 6095 76099.40 72216.88 18669.34 24529.58
1717839743 2913870370 2568645168 1433234 510650 39304015 44804647 488245 6095 76104.97 72211.08 18663.79 24535.39
1717839753 2913874571 2568645596 1433234 510650 39304161 44804658 488245 6095 76101.63 72215.82 18667.02 24530.65
1717839763 2913877897 2568645906 1433234 510650 39304318 44804810 488245 6095 76265.47 72052.45 18503.16 24695.09
1717839774 2913882833 2568646276 1433234 510650 39304457 44804940 488245 6095 76141.79 72169.33 18626.83 24576.74
1717839784 2913885640 2568646720 1433234 510650 39304565 44805019 488245 6095 76100.70 72212.89 18669.05 24533.57
1717839794 2913886911 2568646842 1433234 510650 39304712 44805025 488245 6095 76101.57 72211.76 18667.05 24535.82
1717839805 2913890087 2568647140 1433234 510650 39304802 44805156 488245 6095 76168.02 72147.38 18600.73 24599.09
1717839815 2913894522 2568647570 1433234 510650 39304971 44805203 488245 6095 76101.10 72212.94 18668.06 24533.53
1717839825 2913895759 2568647614 1433234 510650 39305082 44805245 488245 6095 76101.59 72211.57 18668.11 24534.90
1717839835 2913896946 2568647738 1433234 510650 39305184 44805293 488245 6095 76101.67 72209.83 18666.96 24536.18
1717839846 2913901648 2568648178 1433234 510650 39305192 44805440 488245 6095 76108.12 72207.45 18660.50 24539.67
1717839856 2913905560 2568648562 1433234 510650 39305267 44805518 488245 6095 76107.69 72207.61 18662.57 24538.95
1717839866 2913908400 2568648844 1433234 510650 39305408 44805528 488245 6095 76106.14 72208.39 18663.06 24538.08
1717839876 2913911520 2568649122 1433234 510650 39305554 44805536 488245 6095 76100.48 72212.03 18668.18 24534.44
1717839887 2913915969 2568649586 1433234 510650 39305640 44805629 488245 6095 76122.51 72185.54 18646.11 24560.53
1717839897 2913920445 2568649990 1433234 510650 39305734 44805688 488245 6095 76121.04 72189.43 18647.21 24557.04
1717839907 2913922184 2568650220 1433234 510650 39305866 44805708 488245 6095 76121.80 72187.14 18647.42 24558.91
1717839918 2913924473 2568650420 1433234 510650 39305927 44805800 488245 6095 76124.05 72186.00 18644.57 24559.51
1717839928 2913928361 2568650812 1433234 510650 39305994 44805887 488245 6095 76122.84 72187.75 18645.86 24558.72
1717839938 2913929814 2568650918 1433234 510650 39306124 44805906 488245 6095 76122.65 72187.18 18646.17 24559.29
1717839948 2913931757 2568651168 1433234 510650 39306292 44805913 488245 6095 76099.51 72208.98 18669.66 24537.48
1717839959 2913936817 2568651642 1433234 510650 39306443 44805916 488245 6095 76095.12 72214.63 18673.68 24531.84
1717839969 2913938535 2568651808 1433234 510650 39306590 44805919 488245 6095 76093.27 72215.27 18675.47 24531.20
1717839979 2913941144 2568652000 1433234 510650 39306706 44805959 488245 6095 76090.26 72217.87 18677.38 24528.26
1717839990 2913943180 2568652292 1433234 510650 39306808 44806027 488245 6095 76071.78 72236.78 18696.84 24508.82
1717840000 2913945477 2568652442 1433234 510650 39306880 44806108 488245 6095 76071.34 72236.28 18696.92 24510.19
1717840010 2913949819 2568652894 1433234 510650 39307030 44806133 488245 6095 76095.17 72212.95 18674.18 24533.52
1717840020 2913951604 2568652976 1433234 510650 39307118 44806199 488245 6095 76097.25 72211.72 18671.37 24534.28
1717840031 2913952459 2568653086 1433234 510650 39307187 44806280 488245 6095 76094.18 72214.62 18674.09 24531.84
1717840041 2913954959 2568653258 1433234 510650 39307300 44806317 488245 6095 76094.69 72213.76 18673.93 24533.31
1717840051 2913958006 2568653602 1433234 510650 39307344 44806451 488245 6095 76071.32 72237.48 18697.30 24509.06
1717840062 2913961958 2568654050 1433234 510650 39307403 44806578 488245 6095 76096.10 72213.66 18672.75 24532.80
1717840072 2913967209 2568654678 1433234 510650 39307490 44806642 488245 6095 76098.18 72211.40 18670.45 24536.18
1717840082 2913972012 2568655118 1433234 510650 39307532 44806753 488245 6095 76098.59 72209.14 18670.04 24538.39
1717840092 2913974653 2568655380 1433234 510650 39307614 44806823 488245 6095 76099.02 72210.23 18671.21 24535.75
1717840103 2913979398 2568655828 1433234 510650 39307708 44806881 488245 6095 76097.95 72212.65 18670.79 24534.42
1717840113 2913981939 2568656012 1433234 510650 39307838 44806899 488245 6095 76096.51 72212.12 18672.14 24534.95
1717840123 2913984179 2568656232 1433234 510650 39307911 44806979 488245 6095 76099.14 72207.29 18669.49 24539.29
1717840134 2913987546 2568656602 1433234 510650 39307925 44807121 488245 6095 76100.57 72207.07 18668.06 24538.51
1717840144 2913993513 2568657108 1433234 510650 39308024 44807180 488245 6095 76102.21 72206.37 18666.41 24539.61
1717840154 2913997350 2568657438 1433234 510650 39308102 44807258 488245 6095 76099.03 72206.73 18669.60 24539.76
1717840164 2914000126 2568657698 1433234 510650 39308170 44807345 488245 6095 76092.05 72217.14 18676.57 24530.41
1717840175 2914005103 2568658138 1433234 510650 39308256 44807417 488245 6095 76099.97 72207.93 18669.25 24539.61
1717840185 2914009738 2568658552 1433234 510650 39308345 44807479 488245 6095 76097.89 72209.34 18671.34 24537.13
1717840195 2914010823 2568658644 1433234 510650 39308493 44807485 488245 6095 76097.32 72208.39 18670.36 24538.07
1717840206 2914011467 2568658720 1433234 510650 39308587 44807570 488245 6095 76076.39 72231.68 18692.24 24515.93
1717840216 2914012254 2568658802 1433234 510650 39308662 44807645 488245 6095 76074.63 72233.11 18694.02 24513.36
1717840226 2914013079 2568658816 1433234 510650 39308745 44807715 488245 6095 76076.34 72229.25 18692.29 24516.39
1717840236 2914015526 2568659108 1433234 510650 39308789 44807843 488245 6095 76096.06 72207.89 18672.46 24537.59
1717840247 2914018396 2568659354 1433234 510650 39308899 44807888 488245 6095 76099.60 72204.74 18669.02 24541.83
1717840258 2914023279 2568659898 1433234 510650 39308970 44807975 488245 6095 76099.48 72206.58 18669.15 24540.49
1717840269 2914027861 2568660280 1433234 510650 39309014 44808084 488245 6095 76099.07 72206.45 18669.55 24539.59
1717840279 2914030108 2568660554 1433234 510650 39309130 44808132 488245 6095 76087.39 72218.61 18681.25 24527.86
1717840289 2914033338 2568660852 1433234 510650 39309206 44808206 488245 6095 76089.20 72215.79 18679.43 24530.20
1717840300 2914037666 2568661342 1433234 510650 39309281 44808296 488245 6095 76100.68 72206.38 18668.54 24539.76
1717840310 2914039779 2568661514 1433234 510650 39309324 44808403 488245 6095 76101.45 72203.57 18667.18 24542.99
1717840320 2914042630 2568661760 1433234 510650 39309380 44808500 488245 6095 76099.81 72205.84 18669.31 24541.18
1717840330 2914046910 2568662144 1433234 510650 39309444 44808635 488245 6095 76101.57 72203.27 18667.06 24543.39
1717840341 2914047186 2568662206 1433234 510650 39309516 44808716 488245 6095 76100.78 72203.93 18667.85 24543.12
1717840351 2914048748 2568662324 1433234 510650 39309611 44808773 488245 6095 76098.74 72206.57 18670.00 24539.89
1717840361 2914051467 2568662608 1433234 510650 39309831 44808779 488245 6095 76101.02 72206.66 18667.25 24539.81
1717840372 2914054382 2568662850 1433234 510650 39309959 44808801 488245 6095 76099.04 72207.46 18670.18 24539.00
1717840382 2914059447 2568663304 1433234 510650 39310082 44808833 488245 6095 76100.72 72205.98 18667.91 24541.08
1717840392 2914063078 2568663914 1433234 510650 39310210 44808858 488245 6095 76097.82 72212.71 18670.82 24533.75
1717840402 2914065860 2568664138 1433234 510650 39310343 44808876 488245 6095 76097.36 72209.34 18671.86 24536.70
1717840413 2914067908 2568664352 1433234 510650 39310436 44808940 488245 6095 76100.14 72208.03 18669.61 24538.43
1717840423 2914071905 2568664694 1433234 510650 39310587 44809017 488245 6095 76174.19 72132.82 18595.10 24613.64
1717840433 2914074387 2568664922 1433234 510650 39310700 44809223 488245 6095 76299.25 72005.37 18469.38 24742.14
1717840444 2914077775 2568665192 1433234 510650 39310945 44809330 488245 6095 76102.83 72203.90 18665.79 24542.68
1717840454 2914082864 2568665784 1433234 510650 39311020 44809406 488245 6095 76099.78 72206.52 18668.36 24539.94
1717840464 2914088131 2568666232 1433234 510650 39311104 44809473 488245 6095 76099.83 72202.38 18668.80 24543.70
1717840475 2914094064 2568666760 1433234 510650 39311130 44809602 488245 6095 76099.52 72206.13 18668.68 24540.33
1717840485 2914102420 2568667572 1433234 510650 39311221 44809663 488245 6095 76099.84 72204.01 18668.79 24542.66
1717840495 2914107600 2568668036 1433234 510650 39311261 44809803 488245 6095 76076.08 72229.04 18692.55 24518.07
1717840505 2914113268 2568668606 1433234 510650 39311294 44809948 488245 6095 76103.29 72202.48 18665.34 24544.59
1717840516 2914118420 2568669064 1433234 510650 39311365 44810030 488245 6095 76102.65 72200.12 18666.56 24546.34
1717840526 2914124282 2568669778 1433234 510650 39311498 44810049 488245 6095 76101.07 72202.60 18668.70 24543.86
1717840536 2914127767 2568670112 1433234 510650 39311626 44810074 488245 6095 76102.95 72199.16 18665.68 24547.82
1717840547 2914133124 2568670570 1433234 510650 39311714 44810140 488245 6095 76107.44 72198.25 18662.32 24548.22
1717840557 2914137187 2568670878 1433234 510650 39311800 44810281 488245 6095 76185.05 72115.38 18583.57 24631.22
1717840567 2914139730 2568671196 1433234 510650 39311887 44810424 488245 6095 76106.37 72194.68 18662.25 24552.39
1717840577 2914140708 2568671366 1433234 510650 39311955 44810509 488245 6095 76105.26 72196.09 18663.36 24550.39
1717840588 2914143448 2568671544 1433234 510650 39312047 44810568 488245 6095 76103.25 72200.11 18665.96 24546.36
1717840598 2914146580 2568671910 1433234 510650 39312190 44810578 488245 6095 76101.96 72198.45 18666.86 24548.02
1717840608 2914148575 2568672094 1433234 510650 39312314 44810604 488245 6095 76102.88 72195.31 18665.75 24551.34
1717840619 2914149812 2568672222 1433234 510650 39312336 44810736 488245 6095 76101.05 72198.38 18667.57 24546.68
1717840629 2914151940 2568672336 1433234 510650 39312416 44810807 488245 6095 76099.88 72201.36 18669.88 24545.11
1717840639 2914154928 2568672840 1433234 510650 39312550 44810826 488245 6095 76099.36 72201.19 18669.27 24544.87
1717840649 2914161770 2568673394 1433234 510650 39312581 44810944 488245 6095 76100.98 72201.59 18666.62 24544.66
1717840660 2914165838 2568673688 1433234 510650 39312660 44811102 488245 6095 76180.98 72120.71 18587.79 24625.76
1717840670 2914171868 2568674264 1433234 510650 39312866 44811130 488245 6095 76095.73 72203.36 18672.89 24542.81
1717840680 2914175644 2568674578 1433234 510650 39312941 44811208 488245 6095 76097.56 72203.44 18671.67 24542.60
1717840691 2914180901 2568675054 1433234 510650 39312972 44811332 488245 6095 76098.23 72203.42 18670.40 24543.71
1717840701 2914183517 2568675236 1433234 510650 39312985 44811470 488245 6095 76098.79 72201.73 18669.84 24544.77
1717840711 2914187176 2568675578 1433234 510650 39313057 44811551 488245 6095 76098.32 72201.81 18670.86 24544.80
1717840722 2914191679 2568676028 1433234 510650 39313126 44811651 488245 6095 76099.23 72200.28 18669.43 24545.80
1717840732 2914194535 2568676386 1433234 510650 39313246 44811701 488245 6095 76097.21 72203.88 18672.54 24542.59
1717840742 2914197190 2568676650 1433234 510650 39313336 44811764 488245 6095 76099.82 72200.17 18668.80 24545.98
1717840753 2914198852 2568676838 1433234 510650 39313420 44811834 488245 6095 76098.70 72204.35 18669.45 24542.11
1717840763 2914202493 2568677148 1433234 510650 39313532 44811903 488245 6095 76087.01 72213.97 18681.61 24534.14
1717840773 2914206732 2568677440 1433234 510650 39313617 44811987 488245 6095 76076.88 72224.38 18691.78 24522.09
1717840783 2914209503 2568677854 1433234 510650 39313743 44812046 488245 6095 76102.64 72157.61 18665.98 24588.43
1717840794 2914212899 2568678094 1433234 510650 39313855 44812112 488245 6095 76103.30 72154.64 18665.32 24591.96
1717840804 2914213411 2568678094 1433234 510650 39313873 44812267 488245 6095 76104.46 72193.83 18664.17 24552.64
1717840814 2914216089 2568678390 1433234 510650 39314011 44812308 488245 6095 76099.96 72192.91 18667.82 24553.56
1717840825 2914217674 2568678588 1433234 510650 39314171 44812339 488245 6095 76086.09 72195.30 18683.75 24551.16
1717840835 2914217744 2568678624 1433234 510650 39314321 44812390 488245 6095 76101.15 72154.18 18668.58 24592.29
1717840845 2914218839 2568678720 1433234 510650 39314415 44812485 488245 6095 76098.21 72194.65 18670.42 24551.36
1717840855 2914219725 2568678806 1433234 510650 39314456 44812615 488245 6095 76078.37 72139.71 18708.86 24606.38
1717840866 2914223330 2568679072 1433234 510650 39314538 44812732 488245 6095 76067.93 72157.36 18700.93 24589.22
1717840876 2914226916 2568679392 1433234 510650 39314616 44812833 488245 6095 76100.99 72199.59 18667.63 24546.98
1717840886 2914229611 2568679676 1433234 510650 39314684 44812959 488245 6095 76104.25 72192.53 18664.38 24555.04
1717840897 2914231976 2568679934 1433234 510650 39314716 44813107 488245 6095 76101.05 72199.88 18667.58 24546.64
1717840907 2914235257 2568680274 1433234 510650 39314797 44813194 488245 6095 76098.71 72202.04 18670.43 24544.43
1717840917 2914236447 2568680346 1433234 510650 39314934 44813264 488245 6095 76083.72 72157.51 18684.91 24589.17
1717840927 2914239709 2568680650 1433234 510650 39315024 44813369 488245 6095 76141.52 72157.37 18626.93 24590.24
1717840938 2914240725 2568680856 1433234 510650 39315116 44813450 488245 6095 76140.12 72152.47 18629.10 24594.57
1717840948 2914242426 2568681080 1433234 510650 39315156 44813593 488245 6095 76140.77 72147.96 18627.86 24597.07
1717840958 2914247229 2568681482 1433234 510650 39315268 44813679 488245 6095 76102.14 72187.82 18666.48 24558.71
1717840969 2914250386 2568681806 1433234 510650 39315350 44813762 488245 6095 76052.71 72190.84 18717.04 24555.62
1717840979 2914251236 2568681918 1433234 510650 39315466 44813813 488245 6095 76050.36 72191.56 18717.35 24554.91
1717840989 2914254799 2568682244 1433234 510650 39315560 44813894 488245 6095 76100.70 72139.54 18668.58 24606.44
1717841000 2914256046 2568682440 1433234 510650 39315681 44813946 488245 6095 76050.86 72183.89 18717.77 24563.20
1717841010 2914256716 2568682482 1433234 510650 39315758 44814041 488245 6095 76051.59 72183.59 18717.63 24562.99
1717841020 2914260364 2568682858 1433234 510650 39315828 44814132 488245 6095 76096.49 72144.20 18672.20 24602.27
1717841030 2914267402 2568683450 1433234 510650 39315972 44814150 488245 6095 76095.75 72186.27 18673.48 24559.77
1717841041 2914274303 2568684082 1433234 510650 39316077 44814223 488245 6095 76093.29 72192.54 18674.35 24553.92
1717841051 2914280165 2568684636 1433234 510650 39316233 44814225 488245 6095 76096.70 72190.52 18672.63 24555.95
1717841061 2914283458 2568684940 1433234 510650 39316376 44814263 488245 6095 76101.76 72188.16 18666.86 24557.82
1717841072 2914287553 2568685322 1433234 510650 39316403 44814404 488245 6095 76100.31 72185.05 18668.32 24561.98
1717841082 2914292288 2568685742 1433234 510650 39316439 44814534 488245 6095 76100.02 72185.72 18668.61 24562.51
1717841092 2914295589 2568686000 1433234 510650 39316541 44814597 488245 6095 76079.27 72200.48 18688.40 24545.98
1717841102 2914300608 2568686426 1433234 510650 39316626 44814682 488245 6095 76089.07 72187.45 18682.04 24555.95
1717841113 2914305377 2568686778 1433234 510650 39316719 44814756 488245 6095 76091.93 72188.24 18676.83 24558.23
1717841123 2914310797 2568687412 1433234 510650 39316830 44814806 488245 6095 76093.14 72184.80 18675.48 24561.66
1717841133 2914315347 2568687810 1433234 510650 39316891 44814898 488245 6095 76093.80 72185.21 18675.91 24562.33
1717841144 2914317454 2568688060 1433234 510650 39316957 44814999 488245 6095 76095.01 72168.55 18673.62 24578.04
1717841154 2914320714 2568688366 1433234 510650 39317026 44815101 488245 6095 76093.73 72191.98 18674.89 24554.07
1717841164 2914324405 2568688758 1433234 510650 39317125 44815274 488245 6095 76095.10 72188.44 18674.07 24558.02
1717841174 2914325971 2568688920 1433234 510650 39317210 44815349 488245 6095 76097.43 72186.70 18671.19 24560.90
1717841185 2914332715 2568689650 1433234 510650 39317293 44815467 488245 6095 76071.09 72173.87 18697.72 24573.19
1717841195 2914334904 2568689914 1433234 510650 39317406 44815554 488245 6095 76097.13 72185.56 18671.49 24560.98
1717841205 2914338220 2568690308 1433234 510650 39317490 44815677 488245 6095 76096.90 72127.96 18671.76 24617.52
1717841216 2914340175 2568690538 1433234 510650 39317623 44815725 488245 6095 76070.56 72153.17 18697.65 24593.29
1717841226 2914341895 2568690838 1433234 510650 39317763 44815750 488245 6095 76086.48 72187.77 18682.24 24558.70
1717841236 2914343677 2568691014 1433234 510650 39317837 44815848 488245 6095 76096.32 72131.89 18672.30 24614.70
1717841246 2914347462 2568691416 1433234 510650 39317870 44815991 488245 6095 76094.70 72184.26 18673.92 24561.80
1717841257 2914351952 2568691812 1433234 510650 39317901 44816138 488245 6095 76101.35 72177.74 18667.27 24568.80
1717841267 2914353731 2568692010 1433234 510650 39317969 44816226 488245 6095 76095.38 72179.69 18673.84 24565.34
1717841277 2914354413 2568692120 1433234 510650 39318050 44816300 488245 6095 76096.47 72137.64 18672.15 24608.93
1717841288 2914359964 2568692696 1433234 510650 39318145 44816380 488245 6095 76093.45 72137.27 18675.22 24609.20
1717841298 2914364346 2568693096 1433234 510650 39318273 44816419 488245 6095 76034.71 72134.84 18734.54 24611.63
1717841308 2914366564 2568693308 1433234 510650 39318425 44816436 488245 6095 76099.38 72135.92 18669.38 24610.55
1717841318 2914369171 2568693558 1433234 510650 39318548 44816480 488245 6095 76101.04 72127.17 18668.10 24619.97
1717841329 2914371635 2568693828 1433234 510650 39318963 44816695 488245 6095 77044.94 72044.38 17723.68 24702.74
1717841339 2914375840 2568694042 1433234 510650 39319057 44816962 488245 6095 77149.26 71898.78 17619.37 24847.73
1717841349 2914381436 2568694518 1433234 510650 39319661 44817605 488245 6095 76603.79 71706.77 18164.84 25040.25
1717841360 2914387079 2568695412 1433234 510650 39319727 44817743 488245 6095 76603.60 71660.04 18165.02 25085.45
1717841370 2914391365 2568695990 1433234 510650 39319851 44817844 488245 6095 76599.57 71601.29 18169.23 25145.18
1717841380 2914396766 2568696598 1433234 510650 39320028 44817922 488245 6095 76493.21 71762.32 18275.41 24983.30
1717841390 2914399659 2568697188 1433234 510650 39320151 44818143 488245 6095 77167.79 72263.33 17600.41 24484.20
1717841401 2914402244 2568697356 1433234 510650 39320577 44818520 488245 6095 76946.27 72053.04 17822.35 24694.51
1717841411 2914404040 2568697710 1433234 510650 39321193 44818624 488245 6095 76119.37 71986.62 18649.77 24758.95
1717841421 2914406479 2568698168 1433234 510650 39321269 44818707 488245 6095 76142.88 72030.22 18626.42 24716.24
1717841432 2914410266 2568698868 1433234 510650 39321413 44818732 488245 6095 76107.68 72033.88 18660.05 24712.59
1717841442 2914412592 2568699640 1433234 510650 39321564 44818757 488245 6095 76092.80 71982.92 18676.95 24763.55
1717841452 2914414348 2568700282 1433234 510650 39321717 44818806 488245 6095 76048.97 72031.31 18720.27 24715.16
1717841462 2914416044 2568700468 1433234 510650 39321851 44819036 488245 6095 75963.21 71991.11 18805.41 24756.57
1717841473 2914417829 2568700712 1433234 510650 39322067 44819814 488245 6095 75960.41 72802.90 18808.22 23943.74
1717841483 2914418932 2568701074 1433234 510650 39322089 44820494 488245 6095 75959.67 72025.27 18808.96 24720.79
1717841493 2914422982 2568701730 1433234 510650 39322178 44820594 488245 6095 75970.84 71936.04 18798.90 24810.42
1717841504 2914425051 2568701968 1433234 510650 39322303 44820691 488245 6095 75937.91 71927.22 18830.71 24818.88
1717841514 2914428355 2568702676 1433234 510650 39322439 44820776 488245 6095 75912.71 71951.34 18855.92 24795.12
1717841524 2914430061 2568703490 1433234 510650 39322529 44820951 488245 6095 75913.48 71784.69 18855.14 24959.90
1717841534 2914433755 2568704762 1433234 510650 39322598 44821042 488245 6095 75968.81 71711.57 18801.44 25035.44
1717841545 2914435660 2568705346 1433234 510650 39322655 44821151 488245 6095 75998.06 71619.08 18770.56 25128.02
1717841555 2914438920 2568705942 1433234 510650 39322742 44821438 488245 6095 76298.71 71314.84 18469.91 25431.62
1717841565 2914441777 2568706722 1433234 510650 39322869 44821697 488245 6095 76620.89 71039.70 18147.91 25707.98
1717841576 2914444884 2568707166 1433234 510650 39322923 44821853 488245 6095 76635.04 71027.44 18133.59 25720.22
1717841586 2914447363 2568707744 1433234 510650 39322983 44821985 488245 6095 76633.86 71025.83 18135.87 25720.74
1717841596 2914449350 2568708398 1433234 510650 39323070 44822209 488245 6095 76706.32 70865.48 18062.30 25882.13
1717841606 2914453882 2568709048 1433234 510650 39323219 44822388 488245 6095 76704.04 70869.11 18064.64 25877.99
1717841617 2914455951 2568709274 1433234 510650 39323271 44822503 488245 6095 76666.82 70856.19 18101.80 25890.92
1717841627 2914456840 2568709500 1433234 510650 39323374 44822590 488245 6095 76755.38 70817.24 18013.37 25929.23
1717841637 2914457699 2568709722 1433234 510650 39323465 44822653 488245 6095 76754.73 70819.16 18012.91 25927.31
1717841648 2914460395 2568710322 1433234 510650 39323552 44822808 488245 6095 76828.52 70734.58 17940.10 26012.54
1717841658 2914461662 2568710384 1433234 510650 39323930 44823076 488245 6095 77569.56 70808.15 17202.79 25935.42
1717841668 2914466017 2568710850 1433234 510650 39324333 44823169 488245 6095 77218.39 70867.92 17561.85 25878.17
1717841678 2914469678 2568711514 1433234 510650 39325104 44823263 488245 6095 76316.87 71243.12 18451.76 25502.85
1717841689 2914473013 2568712958 1433234 510650 39325259 44823356 488245 6095 76021.57 71523.19 18747.16 25224.38
1717841699 2914475153 2568713440 1433234 510650 39325355 44823419 488245 6095 76015.96 71523.02 18752.66 25223.07
1717841709 2914476238 2568713856 1433234 510650 39325412 44823518 488245 6095 75954.62 71522.91 18814.00 25223.76
1717841720 2914477381 2568714174 1433234 510650 39325532 44823612 488245 6095 75830.09 71581.82 18938.54 25164.25
1717841730 2914478450 2568714654 1433234 510650 39325625 44823680 488245 6095 75795.48 71600.76 18972.24 25146.29
1717841740 2914479482 2568715184 1433234 510650 39325840 44823723 488245 6095 75686.58 71647.70 19082.09 25098.88
1717841751 2914480360 2568715608 1433234 510650 39325938 44823781 488245 6095 75688.60 71645.36 19081.11 25101.19
1717841761 2914480993 2568715646 1433234 510650 39326041 44823835 488245 6095 75684.67 71647.61 19084.02 25098.86
1717841771 2914482034 2568715882 1433234 510650 39326280 44823861 488245 6095 75686.79 71646.07 19081.87 25101.01
1717841782 2914482295 2568715926 1433234 510650 39326494 44823994 488245 6095 75580.91 71650.48 19188.30 25095.58
1717841792 2914482841 2568716144 1433234 510650 39326632 44824130 488245 6095 75526.28 71583.38 19242.36 25163.62
1717841803 2914483226 2568716368 1433234 510650 39326697 44824218 488245 6095 75525.03 71585.84 19243.76 25160.67
1717841813 2914483967 2568716618 1433234 510650 39326783 44824282 488245 6095 75524.13 71393.24 19245.13 25353.89
1717841823 2914484543 2568716620 1433234 510650 39326879 44824338 488245 6095 75524.51 71393.84 19243.21 25352.63
1717841834 2914484995 2568716668 1433234 510650 39326945 44824425 488245 6095 75527.53 71392.73 19240.60 25353.34
1717841844 2914486116 2568717168 1433234 510650 39327052 44824473 488245 6095 75524.41 71395.44 19244.86 25351.58
1717841854 2914487753 2568717706 1433234 510650 39327169 44824509 488245 6095 75521.77 71397.57 19245.98 25348.89
1717841864 2914490388 2568718422 1433234 510650 39327289 44824543 488245 6095 75522.25 71398.04 19245.46 25349.59
1717841875 2914491944 2568719134 1433234 510650 39327342 44824643 488245 6095 75521.17 71396.82 19247.04 25349.76
1717841885 2914492518 2568719348 1433234 510650 39327436 44824699 488245 6095 75521.35 71397.38 19247.38 25349.74
1717841895 2914493250 2568719872 1433234 510650 39327494 44824797 488245 6095 75364.58 71396.24 19404.04 25349.86
1717841906 2914494250 2568720132 1433234 510650 39327518 44824926 488245 6095 75358.15 71399.92 19410.47 25347.66
1717841916 2914495042 2568720450 1433234 510650 39327575 44825020 488245 6095 75358.36 71399.05 19410.86 25347.50
1717841926 2914495619 2568720856 1433234 510650 39327663 44825088 488245 6095 75357.53 71401.88 19411.22 25345.17
1717841937 2914496367 2568721306 1433234 510650 39327782 44825121 488245 6095 75354.04 71275.82 19413.60 25470.65
1717841947 2914497106 2568721736 1433234 510650 39327904 44825158 488245 6095 75355.54 71210.77 19412.71 25535.70
1717841957 2914497764 2568722150 1433234 510650 39328003 44825211 488245 6095 75354.95 71210.55 19414.25 25536.53
1717841967 2914499295 2568722692 1433234 510650 39328089 44825278 488245 6095 75357.44 71211.40 19411.66 25535.18
1717841978 2914500429 2568723058 1433234 510650 39328225 44825335 488245 6095 75315.75 71211.09 19453.51 25535.49
1717841988 2914501782 2568723838 1433234 510650 39328294 44825442 488245 6095 75292.15 71211.21 19476.62 25535.26
1717841998 2914502734 2568724048 1433234 510650 39328385 44825502 488245 6095 75291.37 71208.97 19477.29 25536.62
1717842009 2914503348 2568724506 1433234 510650 39328478 44825569 488245 6095 75292.43 71210.69 19476.30 25535.35
1717842019 2914503642 2568724522 1433234 510650 39328579 44825620 488245 6095 75289.96 71208.47 19479.19 25538.12
1717842029 2914503999 2568724550 1433234 510650 39328667 44825686 488245 6095 75289.98 71210.32 19478.15 25536.25
1717842040 2914504705 2568725138 1433234 510650 39328754 44825750 488245 6095 75291.63 71210.12 19477.59 25535.96
1717842050 2914505419 2568725804 1433234 510650 39328840 44825816 488245 6095 75292.19 71209.83 19476.57 25537.20
1717842060 2914505896 2568725982 1433234 510650 39328919 44825890 488245 6095 75293.05 71207.26 19475.58 25538.78
1717842070 2914506382 2568726032 1433234 510650 39328938 44826022 488245 6095 75292.66 71206.86 19475.96 25538.70
1717842081 2914506497 2568726072 1433234 510650 39329022 44826092 488245 6095 75291.81 71208.39 19477.42 25538.22
1717842091 2914506600 2568726086 1433234 510650 39329092 44826172 488245 6095 75289.19 71210.75 19480.55 25535.22
1717842101 2914507383 2568726846 1433234 510650 39329210 44826206 488245 6095 75289.29 71208.98 19479.40 25537.61
1717842112 2914507699 2568727118 1433234 510650 39329280 44826286 488245 6095 75290.66 71210.43 19477.96 25537.17
1717842122 2914508718 2568727700 1433234 510650 39329366 44826353 488245 6095 75226.36 71209.82 19542.34 25536.25
1717842132 2914509115 2568727700 1433234 510650 39329457 44826419 488245 6095 75162.35 71209.48 19606.39 25537.56
1717842142 2914509210 2568727730 1433234 510650 39329513 44826514 488245 6095 75159.34 71211.71 19609.19 25534.26
1717842153 2914509630 2568727960 1433234 510650 39329632 44826549 488245 6095 75160.03 71210.26 19608.71 25535.85
1717842163 2914510160 2568728460 1433234 510650 39329715 44826616 488245 6095 75161.28 71210.34 19607.95 25536.71
1717842173 2914510712 2568728986 1433234 510650 39329824 44826661 488245 6095 75161.89 71209.50 19606.85 25537.07
1717842184 2914511237 2568729294 1433234 510650 39329889 44826745 488245 6095 75162.07 71209.27 19607.18 25537.20
1717842194 2914511541 2568729296 1433234 510650 39329988 44826802 488245 6095 75161.85 71210.21 19606.28 25536.40
1717842204 2914511709 2568729326 1433234 510650 39330074 44826867 488245 6095 75161.22 71209.94 19607.96 25537.14
1717842215 2914511940 2568729468 1433234 510650 39330147 44826947 488245 6095 75163.03 71208.24 19605.61 25538.79
1717842225 2914512347 2568729810 1433234 510650 39330233 44827012 488245 6095 75161.11 71209.55 19607.56 25536.56
1717842235 2914513127 2568730578 1433234 510650 39330320 44827080 488245 6095 75161.32 71211.26 19607.30 25535.83
1717842246 2914513576 2568730962 1433234 510650 39330418 44827135 488245 6095 75193.40 71210.88 19576.32 25535.59
1717842256 2914513958 2568730978 1433234 510650 39330508 44827199 488245 6095 75192.91 71211.17 19576.29 25535.39
1717842266 2914514588 2568731370 1433234 510650 39330593 44827268 488245 6095 75192.86 71210.40 19575.39 25536.66
1717842276 2914514799 2568731406 1433234 510650 39330689 44827324 488245 6095 75193.38 71210.91 19575.37 25536.16
1717842287 2914515092 2568731642 1433234 510650 39330770 44827397 488245 6095 75197.03 71205.78 19571.60 25540.75
1717842297 2914515851 2568732358 1433234 510650 39330813 44827506 488245 6095 75196.07 71205.20 19573.15 25540.77
1717842307 2914516566 2568732844 1433234 510650 39330893 44827578 488245 6095 75227.29 71206.73 19541.34 25539.86
1717842318 2914516782 2568732864 1433234 510650 39330979 44827644 488245 6095 75231.50 71207.55 19535.75 25538.91
1717842328 2914517169 2568733080 1433234 510650 39331097 44827681 488245 6095 75229.86 71207.35 19539.30 25538.70
1717842338 2914517317 2568733116 1433234 510650 39331185 44827746 488245 6095 75230.15 71206.46 19538.97 25540.07
1717842348 2914517552 2568733314 1433234 510650 39331270 44827813 488245 6095 75230.83 71206.81 19537.88 25539.66
1717842359 2914518208 2568733926 1433234 510650 39331365 44827867 488245 6095 75231.54 71206.98 19536.59 25539.63
1717842369 2914518774 2568734286 1433234 510650 39331422 44827965 488245 6095 75232.43 71204.53 19535.76 25541.44
1717842379 2914518994 2568734322 1433234 510650 39331540 44827999 488245 6095 75231.69 71204.34 19536.44 25543.30
1717842390 2914519376 2568734538 1433234 510650 39331628 44828063 488245 6095 75233.85 71234.97 19534.28 25511.09
1717842400 2914519523 2568734574 1433234 510650 39331725 44828120 488245 6095 75233.43 71235.17 19535.32 25511.41
1717842410 2914519867 2568734886 1433234 510650 39331831 44828167 488245 6095 75235.11 71361.38 19534.12 25385.58
1717842420 2914520676 2568735662 1433234 510650 39331929 44828227 488245 6095 75235.38 71297.20 19533.80 25448.86
1717842431 2914521020 2568735880 1433234 510650 39332016 44828291 488245 6095 75234.85 71297.62 19534.31 25448.95
1717842441 2914521320 2568735918 1433234 510650 39332091 44828375 488245 6095 75237.25 71294.77 19531.38 25452.26
1717842451 2914521634 2568735932 1433234 510650 39332155 44828465 488245 6095 75235.09 71294.13 19534.18 25452.41
1717842462 2914521981 2568736028 1433234 510650 39332240 44828541 488245 6095 75235.04 71295.83 19533.25 25450.64
1717842472 2914522252 2568736182 1433234 510650 39332324 44828612 488245 6095 75234.93 71295.76 19533.70 25450.29
1717842482 2914523344 2568737170 1433234 510650 39332395 44828700 488245 6095 75235.52 71296.01 19533.10 25451.15
1717842493 2914523772 2568737530 1433234 510650 39332458 44828789 488245 6095 75234.52 71297.25 19534.11 25449.38
1717842503 2914524227 2568737754 1433234 510650 39332544 44828857 488245 6095 75235.35 71295.04 19531.88 25451.96
1717842513 2914525058 2568737864 1433234 510650 39332648 44828915 488245 6095 75171.91 71295.45 19597.34 25451.01
1717842524 2914527119 2568739148 1433234 510650 39332682 44829044 488245 6095 75178.34 71292.33 19590.43 25454.14
1717842534 2914528877 2568740356 1433234 510650 39332781 44829106 488245 6095 75322.52 71164.98 19445.62 25582.09
1717842544 2914530327 2568741372 1433234 510650 39332871 44829173 488245 6095 75306.48 71163.29 19462.81 25582.76
1717842554 2914531280 2568742028 1433234 510650 39332974 44829230 488245 6095 75305.64 71163.98 19462.57 25583.08
1717842565 2914532298 2568742490 1433234 510650 39333038 44829321 488245 6095 75305.71 71161.63 19462.92 25584.43
1717842575 2914534592 2568743978 1433234 510650 39333099 44829420 488245 6095 75331.27 71103.62 19437.50 25643.34
1717842585 2914535928 2568744690 1433234 510650 39333172 44829508 488245 6095 75236.20 71102.49 19532.02 25644.52
1717842596 2914536609 2568744992 1433234 510650 39333249 44829585 488245 6095 75238.71 71102.83 19529.92 25643.68
1717842606 2914539064 2568746338 1433234 510650 39333309 44829685 488245 6095 75234.75 71102.53 19533.96 25644.52
1717842616 2914541369 2568747968 1433234 510650 39333396 44829750 488245 6095 75234.43 71102.71 19535.23 25643.35
1717842626 2914543097 2568748980 1433234 510650 39333490 44829812 488245 6095 75232.43 71103.84 19537.35 25642.69
1717842637 2914544344 2568749778 1433234 510650 39333610 44829850 488245 6095 75263.30 71105.17 19505.32 25640.88
1717842647 2914545232 2568750512 1433234 510650 39333701 44829915 488245 6095 75167.25 71104.11 19601.92 25642.50
1717842657 2914545834 2568750654 1433234 510650 39333787 44829981 488245 6095 75168.48 71104.79 19600.34 25641.67
1717842668 2914546035 2568750756 1433234 510650 39333880 44830039 488245 6095 75167.57 71103.45 19601.06 25644.14
1717842678 2914546518 2568751190 1433234 510650 39333919 44830152 488245 6095 75165.83 71104.24 19602.88 25641.82
1717842688 2914546928 2568751460 1433234 510650 39334016 44830210 488245 6095 75165.28 71106.26 19603.49 25640.70
1717842699 2914547701 2568752086 1433234 510650 39334116 44830263 488245 6095 75164.97 71105.10 19603.77 25640.38
1717842709 2914548033 2568752264 1433234 510650 39334228 44830301 488245 6095 75162.90 71105.39 19605.23 25641.71
1717842719 2914548365 2568752462 1433234 510650 39334316 44830368 488245 6095 75164.40 71105.70 19604.23 25640.38
1717842729 2914548510 2568752524 1433234 510650 39334403 44830434 488245 6095 75163.00 71105.41 19606.26 25641.17
1717842740 2914548850 2568752762 1433234 510650 39334502 44830491 488245 6095 75161.46 71106.23 19607.28 25640.88
1717842750 2914549301 2568753144 1433234 510650 39334556 44830588 488245 6095 75162.95 71102.94 19605.68 25642.60
1717842760 2914549819 2568753470 1433234 510650 39334633 44830662 488245 6095 75161.01 71104.55 19608.18 25641.52
1717842771 2914550184 2568753654 1433234 510650 39334721 44830727 488245 6095 75161.29 71104.89 19607.91 25641.65
1717842781 2914550466 2568753866 1433234 510650 39334816 44830784 488245 6095 75160.01 71106.69 19610.75 25640.38
1717842791 2914550589 2568753940 1433234 510650 39334924 44830831 488245 6095 75159.67 71105.25 19609.53 25641.36
1717842801 2914551096 2568754334 1433234 510650 39335012 44830896 488245 6095 75160.08 71106.19 19608.55 25640.89
1717842812 2914551571 2568754654 1433234 510650 39335103 44830962 488245 6095 75151.40 71113.37 19617.22 25633.75
1717842822 2914551901 2568754854 1433234 510650 39335187 44831027 488245 6095 75153.07 71113.96 19616.65 25633.08
1717842832 2914552406 2568755240 1433234 510650 39335244 44831123 488245 6095 75151.05 71113.82 19617.58 25633.30
1717842843 2914552739 2568755458 1433234 510650 39335331 44831190 488245 6095 75152.17 71113.96 19616.46 25632.09
1717842853 2914553244 2568755728 1433234 510650 39335422 44831253 488245 6095 75216.82 71113.62 19552.86 25632.35
1717842863 2914553826 2568756104 1433234 510650 39335537 44831291 488245 6095 75216.72 71110.19 19551.54 25636.28
1717842874 2914554123 2568756206 1433234 510650 39335603 44831380 488245 6095 75217.21 71110.23 19551.54 25636.24
1717842884 2914554449 2568756308 1433234 510650 39335703 44831433 488245 6095 75152.67 71110.70 19616.02 25635.88
1717842894 2914554777 2568756590 1433234 510650 39335770 44831520 488245 6095 75154.04 71109.70 19614.69 25636.77
1717842905 2914555355 2568757140 1433234 510650 39335837 44831612 488245 6095 75122.66 71109.49 19646.56 25637.61
1717842915 2914555769 2568757434 1433234 510650 39335926 44831675 488245 6095 75121.89 71109.97 19647.80 25635.58
1717842925 2914556398 2568757854 1433234 510650 39336015 44831739 488245 6095 75122.89 71110.93 19646.34 25635.11
1717842935 2914556867 2568757932 1433234 510650 39336115 44831791 488245 6095 75121.55 71109.55 19647.66 25635.52
1717842946 2914557090 2568757980 1433234 510650 39336227 44831836 488245 6095 75121.11 71113.21 19647.13 25633.25
1717842956 2914557603 2568758420 1433234 510650 39336338 44831878 488245 6095 75088.00 71096.25 19680.63 25652.38
1717842966 2914559350 2568759654 1433234 510650 39336362 44832008 488245 6095 75103.73 71100.33 19664.89 25647.26
1717842977 2914560581 2568760470 1433234 510650 39336424 44832104 488245 6095 75091.61 71109.63 19677.02 25636.85
1717842987 2914561835 2568761238 1433234 510650 39336468 44832213 488245 6095 75089.75 71111.32 19678.87 25636.26
1717842997 2914562485 2568761586 1433234 510650 39336556 44832282 488245 6095 75089.23 71016.30 19679.50 25730.74
1717843008 2914562694 2568761622 1433234 510650 39336654 44832337 488245 6095 75087.62 71017.80 19680.62 25728.67
1717843018 2914563311 2568762102 1433234 510650 39336749 44832393 488245 6095 75090.28 71015.79 19677.48 25731.24
1717843028 2914563817 2568762446 1433234 510650 39336844 44832455 488245 6095 75090.41 71014.64 19678.21 25731.89
1717843038 2914564411 2568763016 1433234 510650 39336930 44832520 488245 6095 75091.73 71015.74 19677.49 25731.32
1717843049 2914565292 2568763634 1433234 510650 39337027 44832575 488245 6095 75091.27 71016.58 19676.86 25730.00
1717843059 2914565625 2568763794 1433234 510650 39337075 44832683 488245 6095 75091.10 71013.96 19678.13 25732.51
1717843069 2914565954 2568763832 1433234 510650 39337172 44832738 488245 6095 75090.29 71014.74 19678.87 25732.33
1717843080 2914566135 2568763954 1433234 510650 39337258 44832804 488245 6095 75091.51 71014.18 19676.24 25732.29
1717843090 2914566461 2568764264 1433234 510650 39337371 44832841 488245 6095 75089.32 71013.57 19679.94 25732.89
1717843100 2914567189 2568764826 1433234 510650 39337452 44832911 488245 6095 75089.39 71016.21 19680.34 25729.85
1717843110 2914567549 2568765066 1433234 510650 39337538 44832978 488245 6095 75091.69 71013.64 19676.55 25732.82
1717843121 2914567832 2568765182 1433234 510650 39337609 44833062 488245 6095 75089.94 71013.56 19678.80 25731.92
1717843131 2914568063 2568765234 1433234 510650 39337693 44833130 488245 6095 75091.66 71013.66 19676.96 25733.44
1717843141 2914568419 2568765502 1433234 510650 39337738 44833237 488245 6095 75087.77 71014.62 19681.45 25731.50
1717843152 2914569072 2568766116 1433234 510650 39337798 44833330 488245 6095 75088.81 71013.71 19679.91 25733.37
1717843162 2914571663 2568767968 1433234 510650 39337894 44833391 488245 6095 75090.27 70917.06 19679.41 25829.52
1717843172 2914574301 2568769888 1433234 510650 39337982 44833453 488245 6095 75090.63 70914.48 19678.55 25832.61
1717843183 2914575210 2568770496 1433234 510650 39338071 44833519 488245 6095 75091.32 70913.40 19677.37 25833.18
1717843193 2914576148 2568771102 1433234 510650 39338162 44833583 488245 6095 75091.62 70914.47 19678.62 25832.57
1717843203 2914576830 2568771650 1433234 510650 39338262 44833646 488245 6095 75088.89 70820.49 19679.35 25926.05
1717843213 2914577746 2568772180 1433234 510650 39338329 44833733 488245 6095 75092.09 70816.82 19676.53 25929.75
1717843224 2914578668 2568772884 1433234 510650 39338394 44833820 488245 6095 75091.03 70817.77 19677.68 25928.77
1717843234 2914579156 2568773140 1433234 510650 39338480 44833890 488245 6095 75091.17 70722.43 19678.08 26024.04
1717843244 2914579396 2568773198 1433234 510650 39338597 44833928 488245 6095 75095.66 70716.90 19672.96 26030.18
1717843255 2914579700 2568773412 1433234 510650 39338688 44834053 488245 6095 75000.78 70844.05 19767.95 25902.41
1717843265 2914580379 2568774074 1433234 510650 39338782 44834160 488245 6095 75000.15 70845.34 19767.98 25901.27
1717843275 2914581562 2568775092 1433234 510650 39338881 44834241 488245 6095 75002.07 72573.27 19766.55 24172.83
1717843286 2914582003 2568775326 1433234 510650 39338936 44834338 488245 6095 75004.96 72609.35 19763.66 24137.18
1717843296 2914582207 2568775340 1433234 510650 39339008 44834436 488245 6095 75007.49 72444.30 19762.22 24301.18
1717843306 2914582978 2568775890 1433234 510650 39339115 44834849 488245 6095 75004.97 71989.16 19763.16 24758.41
1717843317 2914583800 2568776232 1433234 510650 39339200 44835368 488245 6095 75003.36 72457.28 19765.41 24289.78
1717843327 2914584713 2568777046 1433234 510650 39339295 44835431 488245 6095 75004.51 72388.91 19764.61 24357.67
1717843337 2914585231 2568777406 1433234 510650 39339404 44835482 488245 6095 74978.38 72286.66 19790.88 24459.80
1717843348 2914586739 2568778464 1433234 510650 39339525 44835518 488245 6095 75001.53 72391.08 19767.69 24355.96
1717843358 2914587628 2568778946 1433234 510650 39339589 44835608 488245 6095 75000.52 72389.00 19768.10 24357.10
1717843368 2914588180 2568779362 1433234 510650 39339676 44835679 488245 6095 75006.28 72322.88 19762.46 24423.59
1717843379 2914588779 2568779864 1433234 510650 39339783 44835728 488245 6095 75006.11 72258.24 19762.61 24489.34
1717843389 2914589644 2568780544 1433234 510650 39339870 44835791 488245 6095 75005.71 72257.48 19763.53 24488.61
1717843399 2914590125 2568780954 1433234 510650 39339958 44835864 488245 6095 75006.90 72322.20 19761.84 24424.27
1717843409 2914590654 2568781304 1433234 510650 39340054 44835924 488245 6095 75006.91 72257.93 19762.21 24488.15
1717843420 2914590892 2568781322 1433234 510650 39340141 44835990 488245 6095 75002.93 72163.12 19765.79 24582.99
1717843430 2914590997 2568781354 1433234 510650 39340207 44836121 488245 6095 75006.13 72526.27 19762.50 24220.24
1717843440 2914592003 2568782232 1433234 510650 39340265 44836222 488245 6095 75006.28 72320.06 19761.95 24427.02
1717843451 2914592786 2568782954 1433234 510650 39340370 44836271 488245 6095 75005.13 72323.66 19764.19 24422.32
1717843461 2914593357 2568783402 1433234 510650 39340471 44836339 488245 6095 75006.96 72622.38 19762.29 24124.09
1717843471 2914593955 2568783704 1433234 510650 39340572 44836402 488245 6095 74911.35 72590.39 19856.91 24156.68
1717843481 2914594163 2568783822 1433234 510650 39340670 44836462 488245 6095 74910.26 72591.76 19857.50 24155.17
1717843492 2914594298 2568783836 1433234 510650 39340767 44836523 488245 6095 74909.21 72466.11 19859.42 24280.43
1717843502 2914594959 2568784446 1433234 510650 39340853 44836607 488245 6095 74912.66 72445.07 19855.96 24301.52
1717843512 2914595479 2568784946 1433234 510650 39340899 44836763 488245 6095 74915.24 72569.73 19853.50 24176.73
1717843523 2914595777 2568785224 1433234 510650 39340980 44836929 488245 6095 74911.94 72572.02 19856.68 24175.05
1717843533 2914596544 2568785712 1433234 510650 39341090 44837054 488245 6095 74914.59 74105.58 19854.67 22641.48
1717843543 2914597333 2568786354 1433234 510650 39341186 44837113 488245 6095 74915.63 73991.64 19853.16 22755.39
1717843554 2914597484 2568786468 1433234 510650 39341256 44837200 488245 6095 74819.28 74035.34 19948.97 22711.67
1717843564 2914599957 2568788192 1433234 510650 39341362 44837351 488245 6095 74813.43 73961.53 19955.80 22786.10
1717843574 2914603035 2568790286 1433234 510650 39341463 44838299 488245 6095 74808.95 73426.23 19959.18 23320.41
1717843584 2914605429 2568791546 1433234 510650 39341616 44839350 488245 6095 74936.43 73924.68 19832.20 22821.83
1717843595 2914606044 2568791942 1433234 510650 39341708 44839482 488245 6095 76804.70 74090.85 17984.65 22656.71
1717843605 2914606773 2568792598 1433234 510650 39341817 44839532 488245 6095 76724.00 74027.83 18045.19 22718.63
1717843615 2914607207 2568792888 1433234 510650 39341933 44839578 488245 6095 76765.13 74026.28 18003.62 22721.35
1717843626 2914608947 2568794034 1433234 510650 39342196 44839917 488245 6095 76729.72 74135.95 18041.09 22611.12
1717843636 2914610380 2568794990 1433234 510650 39342932 44841101 488245 6095 76473.11 73902.50 18300.36 22847.53
1717843646 2914611914 2568796044 1433234 510650 39344362 44843082 488245 6095 76709.69 73779.18 18059.04 22969.29
1717843656 2914613840 2568797032 1433234 510650 39346005 44845055 488245 6095 76424.53 73222.54 18344.19 23528.06
1717843667 2914615439 2568797980 1433234 510650 39348020 44847005 488245 6095 76493.23 73638.04 18275.06 23111.86
1717843677 2914616170 2568798396 1433234 510650 39350071 44849299 488245 6095 76413.89 73789.78 18354.74 22957.36
1717843687 2914616745 2568798740 1433234 510650 39352639 44851220 488245 6095 76490.98 73708.58 18278.77 23046.18
1717843698 2914617992 2568799764 1433234 510650 39355240 44853495 488245 6095 76341.48 73523.12 18411.45 23225.90
1717843708 2914622300 2568801762 1433234 510650 39356272 44854358 488245 6095 75853.44 73024.05 18915.88 23722.41
1717843718 2914624788 2568803174 1433234 510650 39356401 44854444 488245 6095 75737.29 73073.73 19031.34 23673.90
1717843728 2914626549 2568804366 1433234 510650 39356495 44854602 488245 6095 75712.96 73329.64 19055.66 23417.86
1717843739 2914628001 2568805564 1433234 510650 39356537 44854724 488245 6095 75647.06 73379.80 19121.56 23367.24
1717843749 2914628877 2568806220 1433234 510650 39356600 44854832 488245 6095 75707.38 73364.06 19061.29 23381.97
1717843759 2914629160 2568806316 1433234 510650 39356672 44854939 488245 6095 75683.86 73368.41 19084.76 23378.55
1717843770 2914629641 2568806650 1433234 510650 39356759 44855018 488245 6095 75609.06 73350.96 19160.19 23395.01
1717843780 2914630937 2568807410 1433234 510650 39356862 44855319 488245 6095 75726.43 73782.82 19041.71 22964.30
1717843790 2914632922 2568808516 1433234 510650 39356971 44855853 488245 6095 76669.03 73801.08 18100.20 22944.93
1717843800 2914634695 2568809754 1433234 510650 39357344 44856355 488245 6095 76275.26 73817.00 18494.46 22928.98
1717843811 2914637027 2568810724 1433234 510650 39357813 44856807 488245 6095 76042.85 73613.31 18726.38 23135.08
1717843821 2914638523 2568811556 1433234 510650 39358079 44856859 488245 6095 75816.52 73838.60 18952.69 22907.86
1717843831 2914639557 2568812038 1433234 510650 39358312 44856948 488245 6095 75521.98 73778.21 19246.64 22968.88
1717843842 2914644064 2568814156 1433234 510650 39358725 44857496 488245 6095 76076.20 73939.34 18691.95 22815.60
1717843852 2914648221 2568816372 1433234 510650 39359823 44857807 488245 6095 74923.57 73630.74 19846.12 23115.84
1717843862 2914654305 2568818682 1433234 510650 39360983 44858078 488245 6095 74870.05 73718.55 19900.24 23028.02
1717843872 2914659259 2568821062 1433234 510650 39361272 44858633 488245 6095 76002.76 73201.88 18765.37 23544.58
1717843883 2914662666 2568822328 1433234 510650 39361437 44858674 488245 6095 75976.15 73212.48 18791.98 23533.99
1717843893 2914666527 2568823952 1433234 510650 39361735 44859067 488245 6095 76273.03 72773.52 18497.26 23973.05
1717843903 2914670505 2568826032 1433234 510650 39361985 44859197 488245 6095 76253.37 72732.04 18515.25 24015.14
1717843916 2914675036 2568828272 1433234 510650 39362499 44859904 488245 6095 76247.06 72238.79 18521.62 24507.67
1717843927 2914679282 2568830128 1433234 510650 39363869 44861732 488245 6095 75765.50 72969.20 19003.12 23777.37
1717843937 2914684727 2568832918 1433234 510650 39366150 44863508 488245 6095 74857.75 72426.96 19911.57 24320.11
1717843947 2914690034 2568835402 1433234 510650 39367962 44865028 488245 6095 74546.27 72633.67 20222.90 24117.57
1717843958 2914692866 2568836500 1433234 510650 39369519 44866957 488245 6095 74782.02 72657.54 19990.65 24091.10
1717843968 2914694811 2568837474 1433234 510650 39371108 44869162 488245 6095 74774.72 72683.32 19994.01 24063.26
1717843978 2914696030 2568838220 1433234 510650 39372915 44871386 488245 6095 74709.93 72666.86 20067.77 24080.21
1717843989 2914697193 2568838932 1433234 510650 39374453 44873860 488245 6095 74711.27 72786.98 20057.47 23959.56
1717843999 2914699542 2568839904 1433234 510650 39375302 44875603 488245 6095 74887.88 71821.78 19880.74 24924.86
1717844009 2914703789 2568841490 1433234 510650 39375845 44877567 488245 6095 74918.94 70729.03 19849.30 26017.43
1717844019 2914708993 2568844032 1433234 510650 39377574 44879483 488245 6095 74651.02 70744.15 20117.61 26002.43
1717844030 2914714327 2568846332 1433234 510650 39379104 44880588 488245 6095 74568.76 70719.72 20199.87 26027.59
1717844040 2914716424 2568847710 1433234 510650 39380426 44881547 488245 6095 74581.63 70632.92 20190.69 26116.67
1717844050 2914718278 2568848660 1433234 510650 39381896 44882610 488245 6095 74372.65 72309.80 20396.05 24436.66
1717844061 2914718979 2568849146 1433234 510650 39383655 44883919 488245 6095 74377.75 72304.06 20392.38 24450.34
1717844071 2914720415 2568850012 1433234 510650 39385268 44885677 488245 6095 74402.35 72183.44 20368.52 24566.21
1717844081 2914721853 2568851008 1433234 510650 39386942 44887518 488245 6095 74517.39 72289.22 20250.90 24466.39
1717844091 2914723675 2568852180 1433234 510650 39389102 44889505 488245 6095 75806.17 72138.20 18961.59 24613.96
1717844102 2914726279 2568853240 1433234 510650 39389541 44891397 488245 6095 75583.25 71625.15 19184.90 25121.31
1717844112 2914731005 2568855220 1433234 510650 39389836 44891507 488245 6095 75385.85 71592.07 19382.34 25154.39
1717844122 2914733545 2568856502 1433234 510650 39390052 44891654 488245 6095 76794.74 71604.46 17973.89 25141.67
1717844133 2914735465 2568857948 1433234 510650 39390672 44892002 488245 6095 76177.01 72161.77 18590.68 24584.69
1717844143 2914738017 2568859428 1433234 510650 39391336 44892243 488245 6095 76741.66 72223.79 18026.96 24523.31
1717844153 2914739857 2568860776 1433234 510650 39391959 44892463 488245 6095 76324.63 72479.14 18444.49 24268.52
1717844164 2914742491 2568862236 1433234 510650 39393382 44892796 488245 6095 76371.98 72421.10 18397.87 24325.37
1717844174 2914744350 2568863372 1433234 510650 39395451 44893048 488245 6095 76352.70 72408.92 18415.92 24337.59
1717844184 2914745795 2568864104 1433234 510650 39397060 44893687 488245 6095 76144.98 72358.31 18624.84 24388.15
1717844195 2914747713 2568865284 1433234 510650 39399308 44894177 488245 6095 76691.84 72265.23 18076.88 24481.84
1717844205 2914750454 2568866632 1433234 510650 39401717 44894528 488245 6095 76254.75 72029.71 18517.39 24716.26
1717844215 2914754132 2568867910 1433234 510650 39404388 44895206 488245 6095 75932.82 71934.64 18837.50 24811.76
1717844225 2914758520 2568869364 1433234 510650 39406314 44896160 488245 6095 76470.57 71939.73 18304.53 24807.88
1717844236 2914761821 2568870468 1433234 510650 39408643 44897284 488245 6095 76598.63 71664.44 18173.57 25082.03
1717844246 2914765537 2568871750 1433234 510650 39411521 44899214 488245 6095 76393.75 71689.75 18375.48 25062.14
1717844256 2914768337 2568872672 1433234 510650 39413783 44901180 488245 6095 77086.67 71367.52 17682.62 25378.95
1717844267 2914770429 2568873690 1433234 510650 39416143 44903419 488245 6095 76753.81 72273.58 18012.95 24472.89
1717844277 2914772947 2568874812 1433234 510650 39418541 44906234 488245 6095 76774.08 72256.76 17993.56 24418.98
1717844287 2914774290 2568875738 1433234 510650 39420094 44910681 488245 6095 76817.27 71886.03 17951.38 24860.43
1717844298 2914778193 2568877354 1433234 510650 39422248 44914350 488245 6095 77033.71 71106.75 17735.15 25639.71
1717844308 2914784257 2568879110 1433234 510650 39425940 44916821 488245 6095 76815.57 71024.86 17954.27 25726.43
1717844318 2914789791 2568880910 1433234 510650 39429703 44919005 488245 6095 76370.06 71425.43 18400.32 25326.59
1717844329 2914794258 2568882482 1433234 510650 39430909 44920870 488245 6095 76962.67 71173.56 17806.02 25567.51
1717844339 2914797717 2568883796 1433234 510650 39431688 44922902 488245 6095 76828.51 71115.84 17940.11 25630.73
1717844349 2914800021 2568884860 1433234 510650 39432710 44925157 488245 6095 76687.61 70979.26 18080.65 25767.20
1717844359 2914802815 2568885660 1433234 510650 39434125 44926623 488245 6095 76512.12 71118.81 18256.50 25629.16
1717844370 2914807085 2568887294 1433234 510650 39436347 44929067 488245 6095 76486.20 71489.46 18284.10 25265.48
1717844380 2914809886 2568888804 1433234 510650 39438773 44931300 488245 6095 76110.40 71202.41 18659.32 25549.51
1717844390 2914812615 2568889974 1433234 510650 39441331 44934236 488245 6095 76366.34 71122.35 18384.12 25630.29
1717844401 2914816483 2568891808 1433234 510650 39443215 44937557 488245 6095 75791.65 71484.20 18982.96 25267.11
1717844411 2914822295 2568893636 1433234 510650 39444813 44941569 488245 6095 75005.84 71256.10 19763.39 25491.73
1717844421 2914827731 2568895758 1433234 510650 39446524 44945759 488245 6095 75284.68 70904.73 19484.19 25845.98
1717844432 2914835360 2568898592 1433234 510650 39448051 44949392 488245 6095 75353.81 71093.71 19414.82 25659.50
1717844442 2914842296 2568901174 1433234 510650 39448941 44952800 488245 6095 75448.13 72647.18 19320.50 24099.39
1717844452 2914847167 2568903024 1433234 510650 39450122 44956371 488245 6095 75535.98 72384.44 19232.15 24367.36
1717844462 2914853660 2568905692 1433234 510650 39451581 44960001 488245 6095 75418.14 72362.64 19351.62 24391.69
1717844473 2914859362 2568907684 1433234 510650 39453157 44964011 488245 6095 75214.10 71933.61 19555.04 24812.86
1717844483 2914863634 2568909572 1433234 510650 39454965 44969022 488245 6095 74993.32 71751.88 19777.18 25000.38
1717844493 2914867637 2568911128 1433234 510650 39457911 44974653 488245 6095 74770.50 71880.82 19998.13 24865.16
1717844504 2914872377 2568912954 1433234 510650 39460803 44978894 488245 6095 74558.84 71907.24 20212.16 24841.04
1717844514 2914875238 2568914006 1433234 510650 39463627 44982683 488245 6095 74370.58 72018.89 20402.21 24731.71
1717844524 2914877448 2568915024 1433234 510650 39466810 44986410 488245 6095 73827.74 71979.72 20947.48 24775.82
1717844535 2914880780 2568916388 1433234 510650 39469351 44990337 488245 6095 74335.85 71485.77 20437.23 25261.30
1717844545 2914883851 2568917902 1433234 510650 39471837 44994585 488245 6095 74057.38 71168.59 20712.32 25577.88
1717844555 2914887847 2568919602 1433234 510650 39474652 44998758 488245 6095 75968.48 70818.78 18802.75 25934.42
1717844565 2914890539 2568920822 1433234 510650 39477595 45002450 488245 6095 75857.74 70776.79 18912.75 25972.89
1717844576 2914895522 2568922778 1433234 510650 39481786 45006280 488245 6095 75977.39 70729.85 18776.15 26023.18
1717844586 2914899753 2568924090 1433234 510650 39485939 45010012 488245 6095 76040.85 69839.18 18735.11 26915.16
1717844596 2914905979 2568926988 1433234 510650 39488976 45010507 488245 6095 74911.49 70089.74 19858.35 26655.74
1717844607 2914911239 2568929204 1433234 510650 39490276 45010885 488245 6095 75044.76 69962.20 19725.37 26784.51
1717844617 2914915596 2568930678 1433234 510650 39492142 45011137 488245 6095 75021.91 69808.94 19747.31 26937.52
1717844627 2914917565 2568931588 1433234 510650 39494838 45011215 488245 6095 75003.24 69673.02 19773.32 27074.08
1717844638 2914919112 2568932420 1433234 510650 39496703 45011724 488245 6095 76960.86 70128.64 17808.37 26620.85
1717844648 2914921954 2568934180 1433234 510650 39499510 45012254 488245 6095 76978.04 69956.22 17790.22 26790.25
1717844658 2914924239 2568935428 1433234 510650 39502512 45012727 488245 6095 77688.36 69702.76 17078.89 27043.71
1717844668 2914928137 2568937304 1433234 510650 39505926 45013680 488245 6095 77180.96 70060.57 17593.83 26685.43
1717844679 2914932015 2568939146 1433234 510650 39510201 45014824 488245 6095 77022.65 69923.96 17746.57 26821.12
1717844689 2914938101 2568941722 1433234 510650 39515057 45015961 488245 6095 76779.31 70026.18 17999.61 26719.85
1717844699 2914942085 2568943012 1433234 510650 39519631 45017187 488245 6095 76304.18 69951.70 18411.50 26775.77
1717844710 2914946990 2568945032 1433234 510650 39523974 45019366 488245 6095 77279.45 69298.96 17489.18 27446.54
1717844720 2914950687 2568947014 1433234 510650 39528348 45021839 488245 6095 77696.28 71940.34 17076.89 24806.73
1717844730 2914956069 2568948990 1433234 510650 39533199 45024393 488245 6095 77551.44 70852.90 17221.37 25895.56
1717844741 2914961311 2568951030 1433234 510650 39538596 45025939 488245 6095 76869.00 71023.32 17900.78 25723.14
1717844751 2914965246 2568952342 1433234 510650 39543202 45028125 488245 6095 76612.57 70945.58 18158.66 25805.24
1717844761 2914969025 2568953540 1433234 510650 39547898 45031137 488245 6095 76369.21 71040.17 18401.30 25706.30
1717844772 2914973602 2568955294 1433234 510650 39552809 45034075 488245 6095 76400.39 70990.00 18376.47 25755.60
1717844782 2914977123 2568956496 1433234 510650 39557864 45036603 488245 6095 76261.66 71008.25 18515.32 25742.79
1717844792 2914979504 2568957294 1433234 510650 39562293 45040378 488245 6095 76222.06 70920.37 18512.58 25826.10
1717844802 2914985016 2568958930 1433234 510650 39567595 45043414 488245 6095 76125.07 70927.82 18644.22 25835.12
1717844813 2914988060 2568960254 1433234 510650 39570770 45046343 488245 6095 76196.82 70815.41 18571.80 25931.24
1717844823 2914991049 2568961414 1433234 510650 39573200 45048565 488245 6095 76295.98 70788.82 18440.02 25957.16
1717844833 2914995488 2568963194 1433234 510650 39575907 45051786 488245 6095 76136.27 70851.52 18631.95 25902.21
1717844844 2914997638 2568964130 1433234 510650 39579257 45056442 488245 6095 76046.74 70757.05 18721.88 25966.06
1717844854 2915000651 2568965000 1433234 510650 39583783 45060553 488245 6095 76003.71 70788.73 18762.95 25957.73
1717844865 2915004922 2568966828 1433234 510650 39589034 45065634 488245 6095 75953.40 70727.17 18823.97 26023.64
1717844876 2915006485 2568967504 1433234 510650 39594464 45070067 488245 6095 75971.69 70683.44 18792.75 26063.52
1717844886 2915009844 2568968872 1433234 510650 39599847 45074530 488245 6095 75938.32 70665.24 18836.96 26088.25
1717844896 2915011005 2568969310 1433234 510650 39605542 45079101 488245 6095 75935.31 70602.70 18839.87 26143.77
1717844907 2915012181 2568969808 1433234 510650 39611539 45084051 488245 6095 75909.84 70536.25 18859.30 26187.74
1717844917 2915013283 2568970378 1433234 510650 39617131 45089502 488245 6095 75850.45 70533.63 18906.70 26221.54
1717844927 2915015365 2568971174 1433234 510650 39622676 45095778 488245 6095 75809.46 71449.67 18933.19 25301.24
1717844938 2915018052 2568972608 1433234 510650 39628028 45101441 488245 6095 75815.91 71439.70 18891.20 25313.43
1717844948 2915022609 2568974608 1433234 510650 39632459 45106628 488245 6095 75986.79 71260.78 18781.43 25491.14
1717844958 2915025526 2568975894 1433234 510650 39636580 45110191 488245 6095 75418.55 71307.66 19351.73 25438.80
1717844969 2915029551 2568978044 1433234 510650 39641181 45112823 488245 6095 74693.54 71468.28 20074.59 25278.18
1717844979 2915033138 2568979694 1433234 510650 39645953 45113739 488245 6095 74608.13 70789.45 20161.09 25958.11
1717844989 2915038610 2568981432 1433234 510650 39649977 45115183 488245 6095 74601.14 71410.74 20134.48 25335.75
1717844999 2915043099 2568983352 1433234 510650 39653601 45116144 488245 6095 74563.11 73243.54 20210.85 23503.48
1717845010 2915046943 2568984710 1433234 510650 39656598 45117698 488245 6095 74631.00 73133.62 20144.17 23614.05
1717845020 2915048908 2568985800 1433234 510650 39659966 45119676 488245 6095 76577.45 72977.13 18194.32 23769.58
1717845030 2915050228 2568986520 1433234 510650 39663032 45121965 488245 6095 76552.25 73068.20 18216.37 23677.87
1717845041 2915052230 2568987888 1433234 510650 39666439 45125080 488245 6095 76431.05 73157.38 18338.21 23598.24
1717845051 2915053686 2568988512 1433234 510650 39669675 45128268 488245 6095 76316.42 73225.47 18452.20 23521.68
1717845061 2915055553 2568989434 1433234 510650 39672838 45131736 488245 6095 76367.89 73289.45 18399.36 23457.02
1717845072 2915057292 2568990396 1433234 510650 39676284 45134785 488245 6095 76399.66 73116.78 18369.01 23633.32
1717845082 2915058460 2568991024 1433234 510650 39679812 45138109 488245 6095 76500.46 72773.76 18267.19 23982.03
1717845092 2915061141 2568992352 1433234 510650 39683346 45140863 488245 6095 75936.36 73129.16 18805.22 23615.57
1717845102 2915063874 2568993612 1433234 510650 39686626 45143583 488245 6095 75674.12 73029.24 19072.01 23717.33
1717845113 2915067093 2568994496 1433234 510650 39690025 45146140 488245 6095 75060.27 72925.86 19708.96 23822.54
1717845123 2915070506 2568995476 1433234 510650 39692873 45148565 488245 6095 74904.71 73142.60 19864.48 23575.57
1717845133 2915072857 2568996328 1433234 510650 39695695 45151030 488245 6095 74781.11 73150.09 19987.52 23596.94
1717845144 2915076250 2568997760 1433234 510650 39698683 45153969 488245 6095 74905.33 73079.95 19863.29 23674.34
1717845154 2915078340 2568998830 1433234 510650 39702260 45156800 488245 6095 76097.59 73056.01 18670.54 23690.45
1717845164 2915081702 2569000048 1433234 510650 39705826 45160895 488245 6095 75645.88 73063.98 19134.56 23692.94
1717845175 2915084739 2569001250 1433234 510650 39709432 45165226 488245 6095 75540.61 73098.88 19248.32 23651.82
1717845185 2915087798 2569002462 1433234 510650 39713920 45168947 488245 6095 75473.28 73139.20 19303.09 23607.27
1717845195 2915091380 2569003908 1433234 510650 39718239 45172323 488245 6095 75416.49 73111.71 19321.37 23646.47
1717845206 2915095780 2569005406 1433234 510650 39721863 45176448 488245 6095 75411.61 73177.60 19357.73 23568.86
1717845216 2915098703 2569006620 1433234 510650 39726211 45180397 488245 6095 75337.45 73167.75 19431.71 23579.21
1717845226 2915101232 2569007794 1433234 510650 39728961 45184839 488245 6095 75513.43 73105.92 19255.20 23639.55
1717845236 2915102100 2569008328 1433234 510650 39731541 45189567 488245 6095 75377.68 73157.95 19391.07 23593.58
1717845247 2915102989 2569008662 1433234 510650 39733652 45195161 488245 6095 75312.03 73134.18 19419.10 23612.37
1717845257 2915106929 2569010262 1433234 510650 39736043 45200143 488245 6095 75228.09 72784.62 19539.66 23966.69
1717845267 2915109695 2569011510 1433234 510650 39737280 45204224 488245 6095 75214.73 72867.54 19553.89 23881.75
1717845278 2915112012 2569012786 1433234 510650 39739933 45207717 488245 6095 75168.09 72265.11 19600.54 24481.45
1717845288 2915115035 2569014110 1433234 510650 39742661 45211416 488245 6095 75122.05 71856.77 19646.16 24890.25
1717845298 2915120168 2569016274 1433234 510650 39744999 45213295 488245 6095 75437.50 71404.29 19331.12 25342.73
1717845309 2915124797 2569018426 1433234 510650 39746214 45214348 488245 6095 77164.26 71005.15 17604.37 25741.87
1717845319 2915129098 2569020086 1433234 510650 39748345 45215036 488245 6095 76342.07 70647.49 18426.71 26098.97
1717845329 2915133450 2569021634 1433234 510650 39749900 45215488 488245 6095 76222.87 70550.62 18545.76 26196.43
1717845340 2915136899 2569022700 1433234 510650 39751267 45215756 488245 6095 76134.19 70533.50 18634.43 26213.98
1717845350 2915141350 2569024328 1433234 510650 39752871 45216721 488245 6095 77081.17 70517.44 17696.09 26229.02
1717845360 2915142907 2569024914 1433234 510650 39754687 45217353 488245 6095 77039.11 70437.54 17729.51 26317.42
1717845370 2915147161 2569026436 1433234 510650 39756183 45218114 488245 6095 77006.38 70412.65 17764.98 26333.91
1717845381 2915149134 2569027386 1433234 510650 39757821 45219338 488245 6095 76711.64 70324.66 18065.29 26421.92
1717845391 2915152557 2569028682 1433234 510650 39759464 45220638 488245 6095 75711.29 70271.37 19071.68 26478.31
1717845401 2915155931 2569030144 1433234 510650 39761681 45222522 488245 6095 76663.27 70083.75 18111.14 26663.33
1717845412 2915159066 2569031448 1433234 510650 39763854 45224136 488245 6095 77015.56 70142.27 17753.13 26604.20
1717845422 2915160765 2569032422 1433234 510650 39765781 45225984 488245 6095 76429.38 69909.23 18342.36 26837.23
1717845432 2915164632 2569033952 1433234 510650 39767504 45227217 488245 6095 76292.50 69874.98 18477.33 26871.48
1717845442 2915168690 2569035532 1433234 510650 39769095 45228625 488245 6095 76254.48 69821.64 18508.66 26928.20
1717845453 2915172064 2569036966 1433234 510650 39770603 45230563 488245 6095 76263.86 69796.70 18505.86 26950.98
1717845463 2915175785 2569038458 1433234 510650 39772473 45232360 488245 6095 76274.54 69706.87 18494.76 27039.59
1717845473 2915178153 2569039214 1433234 510650 39774367 45234536 488245 6095 76250.26 69794.40 18519.00 26952.07
1717845484 2915180330 2569040222 1433234 510650 39777925 45236132 488245 6095 76051.02 69676.12 18723.09 27071.55
1717845494 2915181260 2569040726 1433234 510650 39781945 45238633 488245 6095 76044.46 70974.52 18730.34 25771.94
1717845504 2915184499 2569042046 1433234 510650 39786086 45240656 488245 6095 76060.83 70694.72 18712.03 26052.36
1717845515 2915186899 2569043038 1433234 510650 39789829 45243257 488245 6095 76004.95 71962.18 18764.82 24784.28
1717845525 2915190599 2569044684 1433234 510650 39794116 45244913 488245 6095 75964.58 71650.69 18814.52 25102.15
1717845535 2915193972 2569046012 1433234 510650 39798786 45246639 488245 6095 76935.53 71672.11 17804.06 25073.89
1717845546 2915196397 2569047118 1433234 510650 39803527 45247886 488245 6095 77101.87 71703.10 17648.41 25041.65
1717845556 2915197734 2569047584 1433234 510650 39808283 45249216 488245 6095 76982.88 71617.08 17790.59 25129.99
1717845566 2915199403 2569048278 1433234 510650 39812977 45250795 488245 6095 76978.57 71623.88 17795.33 25130.27
1717845576 2915201378 2569049374 1433234 510650 39817663 45253211 488245 6095 76550.66 71494.17 18230.42 25250.89
1717845587 2915203958 2569050530 1433234 510650 39822967 45254950 488245 6095 76439.77 71507.03 18339.62 25239.55
1717845597 2915208375 2569052462 1433234 510650 39828226 45257160 488245 6095 76676.84 71542.99 18096.93 25203.79
1717845607 2915212450 2569054444 1433234 510650 39832274 45258934 488245 6095 76996.98 70684.36 17778.25 26075.98
1717845618 2915215042 2569055808 1433234 510650 39836626 45260128 488245 6095 76923.95 71117.18 17843.83 25629.29
1717845628 2915219050 2569057434 1433234 510650 39839018 45261454 488245 6095 76788.45 70092.89 17980.31 26653.58
1717845638 2915226725 2569060388 1433234 510650 39841044 45261867 488245 6095 76756.70 70150.02 18018.46 26594.90
1717845648 2915233736 2569062892 1433234 510650 39842826 45262012 488245 6095 76149.01 70161.27 18619.79 26585.20
1717845659 2915239792 2569065054 1433234 510650 39844434 45262103 488245 6095 75819.92 70200.40 18947.77 26546.06
1717845669 2915248506 2569067768 1433234 510650 39846301 45262394 488245 6095 76353.70 70394.67 18429.51 26352.46
1717845679 2915256206 2569070604 1433234 510650 39848245 45263121 488245 6095 76335.50 69782.07 18433.12 26966.10
1717845690 2915263530 2569073258 1433234 510650 39850226 45263436 488245 6095 76066.99 69973.73 18701.63 26773.36
1717845700 2915270536 2569076296 1433234 510650 39852165 45263841 488245 6095 76018.85 69956.98 18748.79 26790.09
1717845710 2915275776 2569078412 1433234 510650 39854052 45264264 488245 6095 75936.39 69918.10 18833.40 26828.36
1717845720 2915281096 2569080568 1433234 510650 39856079 45264911 488245 6095 76128.49 69596.22 18641.93 27153.32
1717845731 2915286292 2569082976 1433234 510650 39857832 45267245 488245 6095 76585.45 70546.12 18184.72 26200.57
1717845741 2915292737 2569086666 1433234 510650 39858501 45269192 488245 6095 76477.27 70292.90 18291.36 26453.64
1717845751 2915298874 2569090170 1433234 510650 39858908 45270557 488245 6095 75996.59 71109.87 18772.04 25639.03
1717845762 2915306725 2569093854 1433234 510650 39859768 45271660 488245 6095 75473.41 70357.41 19299.40 26386.11
1717845772 2915314352 2569098106 1433234 510650 39860987 45274318 488245 6095 76020.59 68915.61 18760.64 27826.80
1717845782 2915323369 2569102492 1433234 510650 39862304 45275936 488245 6095 75036.52 69371.91 19745.61 27375.07
1717845793 2915332563 2569106740 1433234 510650 39864500 45277901 488245 6095 75354.64 69090.61 19414.43 27655.98
1717845803 2915341306 2569110244 1433234 510650 39866057 45279516 488245 6095 76222.89 69751.58 18546.31 26996.89
1717845813 2915349958 2569114716 1433234 510650 39867207 45280805 488245 6095 75526.78 69743.55 19241.45 27002.91
1717845823 2915357633 2569118624 1433234 510650 39868422 45282153 488245 6095 74665.39 69793.41 20101.74 26953.39
1717845834 2915363215 2569121310 1433234 510650 39869553 45282958 488245 6095 75228.04 69900.57 19540.58 26875.23
1717845844 2915371343 2569125100 1433234 510650 39870356 45284158 488245 6095 75153.59 69071.71 19614.60 27674.75
1717845854 2915379201 2569128846 1433234 510650 39871933 45285225 488245 6095 76324.14 69800.14 18444.62 26946.32
1717845865 2915387556 2569133298 1433234 510650 39872997 45286604 488245 6095 75723.18 71226.86 19046.10 25519.61
1717845875 2915393133 2569135962 1433234 510650 39873876 45288260 488245 6095 75883.90 70682.70 18884.31 26064.37
1717845885 2915396056 2569137044 1433234 510650 39874353 45288649 488245 6095 76016.84 71081.08 18751.78 25665.46
1717845895 2915397892 2569137990 1433234 510650 39874788 45289031 488245 6095 75684.56 70899.60 19085.15 25846.87
1717845906 2915401758 2569139946 1433234 510650 39874937 45289201 488245 6095 75775.68 70836.27 18992.95 25910.70
1717845916 2915407127 2569142966 1433234 510650 39875412 45289437 488245 6095 75721.68 70953.05 19046.95 25794.47
1717845926 2915414030 2569146764 1433234 510650 39875622 45289911 488245 6095 75710.38 70417.27 19058.77 26329.77
1717845937 2915419107 2569150136 1433234 510650 39875742 45290024 488245 6095 75474.69 70516.87 19293.93 26228.69
1717845947 2915424170 2569152750 1433234 510650 39875826 45290104 488245 6095 75452.86 70525.12 19314.83 26221.47
1717845957 2915428642 2569155786 1433234 510650 39875949 45290178 488245 6095 75463.13 70467.84 19306.15 26278.62
1717845967 2915433081 2569158426 1433234 510650 39876114 45290200 488245 6095 75453.84 70376.16 19314.35 26370.30
1717845978 2915436870 2569160978 1433234 510650 39876519 45290335 488245 6095 75121.67 70683.03 19646.95 26063.54
1717845988 2915440454 2569164008 1433234 510650 39876788 45290598 488245 6095 75025.03 72298.39 19743.60 24448.09
1717845998 2915445249 2569166946 1433234 510650 39877102 45290780 488245 6095 74756.44 72134.61 20012.19 24612.49
1717846009 2915450022 2569169660 1433234 510650 39877226 45290964 488245 6095 74829.56 72033.94 19939.06 24714.19
1717846019 2915456892 2569173004 1433234 510650 39877320 45291165 488245 6095 74819.86 71987.98 19948.77 24759.05
1717846029 2915463924 2569176490 1433234 510650 39877506 45291835 488245 6095 75177.99 71587.71 19590.64 25157.77
1717846039 2915469419 2569179824 1433234 510650 39877641 45292008 488245 6095 75242.67 71508.71 19527.05 25237.76
1717846050 2915473371 2569182102 1433234 510650 39877792 45292191 488245 6095 75375.38 71301.23 19393.25 25445.35
1717846060 2915480554 2569186328 1433234 510650 39877987 45292303 488245 6095 75203.77 71438.73 19566.10 25307.74
1717846070 2915484987 2569189028 1433234 510650 39878186 45292409 488245 6095 75157.73 71474.25 19609.42 25272.74
1717846081 2915490875 2569192582 1433234 510650 39878648 45293225 488245 6095 76309.03 71561.11 18459.16 25185.36
1717846091 2915495443 2569195184 1433234 510650 39878793 45293331 488245 6095 76290.56 72017.05 18478.07 24730.15
1717846101 2915497214 2569196242 1433234 510650 39878841 45293459 488245 6095 76230.75 72127.25 18537.99 24619.80
1717846111 2915499302 2569197474 1433234 510650 39879409 45293743 488245 6095 75623.09 72235.64 19147.32 24510.94
1717846122 2915502674 2569199286 1433234 510650 39879574 45293858 488245 6095 75634.70 72170.62 19133.92 24577.00
1717846132 2915505945 2569201264 1433234 510650 39880624 45294702 488245 6095 75834.72 73001.49 18934.95 23746.19
1717846142 2915509094 2569203248 1433234 510650 39881031 45295338 488245 6095 76203.79 73322.82 18564.83 23424.29
1717846153 2915512313 2569205798 1433234 510650 39881219 45295967 488245 6095 76237.06 72445.98 18531.56 24299.51
1717846163 2915516035 2569208448 1433234 510650 39881279 45296186 488245 6095 76286.37 72229.75 18482.25 24517.84
1717846173 2915519758 2569210854 1433234 510650 39881400 45296669 488245 6095 76599.88 71879.25 18168.28 24867.23
1717846184 2915523761 2569213010 1433234 510650 39881654 45297091 488245 6095 76509.41 71436.55 18259.21 25310.41
1717846194 2915526262 2569214612 1433234 510650 39882048 45298285 488245 6095 76120.39 71802.45 18648.23 24944.09
1717846204 2915529274 2569216074 1433234 510650 39882103 45298877 488245 6095 76523.81 72049.87 18244.32 24696.14
1717846215 2915530750 2569216804 1433234 510650 39882226 45299188 488245 6095 76535.72 72059.68 18232.90 24686.80
1717846225 2915533358 2569218356 1433234 510650 39882266 45299322 488245 6095 76553.25 72021.32 18215.94 24724.65
1717846235 2915535294 2569219268 1433234 510650 39882355 45299403 488245 6095 76544.43 72042.22 18223.70 24704.36
1717846245 2915537288 2569220396 1433234 510650 39882424 45299513 488245 6095 76509.28 72034.36 18259.34 24711.66
1717846256 2915538005 2569220990 1433234 510650 39882517 45299804 488245 6095 76974.94 72343.39 17794.73 24402.58
1717846266 2915538828 2569221526 1433234 510650 39883187 45300267 488245 6095 76443.03 71874.38 18325.60 24872.69
1717846276 2915540930 2569222860 1433234 510650 39883408 45300693 488245 6095 77654.87 72178.19 17113.79 24567.79
1717846286 2915543411 2569224454 1433234 510650 39883960 45301237 488245 6095 77594.30 72188.42 17176.38 24556.79
1717846297 2915544664 2569225530 1433234 510650 39884098 45301315 488245 6095 77549.22 72397.82 17219.41 24348.34
1717846307 2915550415 2569227852 1433234 510650 39884640 45303301 488245 6095 77347.73 70592.85 17425.79 26149.19
1717846317 2915553402 2569229094 1433234 510650 39885296 45303941 488245 6095 77352.31 70220.49 17417.86 26525.97
1717846328 2915558012 2569231122 1433234 510650 39885833 45304440 488245 6095 76758.24 70627.61 18010.95 26118.86
1717846338 2915560996 2569232646 1433234 510650 39887475 45305173 488245 6095 76778.19 70066.27 17991.57 26680.19
1717846348 2915566284 2569235400 1433234 510650 39888265 45306433 488245 6095 77073.23 70606.98 17695.46 26139.59
1717846358 2915571434 2569238578 1433234 510650 39889015 45308027 488245 6095 77356.78 69679.09 17411.85 27069.17
1717846369 2915577389 2569242150 1433234 510650 39889203 45309227 488245 6095 77354.98 69337.57 17413.15 27409.50
1717846379 2915581667 2569244618 1433234 510650 39889772 45310346 488245 6095 77114.12 69621.84 17655.69 27124.63
1717846389 2915586904 2569247678 1433234 510650 39890662 45311213 488245 6095 76381.40 70071.70 18387.23 26674.32
1717846400 2915592424 2569250870 1433234 510650 39891669 45311939 488245 6095 76909.18 70159.65 17860.05 26587.88
1717846410 2915596905 2569253724 1433234 510650 39892461 45313082 488245 6095 76909.93 69757.81 17867.78 26979.52
1717846420 2915601216 2569256478 1433234 510650 39893364 45314105 488245 6095 77076.13 69821.13 17692.65 26925.94
1717846430 2915605168 2569259052 1433234 510650 39894597 45314929 488245 6095 76410.02 70004.41 18359.64 26742.06
1717846441 2915609463 2569261802 1433234 510650 39895590 45315634 488245 6095 76951.02 70308.44 17817.11 26438.59
1717846451 2915613644 2569264700 1433234 510650 39896221 45316960 488245 6095 76763.73 69677.77 18006.62 27069.30
1717846461 2915618668 2569267640 1433234 510650 39896757 45317991 488245 6095 76676.61 69522.87 18091.60 27223.60
1717846472 2915622930 2569270418 1433234 510650 39897759 45318739 488245 6095 76922.35 69939.37 17847.44 26809.42
1717846482 2915626597 2569273022 1433234 510650 39898474 45319891 488245 6095 76485.82 69677.39 18282.93 27069.07
1717846492 2915631321 2569276006 1433234 510650 39899438 45320838 488245 6095 76966.37 69575.40 17802.25 27170.95
1717846502 2915635315 2569278648 1433234 510650 39900169 45322277 488245 6095 76808.17 69920.22 17961.67 26824.82
1717846513 2915638083 2569280200 1433234 510650 39900629 45322729 488245 6095 76974.63 70568.80 17793.99 26177.76
1717846523 2915641086 2569282016 1433234 510650 39901281 45323610 488245 6095 76870.63 70508.82 17897.66 26239.46
1717846533 2915644729 2569284436 1433234 510650 39901610 45323980 488245 6095 76599.70 70556.48 18168.93 26190.71
1717846544 2915648685 2569286390 1433234 510650 39902169 45324419 488245 6095 76127.86 70773.18 18643.37 25973.85
1717846554 2915652425 2569288780 1433234 510650 39902440 45325017 488245 6095 76453.38 70496.30 18315.77 26250.17
1717846564 2915656466 2569291518 1433234 510650 39902845 45325627 488245 6095 76410.91 69991.55 18356.82 26754.92
1717846574 2915658751 2569293352 1433234 510650 39903132 45326182 488245 6095 76357.17 70008.69 18411.22 26736.98
1717846585 2915661085 2569294712 1433234 510650 39903234 45326277 488245 6095 76287.73 69987.91 18480.90 26758.56
1717846595 2915664773 2569297150 1433234 510650 39904089 45326799 488245 6095 76291.14 69593.65 18477.48 27153.39
1717846605 2915670372 2569301022 1433234 510650 39905047 45327601 488245 6095 75667.08 70079.44 19101.55 26666.54
1717846615 2915675694 2569304632 1433234 510650 39905578 45328545 488245 6095 76425.93 69293.21 18342.74 27453.25
1717846626 2915680946 2569308464 1433234 510650 39906397 45329520 488245 6095 76292.25 70034.15 18476.52 26713.53
1717846636 2915686985 2569313016 1433234 510650 39906916 45330392 488245 6095 75851.96 69916.90 18916.67 26830.28
1717846646 2915692444 2569316946 1433234 510650 39907512 45331134 488245 6095 76225.37 69674.60 18543.25 27072.01
1717846657 2915697791 2569321204 1433234 510650 39908025 45332167 488245 6095 75942.47 69783.98 18826.28 26963.70
1717846667 2915703364 2569325136 1433234 510650 39908872 45333106 488245 6095 76015.64 69986.48 18754.16 26761.19
1717846677 2915707881 2569328396 1433234 510650 39909611 45334137 488245 6095 76416.88 69283.49 18352.79 27462.98
1717846688 2915712692 2569331760 1433234 510650 39910386 45335097 488245 6095 76409.84 70108.00 18359.97 26638.46
1717846699 2915718738 2569336268 1433234 510650 39911175 45336366 488245 6095 75957.05 70397.01 18811.09 26349.46
1717846709 2915723801 2569340266 1433234 510650 39912096 45337276 488245 6095 75781.34 69956.13 18988.45 26790.35
1717846719 2915728832 2569343620 1433234 510650 39912609 45338401 488245 6095 75847.00 69745.12 18921.62 27002.99
1717846730 2915734063 2569347454 1433234 510650 39913049 45339458 488245 6095 75811.22 69798.86 18954.98 26949.61
1717846740 2915740818 2569351914 1433234 510650 39913704 45340692 488245 6095 75888.09 70017.86 18880.18 26738.30
1717846750 2915747363 2569356778 1433234 510650 39914213 45341930 488245 6095 75920.24 70568.15 18847.95 26178.31
1717846761 2915754302 2569361110 1433234 510650 39915001 45344164 488245 6095 76165.09 69939.10 18606.16 26807.61
1717846771 2915757680 2569363370 1433234 510650 39915748 45345266 488245 6095 76245.57 70540.53 18523.15 26205.94
1717846781 2915761593 2569365678 1433234 510650 39916590 45345686 488245 6095 75864.27 71372.17 18904.36 25374.94
1717846791 2915764513 2569367822 1433234 510650 39916762 45346037 488245 6095 75889.35 71186.06 18880.99 25560.40
1717846802 2915767201 2569369578 1433234 510650 39917205 45346596 488245 6095 75975.79 71196.20 18792.84 25550.40
1717846812 2915769515 2569370976 1433234 510650 39917679 45347035 488245 6095 75836.89 71311.36 18931.73 25435.34
1717846822 2915774544 2569374750 1433234 510650 39918316 45347630 488245 6095 75516.50 70977.79 19252.13 25768.82
1717846832 2915776513 2569376456 1433234 510650 39918405 45347717 488245 6095 75389.85 71043.42 19377.91 25702.27
1717846843 2915779882 2569379084 1433234 510650 39918595 45348517 488245 6095 75630.52 71153.52 19137.61 25594.10
1717846853 2915784807 2569382682 1433234 510650 39918781 45349539 488245 6095 75489.52 70383.30 19279.10 26361.78
1717846863 2915789442 2569386028 1433234 510650 39919147 45350723 488245 6095 75527.74 70329.91 19242.48 26414.55
1717846874 2915793632 2569389096 1433234 510650 39919901 45351912 488245 6095 76350.16 69663.79 18418.47 27083.84
1717846884 2915798896 2569393166 1433234 510650 39920282 45352364 488245 6095 75350.24 70452.49 19418.02 26293.97
1717846894 2915804866 2569397814 1433234 510650 39920697 45353444 488245 6095 75577.29 70234.14 19192.99 26512.33
1717846905 2915810070 2569402294 1433234 510650 39921074 45354310 488245 6095 75853.12 70429.60 18893.59 26308.99
1717846915 2915815975 2569406864 1433234 510650 39921756 45355313 488245 6095 75806.34 70315.59 18962.29 26430.42
1717846925 2915821282 2569410772 1433234 510650 39922000 45356561 488245 6095 75706.42 70165.97 19062.43 26581.70
1717846935 2915827680 2569415308 1433234 510650 39922776 45357917 488245 6095 75506.52 70189.59 19262.11 26556.99
1717846946 2915833761 2569419684 1433234 510650 39923922 45358609 488245 6095 75750.98 69910.64 19018.13 26835.83
1717846956 2915840772 2569424796 1433234 510650 39925277 45358930 488245 6095 75814.50 70127.20 18953.25 26619.27
1717846966 2915846484 2569428940 1433234 510650 39926813 45359189 488245 6095 75518.00 70269.94 19251.29 26476.52
1717846977 2915851205 2569432396 1433234 510650 39928179 45359468 488245 6095 75918.07 70147.96 18852.98 26598.50
1717846987 2915855182 2569435262 1433234 510650 39929326 45361506 488245 6095 75517.29 68555.29 19252.88 28196.02
1717846997 2915863914 2569440124 1433234 510650 39930505 45362614 488245 6095 75291.57 68554.16 19477.06 28192.39
1717847007 2915870425 2569444084 1433234 510650 39930891 45363799 488245 6095 75871.76 68475.01 18896.32 28272.50
1717847018 2915875957 2569447170 1433234 510650 39931748 45364628 488245 6095 75558.33 69228.85 19209.84 27517.62
1717847028 2915881056 2569449982 1433234 510650 39932837 45365521 488245 6095 76080.04 68921.75 18689.64 27829.59
1717847038 2915884270 2569451560 1433234 510650 39933370 45366073 488245 6095 76028.43 69318.86 18740.22 27426.62
1717847049 2915887195 2569452826 1433234 510650 39933819 45366587 488245 6095 77148.36 69552.60 17620.26 27194.39
1717847059 2915892041 2569454976 1433234 510650 39934202 45366721 488245 6095 76798.35 69886.99 17971.05 26858.49
1717847069 2915897291 2569457210 1433234 510650 39934798 45366924 488245 6095 76369.32 69760.16 18399.30 26986.40
1717847079 2915902236 2569459456 1433234 510650 39935311 45367552 488245 6095 76194.79 71298.56 18577.84 25448.60
1717847090 2915906783 2569462896 1433234 510650 39936027 45368353 488245 6095 75398.81 71209.79 19369.82 25536.23
1717847100 2915911786 2569466452 1433234 510650 39936251 45368835 488245 6095 75881.72 71056.95 18886.90 25689.65
1717847110 2915915228 2569468712 1433234 510650 39936846 45369360 488245 6095 75417.32 70768.88 19353.24 25977.59
1717847121 2915919945 2569472774 1433234 510650 39939661 45369947 488245 6095 75179.02 70529.37 19582.35 26217.10
1717847131 2915923596 2569475838 1433234 510650 39940257 45370263 488245 6095 75350.61 69766.53 19418.09 26979.94
1717847141 2915927623 2569479036 1433234 510650 39940717 45370542 488245 6095 74901.85 70062.07 19865.85 26684.40
1717847151 2915932651 2569483294 1433234 510650 39941260 45370615 488245 6095 74889.25 70003.55 19879.94 26742.91
1717847162 2915936707 2569486238 1433234 510650 39941824 45372398 488245 6095 74655.85 70348.25 20112.41 26390.34
1717847172 2915940391 2569488838 1433234 510650 39942261 45373828 488245 6095 74478.17 70936.38 20291.00 25812.08
1717847182 2915944968 2569492316 1433234 510650 39942597 45374153 488245 6095 74607.64 69986.09 20162.20 26760.38
1717847193 2915948790 2569494410 1433234 510650 39942793 45374287 488245 6095 74559.19 70399.36 20209.99 26347.11
1717847203 2915952796 2569497238 1433234 510650 39943241 45374883 488245 6095 74797.05 70257.56 19972.80 26490.72
1717847213 2915957491 2569500910 1433234 510650 39944156 45377659 488245 6095 74948.59 70556.59 19820.04 26198.22
1717847223 2915962308 2569504366 1433234 510650 39944859 45378402 488245 6095 74770.60 70339.48 19998.14 26406.99
1717847234 2915969400 2569507608 1433234 510650 39945895 45379900 488245 6095 73954.20 68970.04 20814.42 27776.48
1717847244 2915974175 2569509768 1433234 510650 39946390 45380095 488245 6095 73998.91 69504.98 20770.39 27241.59
1717847254 2915979303 2569512206 1433234 510650 39947676 45382810 488245 6095 73320.18 70487.61 21448.45 26260.57
1717847265 2915985958 2569516022 1433234 510650 39948177 45383574 488245 6095 72857.95 69738.76 21912.01 27007.73
1717847275 2915992988 2569519482 1433234 510650 39948591 45384145 488245 6095 73610.05 69707.97 21157.62 27038.49
1717847285 2915997540 2569522304 1433234 510650 39948844 45384340 488245 6095 73573.95 69720.61 21194.68 27025.44
1717847295 2916001407 2569524894 1433234 510650 39949050 45384446 488245 6095 73513.64 70358.28 21256.59 26388.19
1717847306 2916004849 2569526930 1433234 510650 39949223 45384531 488245 6095 73489.88 70375.76 21279.79 26370.71
1717847316 2916008502 2569529276 1433234 510650 39949964 45384703 488245 6095 73136.71 70495.79 21632.46 26250.68
1717847326 2916016055 2569532422 1433234 510650 39950398 45385059 488245 6095 73212.04 70223.16 21557.21 26523.30
1717847337 2916020419 2569534086 1433234 510650 39950598 45385163 488245 6095 73427.84 70120.39 21342.51 26626.07
1717847347 2916023802 2569535262 1433234 510650 39950722 45385314 488245 6095 73676.97 70044.39 21091.66 26703.18
1717847357 2916026801 2569536414 1433234 510650 39950855 45385435 488245 6095 73603.78 69908.77 21164.35 26837.75
1717847367 2916028763 2569537058 1433234 510650 39950992 45385600 488245 6095 73600.82 69891.68 21167.80 26855.46
1717847378 2916031811 2569538088 1433234 510650 39951142 45385753 488245 6095 73485.40 69968.89 21283.23 26778.73
1717847388 2916034558 2569539196 1433234 510650 39951238 45385892 488245 6095 73403.46 69986.00 21365.16 26761.49
1717847398 2916036993 2569539946 1433234 510650 39951275 45386095 488245 6095 73416.37 69922.67 21352.26 26824.44
1717847408 2916040053 2569540888 1433234 510650 39951392 45386277 488245 6095 73496.54 69813.62 21272.68 26932.83
1717847419 2916043474 2569541930 1433234 510650 39951576 45386429 488245 6095 73546.03 69654.29 21222.60 27092.18
1717847429 2916046556 2569543122 1433234 510650 39951801 45386613 488245 6095 73381.38 69603.13 21390.00 27143.33
1717847439 2916048292 2569543796 1433234 510650 39951967 45386700 488245 6095 73401.31 69496.36 21367.32 27251.22
1717847450 2916050113 2569544532 1433234 510650 39952050 45386803 488245 6095 73384.81 69455.90 21391.94 27289.59
1717847460 2916051414 2569545366 1433234 510650 39952150 45386901 488245 6095 73399.72 69385.74 21368.93 27360.73
1717847470 2916052285 2569545744 1433234 510650 39952317 45386936 488245 6095 73561.23 69406.16 21207.40 27340.88
1717847480 2916057524 2569547654 1433234 510650 39953036 45388579 488245 6095 72752.76 68046.43 22015.87 28700.67
1717847491 2916060593 2569548668 1433234 510650 39953103 45388711 488245 6095 72671.96 68074.73 22096.66 28672.36
1717847501 2916062293 2569549050 1433234 510650 39953267 45388835 488245 6095 72584.90 68119.39 22184.34 28627.08
1717847511 2916063871 2569549738 1433234 510650 39953589 45388885 488245 6095 72499.66 68151.32 22268.97 28595.20
1717847521 2916065647 2569550506 1433234 510650 39953799 45388977 488245 6095 72416.29 68194.43 22352.38 28552.04
1717847532 2916067783 2569551572 1433234 510650 39954072 45389017 488245 6095 72333.43 68225.71 22435.36 28520.75
1717847542 2916071329 2569553050 1433234 510650 39954315 45389102 488245 6095 72279.06 68227.60 22489.56 28518.44
1717847552 2916076849 2569555594 1433234 510650 39954672 45389238 488245 6095 72072.78 68229.78 22699.05 28516.68
1717847562 2916080928 2569557296 1433234 510650 39955002 45389263 488245 6095 71967.65 68224.62 22801.55 28521.85
1717847573 2916085566 2569558950 1433234 510650 39955641 45389424 488245 6095 71536.18 68537.90 23231.96 28209.15
1717847583 2916092182 2569561486 1433234 510650 39955804 45389594 488245 6095 71478.11 68525.78 23291.13 28220.69
1717847594 2916098416 2569564144 1433234 510650 39955954 45389721 488245 6095 71514.08 68422.37 23254.55 28324.12
1717847604 2916103226 2569566342 1433234 510650 39956023 45389928 488245 6095 71497.85 68370.66 23270.78 28374.82
1717847614 2916107302 2569568066 1433234 510650 39956142 45390047 488245 6095 71439.53 68364.08 23328.66 28382.39
1717847625 2916114455 2569570742 1433234 510650 39956323 45390139 488245 6095 71339.89 68410.22 23428.74 28335.89
1717847635 2916120201 2569573248 1433234 510650 39956433 45390281 488245 6095 71297.71 68371.31 23472.06 28375.16
1717847645 2916125929 2569575494 1433234 510650 39956551 45390525 488245 6095 71472.88 68129.19 23295.25 28617.78
1717847656 2916131364 2569577724 1433234 510650 39956660 45390729 488245 6095 71475.64 68051.93 23292.98 28694.53
1717847666 2916137181 2569580352 1433234 510650 39956767 45390906 488245 6095 71442.35 68012.59 23326.27 28732.89
1717847677 2916144573 2569583740 1433234 510650 39956846 45391058 488245 6095 71449.83 67956.08 23319.93 28790.38
1717847687 2916149322 2569585596 1433234 510650 39957048 45391155 488245 6095 71398.39 67952.94 23369.90 28793.52
1717847697 2916155832 2569588652 1433234 510650 39957345 45391205 488245 6095 71187.23 68100.62 23581.40 28646.89
1717847707 2916159985 2569590576 1433234 510650 39957484 45391296 488245 6095 71194.09 68025.30 23574.54 28720.70
1717847718 2916166844 2569593656 1433234 510650 39957628 45391443 488245 6095 71225.50 67922.79 23544.40 28823.68
1717847728 2916172663 2569596134 1433234 510650 39957768 45391542 488245 6095 71220.93 67816.74 23548.21 28941.73
1717847739 2916176802 2569598362 1433234 510650 39957944 45391630 488245 6095 71225.61 67185.51 23543.57 29560.95
1717847749 2916183461 2569601038 1433234 510650 39958127 45391770 488245 6095 71100.80 67102.21 23665.47 29646.90
1717847760 2916187650 2569602958 1433234 510650 39958208 45391950 488245 6095 71157.58 66981.41 23611.10 29765.05
1717847770 2916190897 2569604412 1433234 510650 39958399 45392037 488245 6095 70949.89 66337.26 23818.74 30410.83
1717847781 2916197412 2569607672 1433234 510650 39958492 45392194 488245 6095 71076.54 67053.81 23691.63 29692.66
1717847791 2916204480 2569611050 1433234 510650 39958610 45392295 488245 6095 71012.14 66921.29 23755.99 29822.23
1717847801 2916210437 2569614088 1433234 510650 39958686 45392437 488245 6095 70991.49 66881.94 23777.13 29865.14
1717847812 2916217074 2569616854 1433234 510650 39958869 45392530 488245 6095 70365.16 66680.55 24427.62 30065.91
1717847822 2916225000 2569620898 1433234 510650 39959001 45392624 488245 6095 70616.51 67282.12 24152.66 29464.34
1717847833 2916233028 2569624518 1433234 510650 39959086 45392789 488245 6095 70623.87 67077.72 24144.29 29668.74
1717847843 2916237238 2569626344 1433234 510650 39959270 45392828 488245 6095 70597.70 67045.87 24170.93 29701.80
1717847853 2916242561 2569628772 1433234 510650 39959427 45392920 488245 6095 70626.99 66088.74 24141.68 30676.45
1717847864 2916249057 2569632200 1433234 510650 39959545 45393031 488245 6095 70689.75 66941.62 24078.88 29805.50
1717847874 2916254339 2569634742 1433234 510650 39959627 45393175 488245 6095 70651.82 66782.71 24116.41 29963.75
1717847884 2916259151 2569637334 1433234 510650 39959755 45393253 488245 6095 70620.73 66834.21 24147.89 29912.30
1717847895 2916265551 2569640502 1433234 510650 39959855 45393412 488245 6095 70591.09 66901.11 24099.73 29845.36
1717847905 2916270282 2569642978 1433234 510650 39959984 45393494 488245 6095 70487.15 68995.47 24281.47 27751.57
1717847915 2916273321 2569644262 1433234 510650 39960087 45393628 488245 6095 72313.89 69102.64 22454.74 27668.44
1717847926 2916277833 2569647672 1433234 510650 39960415 45394015 488245 6095 71504.61 68092.05 23268.19 28655.62
1717847936 2916284196 2569651674 1433234 510650 39961215 45394937 488245 6095 71299.58 68589.54 23469.61 28182.59
1717847947 2916289869 2569655098 1433234 510650 39961760 45395352 488245 6095 70640.48 68850.96 24127.72 27895.50
1717847957 2916293962 2569657642 1433234 510650 39963434 45395998 488245 6095 70621.41 68040.57 24145.25 28706.62
1717847967 2916299376 2569662068 1433234 510650 39965520 45396399 488245 6095 70573.71 67551.60 24196.00 29194.86
1717847977 2916306724 2569666868 1433234 510650 39966021 45396668 488245 6095 69434.35 67796.32 25333.78 28966.25
1717847988 2916312526 2569670688 1433234 510650 39966237 45396893 488245 6095 69528.20 68463.99 25240.43 28283.05
1717847999 2916316504 2569673104 1433234 510650 39967850 45397487 488245 6095 70086.80 68339.75 24700.30 28405.85
1717848009 2916322122 2569676474 1433234 510650 39970128 45397942 488245 6095 70050.41 68003.44 24718.22 28743.63
1717848020 2916326590 2569679108 1433234 510650 39970501 45398349 488245 6095 69591.57 68250.25 25177.06 28497.32
1717848030 2916330596 2569681932 1433234 510650 39970586 45398464 488245 6095 69539.40 68243.54 25229.22 28500.98
1717848040 2916334264 2569683974 1433234 510650 39970922 45398665 488245 6095 69421.32 68024.20 25349.48 28722.27
1717848051 2916337187 2569685734 1433234 510650 39973389 45399383 488245 6095 70784.03 68571.80 23985.15 28174.66
1717848061 2916341860 2569688898 1433234 510650 39974282 45400402 488245 6095 69772.93 68327.33 24998.45 28419.13
1717848071 2916346935 2569691924 1433234 510650 39975057 45400851 488245 6095 69494.60 68136.66 25274.61 28627.80
1717848082 2916349650 2569693978 1433234 510650 39975546 45401295 488245 6095 69327.50 68175.47 25441.12 28572.14
1717848092 2916353845 2569696588 1433234 510650 39978901 45401559 488245 6095 69445.21 68033.68 25325.25 28712.79
1717848102 2916361493 2569701596 1433234 510650 39980007 45401899 488245 6095 70087.41 68073.78 24682.83 28672.69
1717848113 2916369949 2569706806 1433234 510650 39980535 45402018 488245 6095 69342.49 68020.07 25426.14 28726.45
1717848123 2916376145 2569710370 1433234 510650 39980906 45402351 488245 6095 69283.87 67997.71 25487.70 28746.75
1717848133 2916381896 2569714004 1433234 510650 39981175 45402524 488245 6095 70960.49 68291.02 23808.70 28454.95
1717848144 2916385668 2569716810 1433234 510650 39981349 45402617 488245 6095 71727.85 68505.00 23041.28 28241.46
1717848154 2916389625 2569720074 1433234 510650 39981571 45402732 488245 6095 72113.45 69842.80 22659.27 26903.66
1717848164 2916394631 2569723950 1433234 510650 39982445 45404018 488245 6095 71792.18 68945.31 22976.45 27802.55
1717848174 2916397397 2569726214 1433234 510650 39982852 45404650 488245 6095 71712.85 69242.98 23055.77 27502.59
1717848185 2916401592 2569728970 1433234 510650 39983592 45405177 488245 6095 71103.38 69169.47 23665.25 27577.19
1717848195 2916405859 2569732092 1433234 510650 39983988 45408181 488245 6095 70577.92 69499.89 24190.73 27246.58
1717848205 2916410852 2569736044 1433234 510650 39984606 45408840 488245 6095 69654.08 68970.89 25137.08 27774.67
1717848216 2916416142 2569739456 1433234 510650 39984856 45408945 488245 6095 69756.88 68886.71 25011.74 27859.83
1717848226 2916417978 2569740856 1433234 510650 39984949 45409291 488245 6095 69777.33 68686.08 24991.29 28085.02
1717848236 2916422459 2569743864 1433234 510650 39985718 45411977 488245 6095 70704.18 68534.36 24062.48 28205.73
1717848246 2916426282 2569746818 1433234 510650 39986270 45412966 488245 6095 70971.30 67755.68 23798.41 28991.87
1717848257 2916430015 2569749514 1433234 510650 39986471 45413154 488245 6095 70771.32 67577.59 23997.74 29168.88
1717848267 2916432823 2569751122 1433234 510650 39986634 45413232 488245 6095 70600.84 66651.11 24168.41 30095.35
1717848277 2916435878 2569753254 1433234 510650 39987336 45415401 488245 6095 70365.80 67692.33 24400.98 29048.72
1717848288 2916439700 2569756326 1433234 510650 39987758 45416247 488245 6095 71207.52 67721.54 23501.53 29050.52
1717848298 2916446083 2569760354 1433234 510650 39988484 45416736 488245 6095 70706.51 67819.58 24062.11 28926.58
1717848308 2916449688 2569762996 1433234 510650 39989022 45417436 488245 6095 70715.54 66984.48 24053.69 29762.49
1717848318 2916451673 2569764578 1433234 510650 39989830 45419594 488245 6095 71022.86 68187.75 23747.69 28559.93
1717848329 2916455920 2569767650 1433234 510650 39990411 45420761 488245 6095 70850.50 67879.68 23918.12 28868.37
1717848339 2916460601 2569770902 1433234 510650 39990729 45421147 488245 6095 70431.64 67872.12 24336.99 28873.87
1717848349 2916465571 2569774370 1433234 510650 39991159 45421435 488245 6095 70361.63 67198.68 24408.19 29548.89
1717848360 2916468667 2569776448 1433234 510650 39991336 45421591 488245 6095 70925.49 68081.66 23843.13 28665.92
1717848370 2916472041 2569779380 1433234 510650 39991632 45421690 488245 6095 70701.36 67790.05 24067.82 28956.41
1717848380 2916475556 2569782116 1433234 510650 39991957 45421864 488245 6095 70726.18 67899.70 24043.58 28846.77
1717848391 2916479211 2569784748 1433234 510650 39992439 45422205 488245 6095 70275.74 67520.21 24492.89 29260.48
1717848402 2916482383 2569787162 1433234 510650 39992630 45422508 488245 6095 70244.15 68175.19 24525.09 28571.27
1717848412 2916485868 2569789344 1433234 510650 39992754 45422601 488245 6095 70246.37 68039.75 24522.26 28706.27
1717848422 2916489315 2569791624 1433234 510650 39992848 45422694 488245 6095 70256.31 68038.24 24512.39 28708.32
1717848433 2916492023 2569793376 1433234 510650 39992968 45422800 488245 6095 70079.27 67152.94 24689.36 29610.95
1717848443 2916495648 2569795444 1433234 510650 39993051 45422928 488245 6095 70075.88 68110.74 24692.75 28636.34
1717848453 2916498634 2569797488 1433234 510650 39993092 45423078 488245 6095 70059.79 67977.69 24708.84 28768.80
1717848464 2916502296 2569799662 1433234 510650 39993152 45423190 488245 6095 71980.11 68169.54 22789.16 28576.92
1717848474 2916505517 2569801588 1433234 510650 39993245 45423294 488245 6095 71974.49 67679.07 22794.14 29084.21
1717848484 2916509580 2569804314 1433234 510650 39993324 45423401 488245 6095 71970.51 68459.21 22798.12 28287.28
1717848494 2916512110 2569806344 1433234 510650 39993357 45423665 488245 6095 72330.05 69212.56 22438.57 27533.90
1717848505 2916515933 2569809516 1433234 510650 39993867 45425020 488245 6095 71982.87 68830.50 22785.90 27917.18
1717848515 2916518936 2569812022 1433234 510650 39994069 45425411 488245 6095 72009.59 68468.29 22759.11 28278.17
1717848525 2916522740 2569814880 1433234 510650 39994838 45425829 488245 6095 71256.57 69139.39 23512.05 27609.37
1717848536 2916527670 2569819108 1433234 510650 39995213 45429168 488245 6095 71015.87 68360.86 23752.76 28412.30
1717848546 2916533740 2569823880 1433234 510650 39995423 45430091 488245 6095 70856.85 67927.92 23911.77 28835.61
1717848556 2916537439 2569827182 1433234 510650 39995549 45430271 488245 6095 71012.48 67275.62 23756.15 29471.34
1717848566 2916541458 2569830580 1433234 510650 39995742 45430642 488245 6095 70493.38 67924.43 24275.40 28822.04
1717848577 2916544876 2569833286 1433234 510650 39995904 45434572 488245 6095 70896.56 69161.24 23871.67 27587.23
1717848587 2916550412 2569837426 1433234 510650 39996227 45435574 488245 6095 70903.13 68046.48 23865.63 28699.99
1717848597 2916555130 2569841148 1433234 510650 39996328 45435826 488245 6095 71116.42 67979.23 23652.21 28766.88
1717848608 2916558155 2569843808 1433234 510650 39996450 45436035 488245 6095 71148.46 67939.30 23620.16 28807.78
1717848618 2916560975 2569846186 1433234 510650 39996547 45438999 488245 6095 71102.54 68650.90 23665.63 28099.20
1717848628 2916564554 2569848992 1433234 510650 39996700 45440228 488245 6095 71185.86 68914.45 23582.77 27832.15
1717848638 2916568948 2569852536 1433234 510650 39996916 45440794 488245 6095 71113.21 67996.07 23657.27 28750.39
1717848649 2916572833 2569855338 1433234 510650 39997551 45441986 488245 6095 71278.08 67887.98 23490.55 28858.63
1717848659 2916575666 2569857882 1433234 510650 39997988 45444454 488245 6095 71285.34 68599.61 23483.99 28152.20
1717848669 2916579436 2569861026 1433234 510650 39998398 45445934 488245 6095 71165.96 68325.92 23602.67 28422.18
1717848680 2916583836 2569864466 1433234 510650 39998822 45446368 488245 6095 70503.16 68370.40 24265.46 28377.10
1717848690 2916587515 2569867496 1433234 510650 39999139 45446774 488245 6095 70600.47 68290.62 24168.15 28459.22
1717848700 2916590049 2569869140 1433234 510650 39999216 45447031 488245 6095 71152.79 68407.19 23614.59 28339.28
1717848710 2916591034 2569869794 1433234 510650 39999418 45447109 488245 6095 71010.18 68390.90 23758.97 28356.12
1717848721 2916593583 2569871792 1433234 510650 39999671 45447618 488245 6095 70921.28 68271.93 23847.41 28474.53
1717848731 2916595125 2569873044 1433234 510650 40000099 45447787 488245 6095 70001.05 68214.82 24767.57 28532.77
1717848741 2916597484 2569875160 1433234 510650 40000195 45447912 488245 6095 71011.81 68274.48 23756.82 28473.33
1717848752 2916599810 2569877114 1433234 510650 40000245 45448049 488245 6095 70921.18 68239.93 23847.45 28506.09
1717848762 2916603091 2569879824 1433234 510650 40000263 45448195 488245 6095 70923.23 68064.05 23845.40 28681.61
1717848772 2916604663 2569880954 1433234 510650 40000341 45448315 488245 6095 70102.79 68045.96 24592.98 28702.24
1717848782 2916605994 2569882104 1433234 510650 40000433 45448407 488245 6095 71012.39 68062.00 23756.36 28684.46
1717848793 2916608231 2569883912 1433234 510650 40000557 45448449 488245 6095 70719.62 68062.31 24048.52 28684.16
1717848803 2916611109 2569886416 1433234 510650 40000738 45448457 488245 6095 70325.86 68029.98 24442.77 28717.61
1717848813 2916612483 2569887664 1433234 510650 40000825 45448555 488245 6095 69711.54 68190.91 25057.09 28555.70
1717848824 2916613477 2569888426 1433234 510650 40000972 45448670 488245 6095 70274.33 68081.40 24494.29 28665.15
1717848834 2916614695 2569889234 1433234 510650 40000998 45448807 488245 6095 70065.80 68152.99 24720.82 28593.57
1717848844 2916617505 2569891890 1433234 510650 40001157 45448882 488245 6095 70306.69 68126.98 24461.10 28619.48
1717848854 2916619012 2569893244 1433234 510650 40001305 45448914 488245 6095 70308.34 68005.57 24460.94 28740.90
1717848865 2916619945 2569894096 1433234 510650 40001502 45448933 488245 6095 70267.30 68138.19 24502.43 28608.28
1717848875 2916621151 2569895144 1433234 510650 40001648 45448943 488245 6095 70266.86 68146.52 24501.34 28599.95
1717848885 2916624102 2569897614 1433234 510650 40001856 45448963 488245 6095 70411.23 68032.37 24357.39 28715.26
1717848895 2916624688 2569898098 1433234 510650 40001951 45449032 488245 6095 70225.94 68114.76 24542.10 28630.19
1717848906 2916625538 2569898838 1433234 510650 40002106 45449102 488245 6095 70271.71 68134.93 24496.92 28611.16
1717848916 2916627518 2569900596 1433234 510650 40002165 45449203 488245 6095 70267.08 68133.48 24501.55 28613.62
1717848926 2916628819 2569901716 1433234 510650 40002303 45449297 488245 6095 70881.67 67548.61 23887.55 29197.86
1717848937 2916630768 2569903512 1433234 510650 40002433 45449331 488245 6095 70471.55 67665.54 24298.95 29080.53
1717848947 2916632977 2569905452 1433234 510650 40002590 45449477 488245 6095 70470.33 67878.43 24298.29 28867.58
1717848957 2916633540 2569905932 1433234 510650 40002666 45449693 488245 6095 70468.98 67258.68 24300.21 29487.79
1717848967 2916635432 2569907652 1433234 510650 40002896 45449719 488245 6095 70307.83 67360.26 24460.83 29386.21
1717848978 2916638572 2569910386 1433234 510650 40003046 45449722 488245 6095 70318.05 67349.06 24450.09 29398.51
1717848988 2916640101 2569911810 1433234 510650 40003209 45449842 488245 6095 70287.09 67502.37 24482.18 29244.10
1717848998 2916642053 2569913626 1433234 510650 40003358 45449845 488245 6095 70283.50 67507.45 24485.78 29239.02
1717849008 2916644623 2569915980 1433234 510650 40003531 45449925 488245 6095 70290.43 67393.92 24478.20 29353.21
1717849019 2916646221 2569917454 1433234 510650 40003612 45450002 488245 6095 70289.15 67380.09 24479.00 29366.37
1717849029 2916649724 2569920630 1433234 510650 40003843 45450149 488245 6095 70269.20 67355.09 24499.54 29391.37
1717849039 2916651276 2569921908 1433234 510650 40003937 45450307 488245 6095 70279.72 67287.06 24488.90 29460.46
1717849050 2916652935 2569923412 1433234 510650 40004083 45450403 488245 6095 70297.10 67220.60 24471.06 29525.87
1717849060 2916655232 2569925396 1433234 510650 40004230 45450452 488245 6095 70381.36 67307.84 24386.95 29438.62
1717849070 2916657412 2569927502 1433234 510650 40004439 45450475 488245 6095 70360.82 67323.20 24407.80 29423.34
1717849080 2916659111 2569929044 1433234 510650 40004519 45450567 488245 6095 70362.83 67244.50 24406.37 29501.97
1717849091 2916660810 2569930486 1433234 510650 40004739 45450577 488245 6095 70377.20 67262.08 24391.42 29485.47
1717849101 2916662923 2569932450 1433234 510650 40004791 45450724 488245 6095 70372.28 67342.02 24396.35 29405.06
1717849111 2916664257 2569933684 1433234 510650 40004954 45450803 488245 6095 70337.87 67358.29 24431.49 29388.17
1717849121 2916665340 2569934584 1433234 510650 40005107 45450821 488245 6095 70333.64 67278.90 24435.57 29467.56
1717849132 2916667748 2569936734 1433234 510650 40005314 45450912 488245 6095 70378.03 65970.16 24390.59 30799.06
1717849142 2916670325 2569939098 1433234 510650 40005432 45450955 488245 6095 70377.70 66740.17 24391.02 30006.88
1717849152 2916673026 2569941630 1433234 510650 40005587 45451072 488245 6095 70357.25 66519.68 24411.38 30227.39
1717849162 2916674997 2569943444 1433234 510650 40005674 45451141 488245 6095 70352.57 66515.10 24415.56 30231.36
1717849173 2916676450 2569944712 1433234 510650 40005867 45451275 488245 6095 70371.93 66755.65 24396.69 29992.40
1717849183 2916677913 2569946076 1433234 510650 40005951 45451347 488245 6095 70367.82 66755.25 24400.99 29991.22
1717849193 2916679989 2569947968 1433234 510650 40006147 45451419 488245 6095 70344.58 66569.25 24424.05 30176.84
1717849204 2916681016 2569948862 1433234 510650 40006224 45451500 488245 6095 70342.75 66569.11 24425.88 30176.91
1717849214 2916682322 2569950080 1433234 510650 40006315 45451729 488245 6095 70373.50 66752.95 24395.13 29994.06
1717849224 2916683989 2569951600 1433234 510650 40006401 45451814 488245 6095 70376.88 66670.21 24392.82 30076.25
1717849234 2916685059 2569952596 1433234 510650 40006620 45451849 488245 6095 70339.30 66573.45 24429.87 30173.02
1717849245 2916686091 2569953472 1433234 510650 40006767 45451902 488245 6095 70336.57 66657.12 24431.65 30089.34
1717849255 2916689299 2569956408 1433234 510650 40006961 45451990 488245 6095 70379.44 66743.20 24389.19 30003.38
1717849265 2916691432 2569958362 1433234 510650 40007038 45452084 488245 6095 70386.42 66654.68 24382.70 30093.35
1717849275 2916692938 2569959708 1433234 510650 40007201 45452171 488245 6095 70339.02 66570.82 24428.71 30175.65
1717849286 2916694549 2569961098 1433234 510650 40007259 45452319 488245 6095 70337.16 66647.05 24431.46 30100.59
1717849296 2916697043 2569963388 1433234 510650 40007481 45452498 488245 6095 70213.94 66753.01 24554.86 29993.45
1717849307 2916699494 2569965616 1433234 510650 40007760 45452566 488245 6095 70691.88 66673.79 24076.75 30073.28
1717849317 2916700649 2569966608 1433234 510650 40007997 45452712 488245 6095 71316.64 66651.27 23451.99 30095.79
1717849327 2916702335 2569968174 1433234 510650 40008028 45452832 488245 6095 71316.59 66650.87 23452.04 30096.19
1717849337 2916703650 2569969388 1433234 510650 40008185 45452975 488245 6095 71334.76 66682.73 23433.87 30063.73
1717849348 2916705044 2569970684 1433234 510650 40008322 45452992 488245 6095 71332.54 66680.05 23436.09 30067.12
1717849358 2916706912 2569972404 1433234 510650 40008488 45453121 488245 6095 71325.16 66641.04 23443.59 30105.43
1717849368 2916708897 2569974270 1433234 510650 40008577 45453186 488245 6095 71320.83 66644.42 23447.79 30102.58
1717849379 2916710514 2569975748 1433234 510650 40008729 45453330 488245 6095 71332.89 66683.52 23436.31 30062.94
1717849389 2916712885 2569977908 1433234 510650 40008852 45453398 488245 6095 71347.31 66748.75 23421.32 29997.32
1717849399 2916714667 2569979524 1433234 510650 40009069 45453443 488245 6095 71806.77 66771.16 22961.95 29975.31
1717849409 2916716447 2569980968 1433234 510650 40009412 45453476 488245 6095 72379.12 66844.59 22390.62 29901.88
1717849420 2916718939 2569983192 1433234 510650 40009652 45453599 488245 6095 72213.12 66965.79 22556.05 29780.68
1717849430 2916720411 2569984488 1433234 510650 40009776 45453677 488245 6095 72436.22 66819.49 22332.40 29927.05
1717849440 2916722560 2569986434 1433234 510650 40009849 45453800 488245 6095 72284.84 66741.53 22482.80 30004.45
1717849450 2916724839 2569988536 1433234 510650 40009953 45453866 488245 6095 72315.97 66665.36 22452.35 30080.65
1717849461 2916725673 2569989276 1433234 510650 40010172 45453958 488245 6095 72381.78 66777.69 22386.84 29969.49
1717849471 2916728548 2569991860 1433234 510650 40010269 45454082 488245 6095 72203.53 66922.89 22565.20 29823.64
1717849481 2916730332 2569993380 1433234 510650 40010419 45454161 488245 6095 72159.49 66700.57 22609.14 30047.01
1717849491 2916731824 2569994742 1433234 510650 40010467 45454268 488245 6095 72157.96 66702.27 22610.67 30045.27
1717849502 2916732311 2569995202 1433234 510650 40010584 45454486 488245 6095 72224.05 66845.79 22544.57 29900.76
1717849512 2916734455 2569997162 1433234 510650 40010637 45454584 488245 6095 72215.60 66848.20 22553.13 29897.77
1717849523 2916736343 2569998884 1433234 510650 40010726 45454708 488245 6095 72060.35 66698.10 22708.27 30048.42
1717849533 2916737117 2569999616 1433234 510650 40010766 45454819 488245 6095 72065.52 66689.03 22703.10 30057.52
1717849543 2916738866 2570001176 1433234 510650 40010935 45454997 488245 6095 72023.77 66861.01 22744.85 29885.54
1717849554 2916740221 2570002454 1433234 510650 40010970 45455135 488245 6095 72031.45 66724.47 22738.21 30021.99
1717849564 2916740902 2570003076 1433234 510650 40011094 45455216 488245 6095 71912.47 66662.83 22856.15 30084.87
1717849574 2916743560 2570005398 1433234 510650 40011198 45455318 488245 6095 71661.72 66994.04 23107.02 29752.42
1717849584 2916745022 2570006662 1433234 510650 40011359 45455425 488245 6095 71840.52 67045.94 22928.11 29700.64
1717849595 2916747012 2570008508 1433234 510650 40011380 45455575 488245 6095 71876.12 66926.77 22892.50 29820.22
1717849605 2916748521 2570009884 1433234 510650 40011485 45455675 488245 6095 71739.61 66828.15 23029.62 29917.94
1717849615 2916750986 2570012022 1433234 510650 40011530 45455837 488245 6095 71900.49 66750.49 22868.14 29995.53
1717849626 2916751768 2570012750 1433234 510650 40011607 45456016 488245 6095 72562.03 66863.57 22206.59 29883.51
1717849636 2916753638 2570014472 1433234 510650 40011806 45456109 488245 6095 72285.76 66843.09 22482.96 29903.38
1717849646 2916755826 2570016356 1433234 510650 40012046 45456232 488245 6095 72849.93 66292.20 21918.69 30467.21
1717849656 2916757691 2570018022 1433234 510650 40012069 45456385 488245 6095 72900.00 66824.03 21868.62 29923.57
1717849667 2916759274 2570019396 1433234 510650 40012149 45456539 488245 6095 72916.74 66816.48 21851.53 29929.99
1717849677 2916760519 2570020534 1433234 510650 40012245 45456598 488245 6095 72922.68 66806.64 21845.94 29940.53
1717849687 2916762126 2570021918 1433234 510650 40012290 45456778 488245 6095 72930.25 67112.27 21838.38 29634.72
1717849698 2916763354 2570023022 1433234 510650 40012384 45457064 488245 6095 72805.46 67846.98 21963.17 28900.11
1717849708 2916764519 2570024062 1433234 510650 40013260 45457665 488245 6095 72490.86 67483.39 22278.33 29263.07
1717849718 2916766425 2570025660 1433234 510650 40013353 45457819 488245 6095 72789.31 67269.81 21979.31 29477.90
1717849728 2916767921 2570027016 1433234 510650 40013392 45457986 488245 6095 72826.66 67009.64 21941.97 29738.02
1717849739 2916769892 2570028798 1433234 510650 40013430 45458101 488245 6095 72818.88 67002.81 21949.74 29743.74
1717849749 2916771043 2570029818 1433234 510650 40013449 45458315 488245 6095 72815.49 67320.87 21953.71 29426.12
1717849759 2916772319 2570030798 1433234 510650 40013515 45458403 488245 6095 72815.71 67316.65 21952.91 29430.39
1717849770 2916774446 2570032608 1433234 510650 40013611 45458503 488245 6095 72739.75 67183.69 22029.50 29562.77
1717849780 2916776037 2570033976 1433234 510650 40013805 45458537 488245 6095 72536.54 67403.78 22232.19 29342.69
1717849790 2916778531 2570036036 1433234 510650 40014214 45458747 488245 6095 71914.62 67479.86 22852.07 29266.60
1717849800 2916781800 2570038964 1433234 510650 40014600 45458856 488245 6095 74578.75 68372.46 20189.39 28374.00
1717849811 2916782806 2570039776 1433234 510650 40014775 45458897 488245 6095 75524.17 69163.12 19244.01 27585.88
1717849821 2916784228 2570041034 1433234 510650 40014896 45458940 488245 6095 75364.28 69158.27 19424.94 27588.20
1717849831 2916786269 2570042756 1433234 510650 40015012 45459065 488245 6095 75697.38 69238.77 19071.24 27509.32
1717849841 2916788208 2570044456 1433234 510650 40015094 45459145 488245 6095 75558.13 69240.75 19210.49 27506.31
1717849852 2916789349 2570045348 1433234 510650 40015133 45459274 488245 6095 75563.12 69140.90 19205.50 27605.64
1717849862 2916789933 2570045920 1433234 510650 40015196 45459397 488245 6095 75645.48 69135.26 19123.14 27610.84
1717849872 2916790815 2570046604 1433234 510650 40015265 45459532 488245 6095 75644.84 69235.00 19123.41 27511.46
1717849882 2916792558 2570048122 1433234 510650 40015379 45459584 488245 6095 75543.59 69254.39 19225.03 27491.62
1717849893 2916794041 2570049400 1433234 510650 40015401 45459730 488245 6095 75555.31 69147.20 19213.32 27599.34
1717849903 2916796245 2570051414 1433234 510650 40015469 45459848 488245 6095 75620.30 69166.87 19148.33 27581.25
1717849913 2916797692 2570052700 1433234 510650 40015522 45460007 488245 6095 75582.31 69256.53 19211.41 27489.94
1717849923 2916799151 2570053974 1433234 510650 40015627 45460053 488245 6095 75560.07 69236.79 19208.56 27509.25
1717849934 2916801313 2570055894 1433234 510650 40015706 45460181 488245 6095 75634.63 69149.18 19134.00 27595.97
1717849944 2916802770 2570057154 1433234 510650 40015731 45460302 488245 6095 75629.33 69150.58 19139.30 27595.05
1717849954 2916804243 2570058320 1433234 510650 40015785 45460460 488245 6095 75540.81 69157.20 19228.93 27589.27
1717849964 2916805745 2570059622 1433234 510650 40015905 45460593 488245 6095 75560.16 69552.28 19209.04 27194.19
1717849975 2916807074 2570060722 1433234 510650 40016071 45460788 488245 6095 75659.95 70140.00 19107.20 26606.47
1717849985 2916809311 2570062708 1433234 510650 40016177 45460835 488245 6095 75660.31 70130.34 19108.32 26615.66
1717849995 2916810960 2570064072 1433234 510650 40016284 45460897 488245 6095 75549.82 70156.14 19218.80 26590.39
1717850005 2916812595 2570065436 1433234 510650 40016365 45461001 488245 6095 75628.65 70162.05 19139.97 26585.13
1717850016 2916814076 2570066696 1433234 510650 40016428 45461087 488245 6095 75642.09 70150.93 19126.54 26596.63
1717850026 2916817544 2570069872 1433234 510650 40016531 45461235 488245 6095 75209.83 69821.48 19559.50 26924.98
1717850036 2916819009 2570071288 1433234 510650 40016644 45461263 488245 6095 75211.12 69817.48 19557.01 26928.49
1717850046 2916820718 2570072852 1433234 510650 40016798 45461335 488245 6095 75189.82 69866.82 19578.80 26879.19
1717850057 2916821829 2570073896 1433234 510650 40016874 45461431 488245 6095 74754.00 69719.68 20015.22 27026.31
1717850067 2916823240 2570075194 1433234 510650 40017017 45461492 488245 6095 75158.37 69861.44 19610.45 26885.02
1717850077 2916824538 2570076378 1433234 510650 40017161 45461540 488245 6095 74683.83 69845.43 20102.51 26901.64
1717850087 2916826911 2570078528 1433234 510650 40017287 45461584 488245 6095 75145.95 69810.62 19624.83 26935.85
1717850098 2916829077 2570080406 1433234 510650 40017628 45461612 488245 6095 75665.65 69820.91 19102.98 26926.09
1717850108 2916830959 2570082066 1433234 510650 40017697 45461740 488245 6095 75683.18 69616.15 19085.45 27129.90
1717850118 2916832725 2570083582 1433234 510650 40017862 45461816 488245 6095 75661.12 69596.41 19107.78 27150.05
1717850128 2916834590 2570085192 1433234 510650 40018127 45461833 488245 6095 76233.99 69589.15 18533.79 27157.32
1717850139 2916837288 2570087328 1433234 510650 40018251 45461964 488245 6095 76161.02 69658.58 18607.70 27088.48
1717850149 2916838305 2570088142 1433234 510650 40018331 45462026 488245 6095 76165.25 69656.63 18603.47 27089.84
1717850159 2916840289 2570089794 1433234 510650 40018536 45462032 488245 6095 76153.20 69669.29 18616.50 27077.18
1717850169 2916841725 2570091046 1433234 510650 40018718 45462042 488245 6095 75443.41 69630.91 19324.23 27115.66
1717850180 2916843838 2570092856 1433234 510650 40018771 45462154 488245 6095 76152.23 69660.38 18616.40 27086.15
1717850190 2916845015 2570093846 1433234 510650 40018861 45462266 488245 6095 76124.92 69688.23 18643.71 27058.78
1717850200 2916845885 2570094656 1433234 510650 40018892 45462378 488245 6095 76123.65 69688.87 18644.48 27057.73
1717850210 2916846295 2570094928 1433234 510650 40018970 45462502 488245 6095 76097.50 69715.11 18671.13 27030.40
1717850221 2916847716 2570096250 1433234 510650 40019043 45462569 488245 6095 76093.94 69721.60 18674.73 27024.87
1717850231 2916848165 2570096622 1433234 510650 40019242 45462576 488245 6095 76089.86 69719.67 18678.39 27026.79
1717850241 2916848689 2570097030 1433234 510650 40019327 45462632 488245 6095 76088.55 69719.78 18680.07 27028.77
1717850251 2916850925 2570098982 1433234 510650 40019417 45462749 488245 6095 76105.41 69701.25 18662.73 27045.26
1717850262 2916852038 2570099938 1433234 510650 40019525 45462822 488245 6095 75361.38 69700.23 19407.86 27046.23
1717850272 2916852636 2570100444 1433234 510650 40019626 45462885 488245 6095 76104.10 69703.82 18664.53 27043.68
1717850282 2916854474 2570102060 1433234 510650 40019704 45463007 488245 6095 76086.75 69722.00 18681.87 27026.08
1717850292 2916856121 2570103584 1433234 510650 40019759 45463091 488245 6095 76082.33 69725.88 18686.82 27020.58
1717850302 2916858314 2570105582 1433234 510650 40019956 45463096 488245 6095 76095.53 69714.22 18673.55 27032.25
1717850313 2916859824 2570106986 1433234 510650 40020077 45463114 488245 6095 76110.06 69697.89 18659.29 27048.08
1717850323 2916861268 2570108308 1433234 510650 40020221 45463166 488245 6095 76086.81 69723.98 18682.51 27023.09
1717850333 2916862063 2570109030 1433234 510650 40020299 45463232 488245 6095 76101.62 69705.73 18667.00 27040.27
1717850343 2916863520 2570110360 1433234 510650 40020385 45463348 488245 6095 76114.04 69693.57 18654.10 27053.13
1717850354 2916864754 2570111452 1433234 510650 40020428 45463482 488245 6095 76034.21 69173.12 18734.42 27573.48
1717850364 2916866591 2570113074 1433234 510650 40020521 45463575 488245 6095 76078.55 69207.69 18690.14 27538.77
1717850374 2916869282 2570115654 1433234 510650 40020657 45463688 488245 6095 76081.69 69068.74 18686.93 27677.34
1717850384 2916871052 2570117276 1433234 510650 40020715 45463966 488245 6095 76103.01 69755.25 18666.73 26991.21
1717850395 2916871926 2570118070 1433234 510650 40020902 45463975 488245 6095 76081.23 69775.91 18687.50 26970.55
1717850405 2916873693 2570119694 1433234 510650 40021029 45464017 488245 6095 76097.73 69620.07 18670.95 27127.00
1717850415 2916875780 2570121622 1433234 510650 40021151 45464098 488245 6095 76107.88 69611.02 18660.74 27135.51
1717850425 2916877155 2570122886 1433234 510650 40021199 45464235 488245 6095 76131.08 69664.39 18636.75 27082.08
1717850436 2916880392 2570125900 1433234 510650 40021319 45464431 488245 6095 76120.25 69510.51 18648.38 27236.59
1717850446 2916881935 2570126884 1433234 510650 40021422 45464636 488245 6095 75391.54 70071.94 19377.11 26674.03
1717850456 2916883830 2570128558 1433234 510650 40021536 45464692 488245 6095 76140.98 69823.62 18627.64 26924.05
1717850466 2916885194 2570129810 1433234 510650 40021621 45464834 488245 6095 76128.46 70162.63 18640.16 26584.96
1717850477 2916886756 2570131214 1433234 510650 40021681 45464934 488245 6095 76115.38 70092.51 18652.75 26653.56
1717850487 2916888639 2570132908 1433234 510650 40021813 45465002 488245 6095 76086.38 70122.05 18681.83 26624.41
1717850497 2916889961 2570134110 1433234 510650 40021928 45465070 488245 6095 76116.69 70173.84 18651.94 26571.68
1717850507 2916891718 2570135550 1433234 510650 40022001 45465206 488245 6095 76113.48 70179.38 18655.14 26567.64
1717850518 2916893387 2570137034 1433234 510650 40022067 45465302 488245 6095 76140.07 70070.23 18629.71 26676.23
1717850528 2916895914 2570139300 1433234 510650 40022303 45465347 488245 6095 76294.80 70092.94 18474.42 26654.55
1717850538 2916897133 2570140426 1433234 510650 40022502 45465665 488245 6095 77173.73 69979.09 17595.46 26767.38
1717850548 2916899178 2570142204 1433234 510650 40022695 45466747 488245 6095 77005.41 69201.40 17763.22 27546.12
1717850559 2916900817 2570143678 1433234 510650 40022740 45466860 488245 6095 76635.90 69777.05 18132.74 26969.42
1717850569 2916901926 2570144606 1433234 510650 40022879 45466910 488245 6095 76801.79 69844.20 17966.67 26902.87
1717850579 2916903438 2570145912 1433234 510650 40023006 45466967 488245 6095 76732.26 69978.41 18036.87 26769.23
1717850589 2916906010 2570148162 1433234 510650 40023052 45467096 488245 6095 76798.29 70041.37 17971.52 26705.20
1717850599 2916906540 2570148630 1433234 510650 40023146 45467158 488245 6095 76716.61 70037.82 18051.22 26708.93
1717850610 2916908517 2570150428 1433234 510650 40023268 45467249 488245 6095 76884.34 70141.80 17884.95 26605.26
1717850620 2916911691 2570152904 1433234 510650 40023743 45467435 488245 6095 76678.33 70197.41 18090.32 26551.34
1717850630 2916915057 2570155836 1433234 510650 40024111 45467589 488245 6095 76790.56 70375.00 17978.06 26373.55
1717850640 2916917309 2570157850 1433234 510650 40024172 45467733 488245 6095 79454.96 72468.53 15314.73 24277.93
1717850651 2916918595 2570159024 1433234 510650 40024256 45467799 488245 6095 79207.59 73210.77 15561.63 23535.70
1717850661 2916919519 2570159816 1433234 510650 40024388 45467835 488245 6095 79535.64 73135.93 15233.56 23611.14
1717850671 2916921883 2570161948 1433234 510650 40024508 45467858 488245 6095 79417.70 73170.79 15352.09 23575.19
1717850681 2916923546 2570163408 1433234 510650 40024584 45467954 488245 6095 79449.98 73219.69 15318.64 23526.41
1717850692 2916925142 2570164874 1433234 510650 40024656 45468050 488245 6095 79529.34 73225.71 15239.89 23521.36
1717850702 2916925989 2570165586 1433234 510650 40024730 45468118 488245 6095 79539.82 73324.98 15228.36 23421.48
1717850712 2916927665 2570167142 1433234 510650 40024826 45468162 488245 6095 79457.83 73412.48 15310.30 23332.61
1717850722 2916928447 2570167844 1433234 510650 40024885 45468274 488245 6095 79465.73 73492.10 15304.09 23254.36
1717850732 2916930224 2570169424 1433234 510650 40025043 45468317 488245 6095 79470.64 73479.84 15297.11 23266.62
1717850743 2916931468 2570170578 1433234 510650 40025158 45468326 488245 6095 79453.11 73496.71 15315.64 23250.36
1717850753 2916931965 2570171034 1433234 510650 40025456 45468389 488245 6095 79766.41 73725.13 15003.40 23021.33
1717850763 2916933282 2570172236 1433234 510650 40025585 45468424 488245 6095 78994.67 73750.67 15773.46 22997.46
1717850773 2916933504 2570172440 1433234 510650 40025744 45468523 488245 6095 79748.29 73879.71 15020.94 22866.75
1717850783 2916934786 2570173634 1433234 510650 40026565 45468590 488245 6095 79937.35 73950.13 14831.85 22796.34
1717850794 2916937154 2570175706 1433234 510650 40027282 45468708 488245 6095 79962.77 73978.97 14805.86 22767.01
1717850804 2916937925 2570176384 1433234 510650 40027298 45468818 488245 6095 79902.53 74022.52 14866.21 22724.53
1717850814 2916939287 2570177642 1433234 510650 40027349 45468918 488245 6095 79840.29 73981.20 14927.94 22765.36
1717850824 2916939811 2570178132 1433234 510650 40027441 45469094 488245 6095 79462.01 73925.11 15307.11 22821.36
1717850835 2916941235 2570179344 1433234 510650 40027558 45469232 488245 6095 79763.15 74876.11 15005.57 21871.55
1717850845 2916941987 2570180016 1433234 510650 40027644 45469314 488245 6095 79723.56 74825.53 15045.18 21921.47
1717850855 2916943434 2570181362 1433234 510650 40027700 45469397 488245 6095 79835.91 74907.21 14932.80 21839.37
1717850865 2916945275 2570183002 1433234 510650 40027913 45469658 488245 6095 79815.63 74745.52 14952.50 22002.01
1717850875 2916945702 2570183380 1433234 510650 40028023 45470141 488245 6095 79824.65 75013.03 14938.87 21738.56
1717850886 2916946695 2570184284 1433234 510650 40028093 45470232 488245 6095 82888.68 76962.58 11879.45 19784.48
1717850896 2916947161 2570184736 1433234 510650 40028129 45470307 488245 6095 82895.00 76964.79 11873.13 19781.79
1717850906 2916947344 2570184876 1433234 510650 40028218 45470375 488245 6095 82864.07 77080.17 11904.12 19666.30
1717850916 2916947362 2570184892 1433234 510650 40028296 45470408 488245 6095 82861.00 77082.69 11908.23 19663.85
1717850926 2916947618 2570185142 1433234 510650 40028388 45470446 488245 6095 82806.43 77056.94 11962.84 19689.04
1717850937 2916949209 2570186616 1433234 510650 40028515 45470482 488245 6095 82950.26 76996.55 11818.86 19749.50
1717850947 2916950368 2570187600 1433234 510650 40028562 45470568 488245 6095 82976.13 76970.98 11792.00 19775.06
1717850957 2916950368 2570187600 1433234 510650 40028612 45470647 488245 6095 82881.28 76985.21 11887.46 19761.81
1717850967 2916951652 2570188816 1433234 510650 40028661 45470711 488245 6095 82929.21 76937.77 11839.42 19808.29
1717850977 2916953564 2570190534 1433234 510650 40028728 45470830 488245 6095 83139.03 76810.04 11629.22 19937.02
1717850988 2916954299 2570191198 1433234 510650 40028793 45470882 488245 6095 83111.77 76836.60 11657.46 19909.00
1717850998 2916955502 2570192312 1433234 510650 40028861 45470944 488245 6095 83070.45 76795.61 11697.22 19950.86
1717851008 2916956452 2570193228 1433234 510650 40028944 45470980 488245 6095 83049.40 76815.32 11719.34 19931.15
1717851018 2916956785 2570193542 1433234 510650 40029065 45471017 488245 6095 82847.50 77101.56 11921.73 19644.91
1717851028 2916956941 2570193694 1433234 510650 40029143 45471062 488245 6095 82882.52 77064.50 11885.70 19681.54
1717851039 2916958018 2570194694 1433234 510650 40029164 45471157 488245 6095 82823.38 77042.77 11945.36 19704.29
1717851049 2916958153 2570194822 1433234 510650 40029240 45471250 488245 6095 82825.06 77122.36 11943.56 19622.68
1717851059 2916959249 2570195832 1433234 510650 40029283 45471321 488245 6095 82850.90 77097.64 11918.91 19648.34
1717851069 2916959571 2570196134 1433234 510650 40029382 45471356 488245 6095 82835.34 77030.21 11932.85 19716.86
1717851079 2916960253 2570196760 1433234 510650 40029449 45471400 488245 6095 82854.59 77009.48 11914.15 19737.07
1717851090 2916961702 2570198068 1433234 510650 40029517 45471505 488245 6095 83183.97 77039.92 11599.50 19704.11
1717851100 2916961915 2570198240 1433234 510650 40029701 45471589 488245 6095 83254.99 77787.94 11512.65 18957.69
1717851110 2916961933 2570198258 1433234 510650 40030121 45472535 488245 6095 82978.55 77028.74 11790.12 19717.39
1717851120 2916962423 2570198710 1433234 510650 40030203 45472626 488245 6095 82980.39 77340.81 11788.27 19405.28
1717851130 2916962542 2570198828 1433234 510650 40030255 45472685 488245 6095 82994.18 77314.97 11773.08 19433.51
1717851141 2916962690 2570198976 1433234 510650 40030324 45472731 488245 6095 83010.92 77282.59 11757.82 19463.88
1717851151 2916962960 2570199142 1433234 510650 40030376 45472821 488245 6095 83081.62 77428.43 11687.12 19317.06
1717851161 2916963023 2570199204 1433234 510650 40030393 45472915 488245 6095 83054.62 77451.19 11714.61 19296.32
1717851171 2916963049 2570199230 1433234 510650 40030418 45473003 488245 6095 83027.05 77470.99 11741.57 19275.48
1717851181 2916963558 2570199602 1433234 510650 40030631 45473222 488245 6095 82955.22 77543.34 11812.91 19203.14
1717851191 2916963558 2570199602 1433234 510650 40030958 45473399 488245 6095 82893.61 77538.15 11875.72 19207.34
1717851202 2916963559 2570199602 1433234 510650 40031073 45473487 488245 6095 85615.88 81023.92 9152.75 15722.15
1717851212 2916963559 2570199602 1433234 510650 40031117 45473541 488245 6095 85616.02 81023.80 9152.77 15722.17
1717851222 2916963559 2570199602 1433234 510650 40031170 45473585 488245 6095 85616.01 81024.21 9152.31 15721.38
1717851232 2916963559 2570199602 1433234 510650 40031212 45473639 488245 6095 85624.65 81031.38 9143.55 15715.18
1717851242 2916963559 2570199602 1433234 510650 40031266 45473681 488245 6095 85625.66 81030.89 9142.47 15715.74
1717851253 2916963559 2570199602 1433234 510650 40031310 45473734 488245 6095 85625.12 81031.90 9142.61 15715.15
1717851263 2916963559 2570199602 1433234 510650 40031364 45473777 488245 6095 85624.75 81031.90 9143.53 15714.07
1717851273 2916963559 2570199602 1433234 510650 40031418 45473818 488245 6095 85625.02 81031.91 9143.23 15715.09
1717851283 2916963559 2570199602 1433234 510650 40031474 45473859 488245 6095 85624.50 81032.48 9143.21 15714.52
1717851293 2916963559 2570199602 1433234 510650 40031531 45473901 488245 6095 85625.16 81031.66 9143.59 15714.81
1717851303 2916963559 2570199602 1433234 510650 40031585 45473943 488245 6095 85625.70 81031.41 9143.48 15715.15
1717851314 2916963559 2570199602 1433234 510650 40031629 45473995 488245 6095 85626.55 81031.61 9141.75 15714.86
1717851324 2916963559 2570199602 1433234 510650 40031686 45474036 488245 6095 85625.27 81032.35 9143.02 15714.67
1717851334 2916963559 2570199602 1433234 510650 40031741 45474077 488245 6095 85624.57 81031.01 9143.67 15715.50
1717851344 2916963559 2570199602 1433234 510650 40031797 45474119 488245 6095 85625.79 81032.26 9143.46 15714.77
1717851354 2916963559 2570199602 1433234 510650 40031884 45474200 488245 6095 85626.71 81033.19 9142.48 15713.93
1717851364 2916963559 2570199602 1433234 510650 40031926 45474255 488245 6095 85626.71 81030.24 9142.52 15715.94
1717851375 2916963559 2570199602 1433234 510650 40031970 45474311 488245 6095 85628.56 81032.21 9140.18 15714.77
1717851385 2916963559 2570199602 1433234 510650 40032027 45474351 488245 6095 85627.89 81032.53 9141.43 15713.98
1717851395 2916963559 2570199602 1433234 510650 40032080 45474394 488245 6095 85628.20 81032.61 9141.53 15713.95
1717851405 2916963559 2570199602 1433234 510650 40032124 45474447 488245 6095 85626.67 81030.12 9140.98 15714.93
1717851415 2916963559 2570199602 1433234 510650 40032167 45474502 488245 6095 85628.61 81033.00 9140.63 15713.98
1717851425 2916963559 2570199602 1433234 510650 40032222 45474543 488245 6095 85627.79 81032.35 9140.46 15714.11
1717851436 2916963559 2570199602 1433234 510650 40032277 45474584 488245 6095 85627.23 81032.73 9142.04 15714.26
1717851446 2916963559 2570199602 1433234 510650 40032333 45474626 488245 6095 85627.65 81031.81 9140.98 15714.24
1717851456 2916963559 2570199602 1433234 510650 40032378 45474679 488245 6095 85628.65 81031.54 9139.48 15713.55
1717851467 2916963559 2570199602 1433234 510650 40032422 45474733 488245 6095 85628.52 81031.93 9140.23 15715.08
1717851477 2916963559 2570199602 1433234 510650 40032477 45474775 488245 6095 85627.30 81031.36 9140.83 15714.22
1717851487 2916963559 2570199602 1433234 510650 40032519 45474831 488245 6095 85627.99 81032.70 9139.76 15714.26
1717851497 2916963559 2570199602 1433234 510650 40032575 45474870 488245 6095 85627.46 81032.03 9140.26 15714.43
1717851507 2916963559 2570199602 1433234 510650 40032631 45474911 488245 6095 85627.69 81032.89 9141.42 15713.43
1717851518 2916963559 2570199602 1433234 510650 40032686 45474953 488245 6095 85628.91 81032.52 9140.93 15714.47
1717851528 2916963559 2570199602 1433234 510650 40032743 45474994 488245 6095 85627.30 81034.06 9140.98 15712.97
1717851538 2916963559 2570199602 1433234 510650 40032798 45475036 488245 6095 85627.96 81034.35 9141.13 15712.51
1717851548 2916963559 2570199602 1433234 510650 40032855 45475076 488245 6095 85627.11 81033.63 9140.61 15712.42
1717851558 2916963559 2570199602 1433234 510650 40032910 45475118 488245 6095 85627.44 81033.88 9141.33 15713.08
1717851569 2916963559 2570199602 1433234 510650 40032965 45475159 488245 6095 85628.86 81035.79 9140.29 15711.23
1717851579 2916963559 2570199602 1433234 510650 40033021 45475202 488245 6095 85628.31 81032.59 9140.92 15711.91
1717851589 2916963559 2570199602 1433234 510650 40033076 45475242 488245 6095 85629.19 81033.52 9140.54 15713.09
1717851599 2916963559 2570199602 1433234 510650 40033121 45475297 488245 6095 85629.22 81033.38 9138.97 15713.67
1717851609 2916963559 2570199602 1433234 510650 40033180 45475340 488245 6095 85628.02 81034.04 9139.74 15712.99
1717851619 2916963559 2570199602 1433234 510650 40033235 45475381 488245 6095 85628.34 81035.00 9140.40 15712.67
1717851630 2916963559 2570199602 1433234 510650 40033291 45475423 488245 6095 85628.45 81033.71 9140.78 15712.75
1717851640 2916963559 2570199602 1433234 510650 40033345 45475465 488245 6095 85629.31 81033.97 9138.82 15713.09
1717851650 2916963559 2570199602 1433234 510650 40033388 45475519 488245 6095 85630.52 81034.14 9139.23 15712.98
1717851660 2916963559 2570199602 1433234 510650 40033432 45475573 488245 6095 85629.72 81033.18 9139.02 15712.41
1717851670 2916963559 2570199602 1433234 510650 40033480 45475630 488245 6095 85630.08 81035.38 9138.66 15711.09
1717851680 2916963559 2570199602 1433234 510650 40033533 45475672 488245 6095 85630.50 81033.93 9138.14 15712.16
1717851691 2916963559 2570199602 1433234 510650 40033578 45475726 488245 6095 85630.95 81034.12 9138.24 15712.93
1717851701 2916963559 2570199602 1433234 510650 40033633 45475767 488245 6095 85630.40 81034.06 9138.82 15712.52
1717851711 2916963559 2570199602 1433234 510650 40033688 45475808 488245 6095 85629.88 81033.91 9138.77 15712.22
1717851721 2916963559 2570199602 1433234 510650 40033731 45475863 488245 6095 85859.41 81033.00 8909.86 15713.12
1717851731 2916963559 2570199602 1433234 510650 40033776 45475915 488245 6095 86022.43 81104.87 8745.79 15641.61
1717851741 2916963559 2570199602 1433234 510650 40033834 45475957 488245 6095 86020.98 81106.30 8746.80 15639.68
1717851752 2916963559 2570199602 1433234 510650 40033889 45475999 488245 6095 86022.36 81106.23 8746.37 15640.30
1717851762 2916963559 2570199602 1433234 510650 40033945 45476039 488245 6095 86022.09 81106.65 8747.15 15640.96
1717851772 2916963559 2570199602 1433234 510650 40034003 45476079 488245 6095 86036.52 81105.59 8730.63 15640.44
1717851782 2916963559 2570199602 1433234 510650 40034044 45476134 488245 6095 86055.66 81191.81 8712.97 15554.30
1717851792 2916963559 2570199602 1433234 510650 40034088 45476188 488245 6095 86054.74 81191.77 8713.98 15555.30
1717851802 2916963559 2570199602 1433234 510650 40034143 45476229 488245 6095 86053.04 81191.88 8714.70 15554.11
1717851813 2916963559 2570199602 1433234 510650 40034198 45476271 488245 6095 86053.38 81192.52 8715.45 15554.00
1717851823 2916963559 2570199602 1433234 510650 40034254 45476314 488245 6095 86053.88 81192.87 8714.85 15553.60
1717851833 2916963559 2570199602 1433234 510650 40034309 45476355 488245 6095 86052.70 81193.92 8715.55 15553.04
1717851843 2916963559 2570199602 1433234 510650 40034365 45476396 488245 6095 86053.36 81193.53 8715.27 15554.03
1717851853 2916963559 2570199602 1433234 510650 40034410 45476450 488245 6095 86053.04 81193.58 8714.69 15552.88
1717851863 2916963559 2570199602 1433234 510650 40034465 45476492 488245 6095 86054.86 81194.18 8714.93 15553.29
1717851874 2916963559 2570199602 1433234 510650 40034521 45476533 488245 6095 86054.05 81194.14 8715.23 15552.32
1717851884 2916963559 2570199602 1433234 510650 40034575 45476575 488245 6095 86053.95 81193.17 8714.67 15552.90
1717851894 2916963559 2570199602 1433234 510650 40034619 45476628 488245 6095 86054.27 81193.78 8714.96 15553.30
1717851904 2916963559 2570199602 1433234 510650 40034667 45476677 488245 6095 86053.65 81192.93 8715.08 15554.03
1717851914 2916963559 2570199602 1433234 510650 40034723 45476717 488245 6095 86054.36 81193.68 8714.42 15553.32
1717851924 2916963559 2570199602 1433234 510650 40034776 45476761 488245 6095 86054.72 81192.95 8713.90 15553.66
1717851935 2916963559 2570199602 1433234 510650 40034820 45476814 488245 6095 86055.55 81192.67 8713.76 15553.40
1717851945 2916963559 2570199602 1433234 510650 40034873 45476857 488245 6095 86055.11 81192.75 8713.51 15553.88
1717851955 2916963559 2570199602 1433234 510650 40034917 45476910 488245 6095 86055.73 81192.91 8713.51 15553.06
1717851965 2916963559 2570199602 1433234 510650 40034971 45476953 488245 6095 86054.16 81191.89 8713.97 15554.22
1717851975 2916963559 2570199602 1433234 510650 40035013 45477006 488245 6095 86056.07 81191.70 8713.21 15554.27
1717851985 2916963559 2570199602 1433234 510650 40035068 45477047 488245 6095 86054.86 81192.09 8713.78 15554.51
1717851996 2916963559 2570199602 1433234 510650 40035120 45477094 488245 6095 86055.68 81193.27 8712.15 15553.24
1717852006 2916963559 2570199602 1433234 510650 40035175 45477135 488245 6095 86056.01 81193.28 8713.17 15553.36
1717852016 2916963559 2570199602 1433234 510650 40035218 45477188 488245 6095 86055.12 81193.33 8713.60 15553.72
1717852026 2916963559 2570199602 1433234 510650 40035272 45477231 488245 6095 86055.19 81193.52 8714.61 15554.12
1717852036 2916963559 2570199602 1433234 510650 40035320 45477280 488245 6095 86057.19 81192.51 8711.44 15554.66
1717852047 2916963559 2570199602 1433234 510650 40035333 45477365 488245 6095 86054.91 81278.29 8713.22 15468.79
1717852057 2916963559 2570199602 1433234 510650 40035376 45477419 488245 6095 86056.01 81278.36 8713.29 15468.61
1717852067 2916963559 2570199602 1433234 510650 40035431 45477460 488245 6095 86055.59 81279.41 8713.18 15466.56
1717852077 2916963559 2570199602 1433234 510650 40035486 45477502 488245 6095 86054.44 81279.87 8714.21 15467.25
1717852087 2916963559 2570199602 1433234 510650 40035530 45477555 488245 6095 86055.09 81279.20 8712.65 15466.89
1717852097 2916963559 2570199602 1433234 510650 40035585 45477596 488245 6095 86055.97 81280.41 8712.27 15466.55
1717852108 2916963559 2570199602 1433234 510650 40035641 45477636 488245 6095 86054.84 81278.77 8713.88 15468.31
1717852118 2916963559 2570199602 1433234 510650 40035683 45477691 488245 6095 86056.38 81278.45 8711.75 15468.17
1717852128 2916963559 2570199602 1433234 510650 40035726 45477745 488245 6095 86055.57 81280.32 8713.20 15467.16
1717852138 2916963559 2570199602 1433234 510650 40035779 45477787 488245 6095 86057.56 81278.11 8709.59 15467.51
1717852148 2916963559 2570199602 1433234 510650 40035823 45477841 488245 6095 86057.91 81278.52 8711.24 15466.57
1717852158 2916963559 2570199602 1433234 510650 40035866 45477895 488245 6095 86057.61 81279.18 8710.64 15467.87
1717852169 2916963559 2570199602 1433234 510650 40035920 45477937 488245 6095 86057.83 81278.27 8711.29 15467.34
1717852179 2916963559 2570199602 1433234 510650 40035963 45477991 488245 6095 86057.93 81278.95 8710.88 15467.52
1717852189 2916963559 2570199602 1433234 510650 40036018 45478031 488245 6095 86056.77 81278.59 8712.03 15467.42
1717852199 2916963559 2570199602 1433234 510650 40036074 45478072 488245 6095 86057.00 81278.89 8711.62 15467.73
1717852209 2916963559 2570199602 1433234 510650 40036118 45478130 488245 6095 86058.40 81278.66 8711.36 15467.47
1717852220 2916963559 2570199602 1433234 510650 40036160 45478184 488245 6095 86057.15 81278.58 8711.59 15467.45
1717852230 2916963559 2570199602 1433234 510650 40036203 45478238 488245 6095 86057.38 81280.09 8710.89 15466.49
1717852240 2916963559 2570199602 1433234 510650 40036258 45478279 488245 6095 86056.88 81277.75 8710.85 15467.84
1717852250 2916963559 2570199602 1433234 510650 40036301 45478333 488245 6095 86057.14 81278.98 8711.11 15466.99
1717852260 2916963559 2570199602 1433234 510650 40036355 45478376 488245 6095 86057.39 81279.63 8710.74 15466.96
1717852271 2916963559 2570199602 1433234 510650 40036397 45478431 488245 6095 86058.22 81280.17 8710.52 15466.93
1717852281 2916963559 2570199602 1433234 510650 40036439 45478487 488245 6095 86057.95 81280.17 8710.79 15466.30
1717852291 2916963559 2570199602 1433234 510650 40036495 45478528 488245 6095 86057.60 81279.21 8711.11 15467.84
1717852301 2916963559 2570199602 1433234 510650 40036549 45478569 488245 6095 86057.49 81280.70 8710.73 15466.32
1717852312 2916963559 2570199602 1433234 510650 40036603 45478610 488245 6095 86056.72 81281.15 8712.01 15465.92
1717852322 2916963559 2570199602 1433234 510650 40036658 45478652 488245 6095 86057.60 81280.18 8711.04 15465.88
1717852332 2916963559 2570199602 1433234 510650 40036701 45478705 488245 6095 86058.05 81279.99 8710.79 15465.98
1717852342 2916963559 2570199602 1433234 510650 40036757 45478747 488245 6095 86056.74 81280.24 8711.04 15466.74
1717852353 2916963559 2570199602 1433234 510650 40036814 45478788 488245 6095 86057.82 81280.60 8710.92 15466.48
1717852363 2916963559 2570199602 1433234 510650 40036870 45478828 488245 6095 86057.15 81280.82 8712.08 15466.24
1717852373 2916963559 2570199602 1433234 510650 40036927 45478868 488245 6095 86057.14 81280.91 8711.48 15466.69
1717852383 2916963559 2570199602 1433234 510650 40036970 45478921 488245 6095 86057.98 81281.18 8711.24 15466.28
1717852393 2916963559 2570199602 1433234 510650 40037024 45478962 488245 6095 86057.49 81280.51 8711.84 15465.95
1717852404 2916963559 2570199602 1433234 510650 40037078 45479005 488245 6095 86058.10 81279.91 8710.55 15466.71
1717852414 2916963559 2570199602 1433234 510650 40037122 45479058 488245 6095 86057.51 81279.97 8710.77 15467.01
1717852424 2916963559 2570199602 1433234 510650 40037176 45479101 488245 6095 86057.46 81280.18 8710.67 15466.93
1717852434 2916963559 2570199602 1433234 510650 40037220 45479154 488245 6095 86058.45 81280.12 8709.27 15466.45
1717852444 2916963559 2570199602 1433234 510650 40037273 45479197 488245 6095 86057.43 81278.82 8710.70 15467.21
1717852454 2916963559 2570199602 1433234 510650 40037318 45479248 488245 6095 86058.66 81278.30 8711.15 15467.82
1717852465 2916963559 2570199602 1433234 510650 40037361 45479303 488245 6095 86058.68 81278.68 8710.52 15467.95
1717852475 2916963559 2570199602 1433234 510650 40037402 45479357 488245 6095 86058.91 81279.26 8710.32 15466.71
1717852485 2916963559 2570199602 1433234 510650 40037458 45479400 488245 6095 86058.55 81279.21 8710.08 15467.41
1717852495 2916963559 2570199602 1433234 510650 40037500 45479455 488245 6095 86058.16 81279.45 8710.59 15466.60
1717852505 2916963559 2570199602 1433234 510650 40037555 45479497 488245 6095 86059.11 81279.39 8710.12 15467.19
1717852515 2916963559 2570199602 1433234 510650 40037597 45479551 488245 6095 86058.94 81278.10 8710.30 15467.98
1717852526 2916963559 2570199602 1433234 510650 40037641 45479604 488245 6095 86058.55 81279.44 8709.69 15467.55
1717852536 2916963559 2570199602 1433234 510650 40037696 45479646 488245 6095 86057.44 81279.30 8710.28 15466.67
1717852546 2916963559 2570199602 1433234 510650 40037752 45479686 488245 6095 86058.79 81280.60 8710.96 15465.91
1717852556 2916963559 2570199602 1433234 510650 40037807 45479725 488245 6095 86057.78 81280.24 8710.95 15465.85
1717852566 2916963559 2570199602 1433234 510650 40037851 45479779 488245 6095 86057.77 81279.30 8710.98 15467.68
1717852576 2916963559 2570199602 1433234 510650 40037905 45479820 488245 6095 86057.62 81280.34 8711.13 15466.73
1717852587 2916963559 2570199602 1433234 510650 40037959 45479862 488245 6095 86056.88 81280.21 8710.37 15466.83
1717852597 2916963559 2570199602 1433234 510650 40038013 45479903 488245 6095 86057.84 81280.14 8711.88 15466.94
1717852607 2916963559 2570199602 1433234 510650 40038056 45479957 488245 6095 86057.78 81280.78 8710.92 15465.75
1717852617 2916963559 2570199602 1433234 510650 40038110 45479998 488245 6095 86057.20 81280.48 8711.03 15466.54
1717852627 2916963559 2570199602 1433234 510650 40038167 45480038 488245 6095 86057.00 81281.66 8711.30 15464.80
1717852638 2916963559 2570199602 1433234 510650 40038216 45480089 488245 6095 86057.93 81281.20 8711.33 15466.30
1717852648 2916963559 2570199602 1433234 510650 40038270 45480130 488245 6095 86058.68 81279.98 8709.96 15466.19
1717852658 2916963559 2570199602 1433234 510650 40038313 45480184 488245 6095 86057.54 81280.92 8710.23 15465.59
1717852668 2916963559 2570199602 1433234 510650 40038368 45480225 488245 6095 86058.68 81280.28 8710.62 15466.75
1717852678 2916963559 2570199602 1433234 510650 40038422 45480266 488245 6095 86059.01 81280.52 8710.22 15465.57
1717852688 2916963559 2570199602 1433234 510650 40038462 45480323 488245 6095 86058.90 81279.52 8709.93 15467.09
1717852699 2916963559 2570199602 1433234 510650 40038506 45480377 488245 6095 86058.12 81280.31 8710.64 15466.66
1717852709 2916963559 2570199602 1433234 510650 40038561 45480417 488245 6095 86058.05 81278.66 8710.57 15467.38
1717852719 2916963559 2570199602 1433234 510650 40038603 45480471 488245 6095 86057.98 81278.55 8710.15 15467.51
1717852729 2916963559 2570199602 1433234 510650 40038645 45480526 488245 6095 86059.32 81279.73 8708.81 15466.89
1717852739 2916963559 2570199602 1433234 510650 40038689 45480579 488245 6095 86058.59 81278.94 8709.61 15467.14
1717852749 2916963559 2570199602 1433234 510650 40038742 45480621 488245 6095 86058.18 81279.90 8710.03 15467.13
1717852760 2916963559 2570199602 1433234 510650 40038796 45480664 488245 6095 86058.79 81278.98 8710.33 15467.07
1717852770 2916963559 2570199602 1433234 510650 40038839 45480716 488245 6095 86058.94 81279.14 8709.80 15467.46
1717852780 2916963559 2570199602 1433234 510650 40038882 45480771 488245 6095 86058.88 81279.52 8710.40 15467.11
1717852790 2916963559 2570199602 1433234 510650 40038926 45480824 488245 6095 86059.14 81280.45 8709.07 15465.52
1717852800 2916963559 2570199602 1433234 510650 40038979 45480866 488245 6095 86058.36 81281.54 8710.41 15466.03
1717852810 2916963559 2570199602 1433234 510650 40039040 45480907 488245 6095 86057.56 81279.68 8711.14 15466.30
1717852821 2916963559 2570199602 1433234 510650 40039095 45480949 488245 6095 86057.83 81281.40 8710.45 15465.61
1717852831 2916963559 2570199602 1433234 510650 40039149 45480990 488245 6095 86057.69 81281.25 8710.44 15464.88
1717852841 2916963559 2570199602 1433234 510650 40039193 45481043 488245 6095 86059.28 81282.02 8710.49 15464.95
1717852851 2916963559 2570199602 1433234 510650 40039247 45481086 488245 6095 86059.32 81280.59 8709.80 15465.47
1717852861 2916963559 2570199602 1433234 510650 40039290 45481139 488245 6095 86059.12 81281.81 8710.15 15464.71
1717852871 2916963559 2570199602 1433234 510650 40039346 45481179 488245 6095 86058.82 81281.87 8709.96 15465.18
1717852882 2916963559 2570199602 1433234 510650 40039400 45481221 488245 6095 86058.26 81281.91 8709.48 15463.68
1717852892 2916963559 2570199602 1433234 510650 40039455 45481261 488245 6095 86058.13 81281.57 8710.12 15464.41
1717852902 2916963559 2570199602 1433234 510650 40039510 45481303 488245 6095 86059.29 81281.40 8709.41 15465.13
1717852912 2916963559 2570199602 1433234 510650 40039552 45481356 488245 6095 86060.50 81281.81 8708.80 15464.16
1717852922 2916963559 2570199602 1433234 510650 40039608 45481398 488245 6095 86058.73 81280.93 8709.46 15464.06
1717852932 2916963559 2570199602 1433234 510650 40039661 45481440 488245 6095 86059.15 81280.61 8708.98 15465.46
1717852943 2916963559 2570199602 1433234 510650 40039705 45481493 488245 6095 86059.33 81282.41 8708.41 15464.05
1717852953 2916963559 2570199602 1433234 510650 40039761 45481535 488245 6095 86060.43 81281.68 8708.84 15465.32
1717852963 2916963559 2570199602 1433234 510650 40039816 45481577 488245 6095 86059.01 81281.86 8708.73 15464.60
1717852974 2916963559 2570199602 1433234 510650 40039870 45481619 488245 6095 86060.04 81282.91 8709.19 15463.56
1717852984 2916963559 2570199602 1433234 510650 40039924 45481659 488245 6095 86059.14 81281.35 8709.00 15464.74
1717852994 2916963559 2570199602 1433234 510650 40039968 45481712 488245 6095 86060.23 81282.84 8708.51 15464.23
1717853004 2916963559 2570199602 1433234 510650 40040023 45481753 488245 6095 86059.94 81282.13 8709.34 15464.84
1717853014 2916963559 2570199602 1433234 510650 40040079 45481795 488245 6095 86060.81 81282.56 8707.91 15464.41
1717853024 2916963559 2570199602 1433234 510650 40040134 45481836 488245 6095 86060.33 81282.32 8708.38 15464.64
1717853035 2916963559 2570199602 1433234 510650 40040187 45481880 488245 6095 86060.37 81281.45 8707.86 15464.52
1717853045 2916963559 2570199602 1433234 510650 40040243 45481922 488245 6095 86059.57 81281.56 8708.56 15464.56
1717853055 2916963559 2570199602 1433234 510650 40040286 45481977 488245 6095 86061.15 81281.27 8707.48 15465.85
1717853065 2916963559 2570199602 1433234 510650 40040327 45482031 488245 6095 86059.66 81282.70 8708.11 15464.33
1717853075 2916963559 2570199602 1433234 510650 40040380 45482074 488245 6095 86060.00 81281.48 8708.24 15464.04
1717853085 2916963559 2570199602 1433234 510650 40040435 45482115 488245 6095 86059.96 81283.09 8708.23 15463.38
1717853096 2916963559 2570199602 1433234 510650 40040492 45482155 488245 6095 86060.37 81282.10 8707.86 15463.88
1717853106 2916963559 2570199602 1433234 510650 40040546 45482197 488245 6095 86060.34 81283.17 8707.91 15463.36
1717853116 2916963559 2570199602 1433234 510650 40040599 45482238 488245 6095 86059.68 81282.55 8710.11 15463.01
1717853126 2916963559 2570199602 1433234 510650 40040642 45482293 488245 6095 86060.39 81282.14 8708.30 15464.49
1717853136 2916963559 2570199602 1433234 510650 40040685 45482345 488245 6095 86061.52 81281.57 8706.62 15464.48
1717853146 2916963559 2570199602 1433234 510650 40040728 45482398 488245 6095 86060.85 81281.10 8708.38 15465.49
1717853157 2916963559 2570199602 1433234 510650 40040771 45482452 488245 6095 86062.29 81282.72 8706.95 15463.36
1717853167 2916963559 2570199602 1433234 510650 40040813 45482507 488245 6095 86061.34 81281.74 8706.91 15464.33
1717853177 2916963559 2570199602 1433234 510650 40040856 45482560 488245 6095 86060.93 81281.92 8707.32 15464.55
1717853187 2916963559 2570199602 1433234 510650 40040912 45482600 488245 6095 86061.31 81281.79 8708.41 15464.81
1717853197 2916963559 2570199602 1433234 510650 40040955 45482653 488245 6095 86060.75 81281.66 8707.55 15464.31
1717853207 2916963559 2570199602 1433234 510650 40041011 45482693 488245 6095 86059.21 81282.24 8708.97 15464.80
1717853218 2916963559 2570199602 1433234 510650 40041066 45482735 488245 6095 86060.07 81281.06 8707.57 15464.05
1717853228 2916963559 2570199602 1433234 510650 40041108 45482789 488245 6095 86059.92 81282.77 8708.82 15463.80
1717853238 2916963559 2570199602 1433234 510650 40041163 45482829 488245 6095 86060.84 81282.28 8707.82 15464.82
1717853248 2916963559 2570199602 1433234 510650 40041207 45482884 488245 6095 86061.24 81281.32 8707.99 15465.32
1717853258 2916963559 2570199602 1433234 510650 40041250 45482937 488245 6095 86062.29 81283.50 8706.49 15463.53
1717853268 2916963559 2570199602 1433234 510650 40041302 45482979 488245 6095 86061.49 81283.84 8707.23 15463.82
1717853279 2916963559 2570199602 1433234 510650 40041358 45483020 488245 6095 86060.62 81281.49 8708.50 15464.59
1717853289 2916963559 2570199602 1433234 510650 40041401 45483075 488245 6095 86060.39 81283.11 8708.27 15464.04
1717853299 2916963559 2570199602 1433234 510650 40041444 45483127 488245 6095 86062.61 81282.34 8706.08 15463.71
1717853309 2916963559 2570199602 1433234 510650 40041487 45483182 488245 6095 86062.08 81282.54 8706.64 15464.12
1717853319 2916963559 2570199602 1433234 510650 40041542 45483222 488245 6095 86060.54 81282.62 8708.22 15464.92
1717853330 2916963559 2570199602 1433234 510650 40041597 45483264 488245 6095 86060.39 81282.09 8707.86 15463.39
1717853340 2916963559 2570199602 1433234 510650 40041649 45483306 488245 6095 86060.68 81281.84 8707.45 15464.79
1717853350 2916963559 2570199602 1433234 510650 40041691 45483360 488245 6095 86061.02 81283.04 8707.25 15462.98
1717853360 2916963559 2570199602 1433234 510650 40041746 45483400 488245 6095 86059.60 81283.18 8708.61 15464.31
1717853370 2916963559 2570199602 1433234 510650 40041801 45483442 488245 6095 86060.96 81282.31 8708.27 15463.79
1717853380 2916963559 2570199602 1433234 510650 40041845 45483496 488245 6095 86060.93 81283.52 8708.31 15463.06
1717853391 2916963559 2570199602 1433234 510650 40041898 45483537 488245 6095 86060.43 81281.76 8707.70 15464.33
1717853401 2916963559 2570199602 1433234 510650 40041940 45483590 488245 6095 86060.21 81283.12 8707.05 15463.88
1717853411 2916963559 2570199602 1433234 510650 40041999 45483633 488245 6095 86059.88 81282.82 8708.43 15463.18
1717853421 2916963559 2570199602 1433234 510650 40042055 45483675 488245 6095 86059.42 81283.33 8709.32 15464.23
1717853431 2916963559 2570199602 1433234 510650 40042100 45483727 488245 6095 86060.28 81282.58 8708.51 15463.97
1717853441 2916963559 2570199602 1433234 510650 40042154 45483768 488245 6095 86060.05 81282.97 8707.20 15463.00
1717853452 2916963559 2570199602 1433234 510650 40042209 45483809 488245 6095 86060.19 81284.24 8708.52 15462.71
1717853462 2916963559 2570199602 1433234 510650 40042264 45483849 488245 6095 86059.48 81283.42 8708.66 15463.16
1717853472 2916963559 2570199602 1433234 510650 40042309 45483901 488245 6095 86060.77 81283.56 8708.01 15463.48
1717853482 2916963559 2570199602 1433234 510650 40042364 45483941 488245 6095 86059.36 81282.32 8709.89 15463.66
1717853492 2916963559 2570199602 1433234 510650 40042420 45483981 488245 6095 86060.04 81283.80 8708.22 15463.70
1717853502 2916963559 2570199602 1433234 510650 40042474 45484023 488245 6095 86060.38 81284.26 8708.37 15463.20
1717853513 2916963559 2570199602 1433234 510650 40042529 45484064 488245 6095 86059.99 81282.94 8708.30 15463.53
1717853523 2916963559 2570199602 1433234 510650 40042583 45484106 488245 6095 86059.83 81283.04 8707.42 15463.43
