#TIME all_pgs_mb huge_pgs_mb Node0_Foreign Node1_Foreign Node0_Local Node1_Local Node0_Other Node1_Other Node0_Free Node1_Free Node0_Used Node1_Used
1717837433 3105334413 2694486282 25045086 422710 46078460 41149168 1215066 98286 64148.66 83364.20 30621.05 13382.27
1717837444 3105334413 2694486282 25045086 422710 46078748 41149368 1215066 98286 64089.53 83330.20 30679.18 13416.27
1717837454 3105334923 2694486302 25045086 422710 46080901 41149933 1215066 98288 63530.20 83073.61 31238.87 13673.43
1717837464 3105335961 2694486334 25045086 422710 46081341 41150345 1215066 98288 63297.45 82770.75 31474.80 13975.79
1717837474 3105337446 2694486382 25045086 422710 46082519 41151303 1215066 98288 62384.13 82066.47 32384.49 14680.27
1717837484 3105338820 2694486412 25045086 422710 46083466 41152208 1215066 98288 62533.25 82258.96 32235.98 14487.58
1717837495 3105343886 2694486578 25045086 422710 46087257 41155642 1215066 98288 60156.53 80184.44 34620.68 16558.90
1717837505 3105355447 2694491744 25045086 422710 46094091 41160484 1215066 98288 56297.52 76009.44 38473.85 20739.94
1717837516 3105359779 2694494398 25045086 422710 46103664 41169380 1215066 98288 55555.38 76285.70 39213.51 20456.96
1717837526 3105363674 2694496252 25045086 422710 46112586 41178430 1215066 98288 55252.75 75647.05 39518.45 21097.55
1717837536 3105365053 2694496728 25045086 422710 46120509 41186159 1215066 98288 55287.49 75283.41 39482.23 21463.08
1717837547 3105381054 2694511088 25045086 422710 46121223 41186961 1215066 98288 52871.72 72990.15 41896.90 23755.82
1717837557 3105389248 2694518532 25045086 422710 46121333 41187073 1215066 98288 52786.88 73061.36 41981.82 23685.11
1717837567 3105393210 2694522090 25045086 422710 46121459 41187125 1215066 98288 52778.50 73067.37 41990.12 23678.11
1717837578 3105395748 2694523858 25045086 422710 46121751 41187356 1215066 98288 52743.00 73095.11 42025.20 23651.87
1717837588 3105399005 2694526694 25045086 422710 46121884 41187472 1215066 98288 50997.64 73079.55 43770.98 23667.40
1717837598 3105402062 2694529340 25045086 422710 46122032 41187641 1215066 98288 50855.45 73207.82 43913.18 23545.59
1717837609 3105405653 2694532056 25045086 422710 46122380 41187819 1215066 98288 53853.71 73111.82 40915.95 23634.64
1717837621 3105409521 2694535500 25045086 422710 46122844 41188326 1215066 98288 49366.21 64965.00 45402.95 31781.46
1717837631 3105413168 2694538652 25045086 422710 46123493 41189066 1215066 98288 49055.36 64401.91 45713.26 32345.13
1717837642 3105416393 2694540534 25045086 422710 46124220 41189617 1215066 98288 57751.32 76984.80 37017.84 19761.66
1717837652 3105418209 2694541378 25045086 422710 46124952 41190151 1215066 98288 57184.29 76745.95 37584.70 20000.59
1717837662 3105419379 2694541642 25045086 422710 46125642 41191074 1215066 98288 56975.91 76379.29 37792.85 20368.29
1717837672 3105421557 2694542836 25045086 422710 46126513 41192076 1215066 98288 57116.23 75648.76 37667.49 21084.20
1717837683 3105423724 2694543876 25045086 422710 46126926 41192486 1215066 98288 56772.26 75442.67 37998.91 21303.90
1717837693 3105424694 2694544404 25045086 422710 46127228 41192948 1215066 98288 56868.55 75504.49 37900.07 21242.59
1717837703 3105426071 2694545244 25045086 422710 46127497 41193426 1215066 98288 57110.63 75474.54 37657.60 21271.93
1717837714 3105427273 2694546126 25045086 422710 46127813 41193497 1215066 98288 57086.12 75470.28 37684.25 21276.18
1717837724 3105427346 2694546126 25045086 422710 46128133 41193589 1215066 98288 57059.87 75487.52 37709.33 21258.94
1717837734 3105428076 2694546802 25045086 422710 46128371 41193719 1215066 98288 56593.16 75486.40 38175.46 21260.64
1717837745 3105428689 2694547372 25045086 422710 46128492 41193884 1215066 98288 57081.19 75479.24 37687.47 21265.46
1717837755 3105428731 2694547384 25045086 422710 46128610 41193991 1215066 98288 57080.91 75432.28 37688.32 21313.69
1717837766 3105428779 2694547384 25045086 422710 46128710 41194070 1215066 98288 57079.14 75432.12 37688.99 21314.44
1717837776 3105428994 2694547508 25045086 422710 46128814 41194143 1215066 98288 57075.39 75434.59 37693.33 21311.78
1717837786 3105429263 2694547524 25045086 422710 46128906 41194234 1215066 98288 57072.85 75433.09 37695.77 21314.03
1717837797 3105429549 2694547720 25045086 422710 46128942 41194379 1215066 98288 57071.20 75434.33 37697.42 21311.21
1717837807 3105429569 2694547720 25045086 422710 46129026 41194480 1215066 98288 57068.82 75438.47 37699.91 21309.20
1717837817 3105429632 2694547720 25045086 422710 46129137 41194546 1215066 98288 57066.25 75439.09 37701.92 21307.96
1717837828 3105430008 2694547922 25045086 422710 46129268 41194641 1215066 98288 57073.71 75432.06 37696.05 21314.52
1717837838 3105430029 2694547922 25045086 422710 46129417 41194742 1215066 98288 57058.78 75428.83 37710.98 21318.22
1717837848 3105430809 2694548436 25045086 422710 46129589 41194955 1215066 98288 57004.75 75229.88 37763.88 21515.59
1717837859 3105431652 2694548998 25045086 422710 46129918 41195090 1215066 98288 56469.51 75232.84 38297.64 21514.16
1717837869 3105433079 2694550070 25045086 422710 46130349 41195432 1215066 98288 56228.53 75106.53 38541.12 21643.49
1717837879 3105435705 2694552368 25045086 422710 46130875 41196060 1215066 98288 55791.97 74836.72 38975.66 21909.78
1717837890 3105438889 2694554790 25045086 422710 46131372 41197132 1215066 98288 56402.38 74102.09 38366.30 22645.02
1717837900 3105440985 2694556452 25045086 422710 46131783 41197534 1215066 98288 56163.05 74604.43 38605.12 22141.54
1717837910 3105441644 2694556734 25045086 422710 46132183 41197772 1215066 98288 56520.65 74637.48 38248.08 22108.99
1717837921 3105442496 2694557384 25045086 422710 46132345 41197957 1215066 98288 56547.56 75032.47 38220.57 21714.07
1717837931 3105443732 2694558334 25045086 422710 46132510 41198155 1215066 98288 56430.84 75003.61 38341.66 21743.46
1717837941 3105443857 2694558404 25045086 422710 46132702 41198288 1215066 98288 56474.88 74980.77 38293.36 21765.75
1717837952 3105444134 2694558602 25045086 422710 46132926 41198394 1215066 98288 56401.51 74977.09 38366.73 21768.89
1717837962 3105444171 2694558606 25045086 422710 46133007 41198479 1215066 98288 56400.66 74976.77 38368.56 21769.45
1717837972 3105444670 2694558990 25045086 422710 46133119 41198533 1215066 98288 56397.53 74979.17 38371.65 21767.30
1717837982 3105444705 2694558994 25045086 422710 46133241 41198575 1215066 98288 56399.44 74977.47 38368.82 21769.11
1717837993 3105444705 2694558994 25045086 422710 46133336 41198645 1215066 98288 56398.40 74975.53 38371.35 21770.94
1717838003 3105444723 2694559012 25045086 422710 46133446 41198701 1215066 98288 56398.52 74976.03 38371.24 21769.94
1717838013 3105444761 2694559014 25045086 422710 46133555 41198760 1215066 98288 56398.32 74976.48 38370.31 21769.59
1717838024 3105444780 2694559016 25045086 422710 46133649 41198844 1215066 98288 56400.73 74976.66 38367.89 21769.84
1717838034 3105445001 2694559048 25045086 422710 46133734 41198936 1215066 98288 56399.75 74974.57 38369.51 21771.89
1717838044 3105445001 2694559048 25045086 422710 46133848 41198988 1215066 98288 56400.37 74976.26 38369.95 21770.71
1717838055 3105445001 2694559048 25045086 422710 46133954 41199062 1215066 98288 56398.49 74975.66 38370.13 21770.96
1717838065 3105445233 2694559236 25045086 422710 46134039 41199160 1215066 98288 56398.47 74977.41 38370.27 21770.17
1717838075 3105445297 2694559260 25045086 422710 46134160 41199230 1215066 98288 56399.79 74974.64 38368.99 21771.83
1717838086 3105445316 2694559260 25045086 422710 46134287 41199298 1215066 98288 56397.75 75052.48 38371.47 21693.99
1717838096 3105445892 2694559808 25045086 422710 46134420 41199438 1215066 98288 56552.13 74988.32 38216.49 21756.17
1717838106 3105448009 2694561316 25045086 422710 46135086 41199990 1215066 98288 56708.25 74358.72 38060.41 22392.95
1717838117 3105450120 2694562556 25045086 422710 46135271 41201004 1215066 98288 56523.52 74287.02 38245.14 22460.86
1717838127 3105451249 2694563274 25045086 422710 46135384 41201390 1215066 98288 56529.45 74294.16 38238.76 22451.32
1717838137 3105451451 2694563458 25045086 422710 46135505 41201463 1215066 98288 56237.82 74348.40 38530.45 22398.67
1717838148 3105451797 2694563790 25045086 422710 46135621 41201521 1215066 98288 56169.55 74269.32 38599.72 22476.73
1717838158 3105452404 2694564358 25045086 422710 46135701 41201607 1215066 98288 56171.70 74138.97 38596.43 22608.16
1717838168 3105452632 2694564574 25045086 422710 46135748 41201728 1215066 98288 56172.87 74137.13 38595.88 22609.83
1717838179 3105453189 2694565100 25045086 422710 46135859 41201785 1215066 98288 56171.25 74203.25 38597.98 22543.21
1717838189 3105454086 2694565938 25045086 422710 46135971 41201850 1215066 98288 56171.92 74140.20 38596.73 22605.44
1717838199 3105454667 2694566484 25045086 422710 46136064 41201919 1215066 98288 56108.37 74140.68 38660.74 22606.39
1717838210 3105455435 2694567090 25045086 422710 46136241 41202075 1215066 98288 56244.34 74124.34 38524.77 22622.12
1717838220 3105459467 2694569442 25045086 422710 46137134 41203484 1215066 98288 55951.89 73106.12 38821.61 23640.84
1717838230 3105465791 2694572388 25045086 422710 46138438 41203949 1215066 98288 54192.59 73416.45 40576.03 23332.14
1717838241 3105469153 2694573874 25045086 422710 46138586 41204237 1215066 98288 53870.07 72529.04 40900.18 24227.68
1717838251 3105473826 2694575210 25045086 422710 46138690 41204547 1215066 98288 57938.49 72376.29 36818.76 24370.42
1717838261 3105476434 2694575860 25045086 422710 46138829 41204870 1215066 98288 61957.12 73388.67 32786.46 23358.40
1717838272 3105478280 2694576000 25045086 422710 46138980 41204940 1215066 98288 63742.74 74394.31 31025.88 22351.72
1717838282 3105479699 2694576108 25045086 422710 46139080 41205002 1215066 98288 63742.85 74394.79 31026.18 22350.69
1717838292 3105479995 2694576152 25045086 422710 46139211 41205031 1215066 98288 64349.47 74396.83 30393.64 22349.64
1717838302 3105480644 2694576182 25045086 422710 46139363 41205041 1215066 98288 67158.19 76995.44 27610.07 19751.03
1717838313 3105481115 2694576392 25045086 422710 46139511 41205057 1215066 98288 69674.02 79776.99 25094.79 16969.47
1717838323 3105481172 2694576414 25045086 422710 46139660 41205069 1215066 98288 69675.70 79770.79 25093.49 16975.68
1717838333 3105481557 2694576424 25045086 422710 46139835 41205086 1215066 98288 70084.33 80227.49 24684.40 16519.09
1717838344 3105484077 2694577060 25045086 422710 46140577 41205783 1215066 98288 70058.00 79642.60 24710.64 17103.86
1717838354 3105485885 2694577508 25045086 422710 46141137 41206377 1215066 98288 69856.39 79454.26 24913.40 17292.28
1717838364 3105487331 2694578024 25045086 422710 46141394 41206995 1215066 98288 69530.99 79027.43 25237.63 17719.21
1717838375 3105488450 2694578778 25045086 422710 46141446 41207144 1215066 98288 69469.11 78871.63 25299.58 17874.46
1717838385 3105489381 2694579280 25045086 422710 46141569 41207229 1215066 98288 69275.17 78703.99 25494.14 18041.98
1717838395 3105489859 2694579682 25045086 422710 46141696 41207303 1215066 98288 69253.46 78713.75 25515.17 18034.34
1717838406 3105491914 2694579890 25045086 422710 46143301 41208355 1215066 98288 69049.19 78596.06 25719.43 18149.99
1717838416 3105496468 2694580666 25045086 422710 46144491 41208680 1215066 98288 68466.36 78692.09 26302.27 18054.38
1717838426 3105505075 2694581292 25045086 422710 46144909 41209689 1215066 98288 68178.17 78501.35 26594.36 18244.13
1717838440 3105514326 2694582316 25045086 422710 46145045 41210040 1215066 98288 68332.11 78276.59 26436.64 18469.87
1717838451 3105519039 2694582652 25045086 422710 46145198 41210167 1215066 98288 68285.72 78338.41 26482.90 18407.56
1717838461 3105525318 2694583116 25045086 422710 46145325 41210240 1215066 98288 68313.73 78308.12 26454.01 18438.35
1717838471 3105530244 2694583370 25045086 422710 46145615 41210261 1215066 98288 68191.71 78432.20 26575.43 18316.01
1717838482 3105533588 2694583692 25045086 422710 46145655 41210398 1215066 98288 68201.02 78419.23 26567.60 18327.91
1717838492 3105537169 2694583926 25045086 422710 46145735 41210625 1215066 98288 68348.78 78271.80 26420.49 18474.66
1717838502 3105538019 2694584040 25045086 422710 46145866 41210675 1215066 98288 68362.31 78259.45 26407.51 18487.01
1717838512 3105541001 2694584352 25045086 422710 46145958 41210744 1215066 98288 68364.09 78256.44 26404.54 18489.05
1717838523 3105546965 2694585016 25045086 422710 46145973 41210890 1215066 98288 68363.90 78257.15 26404.72 18488.90
1717838533 3105554878 2694585548 25045086 422710 46146129 41211114 1215066 98288 68376.13 78246.37 26393.64 18500.10
1717838543 3105557552 2694585800 25045086 422710 46146278 41211136 1215066 98288 68372.20 78248.66 26396.00 18497.80
1717838554 3105561398 2694586010 25045086 422710 46146428 41211305 1215066 98288 68529.21 78092.93 26239.96 18653.53
1717838564 3105564499 2694586276 25045086 422710 46146718 41211445 1215066 98288 68514.38 78107.89 26253.85 18638.57
1717838574 3105567245 2694586398 25045086 422710 46146859 41211471 1215066 98288 68510.41 78111.36 26258.79 18635.11
1717838587 3105575312 2694587184 25045086 422710 46147161 41211472 1215066 98288 68364.80 78260.02 26403.86 18486.45
1717838600 3105581397 2694587712 25045086 422710 46147220 41211581 1215066 98288 68356.59 78268.36 26412.04 18477.66
1717838611 3105587298 2694588148 25045086 422710 46147250 41211717 1215066 98288 68354.64 78267.45 26413.98 18479.63
1717838621 3105592510 2694588502 25045086 422710 46147339 41211791 1215066 98288 68352.27 78269.87 26417.55 18476.60
1717838632 3105598918 2694589040 25045086 422710 46147489 41211802 1215066 98288 68351.99 78269.60 26416.63 18476.94
1717838654 3105610600 2694589906 25045086 422710 46147563 41211893 1215066 98288 68354.34 78270.54 26413.79 18476.99
1717838665 3105614479 2694590134 25045086 422710 46147660 41211959 1215066 98288 68352.71 78271.53 26416.58 18474.93
1717838675 3105621320 2694590804 25045086 422710 46147743 41212043 1215066 98288 68361.44 78259.53 26407.18 18485.46
1717838685 3105626698 2694591334 25045086 422710 46147872 41212182 1215066 98288 68376.08 78248.71 26394.16 18497.75
1717838695 3105633429 2694591762 25045086 422710 46148039 41212228 1215066 98288 68386.29 78236.54 26382.35 18510.50
1717838706 3105639489 2694592204 25045086 422710 46148164 41212295 1215066 98288 68347.18 78274.23 26420.59 18472.23
1717838716 3105648467 2694592854 25045086 422710 46148338 41212412 1215066 98288 68376.16 78245.76 26392.46 18502.40
1717838727 3105656201 2694593442 25045086 422710 46148391 41212544 1215066 98288 68348.76 78270.34 26417.20 18474.87
1717838737 3105661083 2694593794 25045086 422710 46148447 41212654 1215066 98288 68351.11 78269.98 26417.60 18476.48
1717838748 3105665144 2694594058 25045086 422710 46148573 41212690 1215066 98288 68351.01 78271.47 26418.82 18475.00
1717838758 3105668401 2694594300 25045086 422710 46148711 41212714 1215066 98288 68353.88 78269.47 26415.34 18476.56
1717838768 3105674835 2694594786 25045086 422710 46148858 41212729 1215066 98288 68350.86 78273.24 26417.93 18473.22
1717838779 3105682882 2694595338 25045086 422710 46149024 41212745 1215066 98288 68351.31 78271.01 26417.34 18475.45
1717838789 3105688633 2694595724 25045086 422710 46149147 41212781 1215066 98288 68351.05 78270.29 26417.74 18476.17
1717838799 3105694682 2694596150 25045086 422710 46149241 41212850 1215066 98288 68354.09 78269.51 26414.53 18477.56
1717838809 3105699863 2694596590 25045086 422710 46149326 41212930 1215066 98288 68669.78 78714.82 26099.96 18031.64
1717838820 3105704758 2694596930 25045086 422710 46149402 41213019 1215066 98288 68672.93 78712.11 26095.69 18033.40
1717838830 3105710128 2694597288 25045086 422710 46149516 41213143 1215066 98288 68598.51 78786.86 26170.11 17960.23
1717838840 3105718239 2694597830 25045086 422710 46149607 41213296 1215066 98288 68674.34 78711.95 26094.35 18034.52
1717838851 3105722805 2694598188 25045086 422710 46149709 41213365 1215066 98288 68671.98 78711.35 26096.64 18036.25
1717838861 3105725897 2694598422 25045086 422710 46149856 41213477 1215066 98288 68629.82 78752.89 26138.80 17994.13
1717838871 3105731405 2694598990 25045086 422710 46150279 41213551 1215066 98288 68334.17 79023.59 26443.08 17722.87
1717838882 3105735252 2694599214 25045086 422710 46150513 41213589 1215066 98288 68292.30 79085.39 26476.52 17661.08
1717838892 3105738540 2694599736 25045086 422710 46150677 41213643 1215066 98288 68295.98 79066.49 26473.25 17679.54
1717838902 3105740226 2694600112 25045086 422710 46150750 41213782 1215066 98288 68299.77 79024.43 26467.94 17722.03
1717838913 3105741160 2694600336 25045086 422710 46150862 41213851 1215066 98288 68318.13 79027.41 26450.49 17719.22
1717838923 3105742777 2694601040 25045086 422710 46151027 41213899 1215066 98288 68303.44 79044.02 26464.81 17702.44
1717838933 3105743502 2694601304 25045086 422710 46151200 41213923 1215066 98288 68298.21 79019.88 26471.03 17726.59
1717838944 3105744419 2694601370 25045086 422710 46151329 41214012 1215066 98288 68279.55 78999.19 26488.58 17746.40
1717838954 3105746393 2694602226 25045086 422710 46151421 41214116 1215066 98288 68285.39 78972.79 26483.80 17773.77
1717838964 3105747374 2694602952 25045086 422710 46151525 41214191 1215066 98288 68299.60 78958.67 26469.66 17788.35
1717838974 3105748329 2694603342 25045086 422710 46151640 41214257 1215066 98288 68309.75 78947.44 26460.02 17798.03
1717838985 3105751274 2694604132 25045086 422710 46151782 41214292 1215066 98288 68309.62 78947.43 26459.59 17799.10
1717838995 3105753242 2694605036 25045086 422710 46151874 41214376 1215066 98288 68310.95 78946.98 26459.28 17800.08
1717839005 3105755116 2694605518 25045086 422710 46151986 41214453 1215066 98288 68310.50 78915.58 26458.62 17830.55
1717839016 3105756306 2694606118 25045086 422710 46152087 41214530 1215066 98288 68309.68 78948.10 26459.44 17798.44
1717839026 3105757278 2694606484 25045086 422710 46152157 41214634 1215066 98288 68316.82 79097.55 26451.43 17649.48
1717839036 3105758131 2694606714 25045086 422710 46152278 41214687 1215066 98288 68315.46 79067.04 26453.77 17679.43
1717839047 3105758490 2694606766 25045086 422710 46152398 41214742 1215066 98288 68306.93 79098.23 26462.26 17647.79
1717839057 3105764244 2694607870 25045086 422710 46152494 41215249 1215066 98288 68788.14 78617.34 25979.50 18129.23
1717839067 3105768373 2694608150 25045086 422710 46152570 41215372 1215066 98288 68825.02 78580.48 25943.11 18165.56
1717839078 3105770933 2694608310 25045086 422710 46152681 41215458 1215066 98288 68789.92 78612.80 25978.78 18133.17
1717839088 3105771757 2694608370 25045086 422710 46152767 41215563 1215066 98288 68821.61 78581.09 25947.02 18166.55
1717839098 3105774046 2694608708 25045086 422710 46152832 41215737 1215066 98288 68815.83 78578.39 25952.79 18168.12
1717839109 3105783588 2694609592 25045086 422710 46152950 41216143 1215066 98288 69035.43 78341.32 25732.31 18405.15
1717839119 3105790210 2694610204 25045086 422710 46153160 41216152 1215066 98288 68985.59 78393.71 25783.70 18352.75
1717839129 3105794254 2694610580 25045086 422710 46153314 41216167 1215066 98288 68974.94 78403.20 25793.30 18343.27
1717839140 3105797022 2694610860 25045086 422710 46153481 41216175 1215066 98288 68961.03 78417.99 25807.68 18328.48
1717839150 3105800213 2694611278 25045086 422710 46153673 41216295 1215066 98288 69045.69 78332.92 25723.43 18413.55
1717839160 3105805206 2694611738 25045086 422710 46153845 41216305 1215066 98288 69017.30 78359.21 25752.45 18387.25
1717839170 3105808562 2694612006 25045086 422710 46154122 41216325 1215066 98288 68882.96 78494.39 25886.88 18252.07
1717839181 3105811740 2694612336 25045086 422710 46154268 41216344 1215066 98288 68876.27 78499.92 25893.96 18247.15
1717839191 3105812487 2694612400 25045086 422710 46154417 41216363 1215066 98288 68873.70 78503.38 25894.92 18244.14
1717839201 3105813897 2694612700 25045086 422710 46154457 41216484 1215066 98288 69194.95 78788.36 25573.67 17957.63
1717839212 3105816784 2694613076 25045086 422710 46154478 41216625 1215066 98288 69195.74 78788.13 25572.88 17960.16
1717839222 3105819686 2694613274 25045086 422710 46154520 41216747 1215066 98288 69189.85 78793.20 25578.77 17953.33
1717839232 3105821714 2694613528 25045086 422710 46154656 41216797 1215066 98288 69163.66 78821.24 25605.53 17925.23
1717839243 3105824110 2694613764 25045086 422710 46154818 41216823 1215066 98288 69317.65 78819.48 25452.11 17926.98
1717839253 3105828268 2694614206 25045086 422710 46154957 41216853 1215066 98288 69311.32 78825.29 25458.36 17921.22
1717839263 3105831218 2694614430 25045086 422710 46155025 41216953 1215066 98288 69646.16 78946.72 25122.46 17799.34
1717839274 3105835399 2694614904 25045086 422710 46155136 41217032 1215066 98288 69616.27 78977.10 25151.36 17769.92
1717839284 3105839951 2694615360 25045086 422710 46155291 41217064 1215066 98288 69644.13 78947.64 25124.59 17798.82
1717839294 3105844032 2694615736 25045086 422710 46155431 41217116 1215066 98288 69635.48 78956.77 25134.82 17789.70
1717839305 3105844380 2694615736 25045086 422710 46155503 41217203 1215066 98288 69639.16 78952.40 25129.46 17794.70
1717839315 3105847878 2694616042 25045086 422710 46155626 41217321 1215066 98288 69636.50 78957.79 25132.27 17788.68
1717839325 3105851773 2694616372 25045086 422710 46155785 41217332 1215066 98288 69639.28 78954.04 25130.41 17792.42
1717839335 3105854135 2694616694 25045086 422710 46155949 41217359 1215066 98288 69652.60 78938.55 25115.15 17807.92
1717839346 3105856725 2694616962 25045086 422710 46156035 41217447 1215066 98288 69655.12 78936.13 25113.50 17811.39
1717839356 3105860532 2694617352 25045086 422710 46156146 41217514 1215066 98288 69662.15 78930.41 25107.10 17816.05
1717839366 3105864655 2694617710 25045086 422710 46156308 41217515 1215066 98288 69661.18 78931.39 25106.95 17815.07
1717839377 3105869706 2694618152 25045086 422710 46156449 41217550 1215066 98288 69649.15 78942.54 25119.47 17804.55
1717839387 3105872917 2694618480 25045086 422710 46156588 41217575 1215066 98288 69646.68 78944.68 25121.96 17801.79
1717839397 3105877184 2694618952 25045086 422710 46156709 41217617 1215066 98288 69649.07 78941.70 25119.55 17805.88
1717839408 3105879102 2694619178 25045086 422710 46156787 41217704 1215066 98288 69647.57 78940.56 25121.05 17804.99
1717839418 3105881382 2694619546 25045086 422710 46156879 41217776 1215066 98288 69648.78 78940.61 25119.84 17805.91
1717839428 3105888292 2694620338 25045086 422710 46156950 41217879 1215066 98288 69654.73 78934.41 25114.97 17812.18
1717839439 3105891217 2694620568 25045086 422710 46157109 41217890 1215066 98288 69650.15 78940.02 25119.08 17806.45
1717839449 3105893809 2694620838 25045086 422710 46157228 41217934 1215066 98288 69648.95 78939.90 25119.14 17806.04
1717839459 3105895682 2694621060 25045086 422710 46157328 41217998 1215066 98288 69645.42 78945.68 25124.80 17800.78
1717839469 3105899675 2694621386 25045086 422710 46157479 41218012 1215066 98288 69644.52 78942.15 25125.18 17804.32
1717839480 3105903339 2694621724 25045086 422710 46157621 41218042 1215066 98288 69635.66 78952.91 25133.47 17794.72
1717839490 3105906806 2694622028 25045086 422710 46157770 41218071 1215066 98288 69645.95 78943.94 25123.29 17802.52
1717839500 3105912542 2694622520 25045086 422710 46157922 41218085 1215066 98288 69643.59 78943.45 25125.03 17803.20
1717839511 3105914606 2694622712 25045086 422710 46157961 41218217 1215066 98288 69648.73 78939.52 25119.89 17809.08
1717839521 3105916527 2694622924 25045086 422710 46158028 41218314 1215066 98288 69649.52 78939.52 25119.10 17807.45
1717839531 3105919499 2694623196 25045086 422710 46158049 41218455 1215066 98288 69650.76 78936.21 25117.86 17811.37
1717839542 3105921527 2694623342 25045086 422710 46158103 41218568 1215066 98288 69649.39 78937.42 25118.82 17809.65
1717839552 3105924693 2694623622 25045086 422710 46158234 41218604 1215066 98288 69648.87 78939.22 25119.87 17807.24
1717839562 3105925490 2694623638 25045086 422710 46158391 41218611 1215066 98288 69652.79 78936.65 25117.05 17809.32
1717839573 3105928778 2694623962 25045086 422710 46158536 41218631 1215066 98288 69649.82 78940.47 25118.93 17806.00
1717839583 3105929817 2694624080 25045086 422710 46158609 41218721 1215066 98288 69653.00 78937.15 25115.62 17810.00
1717839593 3105931675 2694624234 25045086 422710 46158651 41218843 1215066 98288 69651.61 78934.10 25117.02 17813.44
1717839604 3105934958 2694624502 25045086 422710 46158714 41218950 1215066 98288 69649.47 78936.00 25119.23 17810.47
1717839614 3105936719 2694624696 25045086 422710 46158777 41219051 1215066 98288 69651.38 78937.59 25117.85 17809.38
1717839624 3105939756 2694624978 25045086 422710 46158867 41219128 1215066 98288 69653.23 78934.32 25115.39 17812.24
1717839635 3105942584 2694625230 25045086 422710 46158981 41219209 1215066 98288 69649.11 78937.55 25119.12 17808.91
1717839645 3105946801 2694625582 25045086 422710 46159118 41219235 1215066 98288 69652.72 78935.71 25115.90 17811.96
1717839655 3105951525 2694625974 25045086 422710 46159212 41219306 1215066 98288 69650.42 78936.11 25118.32 17810.36
1717839665 3105954709 2694626312 25045086 422710 46159372 41219309 1215066 98288 69649.69 78936.95 25117.46 17809.52
1717839676 3105958340 2694626674 25045086 422710 46159467 41219380 1215066 98288 69651.04 78932.84 25117.59 17813.76
1717839686 3105963676 2694627108 25045086 422710 46159482 41219530 1215066 98288 69652.23 78933.47 25116.39 17813.57
1717839696 3105968854 2694627610 25045086 422710 46159526 41219648 1215066 98288 69652.20 78931.82 25116.42 17815.86
1717839707 3105974264 2694628090 25045086 422710 46159613 41219727 1215066 98288 69650.14 78935.49 25118.59 17810.98
1717839717 3105979593 2694628516 25045086 422710 46159756 41219752 1215066 98288 69650.11 78935.54 25118.13 17810.44
1717839727 3105983243 2694629060 25045086 422710 46159878 41219794 1215066 98288 69647.69 78935.92 25121.04 17810.05
1717839738 3105985632 2694629198 25045086 422710 46159981 41219856 1215066 98288 69650.93 78935.75 25118.42 17810.71
1717839748 3105990726 2694629694 25045086 422710 46160068 41219938 1215066 98288 69654.59 78932.12 25114.04 17814.96
1717839758 3105995318 2694630100 25045086 422710 46160090 41220079 1215066 98288 69652.46 78932.86 25116.16 17814.16
1717839769 3105999764 2694630560 25045086 422710 46160109 41220224 1215066 98288 69653.95 78930.86 25114.67 17815.12
1717839779 3106006208 2694631146 25045086 422710 46160187 41220312 1215066 98288 69654.30 78933.74 25114.84 17812.77
1717839789 3106011421 2694631488 25045086 422710 46160226 41220436 1215066 98288 69654.96 78932.94 25113.66 17814.16
1717839800 3106016450 2694632078 25045086 422710 46160259 41220571 1215066 98288 69651.73 78934.88 25116.89 17811.65
1717839810 3106019488 2694632382 25045086 422710 46160301 41220692 1215066 98288 69649.51 78939.13 25119.72 17807.34
1717839820 3106024364 2694632838 25045086 422710 46160414 41220747 1215066 98288 69649.11 78939.00 25119.60 17808.06
1717839830 3106029172 2694633296 25045086 422710 46160489 41220837 1215066 98288 69649.70 78934.81 25119.49 17810.18
1717839841 3106034419 2694633792 25045086 422710 46160591 41220900 1215066 98288 69649.96 78939.03 25118.66 17807.43
1717839851 3106035512 2694633916 25045086 422710 46160755 41220904 1215066 98288 69647.33 78939.82 25119.84 17806.64
1717839861 3106039160 2694634292 25045086 422710 46160803 41221024 1215066 98288 69653.76 78930.41 25114.86 17816.18
1717839872 3106040607 2694634408 25045086 422710 46160863 41221130 1215066 98288 69652.12 78935.98 25117.08 17811.08
1717839882 3106046121 2694634948 25045086 422710 46161011 41221147 1215066 98288 69652.77 78936.71 25117.48 17809.75
1717839892 3106049751 2694635204 25045086 422710 46161101 41221223 1215066 98288 69653.05 78935.45 25115.57 17811.63
1717839903 3106054950 2694635704 25045086 422710 46161187 41221302 1215066 98288 69650.89 78937.35 25116.28 17809.12
1717839913 3106058388 2694635984 25045086 422710 46161277 41221375 1215066 98288 69652.70 78933.86 25115.92 17812.73
1717839923 3106064480 2694636770 25045086 422710 46161298 41221520 1215066 98288 69652.56 78932.67 25116.06 17814.33
1717839934 3106068764 2694637166 25045086 422710 46161319 41221666 1215066 98288 69653.31 78934.16 25115.31 17812.91
1717839944 3106071409 2694637416 25045086 422710 46161398 41221754 1215066 98288 69653.01 78937.29 25115.61 17809.74
1717839954 3106077788 2694638020 25045086 422710 46161494 41221832 1215066 98288 69646.51 78940.77 25122.64 17805.29
1717839965 3106079938 2694638284 25045086 422710 46161537 41221954 1215066 98288 69647.90 78937.51 25120.72 17808.50
1717839975 3106086317 2694638816 25045086 422710 46161663 41222028 1215066 98288 69621.50 78964.19 25147.32 17782.27
1717839985 3106092358 2694639352 25045086 422710 46161770 41222108 1215066 98288 69646.51 78937.87 25122.11 17809.18
1717839996 3106097247 2694639776 25045086 422710 46161883 41222210 1215066 98288 69648.09 78937.73 25120.15 17808.73
1717840006 3106099185 2694640036 25045086 422710 46161977 41222279 1215066 98288 69651.51 78933.03 25117.11 17814.59
1717840016 3106102587 2694640260 25045086 422710 46162034 41222386 1215066 98288 69648.41 78935.63 25120.39 17811.44
1717840026 3106107345 2694640696 25045086 422710 46162157 41222429 1215066 98288 69649.69 78932.51 25120.14 17813.95
1717840037 3106113280 2694641352 25045086 422710 46162301 41222453 1215066 98288 69653.67 78931.35 25114.95 17816.20
1717840047 3106115154 2694641550 25045086 422710 46162398 41222522 1215066 98288 69652.29 78933.01 25116.46 17813.45
1717840057 3106119918 2694642036 25045086 422710 46162515 41222572 1215066 98288 69653.82 78927.45 25114.89 17819.02
1717840068 3106122004 2694642116 25045086 422710 46162631 41222623 1215066 98288 69653.70 78927.46 25114.92 17818.71
1717840078 3106124253 2694642424 25045086 422710 46162677 41222743 1215066 98288 69654.71 78926.61 25113.91 17820.02
1717840088 3106127136 2694642640 25045086 422710 46162713 41222873 1215066 98288 69653.57 78929.70 25114.61 17816.77
1717840099 3106130234 2694642900 25045086 422710 46162819 41222931 1215066 98288 69655.54 78925.39 25113.09 17821.66
1717840109 3106135405 2694643354 25045086 422710 46162909 41223006 1215066 98288 69652.46 78931.68 25116.76 17816.02
1717840119 3106136916 2694643562 25045086 422710 46163015 41223069 1215066 98288 69649.95 78933.96 25118.18 17812.50
1717840130 3106140617 2694643862 25045086 422710 46163116 41223132 1215066 98288 69653.27 78928.78 25115.35 17818.29
1717840140 3106145306 2694644382 25045086 422710 46163133 41223279 1215066 98288 69652.86 78927.57 25115.76 17819.48
1717840150 3106149514 2694644712 25045086 422710 46163146 41223430 1215066 98288 69652.16 78927.97 25116.46 17819.09
1717840161 3106155692 2694645170 25045086 422710 46163274 41223467 1215066 98288 69651.22 78930.34 25117.40 17816.25
1717840171 3106159598 2694645606 25045086 422710 46163377 41223529 1215066 98288 69651.46 78932.44 25117.70 17814.02
1717840181 3106160250 2694645630 25045086 422710 46163534 41223541 1215066 98288 69652.32 78929.21 25116.91 17816.96
1717840192 3106162879 2694645836 25045086 422710 46163621 41223617 1215066 98288 69650.78 78930.03 25116.86 17815.95
1717840202 3106164078 2694645992 25045086 422710 46163762 41223645 1215066 98288 69649.20 78931.87 25120.47 17815.20
1717840212 3106167961 2694646280 25045086 422710 46163909 41223664 1215066 98288 69649.98 78933.34 25119.69 17813.12
1717840222 3106174057 2694646766 25045086 422710 46164056 41223682 1215066 98288 69647.99 78934.41 25120.20 17812.05
1717840233 3106177005 2694647242 25045086 422710 46164191 41223708 1215066 98288 69647.96 78934.10 25120.70 17812.36
1717840243 3106181388 2694647656 25045086 422710 46164295 41223771 1215066 98288 69648.93 78930.39 25119.69 17817.09
1717840254 3106186505 2694647988 25045086 422710 46164327 41223904 1215066 98288 69649.77 78928.71 25118.56 17818.36
1717840264 3106190713 2694648330 25045086 422710 46164438 41223961 1215066 98288 69645.14 78934.28 25122.98 17812.31
1717840275 3106193342 2694648670 25045086 422710 46164522 41224062 1215066 98288 69623.35 78956.48 25145.27 17790.08
1717840285 3106199066 2694649134 25045086 422710 46164626 41224147 1215066 98288 69641.99 78938.36 25125.71 17809.84
1717840295 3106202830 2694649506 25045086 422710 46164710 41224231 1215066 98288 69638.96 78941.61 25129.66 17806.58
1717840306 3106204636 2694649622 25045086 422710 46164792 41224320 1215066 98288 69638.68 78941.02 25129.09 17805.44
1717840316 3106205389 2694649726 25045086 422710 46164936 41224340 1215066 98288 69639.46 78940.53 25129.34 17805.93
1717840326 3106208154 2694649910 25045086 422710 46165040 41224407 1215066 98288 69644.94 78935.07 25123.68 17811.07
1717840337 3106208647 2694649960 25045086 422710 46165130 41224484 1215066 98288 69643.66 78936.79 25125.58 17809.68
1717840347 3106209255 2694649980 25045086 422710 46165280 41224499 1215066 98288 69644.04 78934.03 25125.10 17812.52
1717840357 3106209740 2694650070 25045086 422710 46165430 41224582 1215066 98288 69645.16 78932.89 25123.46 17813.66
1717840368 3106212132 2694650224 25045086 422710 46165523 41224654 1215066 98288 69646.21 78935.75 25123.08 17810.72
1717840378 3106213441 2694650424 25045086 422710 46165630 41224714 1215066 98288 69646.61 78934.21 25122.01 17812.91
1717840388 3106217489 2694650758 25045086 422710 46165695 41224816 1215066 98288 69641.95 78935.27 25127.22 17811.77
1717840399 3106219381 2694650876 25045086 422710 46165747 41224949 1215066 98288 69625.57 78954.53 25143.05 17791.52
1717840409 3106221552 2694651080 25045086 422710 46165773 41225100 1215066 98288 69641.71 78937.93 25126.91 17809.74
1717840419 3106225134 2694651436 25045086 422710 46165856 41225188 1215066 98288 69647.89 78930.84 25120.84 17814.67
1717840430 3106227801 2694651658 25045086 422710 46165939 41225270 1215066 98288 69650.88 78930.75 25117.74 17815.23
1717840440 3106229419 2694651856 25045086 422710 46166016 41225359 1215066 98288 69649.22 78931.30 25119.40 17815.28
1717840450 3106232446 2694652122 25045086 422710 46166071 41225469 1215066 98288 69649.69 78932.26 25118.44 17814.33
1717840461 3106237118 2694652610 25045086 422710 46166145 41225557 1215066 98288 69649.69 78930.40 25118.93 17815.12
1717840471 3106242074 2694653118 25045086 422710 46166206 41225664 1215066 98288 69647.83 78934.22 25119.90 17812.24
1717840481 3106243863 2694653376 25045086 422710 46166300 41225733 1215066 98288 69647.55 78933.13 25120.57 17813.93
1717840491 3106247788 2694653808 25045086 422710 46166387 41225810 1215066 98288 69647.33 78934.95 25121.94 17811.52
1717840502 3106251637 2694654324 25045086 422710 46166546 41225817 1215066 98288 69649.68 78932.62 25119.54 17813.99
1717840512 3106256152 2694654748 25045086 422710 46166648 41225880 1215066 98288 69649.76 78933.09 25120.04 17813.56
1717840522 3106262284 2694655282 25045086 422710 46166750 41225946 1215066 98288 69648.45 78934.06 25122.26 17812.41
1717840533 3106267169 2694655810 25045086 422710 46166909 41225967 1215066 98288 69664.79 78916.08 25102.86 17830.39
1717840543 3106270958 2694656178 25045086 422710 46167037 41226023 1215066 98288 69647.18 78933.91 25122.05 17812.55
1717840553 3106275877 2694656546 25045086 422710 46167200 41226028 1215066 98288 69633.29 78950.79 25135.98 17795.67
1717840564 3106281507 2694657058 25045086 422710 46167360 41226036 1215066 98288 69649.43 78934.57 25119.70 17811.90
1717840574 3106287278 2694657514 25045086 422710 46167476 41226086 1215066 98288 69648.06 78935.15 25120.56 17812.50
1717840584 3106290451 2694658006 25045086 422710 46167570 41226174 1215066 98288 69623.86 78958.97 25144.76 17788.12
1717840595 3106291630 2694658186 25045086 422710 46167608 41226303 1215066 98288 69617.53 78956.51 25151.09 17790.58
1717840605 3106296446 2694658590 25045086 422710 46167691 41226403 1215066 98288 69641.92 78933.65 25127.35 17812.81
1717840615 3106297930 2694658684 25045086 422710 46167854 41226405 1215066 98288 69641.08 78934.29 25128.64 17812.18
1717840626 3106300362 2694658888 25045086 422710 46168018 41226407 1215066 98288 69639.79 78935.01 25129.43 17811.45
1717840636 3106306101 2694659362 25045086 422710 46168249 41226485 1215066 98288 69633.21 78939.94 25135.47 17806.53
1717840646 3106308083 2694659542 25045086 422710 46168357 41226541 1215066 98288 69638.30 78931.11 25130.02 17814.96
1717840656 3106311644 2694659942 25045086 422710 46168479 41226583 1215066 98288 69636.99 78934.96 25131.17 17811.51
1717840667 3106313749 2694660170 25045086 422710 46168639 41226589 1215066 98288 69637.47 78935.60 25131.19 17810.87
1717840677 3106316876 2694660496 25045086 422710 46168727 41226664 1215066 98288 69638.03 78931.16 25130.59 17813.82
1717840687 3106319481 2694660730 25045086 422710 46168958 41226759 1215066 98288 69476.25 79092.52 25292.54 17653.94
1717840698 3106323087 2694661038 25045086 422710 46169114 41226767 1215066 98288 69478.78 79093.29 25289.88 17653.18
1717840708 3106324244 2694661146 25045086 422710 46169262 41226780 1215066 98288 69478.97 79090.18 25289.65 17655.85
1717840718 3106328070 2694661438 25045086 422710 46169294 41226912 1215066 98288 69479.02 79087.00 25289.60 17659.60
1717840729 3106333626 2694661950 25045086 422710 46169367 41227002 1215066 98288 69480.21 79090.38 25288.46 17655.59
1717840739 3106337488 2694662318 25045086 422710 46169453 41227080 1215066 98288 69476.21 79091.20 25292.41 17656.41
1717840749 3106340403 2694662610 25045086 422710 46169484 41227218 1215066 98288 69479.17 79086.94 25289.45 17658.54
1717840760 3106344220 2694662846 25045086 422710 46169566 41227297 1215066 98288 69476.23 79091.95 25293.59 17655.12
1717840770 3106349622 2694663562 25045086 422710 46169678 41227349 1215066 98288 69476.04 79092.41 25291.68 17654.05
1717840780 3106352155 2694664036 25045086 422710 46169835 41227356 1215066 98288 69478.30 79091.15 25290.92 17655.42
1717840791 3106355492 2694664346 25045086 422710 46169874 41227491 1215066 98288 69458.64 79101.34 25309.98 17645.17
1717840801 3106360231 2694664800 25045086 422710 46169934 41227616 1215066 98288 69455.55 79099.50 25313.64 17646.48
1717840811 3106364687 2694665186 25045086 422710 46170094 41227645 1215066 98288 69451.43 79102.30 25317.79 17644.16
1717840821 3106367918 2694665454 25045086 422710 46170267 41227664 1215066 98288 69371.76 79045.67 25396.86 17701.44
1717840832 3106370290 2694665736 25045086 422710 46170364 41227748 1215066 98288 69471.48 79091.21 25297.23 17655.25
1717840842 3106373667 2694666108 25045086 422710 46170524 41227776 1215066 98288 69461.78 79091.26 25306.84 17655.81
1717840852 3106378136 2694666624 25045086 422710 46170630 41227892 1215066 98288 69474.65 79093.61 25294.00 17653.42
1717840863 3106383491 2694667226 25045086 422710 46170748 41227975 1215066 98288 69477.76 79090.03 25290.86 17657.51
1717840873 3106391582 2694668040 25045086 422710 46170864 41228064 1215066 98288 69474.82 79092.04 25294.43 17654.43
1717840883 3106399053 2694668776 25045086 422710 46171043 41228078 1215066 98288 69475.51 79091.96 25292.13 17656.08
1717840894 3106403578 2694669238 25045086 422710 46171086 41228220 1215066 98288 69471.14 79086.83 25297.48 17674.88
1717840904 3106406027 2694669468 25045086 422710 46171204 41228313 1215066 98288 69470.36 79090.32 25298.43 17656.15
1717840914 3106409678 2694669850 25045086 422710 46171376 41228341 1215066 98288 69450.59 79040.30 25318.09 17706.16
1717840925 3106414961 2694670326 25045086 422710 46171523 41228397 1215066 98288 69470.02 79039.48 25299.18 17706.00
1717840935 3106421169 2694671128 25045086 422710 46171654 41228464 1215066 98288 69465.71 78989.79 25303.42 17756.67
1717840945 3106426422 2694671576 25045086 422710 46171731 41228639 1215066 98288 69537.12 78955.48 25231.50 17791.49
1717840956 3106431810 2694672252 25045086 422710 46171878 41228747 1215066 98288 69465.55 79090.05 25302.68 17656.41
1717840966 3106438133 2694673076 25045086 422710 46171984 41228836 1215066 98288 69465.89 79042.54 25302.77 17704.52
1717840976 3106442901 2694673722 25045086 422710 46172058 41228948 1215066 98288 69465.60 79041.82 25301.54 17704.65
1717840986 3106446732 2694673978 25045086 422710 46172176 41229014 1215066 98288 69466.95 79038.69 25301.67 17708.45
1717840997 3106448629 2694674380 25045086 422710 46172236 41229156 1215066 98288 69469.32 79084.95 25299.30 17661.57
1717841007 3106452930 2694674832 25045086 422710 46172337 41229295 1215066 98288 69436.67 79073.12 25332.54 17673.35
1717841017 3106455498 2694675162 25045086 422710 46172511 41229301 1215066 98288 69484.07 79073.50 25285.86 17672.96
1717841028 3106463083 2694675866 25045086 422710 46172660 41229361 1215066 98288 69413.49 79076.57 25354.65 17669.89
1717841038 3106469385 2694676420 25045086 422710 46172746 41229460 1215066 98288 69440.48 79116.66 25328.14 17629.94
1717841048 3106471801 2694676630 25045086 422710 46172828 41229564 1215066 98288 69464.21 79045.89 25304.43 17700.57
1717841059 3106474089 2694676856 25045086 422710 46173161 41229612 1215066 98288 69250.52 79305.88 25517.63 17440.59
1717841069 3106476100 2694677022 25045086 422710 46173248 41229691 1215066 98288 69250.67 79302.21 25517.95 17443.83
1717841079 3106477876 2694677222 25045086 422710 46173342 41229975 1215066 98288 69461.04 79092.48 25307.63 17653.98
1717841090 3106481884 2694677626 25045086 422710 46173465 41230030 1215066 98288 69404.51 79089.71 25364.11 17655.32
1717841100 3106485203 2694677924 25045086 422710 46173507 41230158 1215066 98288 69468.58 79088.59 25300.04 17657.90
1717841110 3106488538 2694678300 25045086 422710 46173533 41230322 1215066 98288 69467.57 79096.04 25301.05 17650.45
1717841121 3106492342 2694678614 25045086 422710 46173659 41230396 1215066 98288 69431.98 79124.79 25336.86 17621.67
1717841131 3106496783 2694679026 25045086 422710 46173814 41230412 1215066 98288 69428.46 79123.98 25340.30 17622.48
1717841141 3106499123 2694679206 25045086 422710 46173960 41230441 1215066 98288 69430.85 79122.27 25337.77 17624.80
1717841151 3106505128 2694679872 25045086 422710 46174069 41230511 1215066 98288 69376.94 79123.99 25392.30 17622.48
1717841162 3106511125 2694680386 25045086 422710 46174328 41230759 1215066 98288 69505.88 79046.71 25262.74 17701.28
1717841172 3106512527 2694680490 25045086 422710 46174506 41230835 1215066 98288 69429.14 79125.06 25339.48 17621.01
1717841182 3106517200 2694680950 25045086 422710 46174613 41230907 1215066 98288 69378.93 79129.10 25388.71 17617.37
1717841193 3106520746 2694681282 25045086 422710 46174759 41230934 1215066 98288 69429.60 79121.59 25339.62 17624.96
1717841203 3106524245 2694681616 25045086 422710 46174807 41231068 1215066 98288 69430.14 79120.17 25338.48 17626.95
1717841213 3106529045 2694682212 25045086 422710 46174851 41231221 1215066 98288 69380.18 79121.02 25389.17 17625.44
1717841224 3106537594 2694683062 25045086 422710 46175028 41231237 1215066 98288 69328.28 79123.42 25439.87 17623.04
1717841234 3106539976 2694683368 25045086 422710 46175172 41231296 1215066 98288 69328.45 79121.18 25440.75 17625.48
1717841244 3106541363 2694683542 25045086 422710 46175347 41231318 1215066 98288 69333.01 79123.75 25436.33 17622.72
1717841255 3106542743 2694683632 25045086 422710 46175491 41231394 1215066 98288 69432.30 79068.30 25336.32 17678.75
1717841265 3106544453 2694683830 25045086 422710 46175629 41231486 1215066 98288 69361.96 79029.36 25407.98 17718.19
1717841275 3106545246 2694684038 25045086 422710 46175735 41231581 1215066 98288 69429.07 79106.09 25340.14 17642.09
1717841286 3106548752 2694684490 25045086 422710 46175844 41231674 1215066 98288 69382.81 79107.41 25385.81 17639.65
1717841296 3106550843 2694684746 25045086 422710 46175897 41231829 1215066 98288 69432.58 79130.38 25336.04 17617.20
1717841306 3106552913 2694684876 25045086 422710 46175956 41231986 1215066 98288 69431.30 79018.01 25337.32 17729.54
1717841317 3106554058 2694685104 25045086 422710 46176017 41232106 1215066 98288 69380.08 79126.08 25388.54 17619.46
1717841327 3106555470 2694685270 25045086 422710 46176075 41232250 1215066 98288 69440.60 79121.56 25328.02 17624.91
1717841337 3106558405 2694685654 25045086 422710 46176180 41232342 1215066 98288 69385.07 79121.02 25384.10 17625.59
1717841348 3106561201 2694685900 25045086 422710 46176273 41232442 1215066 98288 69431.28 79128.56 25337.95 17618.09
1717841358 3106562533 2694686044 25045086 422710 46176361 41232562 1215066 98288 69394.72 79071.33 25373.90 17675.22
1717841368 3106563373 2694686162 25045086 422710 46176461 41232668 1215066 98288 69392.89 79019.74 25375.73 17727.90
1717841379 3106566066 2694686558 25045086 422710 46176525 41232784 1215066 98288 69403.27 79065.47 25365.46 17680.69
1717841389 3106567280 2694686652 25045086 422710 46176604 41232909 1215066 98288 69444.12 79016.91 25324.01 17729.56
1717841399 3106569351 2694686832 25045086 422710 46176748 41233414 1215066 98288 70694.11 78660.66 24075.21 18085.81
1717841409 3106573953 2694687174 25045086 422710 46177253 41234182 1215066 98288 70548.62 78020.76 24218.03 18728.73
1717841420 3106578163 2694687688 25045086 422710 46177394 41234311 1215066 98288 70633.46 77927.16 24136.18 18820.32
1717841430 3106585321 2694688416 25045086 422710 46178498 41234558 1215066 98288 70838.89 78462.84 23930.83 18283.14
1717841441 3106589009 2694688776 25045086 422710 46179201 41234618 1215066 98288 69955.14 78578.06 24814.07 18167.91
1717841451 3106591003 2694689188 25045086 422710 46179409 41234666 1215066 98288 69743.62 78723.45 25025.12 18022.56
1717841461 3106593450 2694689646 25045086 422710 46179565 41234734 1215066 98288 69709.34 78787.42 25058.29 17960.66
1717841472 3106596202 2694689950 25045086 422710 46179657 41234825 1215066 98288 69701.20 78779.49 25066.93 17967.57
1717841482 3106599597 2694690826 25045086 422710 46179715 41234970 1215066 98288 69627.50 78784.95 25141.12 17961.18
1717841492 3106603632 2694691374 25045086 422710 46179841 41235597 1215066 98288 69518.83 79609.48 25249.91 17138.13
1717841503 3106606590 2694691658 25045086 422710 46179960 41236252 1215066 98288 69589.63 78802.70 25179.54 17945.39
1717841513 3106608073 2694692092 25045086 422710 46180066 41236382 1215066 98288 69602.98 78671.10 25166.27 18075.97
1717841523 3106610275 2694692490 25045086 422710 46180173 41236631 1215066 98288 69722.68 78507.20 25045.45 18239.89
1717841534 3106610900 2694692916 25045086 422710 46180282 41236722 1215066 98288 69740.41 78487.10 25027.29 18258.99
1717841544 3106613782 2694693124 25045086 422710 46180439 41236892 1215066 98288 69747.87 78422.47 25020.66 18324.27
1717841554 3106617409 2694693464 25045086 422710 46180674 41237046 1215066 98288 69702.58 78343.93 25066.04 18402.71
1717841564 3106619096 2694693808 25045086 422710 46181118 41237492 1215066 98288 70033.13 78786.13 24736.03 17960.43
1717841575 3106620366 2694694294 25045086 422710 46181767 41237557 1215066 98288 69381.78 78676.79 25387.44 18069.80
1717841585 3106621287 2694694386 25045086 422710 46181874 41237624 1215066 98288 69301.45 78677.39 25467.20 18069.63
1717841596 3106621777 2694694406 25045086 422710 46181945 41237725 1215066 98288 69287.75 78640.98 25481.53 18107.98
1717841606 3106622512 2694694654 25045086 422710 46182040 41237876 1215066 98288 69314.42 78630.14 25455.32 18115.91
1717841616 3106622631 2694694710 25045086 422710 46182210 41237985 1215066 98288 69108.91 78733.21 25659.38 18013.25
1717841627 3106623329 2694694958 25045086 422710 46182356 41238080 1215066 98288 68959.98 78793.88 25808.67 17952.69
1717841637 3106623618 2694695242 25045086 422710 46182463 41238140 1215066 98288 68957.79 78800.63 25810.34 17945.96
1717841647 3106624432 2694695888 25045086 422710 46182561 41238212 1215066 98288 68956.95 78801.09 25812.21 17943.93
1717841658 3106624869 2694695952 25045086 422710 46182663 41238274 1215066 98288 68961.82 78797.15 25806.88 17949.32
1717841668 3106625599 2694695956 25045086 422710 46182813 41238343 1215066 98288 68966.78 78791.50 25802.01 17955.52
1717841678 3106626167 2694696046 25045086 422710 46183020 41238406 1215066 98288 68886.38 78791.07 25887.27 17956.58
1717841689 3106626390 2694696126 25045086 422710 46183302 41238470 1215066 98288 68854.92 78796.75 25913.80 17950.30
1717841699 3106626886 2694696558 25045086 422710 46183349 41238589 1215066 98288 68857.03 78795.03 25911.10 17950.50
1717841709 3106627112 2694696784 25045086 422710 46183446 41238658 1215066 98288 68855.30 78797.92 25914.47 17948.54
1717841720 3106627959 2694696982 25045086 422710 46183546 41238784 1215066 98288 68852.79 78741.00 25915.91 18006.08
1717841730 3106630050 2694697430 25045086 422710 46183645 41238858 1215066 98288 68854.95 78735.63 25913.79 18012.03
1717841740 3106631033 2694697680 25045086 422710 46183790 41238923 1215066 98288 68855.96 78735.70 25913.36 18010.85
1717841750 3106632011 2694697962 25045086 422710 46184033 41238995 1215066 98288 68855.63 78730.97 25912.58 18014.51
1717841761 3106632530 2694698394 25045086 422710 46184176 41239104 1215066 98288 68768.45 78728.41 26000.18 18018.21
1717841771 3106635207 2694699000 25045086 422710 46184226 41239218 1215066 98288 68766.20 78729.15 26002.57 18017.31
1717841782 3106638542 2694700314 25045086 422710 46184318 41239292 1215066 98288 68764.68 78729.91 26003.01 18016.66
1717841792 3106640662 2694701036 25045086 422710 46184431 41239358 1215066 98288 68767.36 78714.22 26002.45 18031.34
1717841802 3106642016 2694701476 25045086 422710 46184525 41239477 1215066 98288 68767.99 78664.70 26000.22 18081.81
1717841813 3106642822 2694701802 25045086 422710 46184587 41239581 1215066 98288 68770.32 78663.09 25998.30 18085.07
1717841823 3106643910 2694702006 25045086 422710 46184651 41239684 1215066 98288 68769.52 78660.69 25999.10 18086.37
1717841833 3106644708 2694702076 25045086 422710 46184767 41239732 1215066 98288 68767.60 78663.02 26002.12 18084.05
1717841844 3106647247 2694703166 25045086 422710 46184873 41239796 1215066 98288 68767.57 78663.36 26001.63 18083.24
1717841854 3106649174 2694703672 25045086 422710 46184965 41239869 1215066 98288 68832.16 78596.02 25935.97 18150.06
1717841864 3106650871 2694704112 25045086 422710 46185094 41239943 1215066 98288 68832.82 78531.69 25935.95 18215.37
1717841875 3106652150 2694704388 25045086 422710 46185248 41240008 1215066 98288 68898.63 78405.29 25870.07 18341.79
1717841885 3106652927 2694704862 25045086 422710 46185446 41240071 1215066 98288 68899.70 78404.59 25868.43 18341.43
1717841896 3106653595 2694705248 25045086 422710 46185625 41240153 1215066 98288 68805.64 78405.16 25962.98 18341.92
1717841906 3106654583 2694705510 25045086 422710 46185725 41240225 1215066 98288 68646.09 78405.41 26123.09 18341.72
1717841916 3106655147 2694705752 25045086 422710 46185817 41240299 1215066 98288 68646.12 78403.47 26122.64 18343.49
1717841926 3106655863 2694706188 25045086 422710 46185921 41240362 1215066 98288 68643.91 78405.16 26124.22 18340.89
1717841937 3106656978 2694706414 25045086 422710 46186014 41240436 1215066 98288 68644.59 78404.02 26124.03 18341.54
1717841947 3106657469 2694706694 25045086 422710 46186107 41240509 1215066 98288 68645.11 78404.32 26124.09 18342.29
1717841957 3106657885 2694707010 25045086 422710 46186200 41240583 1215066 98288 68646.66 78243.25 26123.04 18503.30
1717841968 3106658280 2694707398 25045086 422710 46186276 41240675 1215066 98288 68645.16 78244.42 26123.96 18501.61
1717841978 3106658626 2694707530 25045086 422710 46186368 41240749 1215066 98288 68644.38 78242.59 26124.82 18503.96
1717841988 3106659253 2694707696 25045086 422710 46186463 41240823 1215066 98288 68645.57 78242.52 26123.66 18503.96
1717841999 3106659759 2694707724 25045086 422710 46186548 41240903 1215066 98288 68646.25 78241.81 26123.54 18504.24
1717842009 3106660167 2694707932 25045086 422710 46186629 41240994 1215066 98288 68646.32 78241.16 26122.79 18504.40
1717842019 3106660571 2694708248 25045086 422710 46186721 41241067 1215066 98288 68646.16 78241.38 26122.62 18505.22
1717842030 3106660908 2694708482 25045086 422710 46186825 41241130 1215066 98288 68644.24 78241.86 26124.38 18505.26
1717842040 3106661602 2694709000 25045086 422710 46186925 41241200 1215066 98288 68511.70 78243.12 26257.53 18503.34
1717842050 3106661952 2694709272 25045086 422710 46187023 41241268 1215066 98288 68514.57 78240.38 26254.65 18506.71
1717842061 3106662712 2694709462 25045086 422710 46187116 41241339 1215066 98288 68514.50 78241.92 26254.12 18504.62
1717842071 3106662869 2694709606 25045086 422710 46187207 41241414 1215066 98288 68513.47 78242.41 26255.31 18504.21
1717842081 3106663300 2694709732 25045086 422710 46187302 41241485 1215066 98288 68514.31 78241.89 26254.43 18504.08
1717842092 3106663638 2694709980 25045086 422710 46187405 41241549 1215066 98288 68513.68 78242.26 26254.55 18503.71
1717842102 3106664017 2694710186 25045086 422710 46187509 41241609 1215066 98288 68512.14 78243.01 26255.99 18504.64
1717842112 3106664803 2694710844 25045086 422710 46187604 41241679 1215066 98288 68514.73 78240.36 26253.40 18507.37
1717842123 3106665087 2694710992 25045086 422710 46187663 41241787 1215066 98288 68513.07 78240.83 26255.67 18506.32
1717842133 3106665244 2694711008 25045086 422710 46187757 41241857 1215066 98288 68511.89 78240.44 26256.73 18506.11
1717842143 3106665667 2694711302 25045086 422710 46187852 41241929 1215066 98288 68513.87 78240.88 26253.87 18505.58
1717842154 3106666001 2694711442 25045086 422710 46187956 41241990 1215066 98288 68512.84 78239.45 26254.79 18506.68
1717842164 3106666769 2694712084 25045086 422710 46188049 41242063 1215066 98288 68514.46 78240.40 26255.76 18507.23
1717842174 3106667084 2694712274 25045086 422710 46188144 41242134 1215066 98288 68513.80 78240.39 26254.47 18506.18
1717842185 3106667239 2694712290 25045086 422710 46188247 41242196 1215066 98288 68515.84 78239.00 26252.78 18508.59
1717842195 3106667552 2694712416 25045086 422710 46188320 41242290 1215066 98288 68515.47 78239.91 26253.15 18507.25
1717842205 3106667914 2694712626 25045086 422710 46188387 41242389 1215066 98288 68513.68 78240.38 26254.96 18505.24
1717842216 3106668310 2694712858 25045086 422710 46188449 41242493 1215066 98288 68514.02 78239.61 26255.20 18507.52
1717842226 3106668887 2694713332 25045086 422710 46188534 41242573 1215066 98288 68514.13 78240.11 26254.61 18506.46
1717842236 3106669079 2694713476 25045086 422710 46188630 41242643 1215066 98288 68514.59 78239.60 26254.61 18507.00
1717842246 3106669512 2694713696 25045086 422710 46188728 41242709 1215066 98288 68512.71 78240.44 26256.45 18505.53
1717842257 3106669779 2694713822 25045086 422710 46188801 41242806 1215066 98288 68512.67 78237.63 26255.95 18509.41
1717842267 3106670166 2694714026 25045086 422710 46188890 41242882 1215066 98288 68512.70 78240.39 26255.52 18506.64
1717842277 3106670392 2694714208 25045086 422710 46188994 41242945 1215066 98288 68513.84 78240.11 26255.89 18506.92
1717842288 3106670874 2694714564 25045086 422710 46189093 41243011 1215066 98288 68513.12 78238.06 26255.50 18508.55
1717842298 3106671344 2694714884 25045086 422710 46189182 41243086 1215066 98288 68522.25 78265.82 26247.45 18480.64
1717842308 3106671704 2694714982 25045086 422710 46189279 41243154 1215066 98288 68614.49 78266.13 26154.13 18480.44
1717842319 3106671946 2694715060 25045086 422710 46189382 41243217 1215066 98288 68612.16 78267.79 26155.48 18479.86
1717842329 3106672198 2694715276 25045086 422710 46189444 41243317 1215066 98288 68614.46 78264.11 26154.75 18482.95
1717842339 3106672676 2694715718 25045086 422710 46189539 41243392 1215066 98288 68615.62 78264.11 26153.00 18482.00
1717842350 3106673203 2694716022 25045086 422710 46189628 41243469 1215066 98288 68616.27 78264.98 26152.93 18482.10
1717842360 3106673572 2694716250 25045086 422710 46189723 41243542 1215066 98288 68616.07 78265.29 26152.68 18482.31
1717842370 3106673930 2694716288 25045086 422710 46189825 41243604 1215066 98288 68615.98 78263.85 26153.32 18482.70
1717842381 3106674024 2694716368 25045086 422710 46189919 41243676 1215066 98288 68615.59 78264.07 26153.17 18481.41
1717842391 3106674350 2694716590 25045086 422710 46190044 41243716 1215066 98288 68613.79 78265.67 26154.83 18481.43
1717842401 3106674878 2694717072 25045086 422710 46190126 41243803 1215066 98288 68613.84 78328.62 26154.89 18417.01
1717842412 3106675509 2694717582 25045086 422710 46190214 41243883 1215066 98288 68615.50 78326.62 26152.63 18420.44
1717842422 3106675802 2694717668 25045086 422710 46190248 41244021 1215066 98288 68615.46 78263.61 26153.16 18483.04
1717842432 3106675996 2694717708 25045086 422710 46190310 41244124 1215066 98288 68677.52 78262.57 26090.23 18484.46
1717842443 3106677109 2694718272 25045086 422710 46190402 41244208 1215066 98288 68680.89 78228.23 26087.83 18518.29
1717842453 3106678371 2694719062 25045086 422710 46190523 41244254 1215066 98288 68621.82 78223.69 26147.00 18521.91
1717842463 3106679064 2694719434 25045086 422710 46190627 41244321 1215066 98288 68623.94 78222.16 26144.19 18524.89
1717842474 3106679688 2694719816 25045086 422710 46190698 41244414 1215066 98288 68623.78 78222.29 26145.46 18524.28
1717842484 3106680187 2694720286 25045086 422710 46190833 41244456 1215066 98288 68586.46 78190.54 26183.95 18555.92
1717842494 3106683216 2694721998 25045086 422710 46190950 41244506 1215066 98288 68589.82 78224.59 26178.80 18521.46
1717842505 3106685084 2694722962 25045086 422710 46191045 41244588 1215066 98288 68592.30 78160.18 26176.40 18586.29
1717842515 3106686522 2694723968 25045086 422710 46191146 41244649 1215066 98288 68591.24 78159.65 26177.50 18586.82
1717842525 3106687113 2694724126 25045086 422710 46191275 41244690 1215066 98288 68588.90 78161.73 26180.23 18584.84
1717842535 3106688837 2694725046 25045086 422710 46191370 41244766 1215066 98288 68589.82 78161.77 26178.44 18584.70
1717842546 3106690432 2694726064 25045086 422710 46191512 41244797 1215066 98288 68527.26 78159.18 26241.93 18587.43
1717842556 3106691533 2694726926 25045086 422710 46191638 41244839 1215066 98288 68527.83 78245.91 26241.37 18501.17
1717842566 3106692314 2694727360 25045086 422710 46191732 41244914 1215066 98288 68528.82 78222.45 26239.91 18523.14
1717842577 3106693158 2694727650 25045086 422710 46191825 41244993 1215066 98288 68529.74 78219.57 26238.46 18526.89
1717842587 3106693630 2694727732 25045086 422710 46191935 41245050 1215066 98288 68528.08 78222.81 26241.70 18523.66
1717842598 3106694062 2694728126 25045086 422710 46192012 41245148 1215066 98288 68529.21 78124.22 26239.06 18622.85
1717842608 3106694602 2694728596 25045086 422710 46192096 41245238 1215066 98288 68534.95 78120.04 26233.75 18626.05
1717842618 3106695586 2694729054 25045086 422710 46192192 41245310 1215066 98288 68599.38 78120.09 26169.24 18625.48
1717842629 3106699090 2694731114 25045086 422710 46192286 41245381 1215066 98288 68599.29 78120.30 26168.42 18626.76
1717842639 3106700724 2694732048 25045086 422710 46192390 41245440 1215066 98288 68599.73 78120.64 26168.89 18624.93
1717842649 3106703017 2694733626 25045086 422710 46192484 41245517 1215066 98288 68535.58 78119.69 26233.08 18626.36
1717842660 3106706834 2694736248 25045086 422710 46192598 41245579 1215066 98288 68535.91 78087.88 26233.28 18664.71
1717842670 3106708656 2694737426 25045086 422710 46192667 41245685 1215066 98288 68504.34 78055.75 26264.29 18690.80
1717842680 3106710026 2694738324 25045086 422710 46192749 41245770 1215066 98288 68502.92 78056.89 26265.21 18689.21
1717842691 3106711024 2694738934 25045086 422710 46192843 41245845 1215066 98288 68503.31 78055.31 26265.98 18690.80
1717842701 3106711530 2694739048 25045086 422710 46192935 41245919 1215066 98288 68503.01 78057.36 26264.23 18690.31
1717842711 3106712077 2694739530 25045086 422710 46193032 41245992 1215066 98288 68503.24 78056.78 26265.38 18688.77
1717842721 3106712790 2694739900 25045086 422710 46193155 41246039 1215066 98288 68502.43 78058.04 26265.29 18688.43
1717842732 3106713236 2694740118 25045086 422710 46193306 41246060 1215066 98288 68436.32 78055.38 26332.30 18690.74
1717842742 3106713787 2694740558 25045086 422710 46193376 41246160 1215066 98288 68440.04 78054.86 26328.61 18691.26
1717842752 3106714303 2694741066 25045086 422710 46193473 41246229 1215066 98288 68438.58 78057.78 26330.12 18688.76
1717842763 3106714967 2694741544 25045086 422710 46193577 41246293 1215066 98288 68437.27 78056.12 26330.98 18690.42
1717842773 3106715354 2694741560 25045086 422710 46193684 41246355 1215066 98288 68438.80 78056.95 26329.82 18688.61
1717842784 3106715730 2694741594 25045086 422710 46193786 41246419 1215066 98288 68436.66 78057.79 26332.01 18687.69
1717842794 3106715862 2694741618 25045086 422710 46193912 41246458 1215066 98288 68436.81 78057.78 26331.32 18689.34
1717842804 3106716264 2694741932 25045086 422710 46193969 41246567 1215066 98288 68438.93 78057.42 26329.70 18688.18
1717842815 3106716987 2694742590 25045086 422710 46194063 41246640 1215066 98288 68439.95 78057.87 26329.31 18688.59
1717842825 3106717469 2694742866 25045086 422710 46194161 41246709 1215066 98288 68438.29 78057.77 26329.84 18687.79
1717842835 3106717669 2694742898 25045086 422710 46194254 41246780 1215066 98288 68439.18 78057.37 26329.56 18688.17
1717842846 3106717942 2694742936 25045086 422710 46194362 41246837 1215066 98288 68437.31 78060.41 26331.96 18686.06
1717842856 3106718053 2694742982 25045086 422710 46194497 41246866 1215066 98288 68438.58 78058.52 26330.13 18687.45
1717842866 3106718657 2694743458 25045086 422710 46194557 41246975 1215066 98288 68439.68 78058.00 26328.95 18688.12
1717842877 3106719167 2694743884 25045086 422710 46194626 41247071 1215066 98288 68437.74 78057.20 26330.02 18688.77
1717842887 3106719459 2694744070 25045086 422710 46194725 41247139 1215066 98288 68438.74 78059.19 26329.95 18687.42
1717842897 3106719914 2694744302 25045086 422710 46194820 41247209 1215066 98288 68438.33 78060.53 26330.29 18685.05
1717842908 3106720114 2694744434 25045086 422710 46194915 41247282 1215066 98288 68438.11 78060.43 26329.63 18686.55
1717842918 3106720625 2694744742 25045086 422710 46195030 41247329 1215066 98288 68434.05 78060.45 26335.09 18685.52
1717842928 3106720829 2694744838 25045086 422710 46195152 41247373 1215066 98288 68434.51 78059.29 26333.25 18687.73
1717842939 3106721255 2694745224 25045086 422710 46195235 41247456 1215066 98288 68436.62 78057.97 26332.00 18688.52
1717842949 3106721865 2694745640 25045086 422710 46195308 41247550 1215066 98288 68435.61 78058.55 26333.60 18688.08
1717842959 3106722213 2694745854 25045086 422710 46195405 41247618 1215066 98288 68436.54 78059.45 26332.09 18686.58
1717842970 3106722528 2694746098 25045086 422710 46195498 41247689 1215066 98288 68435.05 78057.65 26333.07 18687.48
1717842980 3106722924 2694746224 25045086 422710 46195594 41247758 1215066 98288 68436.54 78059.09 26332.78 18687.96
1717842990 3106723139 2694746368 25045086 422710 46195703 41247812 1215066 98288 68435.00 78059.67 26334.21 18687.41
1717843001 3106723848 2694746980 25045086 422710 46195810 41247868 1215066 98288 68432.66 78059.18 26336.08 18686.80
1717843011 3106724237 2694747138 25045086 422710 46195893 41247948 1215066 98288 68436.16 78059.73 26332.46 18688.26
1717843021 3106724603 2694747500 25045086 422710 46195974 41248037 1215066 98288 68434.70 78061.96 26334.48 18685.13
1717843031 3106725186 2694747694 25045086 422710 46196068 41248109 1215066 98288 68433.05 77965.95 26334.66 18780.52
1717843042 3106725237 2694747694 25045086 422710 46196173 41248170 1215066 98288 68432.78 77965.36 26335.46 18780.61
1717843052 3106725638 2694748032 25045086 422710 46196279 41248233 1215066 98288 68435.19 77962.02 26333.55 18783.54
1717843062 3106725881 2694748196 25045086 422710 46196385 41248293 1215066 98288 68436.64 77960.96 26332.05 18786.11
1717843073 3106726359 2694748580 25045086 422710 46196508 41248341 1215066 98288 68343.33 77961.10 26425.81 18784.95
1717843083 3106727232 2694749284 25045086 422710 46196564 41248451 1215066 98288 68344.69 77959.02 26423.44 18787.47
1717843093 3106727846 2694749570 25045086 422710 46196660 41248523 1215066 98288 68342.01 77961.60 26426.27 18786.07
1717843104 3106728019 2694749592 25045086 422710 46196764 41248583 1215066 98288 68341.80 77961.70 26426.82 18784.90
1717843114 3106728540 2694749896 25045086 422710 46196859 41248654 1215066 98288 68342.21 77961.08 26426.04 18785.39
1717843124 3106728980 2694750320 25045086 422710 46196960 41248717 1215066 98288 68341.10 77960.92 26427.03 18785.66
1717843135 3106729444 2694750524 25045086 422710 46197080 41248763 1215066 98288 68340.16 77961.33 26428.46 18785.77
1717843145 3106729869 2694750760 25045086 422710 46197191 41248815 1215066 98288 68340.43 77960.96 26428.80 18785.50
1717843155 3106730208 2694750954 25045086 422710 46197241 41248928 1215066 98288 68343.04 77958.45 26426.07 18787.13
1717843166 3106730675 2694751286 25045086 422710 46197325 41249009 1215066 98288 68339.44 77960.64 26429.18 18786.44
1717843176 3106730808 2694751378 25045086 422710 46197419 41249081 1215066 98288 68339.87 77960.97 26428.89 18786.07
1717843186 3106731338 2694751762 25045086 422710 46197522 41249142 1215066 98288 68338.81 77960.96 26429.95 18785.51
1717843197 3106731760 2694752076 25045086 422710 46197632 41249198 1215066 98288 68337.25 77960.52 26432.51 18785.45
1717843207 3106732150 2694752216 25045086 422710 46197788 41249216 1215066 98288 68336.90 77962.63 26432.36 18783.83
1717843217 3106732719 2694752644 25045086 422710 46197908 41249263 1215066 98288 68335.07 77961.91 26433.14 18785.16
1717843227 3106733082 2694752922 25045086 422710 46197980 41249365 1215066 98288 68336.95 77862.13 26431.18 18884.87
1717843238 3106733352 2694753094 25045086 422710 46198058 41249459 1215066 98288 68343.04 77859.36 26426.16 18887.18
1717843248 3106734049 2694753530 25045086 422710 46198157 41249531 1215066 98288 68244.91 77764.02 26524.87 18981.61
1717843258 3106734691 2694753924 25045086 422710 46198250 41249600 1215066 98288 68245.79 77764.22 26523.43 18981.83
1717843269 3106735380 2694754362 25045086 422710 46198354 41249661 1215066 98288 68244.04 77761.55 26525.71 18984.42
1717843279 3106735638 2694754540 25045086 422710 46198459 41249724 1215066 98288 68242.01 77763.98 26527.26 18982.11
1717843289 3106736136 2694754820 25045086 422710 46198582 41249770 1215066 98288 68247.20 77760.12 26522.00 18986.97
1717843300 3106736574 2694755136 25045086 422710 46198643 41249879 1215066 98288 68152.92 77661.09 26615.81 19085.47
1717843310 3106737271 2694755548 25045086 422710 46198727 41249965 1215066 98288 68151.12 77663.15 26617.62 19083.81
1717843320 3106738010 2694756120 25045086 422710 46198833 41250036 1215066 98288 68054.09 77727.68 26714.64 19018.78
1717843331 3106738599 2694756462 25045086 422710 46198935 41250110 1215066 98288 68053.69 77728.26 26715.05 19018.80
1717843341 3106739117 2694756838 25045086 422710 46199075 41250175 1215066 98288 68126.18 79569.04 26642.52 17177.57
1717843351 3106739686 2694757260 25045086 422710 46199184 41250242 1215066 98288 68126.55 79572.14 26641.08 17174.96
1717843362 3106740280 2694757752 25045086 422710 46199286 41250332 1215066 98288 69998.77 79500.29 24771.88 17246.30
1717843372 3106740768 2694758116 25045086 422710 46199347 41250452 1215066 98288 70033.90 79334.41 24735.23 17412.55
1717843382 3106741292 2694758620 25045086 422710 46199462 41250761 1215066 98288 69840.95 79094.80 24928.43 17652.27
1717843393 3106742874 2694759326 25045086 422710 46199946 41251419 1215066 98288 69371.78 79200.09 25396.46 17546.55
1717843403 3106744185 2694759888 25045086 422710 46200448 41251514 1215066 98288 69867.46 79307.64 24901.16 17439.91
1717843413 3106744575 2694760236 25045086 422710 46200560 41251570 1215066 98288 69800.62 79304.83 24968.20 17442.29
1717843424 3106745360 2694760972 25045086 422710 46200670 41251634 1215066 98288 69765.95 79303.96 25004.78 17442.50
1717843434 3106746048 2694761454 25045086 422710 46200784 41251696 1215066 98288 69801.00 79305.60 24968.80 17440.86
1717843444 3106746318 2694761576 25045086 422710 46200881 41251777 1215066 98288 69801.23 79238.25 24966.89 17508.79
1717843454 3106746523 2694761670 25045086 422710 46200967 41251866 1215066 98288 69735.26 79145.93 25033.01 17601.04
1717843465 3106746844 2694761962 25045086 422710 46201071 41251931 1215066 98288 69670.52 79081.03 25098.21 17665.52
1717843475 3106747418 2694762508 25045086 422710 46201166 41252002 1215066 98288 69671.34 79080.04 25097.38 17666.42
1717843485 3106748176 2694763230 25045086 422710 46201291 41252053 1215066 98288 69784.77 79097.14 24984.91 17649.83
1717843496 3106748356 2694763246 25045086 422710 46201413 41252102 1215066 98288 69718.25 79033.88 25051.99 17712.10
1717843506 3106748610 2694763272 25045086 422710 46201490 41252193 1215066 98288 69623.24 79032.45 25145.99 17714.02
1717843516 3106748997 2694763492 25045086 422710 46201564 41252333 1215066 98288 69622.34 79506.96 25146.28 17240.08
1717843527 3106752143 2694765900 25045086 422710 46201649 41252477 1215066 98288 69683.35 79280.11 25085.44 17466.95
1717843537 3106753370 2694766726 25045086 422710 46201753 41252541 1215066 98288 69683.57 79186.20 25085.05 17560.89
1717843547 3106754399 2694767612 25045086 422710 46201886 41252594 1215066 98288 69995.44 79174.06 24774.33 17572.40
1717843558 3106755158 2694768262 25045086 422710 46202061 41252679 1215066 98288 69932.23 79499.55 24837.02 17246.91
1717843568 3106755689 2694768568 25045086 422710 46202195 41252773 1215066 98288 69931.98 81484.72 24836.80 15262.26
1717843578 3106756165 2694768942 25045086 422710 46202283 41252867 1215066 98288 69807.09 81351.38 24961.20 15395.68
1717843589 3106756641 2694769412 25045086 422710 46202378 41252958 1215066 98288 69767.85 81363.14 25000.28 15383.91
1717843599 3106757034 2694769728 25045086 422710 46202494 41253056 1215066 98288 69849.88 81343.46 24918.74 15402.59
1717843609 3106757364 2694769842 25045086 422710 46202614 41253148 1215066 98288 69829.91 81342.72 24938.82 15404.85
1717843620 3106757754 2694770170 25045086 422710 46202766 41253260 1215066 98288 71570.75 81224.00 23198.46 15522.48
1717843630 3106758592 2694770976 25045086 422710 46202899 41253364 1215066 98288 71451.54 80837.54 23317.16 15908.93
1717843640 3106759872 2694772004 25045086 422710 46203043 41253741 1215066 98288 71421.98 80385.42 23345.74 16361.15
1717843651 3106761306 2694772810 25045086 422710 46203316 41254320 1215066 98288 71208.88 80679.48 23560.84 16068.08
1717843661 3106762922 2694773994 25045086 422710 46204326 41254454 1215066 98288 70711.20 80831.18 24058.38 15915.85
1717843671 3106765043 2694774514 25045086 422710 46205298 41255116 1215066 98288 71357.16 80722.70 23412.15 16023.48
1717843685 3106766086 2694775288 25045086 422710 46205411 41255672 1215066 98288 71433.75 81149.20 23334.96 15597.27
1717843695 3106766773 2694775876 25045086 422710 46205516 41255748 1215066 98288 71432.45 81072.18 23336.83 15674.87
1717843706 3106766903 2694776002 25045086 422710 46205622 41255819 1215066 98288 71477.72 80944.50 23170.47 15798.54
1717843716 3106767425 2694776492 25045086 422710 46205937 41256463 1215066 98288 71573.56 80849.08 23195.06 15898.04
1717843726 3106768671 2694777366 25045086 422710 46206724 41258292 1215066 98288 71278.11 80598.77 23491.15 16147.69
1717843737 3106770705 2694778586 25045086 422710 46209628 41260581 1215066 98288 71016.08 80829.79 23742.80 15917.88
1717843747 3106772170 2694779378 25045086 422710 46212044 41263425 1215066 98288 71035.39 80705.83 23733.80 16041.24
1717843757 3106773496 2694780078 25045086 422710 46214576 41266036 1215066 98288 71104.86 80699.19 23663.77 16047.88
1717843768 3106774828 2694780846 25045086 422710 46217855 41269085 1215066 98288 71090.68 81036.47 23692.55 15710.00
1717843778 3106776621 2694782026 25045086 422710 46221878 41272691 1215066 98288 71114.89 80769.23 23654.93 15979.05
1717843789 3106778070 2694783102 25045086 422710 46225926 41276792 1215066 98288 71454.29 80249.40 23314.85 16505.54
1717843799 3106782133 2694784588 25045086 422710 46228578 41279164 1215066 98288 70716.48 80014.82 24052.66 16731.72
1717843809 3106784922 2694786064 25045086 422710 46229363 41280937 1215066 98288 69829.55 80442.73 24939.07 16310.17
1717843820 3106788156 2694787884 25045086 422710 46229504 41281856 1215066 98288 70131.10 79709.24 24638.12 17036.94
1717843830 3106790316 2694789246 25045086 422710 46229643 41281898 1215066 98288 70074.37 79750.53 24694.25 16996.63
1717843840 3106791394 2694789994 25045086 422710 46229872 41282079 1215066 98288 70795.92 79577.29 23971.75 17169.18
1717843851 3106792312 2694790698 25045086 422710 46230175 41282147 1215066 98288 71524.95 79538.52 23243.68 17208.74
1717843861 3106794822 2694792372 25045086 422710 46230686 41282402 1215066 98288 71132.89 79530.14 23635.39 17216.32
1717843871 3106796060 2694792960 25045086 422710 46231139 41282810 1215066 98288 70942.27 79578.94 23827.52 17166.54
1717843886 3106798285 2694794224 25045086 422710 46231855 41283196 1215066 98288 71109.10 80338.03 23660.63 16416.25
1717843898 3106802869 2694796732 25045086 422710 46232741 41284364 1215066 98288 70001.08 80131.76 24768.01 16614.80
1717843908 3106808217 2694799154 25045086 422710 46233364 41284803 1215066 98288 70228.30 79988.69 24540.33 16756.82
1717843919 3106812791 2694801010 25045086 422710 46233725 41285887 1215066 98288 70325.43 79047.72 24442.75 17698.74
1717843929 3106820000 2694803410 25045086 422710 46234874 41286692 1215066 98288 70223.77 78803.38 24545.54 17940.70
1717843939 3106828541 2694806444 25045086 422710 46236600 41287066 1215066 98288 69337.28 78533.98 25383.23 18212.48
1717843950 3106838244 2694808940 25045086 422710 46238152 41287515 1215066 98288 69614.66 78911.27 25153.96 17835.93
1717843960 3106847165 2694811910 25045086 422710 46238600 41287897 1215066 98288 69207.79 79008.96 25560.83 17738.57
1717843970 3106854278 2694814130 25045086 422710 46238802 41288154 1215066 98288 69259.34 78808.12 25509.81 17938.34
1717843981 3106860480 2694816582 25045086 422710 46239045 41288246 1215066 98288 69229.43 78919.72 25540.32 17826.74
1717843991 3106865317 2694818238 25045086 422710 46239523 41288682 1215066 98288 69462.48 78699.55 25306.86 18047.06
1717844001 3106869698 2694820110 25045086 422710 46240496 41291307 1215066 98288 69191.11 77930.62 25578.76 18815.85
1717844011 3106876488 2694822656 25045086 422710 46242471 41295249 1215066 98288 68440.91 77849.45 26327.29 18897.62
1717844022 3106883089 2694825300 25045086 422710 46243801 41298960 1215066 98288 68311.03 77821.15 26458.30 18926.53
1717844032 3106887918 2694827140 25045086 422710 46245895 41301643 1215066 98288 68102.77 77913.61 26666.45 18833.91
1717844042 3106893258 2694829230 25045086 422710 46248427 41304763 1215066 98288 68017.34 77857.76 26751.29 18889.37
1717844053 3106897422 2694831054 25045086 422710 46251567 41308662 1215066 98288 67993.23 77817.73 26759.70 18926.01
1717844063 3106899957 2694832098 25045086 422710 46254933 41312624 1215066 98288 67944.71 77777.46 26823.91 18978.73
1717844074 3106903575 2694833324 25045086 422710 46258017 41316355 1215066 98288 67509.33 77329.25 27263.17 19419.14
1717844084 3106909919 2694835832 25045086 422710 46261226 41318464 1215066 98288 66253.54 77216.93 28520.42 19531.10
1717844094 3106917266 2694838774 25045086 422710 46261478 41319981 1215066 98288 67044.00 76975.09 27725.16 19771.38
1717844105 3106922878 2694841786 25045086 422710 46261671 41320128 1215066 98288 66793.43 77165.46 27974.70 19581.03
1717844115 3106925351 2694843274 25045086 422710 46261840 41320384 1215066 98288 66796.55 77146.79 27971.72 19599.34
1717844125 3106927847 2694844606 25045086 422710 46262003 41320611 1215066 98288 66546.59 77224.24 28222.03 19523.25
1717844136 3106929400 2694845340 25045086 422710 46262142 41320870 1215066 98288 66485.82 77203.76 28282.80 19541.80
1717844146 3106933201 2694847674 25045086 422710 46262204 41321412 1215066 98288 66710.50 79145.75 28058.00 17600.83
1717844156 3106937176 2694849888 25045086 422710 46262285 41321888 1215066 98288 68613.88 78850.61 26154.74 17897.03
1717844166 3106940054 2694851342 25045086 422710 46262550 41322878 1215066 98288 68700.74 79054.35 26067.48 17692.61
1717844177 3106945929 2694853874 25045086 422710 46262920 41324020 1215066 98288 69559.66 78449.29 25209.04 18298.39
1717844187 3106949965 2694855510 25045086 422710 46263464 41324918 1215066 98288 69606.32 78079.78 25162.45 18666.68
1717844197 3106953587 2694857058 25045086 422710 46264679 41325727 1215066 98288 69485.70 78407.98 25282.92 18337.53
1717844208 3106957174 2694859118 25045086 422710 46265849 41326628 1215066 98288 69611.02 77820.98 25163.12 18926.94
1717844218 3106961994 2694860748 25045086 422710 46268027 41327831 1215066 98288 69589.62 77299.06 25180.22 19447.41
1717844228 3106966032 2694862296 25045086 422710 46270638 41328458 1215066 98288 69346.14 77008.79 25422.48 19738.81
1717844239 3106969805 2694863712 25045086 422710 46273291 41329392 1215066 98288 69284.91 76411.76 25486.02 20332.35
1717844249 3106974459 2694865370 25045086 422710 46275896 41329674 1215066 98288 69576.41 77732.62 25192.21 19013.97
1717844259 3106978545 2694866958 25045086 422710 46280098 41330126 1215066 98288 69813.82 77489.41 24962.00 19257.42
1717844270 3106981788 2694868352 25045086 422710 46284582 41330986 1215066 98288 69818.40 77325.68 24954.52 19420.30
1717844280 3106984817 2694869464 25045086 422710 46289558 41333325 1215066 98288 69807.33 77444.72 24977.49 19301.75
1717844290 3106987134 2694870424 25045086 422710 46295374 41335486 1215066 98288 69908.75 77364.16 24862.18 19383.14
1717844301 3106989140 2694871288 25045086 422710 46299956 41337472 1215066 98288 69784.76 77372.22 24984.45 19374.25
1717844311 3106990543 2694872066 25045086 422710 46303203 41339534 1215066 98288 69845.17 77261.23 24923.45 19484.36
1717844321 3106992629 2694872662 25045086 422710 46305686 41341573 1215066 98288 69731.88 77178.34 25036.75 19568.73
1717844332 3106995348 2694873736 25045086 422710 46307544 41343915 1215066 98288 69679.04 77189.62 25088.63 19550.59
1717844342 3106998761 2694874982 25045086 422710 46310145 41346663 1215066 98288 69858.57 77048.95 24910.66 19698.95
1717844352 3107001260 2694876108 25045086 422710 46312788 41349185 1215066 98288 69715.03 77111.88 25054.92 19645.43
1717844363 3107004276 2694877246 25045086 422710 46316384 41351733 1215066 98288 69773.53 77006.18 24995.33 19743.22
1717844373 3107007647 2694878570 25045086 422710 46320484 41354208 1215066 98288 69776.00 76978.89 24992.62 19767.69
1717844383 3107009431 2694879426 25045086 422710 46324915 41356861 1215066 98288 69748.52 76948.23 25034.25 19801.71
1717844394 3107011300 2694880094 25045086 422710 46330601 41359359 1215066 98288 69956.91 76640.88 24787.66 20104.11
1717844404 3107013292 2694880888 25045086 422710 46334959 41362399 1215066 98288 69895.01 76643.65 24873.61 20104.58
1717844414 3107017906 2694883026 25045086 422710 46338756 41365269 1215066 98288 69881.95 76648.46 24886.23 20107.81
1717844425 3107020431 2694884076 25045086 422710 46342605 41368575 1215066 98288 69876.59 76541.97 24892.07 20205.03
1717844435 3107021361 2694884264 25045086 422710 46346304 41371816 1215066 98288 69919.17 76594.48 24849.56 19858.06
1717844445 3107023094 2694885358 25045086 422710 46349869 41375262 1215066 98288 69781.48 78324.10 24986.79 18422.36
1717844456 3107024869 2694886168 25045086 422710 46353822 41378600 1215066 98288 69906.82 78269.55 24867.25 18480.40
1717844466 3107026904 2694887292 25045086 422710 46358316 41379480 1215066 98288 70087.14 79694.05 24681.48 17053.00
1717844476 3107027772 2694887856 25045086 422710 46362791 41381218 1215066 98288 70055.03 79788.72 24713.59 16957.75
1717844487 3107029951 2694889230 25045086 422710 46367373 41384219 1215066 98288 70053.28 79774.80 24724.57 16978.85
1717844497 3107030954 2694889818 25045086 422710 46371958 41386621 1215066 98288 70031.52 79831.82 24742.12 16915.33
1717844507 3107032251 2694890548 25045086 422710 46376825 41389687 1215066 98288 69936.23 79950.37 24845.84 16795.66
1717844518 3107033459 2694891252 25045086 422710 46381774 41393711 1215066 98288 69879.08 80006.35 24871.40 16740.72
1717844528 3107034218 2694891626 25045086 422710 46386999 41396855 1215066 98288 69807.56 79986.40 24959.66 16760.07
1717844539 3107034930 2694892016 25045086 422710 46392904 41399975 1215066 98288 69472.40 79919.38 25301.86 16826.79
1717844549 3107036886 2694893140 25045086 422710 46397216 41402991 1215066 98288 69855.88 79690.03 24912.78 17059.46
1717844559 3107039165 2694894034 25045086 422710 46401212 41405153 1215066 98288 69081.86 79806.54 25695.67 16944.68
1717844570 3107041264 2694894754 25045086 422710 46405806 41408153 1215066 98288 68748.80 80062.88 26021.05 16683.83
1717844580 3107042932 2694895378 25045086 422710 46411033 41411308 1215066 98288 68961.50 79735.25 25807.12 16987.41
1717844590 3107044994 2694896088 25045086 422710 46416196 41413952 1215066 98288 69051.46 79535.73 25719.77 17185.43
1717844601 3107049172 2694897480 25045086 422710 46421146 41417406 1215066 98288 68749.32 79851.63 26020.41 16911.03
1717844611 3107051108 2694898106 25045086 422710 46426622 41420862 1215066 98288 68598.76 79963.14 26144.64 16788.17
1717844621 3107053312 2694898942 25045086 422710 46432636 41423820 1215066 98288 68551.35 80009.46 26224.24 16737.00
1717844632 3107055713 2694899794 25045086 422710 46437975 41427662 1215066 98288 68631.62 79909.38 26142.11 16848.65
1717844642 3107059939 2694901670 25045086 422710 46443039 41432050 1215066 98288 68776.42 79863.88 25964.57 16883.27
1717844652 3107065361 2694903840 25045086 422710 46447072 41436380 1215066 98288 68751.61 80007.66 26018.22 16740.05
1717844663 3107068896 2694905134 25045086 422710 46451770 41440748 1215066 98288 68802.68 78920.45 25967.29 17834.33
1717844673 3107075283 2694907544 25045086 422710 46456278 41444622 1215066 98288 68826.48 78784.19 25951.33 17962.28
1717844683 3107078669 2694908646 25045086 422710 46461240 41449162 1215066 98288 68706.46 78940.18 26066.95 17807.24
1717844694 3107082413 2694910538 25045086 422710 46464790 41452475 1215066 98288 68763.82 78661.82 26005.54 18084.58
1717844704 3107087971 2694913086 25045086 422710 46465940 41455065 1215066 98288 68097.44 78887.22 26670.73 17859.25
1717844714 3107092626 2694914986 25045086 422710 46467455 41457380 1215066 98288 66812.05 78918.04 27956.57 17829.00
1717844725 3107098534 2694917010 25045086 422710 46467971 41460187 1215066 98288 66392.05 78946.74 28376.31 17798.90
1717844735 3107104024 2694918834 25045086 422710 46468261 41463287 1215066 98288 66271.85 78933.50 28496.77 17813.55
1717844745 3107107836 2694920200 25045086 422710 46468811 41466331 1215066 98288 67919.79 78881.57 26848.83 17864.98
1717844756 3107111713 2694922042 25045086 422710 46469990 41469990 1215066 98288 67775.40 78144.18 26990.58 18573.58
1717844766 3107117175 2694923840 25045086 422710 46471816 41473460 1215066 98288 67603.67 78243.32 27165.77 18505.71
1717844776 3107122809 2694926172 25045086 422710 46473842 41476927 1215066 98288 67505.29 78235.94 27263.94 18511.69
1717844787 3107127235 2694928012 25045086 422710 46475590 41478558 1215066 98288 67496.88 78088.27 27271.74 18658.86
1717844797 3107131039 2694929580 25045086 422710 46477118 41480213 1215066 98288 67412.37 78000.83 27363.66 18746.84
1717844807 3107134327 2694931086 25045086 422710 46478792 41482021 1215066 98288 67305.87 78069.72 27462.79 18675.17
1717844818 3107137676 2694932742 25045086 422710 46480541 41483671 1215066 98288 67167.09 78167.20 27601.04 18585.85
1717844828 3107140122 2694933868 25045086 422710 46481743 41486000 1215066 98288 67000.95 78161.66 27767.68 18584.91
1717844838 3107142479 2694934920 25045086 422710 46483442 41488981 1215066 98288 67021.13 79430.09 27748.61 17317.09
1717844849 3107147737 2694937068 25045086 422710 46485291 41491715 1215066 98288 66826.84 79152.06 27947.77 17593.85
1717844859 3107152418 2694939010 25045086 422710 46486655 41494918 1215066 98288 66852.47 78948.51 27917.46 17799.17
1717844869 3107157635 2694941078 25045086 422710 46488285 41497929 1215066 98288 66822.68 78875.97 27945.95 17870.50
1717844880 3107160143 2694942222 25045086 422710 46489848 41500879 1215066 98288 66782.62 78863.28 27985.50 17884.24
1717844890 3107163198 2694943736 25045086 422710 46491258 41503775 1215066 98288 66768.07 78831.49 28006.91 17920.12
1717844900 3107168904 2694946374 25045086 422710 46495220 41506411 1215066 98288 67997.14 78892.93 26771.66 17859.59
1717844911 3107174613 2694948806 25045086 422710 46498819 41509246 1215066 98288 67711.27 78807.85 27057.35 17944.75
1717844921 3107179222 2694951034 25045086 422710 46502047 41512351 1215066 98288 67604.43 78823.34 27164.19 17923.73
1717844931 3107183050 2694952656 25045086 422710 46505368 41514625 1215066 98288 67422.64 78981.62 27352.91 17772.48
1717844942 3107187801 2694955034 25045086 422710 46508641 41517245 1215066 98288 69101.73 78921.28 25667.45 17825.18
1717844952 3107192133 2694957192 25045086 422710 46512017 41520950 1215066 98288 68820.95 79306.95 25947.67 17446.17
1717844962 3107195531 2694959078 25045086 422710 46514981 41523575 1215066 98288 68715.21 78525.54 26053.41 18231.19
1717844973 3107200239 2694961358 25045086 422710 46517957 41525859 1215066 98288 68768.69 78718.57 25999.96 18027.89
1717844983 3107205438 2694963766 25045086 422710 46521531 41528269 1215066 98288 68768.71 78091.45 26001.59 18655.01
1717844993 3107207504 2694964534 25045086 422710 46525057 41530163 1215066 98288 68863.59 77863.82 25878.20 18883.82
1717845004 3107211081 2694966390 25045086 422710 46528345 41531817 1215066 98288 68899.54 77766.17 25870.79 18980.30
1717845014 3107216041 2694968402 25045086 422710 46530858 41533620 1215066 98288 69432.19 77662.70 25335.50 19084.98
1717845024 3107220623 2694970574 25045086 422710 46532021 41535008 1215066 98288 69193.87 77953.70 25576.34 18795.79
1717845035 3107226998 2694973122 25045086 422710 46532663 41536358 1215066 98288 68358.42 78826.14 26410.36 17920.32
1717845045 3107234945 2694976348 25045086 422710 46533038 41537796 1215066 98288 68743.46 77928.36 26025.16 18820.74
1717845055 3107241790 2694979394 25045086 422710 46533429 41539145 1215066 98288 69887.58 76815.09 24881.16 19931.38
1717845066 3107249672 2694982572 25045086 422710 46534370 41541832 1215066 98288 69180.76 77612.62 25588.52 19133.85
1717845076 3107256032 2694985030 25045086 422710 46535525 41544093 1215066 98288 69412.02 77906.69 25358.33 18840.36
1717845086 3107263496 2694987596 25045086 422710 46536320 41546102 1215066 98288 69120.97 77911.82 25647.25 18838.18
1717845096 3107272190 2694990962 25045086 422710 46537601 41547904 1215066 98288 67988.28 77960.55 26768.80 18797.44
1717845107 3107280449 2694993834 25045086 422710 46539870 41549544 1215066 98288 68607.54 77812.25 26173.93 18935.84
1717845117 3107288817 2694996890 25045086 422710 46541360 41552889 1215066 98288 68358.21 78058.68 26410.41 18688.44
1717845127 3107296793 2695000148 25045086 422710 46542213 41555650 1215066 98288 67991.99 78548.13 26776.73 18205.91
1717845138 3107306763 2695003416 25045086 422710 46542657 41558162 1215066 98288 67640.40 78535.65 27128.79 18210.82
1717845148 3107316113 2695006644 25045086 422710 46542905 41560699 1215066 98288 67613.87 77896.52 27155.76 18849.95
1717845158 3107323931 2695009388 25045086 422710 46543131 41563583 1215066 98288 67478.98 77628.65 27290.86 19126.41
1717845169 3107329763 2695011418 25045086 422710 46543277 41566014 1215066 98288 67406.53 77874.45 27363.78 18871.57
1717845179 3107332668 2695012666 25045086 422710 46543700 41569201 1215066 98288 67325.44 79808.20 27442.69 16943.06
1717845189 3107340215 2695015896 25045086 422710 46544023 41572126 1215066 98288 67237.18 78740.14 27533.03 18011.39
1717845200 3107345599 2695018078 25045086 422710 46544194 41575484 1215066 98288 67109.58 78543.99 27659.04 18203.57
1717845210 3107351339 2695020230 25045086 422710 46544323 41578916 1215066 98288 66938.61 78518.17 27830.64 18229.50
1717845220 3107354979 2695021654 25045086 422710 46544449 41582355 1215066 98288 66869.09 78538.91 27899.11 18209.27
1717845231 3107360973 2695024382 25045086 422710 46544664 41585627 1215066 98288 66850.97 78508.36 27918.25 18242.21
1717845241 3107367425 2695027102 25045086 422710 46544896 41588801 1215066 98288 66744.88 78527.39 28024.39 18226.34
1717845251 3107375004 2695030250 25045086 422710 46545216 41591897 1215066 98288 66579.64 78504.38 28188.98 18248.07
1717845262 3107379388 2695032114 25045086 422710 46545681 41594854 1215066 98288 68348.36 78726.32 26420.40 18020.14
1717845273 3107385719 2695035162 25045086 422710 46547100 41597180 1215066 98288 67369.32 78653.93 27379.61 18080.51
1717845283 3107390384 2695037306 25045086 422710 46548428 41598900 1215066 98288 67275.30 78645.95 27493.93 18100.62
1717845293 3107394125 2695038664 25045086 422710 46548702 41601859 1215066 98288 67241.60 78632.11 27527.02 18114.36
1717845304 3107399066 2695040620 25045086 422710 46549919 41603687 1215066 98288 67194.24 78635.50 27574.95 18110.96
1717845314 3107401004 2695041364 25045086 422710 46551426 41605111 1215066 98288 67150.85 78602.61 27614.68 18117.18
1717845324 3107402739 2695042048 25045086 422710 46552692 41606843 1215066 98288 67061.72 78624.23 27707.61 18125.12
1717845334 3107404764 2695042780 25045086 422710 46554119 41608359 1215066 98288 67047.66 78612.71 27722.05 18134.95
1717845345 3107407826 2695044326 25045086 422710 46555630 41609862 1215066 98288 67020.30 78807.36 27748.32 17940.23
1717845355 3107411582 2695046160 25045086 422710 46556736 41611857 1215066 98288 66972.10 78689.71 27796.52 18057.34
1717845366 3107416473 2695049104 25045086 422710 46557630 41614218 1215066 98288 68508.75 78808.24 26259.38 17937.73
1717845376 3107419469 2695050632 25045086 422710 46559215 41616017 1215066 98288 69745.79 78951.57 25026.84 17794.99
1717845387 3107423452 2695052382 25045086 422710 46560476 41617883 1215066 98288 69690.94 78862.75 25077.68 17883.83
1717845397 3107425855 2695053790 25045086 422710 46562220 41619283 1215066 98288 69751.22 78859.06 25016.93 17887.38
1717845407 3107428219 2695055106 25045086 422710 46564111 41620515 1215066 98288 69577.94 78966.70 25190.25 17785.21
1717845417 3107430028 2695056028 25045086 422710 46565522 41622486 1215066 98288 69728.18 80031.55 25040.54 16716.21
1717845428 3107432642 2695057288 25045086 422710 46566415 41625378 1215066 98288 69070.36 80101.46 25698.72 16651.36
1717845438 3107436771 2695059586 25045086 422710 46566622 41628531 1215066 98288 69205.59 79867.72 25564.30 16878.75
1717845448 3107440432 2695061884 25045086 422710 46566920 41631595 1215066 98288 69154.38 79823.34 25614.24 16922.70
1717845459 3107443963 2695064392 25045086 422710 46567277 41634829 1215066 98288 69151.90 79267.96 25616.23 17479.08
1717845469 3107447469 2695066188 25045086 422710 46567419 41635377 1215066 98288 69158.24 78862.28 25610.95 17884.19
1717845479 3107450451 2695067642 25045086 422710 46567988 41636580 1215066 98288 68852.55 79598.47 25916.07 17148.52
1717845490 3107453539 2695068946 25045086 422710 46568552 41638132 1215066 98288 69106.62 79938.67 25660.57 16807.80
1717845500 3107455533 2695069840 25045086 422710 46569707 41638982 1215066 98288 69055.83 79988.25 25711.85 16758.21
1717845510 3107457542 2695070884 25045086 422710 46570882 41640632 1215066 98288 70379.38 80602.03 24391.02 16140.58
1717845521 3107460272 2695072256 25045086 422710 46572071 41642913 1215066 98288 70199.08 80157.80 24570.79 16592.91
1717845531 3107461606 2695073002 25045086 422710 46573637 41644450 1215066 98288 70203.26 80152.95 24564.38 16600.21
1717845541 3107464147 2695074318 25045086 422710 46575430 41646420 1215066 98288 70226.50 80215.20 24542.12 16537.88
1717845552 3107467344 2695076062 25045086 422710 46577706 41648686 1215066 98288 69732.79 80049.41 25035.83 16698.14
1717845562 3107469012 2695076886 25045086 422710 46578724 41651378 1215066 98288 69715.27 80703.64 25052.79 16043.75
1717845572 3107473357 2695079050 25045086 422710 46580376 41653711 1215066 98288 69954.96 79766.70 24814.30 16979.77
1717845583 3107475754 2695080640 25045086 422710 46582654 41656084 1215066 98288 70112.40 79969.30 24662.81 16778.74
1717845593 3107479825 2695083524 25045086 422710 46584879 41658692 1215066 98288 69854.84 79531.91 24915.07 17216.49
1717845603 3107483795 2695086114 25045086 422710 46587373 41661152 1215066 98288 69616.23 79355.41 25121.07 17395.62
1717845613 3107487055 2695088474 25045086 422710 46589059 41663325 1215066 98288 70033.09 79706.35 24733.57 17040.11
1717845624 3107491060 2695091088 25045086 422710 46591107 41666069 1215066 98288 70106.98 79143.69 24664.38 17602.90
1717845634 3107495085 2695093844 25045086 422710 46594047 41668115 1215066 98288 69815.17 79703.84 24953.06 17043.17
1717845644 3107498778 2695096350 25045086 422710 46597195 41670931 1215066 98288 70071.52 78889.57 24700.74 17858.13
1717845655 3107502396 2695098666 25045086 422710 46600681 41673293 1215066 98288 69678.96 79368.33 25074.40 17380.15
1717845665 3107505924 2695101114 25045086 422710 46603978 41675975 1215066 98288 69819.68 79135.06 24973.18 17591.04
1717845675 3107509683 2695103560 25045086 422710 46607628 41678612 1215066 98288 71127.03 78842.68 23642.21 17903.78
1717845686 3107513033 2695105742 25045086 422710 46611441 41682798 1215066 98288 71164.30 79451.47 23612.47 17294.99
1717845696 3107516381 2695108068 25045086 422710 46614749 41687382 1215066 98288 71006.84 79090.86 23762.40 17658.03
1717845706 3107520566 2695110774 25045086 422710 46616771 41691603 1215066 98288 70240.04 79425.50 24528.20 17323.39
1717845717 3107525182 2695113444 25045086 422710 46618815 41695635 1215066 98288 70529.81 79377.76 24235.18 17355.40
1717845727 3107530236 2695116660 25045086 422710 46620715 41699916 1215066 98288 70449.63 79332.86 24228.51 17419.02
1717845737 3107534322 2695119370 25045086 422710 46622423 41704533 1215066 98288 71168.70 79129.09 23602.20 17625.37
1717845748 3107538239 2695121802 25045086 422710 46624406 41708448 1215066 98288 69821.86 79594.56 24950.92 17153.11
1717845758 3107540469 2695123510 25045086 422710 46625038 41712038 1215066 98288 70467.96 79750.25 24302.11 17003.71
1717845768 3107542061 2695124702 25045086 422710 46626329 41714561 1215066 98288 70164.73 79742.55 24609.41 17003.91
1717845779 3107542802 2695125214 25045086 422710 46628781 41715320 1215066 98288 70262.20 79752.49 24504.94 16993.97
1717845789 3107544721 2695126588 25045086 422710 46630308 41717466 1215066 98288 70487.11 79685.70 24280.63 17086.73
1717845799 3107547679 2695129064 25045086 422710 46630702 41721333 1215066 98288 70171.30 79189.25 24597.85 17559.03
1717845810 3107549914 2695130980 25045086 422710 46631228 41724869 1215066 98288 69925.26 79534.09 24843.36 17212.99
1717845820 3107551043 2695131890 25045086 422710 46632088 41727830 1215066 98288 69814.64 79696.35 24955.05 17049.74
1717845830 3107552918 2695133000 25045086 422710 46632564 41729297 1215066 98288 69832.23 79670.83 24936.89 17079.45
1717845841 3107555044 2695134292 25045086 422710 46633052 41730667 1215066 98288 69828.55 78823.62 24940.07 17924.11
1717845851 3107559798 2695137140 25045086 422710 46634422 41731496 1215066 98288 70065.13 78116.07 24703.09 18630.13
1717845861 3107563474 2695139566 25045086 422710 46635632 41731677 1215066 98288 70188.33 77928.38 24581.50 18818.77
1717845871 3107567758 2695142070 25045086 422710 46636810 41731814 1215066 98288 70223.70 77885.87 24545.16 18860.59
1717845882 3107570455 2695143804 25045086 422710 46637934 41731940 1215066 98288 70405.05 77888.87 24364.21 18857.59
1717845892 3107571702 2695144776 25045086 422710 46639598 41732092 1215066 98288 70305.16 77859.97 24464.06 18886.00
1717845902 3107574519 2695146334 25045086 422710 46640969 41732614 1215066 98288 70271.63 77852.45 24496.99 18894.51
1717845913 3107576845 2695148396 25045086 422710 46641993 41732788 1215066 98288 70149.63 77886.23 24614.20 18860.82
1717845923 3107578722 2695149822 25045086 422710 46643464 41733200 1215066 98288 70238.41 78644.19 24529.72 18102.27
1717845933 3107582248 2695151980 25045086 422710 46645156 41733735 1215066 98288 70249.83 78062.73 24519.45 18683.74
1717845944 3107584686 2695153478 25045086 422710 46646856 41734062 1215066 98288 69869.04 78301.86 24899.06 18444.78
1717845954 3107586957 2695155400 25045086 422710 46647807 41734327 1215066 98288 69980.08 78967.36 24788.54 17697.62
1717845964 3107589902 2695157342 25045086 422710 46649277 41735164 1215066 98288 69893.78 78259.92 24874.84 18486.66
1717845975 3107591556 2695158432 25045086 422710 46650568 41735544 1215066 98288 70275.65 78865.14 24494.71 17881.93
1717845985 3107593891 2695159772 25045086 422710 46651929 41736042 1215066 98288 70230.41 78478.86 24554.02 18267.61
1717845995 3107596233 2695161324 25045086 422710 46653455 41736650 1215066 98288 70162.95 78466.71 24605.67 18279.27
1717846006 3107601453 2695164732 25045086 422710 46655478 41738242 1215066 98288 70881.94 78454.93 23889.92 18290.23
1717846016 3107609736 2695169456 25045086 422710 46657633 41739324 1215066 98288 70033.48 78454.48 24735.79 18291.98
1717846026 3107616700 2695173088 25045086 422710 46658434 41740486 1215066 98288 70075.08 77840.74 24694.14 18906.46
1717846037 3107622823 2695176736 25045086 422710 46659557 41741602 1215066 98288 69396.39 78052.69 25372.23 18695.40
1717846047 3107628712 2695180444 25045086 422710 46660968 41742828 1215066 98288 69061.08 79650.53 25707.54 17098.10
1717846057 3107636013 2695184744 25045086 422710 46662161 41744441 1215066 98288 69190.45 78484.61 25580.29 18261.86
1717846068 3107643573 2695189424 25045086 422710 46663645 41746532 1215066 98288 69158.69 79269.97 25610.43 17477.70
1717846078 3107651448 2695194278 25045086 422710 46664921 41748548 1215066 98288 69066.51 79174.32 25703.32 17572.88
1717846088 3107658869 2695199074 25045086 422710 46665889 41750325 1215066 98288 68799.82 78839.80 25968.98 17906.67
1717846099 3107664771 2695202704 25045086 422710 46667096 41752530 1215066 98288 69104.54 78487.97 25663.60 18258.50
1717846109 3107671162 2695206968 25045086 422710 46668433 41754607 1215066 98288 68940.14 79042.95 25832.87 17705.33
1717846119 3107678436 2695211008 25045086 422710 46669806 41756685 1215066 98288 68885.39 79034.01 25883.23 17713.71
1717846130 3107685244 2695215548 25045086 422710 46670908 41759341 1215066 98288 69394.73 78495.97 25374.00 18251.71
1717846140 3107692225 2695219672 25045086 422710 46672032 41761706 1215066 98288 68461.86 78701.68 26308.76 18043.39
1717846150 3107699602 2695224270 25045086 422710 46672637 41764557 1215066 98288 69145.05 78531.08 25624.18 18238.70
1717846161 3107705209 2695227656 25045086 422710 46673411 41767345 1215066 98288 68882.78 79090.65 25877.94 17696.32
1717846171 3107710505 2695230482 25045086 422710 46673789 41769155 1215066 98288 69176.49 79119.70 25592.13 17632.86
1717846181 3107716019 2695233724 25045086 422710 46674309 41771334 1215066 98288 69132.91 78541.98 25633.71 18208.18
1717846192 3107723581 2695237406 25045086 422710 46676222 41773168 1215066 98288 68198.72 77983.77 26570.96 18762.70
1717846202 3107730413 2695240382 25045086 422710 46676815 41774866 1215066 98288 68165.21 78477.82 26603.78 18268.77
1717846212 3107733445 2695242280 25045086 422710 46677247 41775755 1215066 98288 67790.50 78121.02 26978.73 18625.45
1717846223 3107738279 2695245242 25045086 422710 46677584 41775982 1215066 98288 67776.35 77918.02 26992.93 18828.45
1717846233 3107745577 2695249232 25045086 422710 46678166 41776397 1215066 98288 69043.33 77866.61 25725.29 18880.72
1717846243 3107752501 2695253370 25045086 422710 46678498 41777196 1215066 98288 68497.94 77656.42 26270.68 19090.05
1717846254 3107757261 2695256322 25045086 422710 46678602 41777354 1215066 98288 68585.22 77536.31 26183.98 19210.18
1717846264 3107760676 2695258186 25045086 422710 46678809 41777909 1215066 98288 68893.30 78128.96 25875.93 18617.51
1717846274 3107762917 2695259546 25045086 422710 46679019 41778479 1215066 98288 68794.66 78195.49 25973.96 18551.50
1717846285 3107768842 2695263280 25045086 422710 46679218 41778880 1215066 98288 68756.49 78196.32 26011.69 18550.14
1717846295 3107775005 2695267238 25045086 422710 46679327 41779052 1215066 98288 68918.52 77884.89 25850.10 18861.18
1717846305 3107779008 2695269874 25045086 422710 46679803 41779614 1215066 98288 68628.16 77711.36 26140.67 19035.10
1717846315 3107783748 2695272904 25045086 422710 46681036 41779683 1215066 98288 68421.60 77952.67 26327.19 18791.94
1717846326 3107790994 2695276968 25045086 422710 46681550 41780404 1215066 98288 68647.09 77629.39 26121.10 19117.07
1717846336 3107793705 2695278944 25045086 422710 46681800 41780893 1215066 98288 68903.75 78000.90 25863.48 18746.17
1717846346 3107796466 2695280942 25045086 422710 46682041 41781267 1215066 98288 68980.16 77912.50 25789.53 18833.96
1717846357 3107802145 2695284118 25045086 422710 46682188 41781316 1215066 98288 68935.99 77927.18 25831.82 18819.29
1717846367 3107806774 2695287510 25045086 422710 46682540 41781504 1215066 98288 68470.12 78336.43 26298.50 18410.64
1717846377 3107812164 2695290786 25045086 422710 46682640 41781607 1215066 98288 68887.22 78550.66 25881.46 18195.80
1717846388 3107815106 2695292492 25045086 422710 46682742 41781704 1215066 98288 68913.36 78517.63 25854.78 18228.83
1717846398 3107817793 2695294308 25045086 422710 46682934 41781722 1215066 98288 68859.75 78501.05 25909.36 18245.52
1717846408 3107820505 2695296074 25045086 422710 46683367 41781937 1215066 98288 68307.20 79032.50 26461.02 17713.96
1717846419 3107823462 2695298178 25045086 422710 46683557 41781946 1215066 98288 68374.09 78927.43 26394.04 17820.20
1717846429 3107826165 2695299650 25045086 422710 46683744 41782058 1215066 98288 68735.71 79152.92 26033.45 17592.56
1717846439 3107829081 2695301154 25045086 422710 46683866 41782126 1215066 98288 68721.20 79172.48 26047.53 17573.99
1717846450 3107830866 2695302182 25045086 422710 46684151 41782588 1215066 98288 69872.58 79033.11 24896.04 17713.38
1717846460 3107832146 2695302970 25045086 422710 46684261 41782684 1215066 98288 69776.82 79084.13 24991.34 17662.33
1717846470 3107833330 2695303766 25045086 422710 46684395 41782737 1215066 98288 69855.15 79013.12 24913.47 17732.87
1717846480 3107834739 2695304804 25045086 422710 46684634 41782973 1215066 98288 69851.43 78980.83 24918.46 17765.63
1717846491 3107837116 2695306082 25045086 422710 46685083 41783340 1215066 98288 69285.29 79018.87 25485.55 17727.60
1717846501 3107839315 2695307256 25045086 422710 46686136 41783798 1215066 98288 69791.20 78452.21 24976.93 18295.35
1717846511 3107840807 2695307986 25045086 422710 46686351 41784209 1215066 98288 69818.66 79095.58 24949.96 17652.59
1717846522 3107843780 2695309760 25045086 422710 46686470 41784907 1215066 98288 69797.27 78271.76 24971.35 18475.34
1717846532 3107845406 2695311010 25045086 422710 46686538 41785122 1215066 98288 69754.59 78142.48 25014.03 18605.58
1717846542 3107846763 2695312200 25045086 422710 46686651 41785309 1215066 98288 69738.48 78087.11 25030.14 18659.46
1717846553 3107848745 2695313704 25045086 422710 46686741 41785400 1215066 98288 69725.96 78065.10 25041.68 18681.37
1717846563 3107850746 2695315112 25045086 422710 46686882 41785445 1215066 98288 69671.42 78031.22 25098.32 18715.25
1717846573 3107851769 2695315874 25045086 422710 46687003 41785514 1215066 98288 69691.86 78154.26 25077.44 18592.20
1717846583 3107852869 2695316632 25045086 422710 46687118 41785660 1215066 98288 69689.57 78154.61 25079.05 18590.98
1717846594 3107857847 2695318464 25045086 422710 46688447 41786556 1215066 98288 68668.90 76999.32 26100.22 19747.27
1717846604 3107862163 2695320402 25045086 422710 46688598 41786596 1215066 98288 68628.81 77050.09 26139.97 19696.37
1717846614 3107863686 2695320954 25045086 422710 46688806 41786681 1215066 98288 68616.68 77089.16 26152.15 19657.31
1717846625 3107865344 2695321970 25045086 422710 46689040 41786745 1215066 98288 68624.89 77075.35 26144.38 19671.12
1717846635 3107867374 2695322792 25045086 422710 46690583 41787077 1215066 98288 67019.84 76904.23 27748.79 19842.88
1717846645 3107872863 2695324550 25045086 422710 46690869 41787638 1215066 98288 67046.29 76777.55 27723.00 19968.91
1717846656 3107875486 2695325312 25045086 422710 46691126 41787969 1215066 98288 67163.55 76612.61 27605.68 20133.48
1717846666 3107882501 2695327228 25045086 422710 46691407 41788202 1215066 98288 67054.19 76638.49 27714.43 20107.98
1717846676 3107885313 2695328042 25045086 422710 46691564 41788347 1215066 98288 67049.79 76596.66 27718.84 20148.87
1717846686 3107890034 2695329596 25045086 422710 46691753 41788662 1215066 98288 67230.46 76457.09 27538.19 20289.37
1717846697 3107895395 2695331136 25045086 422710 46691936 41789165 1215066 98288 67398.32 76117.57 27370.30 20628.50
1717846707 3107898243 2695331992 25045086 422710 46692043 41789335 1215066 98288 67360.97 76102.35 27406.66 20644.21
1717846718 3107900538 2695332518 25045086 422710 46692218 41789472 1215066 98288 67305.71 76045.38 27461.54 20701.09
1717846728 3107906160 2695334502 25045086 422710 46692397 41789580 1215066 98288 67294.93 75948.30 27474.25 20798.17
1717846739 3107907598 2695334884 25045086 422710 46692566 41789807 1215066 98288 67154.23 76859.95 27614.39 19887.64
1717846749 3107912583 2695337088 25045086 422710 46693056 41790390 1215066 98288 66751.17 76598.17 28017.45 20148.98
1717846760 3107917962 2695339386 25045086 422710 46693215 41790794 1215066 98288 67066.05 76352.41 27703.09 20394.66
1717846770 3107924436 2695342270 25045086 422710 46693369 41791080 1215066 98288 66880.20 76335.43 27888.43 20410.84
1717846780 3107928362 2695344004 25045086 422710 46693688 41791520 1215066 98288 66743.02 76408.70 28025.60 20338.48
1717846791 3107933914 2695346428 25045086 422710 46693861 41791900 1215066 98288 66922.66 76281.37 27846.57 20465.66
1717846801 3107940688 2695349268 25045086 422710 46694148 41792023 1215066 98288 66784.55 76224.39 27984.08 20521.59
1717846812 3107946291 2695352332 25045086 422710 46694725 41792858 1215066 98288 66498.71 76455.26 28269.91 20291.75
1717846822 3107952964 2695355560 25045086 422710 46695207 41793989 1215066 98288 66844.07 75721.50 27925.21 21025.07
1717846833 3107958705 2695358856 25045086 422710 46695932 41795118 1215066 98288 66817.30 75729.47 27951.32 21018.23
1717846843 3107964456 2695362202 25045086 422710 46696312 41795953 1215066 98288 66777.41 75432.03 27991.21 21316.64
1717846853 3107970955 2695365656 25045086 422710 46696698 41797207 1215066 98288 66736.98 75636.48 28035.12 21109.98
1717846864 3107977274 2695369438 25045086 422710 46697346 41798203 1215066 98288 66562.50 75846.23 28206.37 20900.35
1717846874 3107985225 2695373752 25045086 422710 46698098 41799298 1215066 98288 66637.42 75631.27 28131.24 21115.20
1717846885 3107990733 2695376788 25045086 422710 46698989 41800563 1215066 98288 66100.66 75817.57 28667.96 20928.89
1717846895 3108000944 2695381770 25045086 422710 46699937 41801327 1215066 98288 66600.45 75800.59 28168.71 20945.87
1717846905 3108007036 2695384932 25045086 422710 46700874 41802086 1215066 98288 66309.97 75853.73 28458.65 20892.96
1717846916 3108013467 2695388630 25045086 422710 46702163 41803076 1215066 98288 66112.98 75581.57 28656.30 21164.89
1717846926 3108020084 2695392156 25045086 422710 46702854 41804088 1215066 98288 66372.15 75353.95 28395.98 21393.73
1717846936 3108029514 2695397356 25045086 422710 46703805 41804841 1215066 98288 66068.32 75658.91 28720.30 21089.30
1717846947 3108038351 2695401858 25045086 422710 46704542 41806090 1215066 98288 66289.90 75435.59 28479.77 21311.38
1717846957 3108047098 2695406790 25045086 422710 46705370 41807171 1215066 98288 66218.56 75290.87 28550.66 21456.19
1717846967 3108054417 2695410020 25045086 422710 46706291 41808210 1215066 98288 66358.73 75639.48 28412.01 21107.59
1717846978 3108060589 2695413102 25045086 422710 46706723 41808465 1215066 98288 66344.11 75995.55 28423.54 20750.91
1717846988 3108065770 2695415974 25045086 422710 46707094 41808853 1215066 98288 67731.09 76127.27 27037.53 20619.36
1717846998 3108069786 2695417554 25045086 422710 46707310 41809008 1215066 98288 67570.35 76243.73 27198.63 20503.39
1717847009 3108076102 2695420816 25045086 422710 46707731 41809464 1215066 98288 67758.75 76179.96 27009.87 20568.77
1717847019 3108083314 2695424826 25045086 422710 46708063 41809831 1215066 98288 67179.08 75956.84 27589.08 20789.63
1717847030 3108087460 2695427240 25045086 422710 46708215 41809892 1215066 98288 67292.52 77701.19 27476.10 19044.95
1717847040 3108091272 2695430322 25045086 422710 46708460 41810775 1215066 98288 66929.77 76356.05 27838.82 20391.22
1717847050 3108097761 2695435158 25045086 422710 46708740 41811650 1215066 98288 66872.14 76736.52 27896.48 20012.01
1717847060 3108101864 2695438438 25045086 422710 46709130 41812384 1215066 98288 66840.77 75983.43 27927.96 20763.64
1717847071 3108107497 2695442368 25045086 422710 46710530 41812902 1215066 98288 66204.45 76209.78 28565.02 20535.91
1717847081 3108113967 2695447600 25045086 422710 46712649 41813287 1215066 98288 66272.62 75673.73 28496.09 21072.74
1717847091 3108121132 2695452586 25045086 422710 46713242 41813406 1215066 98288 66177.14 75729.48 28590.57 21016.99
1717847102 3108126519 2695456506 25045086 422710 46713588 41813486 1215066 98288 65718.65 75865.94 29049.97 20881.10
1717847112 3108129915 2695459116 25045086 422710 46714120 41813659 1215066 98288 65624.66 76028.03 29144.68 20719.04
1717847122 3108134063 2695461846 25045086 422710 46716755 41814461 1215066 98288 66341.93 76238.39 28425.70 20508.07
1717847133 3108142334 2695467524 25045086 422710 46717449 41815047 1215066 98288 65483.33 75999.22 29287.29 20748.87
1717847143 3108147284 2695470628 25045086 422710 46717573 41815136 1215066 98288 65421.89 75861.06 29346.73 20885.40
1717847153 3108152133 2695473628 25045086 422710 46717777 41815152 1215066 98288 66196.14 75937.43 28571.00 20809.04
1717847164 3108157477 2695477394 25045086 422710 46718969 41816712 1215066 98288 66699.43 75834.85 28065.26 20908.97
1717847174 3108162315 2695480436 25045086 422710 46720035 41817842 1215066 98288 66609.33 75648.30 28159.29 21103.52
1717847184 3108166302 2695483098 25045086 422710 46720663 41818900 1215066 98288 66409.41 75169.35 28359.21 21577.20
1717847195 3108171028 2695486380 25045086 422710 46720910 41819250 1215066 98288 66388.91 75114.89 28380.32 21631.13
1717847205 3108173821 2695487818 25045086 422710 46722216 41819463 1215066 98288 66331.44 76409.67 28438.28 20337.40
1717847215 3108178011 2695489996 25045086 422710 46724072 41819938 1215066 98288 65935.10 76017.34 28833.52 20728.66
1717847226 3108183385 2695493810 25045086 422710 46724299 41820449 1215066 98288 66083.04 75836.61 28685.58 20922.45
1717847236 3108187795 2695496654 25045086 422710 46724510 41820980 1215066 98288 65983.32 75879.24 28785.34 20867.23
1717847246 3108192467 2695499632 25045086 422710 46724753 41821043 1215066 98288 66041.05 76298.68 28727.14 20447.79
1717847257 3108196776 2695502350 25045086 422710 46724864 41821136 1215066 98288 66056.43 76244.66 28712.27 20501.80
1717847267 3108200669 2695504652 25045086 422710 46725134 41821292 1215066 98288 66049.03 76148.28 28719.59 20597.75
1717847277 3108205019 2695507366 25045086 422710 46725559 41821620 1215066 98288 66050.92 76090.49 28717.70 20657.18
1717847287 3108208300 2695509582 25045086 422710 46725862 41821742 1215066 98288 65985.49 76074.29 28783.13 20671.79
1717847298 3108211289 2695511366 25045086 422710 46726009 41821824 1215066 98288 65989.98 76077.43 28779.68 20669.03
1717847308 3108212874 2695512342 25045086 422710 46726105 41821925 1215066 98288 65934.10 76098.52 28834.53 20648.06
1717847318 3108215221 2695513748 25045086 422710 46726240 41822014 1215066 98288 66061.07 75882.38 28707.55 20865.21
1717847329 3108216826 2695514964 25045086 422710 46726352 41822107 1215066 98288 67688.87 76042.97 27079.41 20703.49
1717847339 3108220452 2695517028 25045086 422710 46726508 41822174 1215066 98288 67799.86 77741.12 26968.77 19005.43
1717847349 3108222736 2695518724 25045086 422710 46726643 41822342 1215066 98288 66985.87 77629.56 27783.36 19118.02
1717847359 3108226257 2695521294 25045086 422710 46727527 41823213 1215066 98288 66597.88 77392.26 28170.83 19354.20
1717847370 3108229202 2695523586 25045086 422710 46727840 41823359 1215066 98288 66806.91 77496.14 27962.30 19250.20
1717847380 3108233318 2695526470 25045086 422710 46728695 41824260 1215066 98288 66481.91 76540.09 28287.34 20208.19
1717847390 3108236941 2695529462 25045086 422710 46731868 41824868 1215066 98288 66607.72 76235.32 28161.27 20512.42
1717847401 3108243565 2695533484 25045086 422710 46731985 41827081 1215066 98288 66484.62 73637.16 28284.00 23110.02
1717847411 3108248593 2695536154 25045086 422710 46732103 41827418 1215066 98288 66424.52 73753.07 28344.11 22992.94
1717847421 3108253897 2695538328 25045086 422710 46732521 41827865 1215066 98288 66401.81 74287.00 28366.95 22459.47
1717847432 3108257923 2695540524 25045086 422710 46732860 41831229 1215066 98288 66464.23 74698.48 28304.39 22056.32
1717847442 3108264811 2695544396 25045086 422710 46733110 41832003 1215066 98288 66043.50 73954.08 28725.12 22793.00
1717847452 3108268851 2695546196 25045086 422710 46733244 41832257 1215066 98288 66015.88 73926.13 28752.36 22820.33
1717847463 3108271272 2695547394 25045086 422710 46733387 41832444 1215066 98288 66276.64 75027.75 28490.57 21718.71
1717847473 3108273867 2695548824 25045086 422710 46735960 41833209 1215066 98288 66214.88 74875.30 28555.59 21872.27
1717847483 3108280655 2695552540 25045086 422710 46737418 41833947 1215066 98288 65575.23 74538.31 29193.99 22208.67
1717847493 3108288608 2695555856 25045086 422710 46738253 41834723 1215066 98288 65462.95 74482.85 29305.67 22263.73
1717847504 3108293986 2695557798 25045086 422710 46738562 41834856 1215066 98288 65796.09 74641.59 28972.54 22105.41
1717847514 3108297979 2695559456 25045086 422710 46739272 41836646 1215066 98288 67409.83 75023.37 27359.94 21715.22
1717847524 3108304562 2695562682 25045086 422710 46739957 41838308 1215066 98288 67241.77 74901.67 27527.49 21845.40
1717847535 3108310875 2695566616 25045086 422710 46740624 41838586 1215066 98288 67238.82 76452.48 27529.91 20293.98
1717847545 3108315301 2695569176 25045086 422710 46741654 41839077 1215066 98288 67036.34 75372.26 27731.19 21374.21
1717847555 3108319975 2695572412 25045086 422710 46742295 41839489 1215066 98288 67358.05 75864.82 27410.57 20883.34
1717847566 3108323891 2695575076 25045086 422710 46742802 41840109 1215066 98288 66631.03 75423.57 28139.48 21321.91
1717847576 3108328288 2695578234 25045086 422710 46744016 41841694 1215066 98288 65636.60 76152.14 29134.26 20598.55
1717847586 3108333817 2695582194 25045086 422710 46744697 41843620 1215066 98288 65396.52 75979.05 29372.65 20768.52
1717847596 3108338543 2695585388 25045086 422710 46745188 41843919 1215066 98288 65119.73 75817.86 29648.89 20929.21
1717847607 3108341496 2695587034 25045086 422710 46745481 41844064 1215066 98288 64896.20 75794.71 29872.40 20952.36
1717847617 3108344169 2695588706 25045086 422710 46745936 41845723 1215066 98288 65668.46 75778.27 29100.16 20966.98
1717847628 3108346676 2695590486 25045086 422710 46746429 41847754 1215066 98288 65757.74 75767.16 29010.88 20979.86
1717847638 3108350723 2695593028 25045086 422710 46746525 41848399 1215066 98288 65467.36 75009.16 29301.27 21737.83
1717847648 3108352857 2695594240 25045086 422710 46746637 41848490 1215066 98288 65453.01 75134.52 29316.16 21611.95
1717847658 3108353979 2695594766 25045086 422710 46748003 41848753 1215066 98288 66239.94 75812.32 28527.70 20934.14
1717847669 3108356511 2695596484 25045086 422710 46749791 41848996 1215066 98288 66163.40 75426.77 28605.83 21319.25
1717847679 3108363112 2695600732 25045086 422710 46750875 41850010 1215066 98288 65885.69 74820.73 28883.77 21925.73
1717847689 3108366581 2695603594 25045086 422710 46751748 41850688 1215066 98288 65296.51 74767.25 29471.21 21979.21
1717847700 3108369275 2695605662 25045086 422710 46751898 41850931 1215066 98288 65301.25 75165.55 29467.37 21492.89
1717847710 3108372168 2695607976 25045086 422710 46754902 41851201 1215066 98288 65658.82 74973.68 29109.80 21775.40
1717847721 3108377999 2695611870 25045086 422710 46755247 41852076 1215066 98288 65527.28 74167.30 29241.50 22579.16
1717847731 3108384272 2695616506 25045086 422710 46755672 41852446 1215066 98288 65264.86 74464.49 29503.50 22282.24
1717847741 3108388289 2695619530 25045086 422710 46755770 41852669 1215066 98288 65329.93 74370.24 29438.70 22377.32
1717847752 3108393394 2695623158 25045086 422710 46755828 41852845 1215066 98288 65392.16 75033.04 29376.46 21713.47
1717847762 3108397198 2695625928 25045086 422710 46755948 41853023 1215066 98288 65310.80 75037.66 29458.42 21707.94
1717847772 3108400869 2695628802 25045086 422710 46756281 41853508 1215066 98288 65328.95 75259.63 29439.18 21487.88
1717847782 3108403729 2695630866 25045086 422710 46756477 41853912 1215066 98288 65123.04 75231.49 29645.58 21515.20
1717847793 3108405485 2695631984 25045086 422710 46756563 41854158 1215066 98288 65016.54 75206.39 29752.27 21540.67
1717847803 3108407120 2695633042 25045086 422710 46756731 41854210 1215066 98288 65031.19 75160.44 29738.03 21586.03
1717847813 3108410587 2695635248 25045086 422710 46756968 41854250 1215066 98288 64881.18 75192.78 29887.44 21553.75
1717847824 3108413618 2695637366 25045086 422710 46757038 41854386 1215066 98288 64878.71 75184.86 29889.91 21561.77
1717847834 3108415756 2695638940 25045086 422710 46757125 41854502 1215066 98288 64771.61 75167.95 29997.01 21578.51
1717847844 3108417677 2695640266 25045086 422710 46757252 41854570 1215066 98288 64782.82 75143.51 29985.80 21604.59
1717847855 3108419869 2695641822 25045086 422710 46757424 41854654 1215066 98288 64867.50 75131.59 29900.69 21614.88
1717847865 3108423061 2695643976 25045086 422710 46757598 41854718 1215066 98288 64834.14 74923.44 29934.52 21823.02
1717847875 3108424658 2695645128 25045086 422710 46757765 41854857 1215066 98288 64661.12 74923.89 30107.18 21822.57
1717847885 3108425480 2695645688 25045086 422710 46757941 41854866 1215066 98288 64631.80 74960.68 30137.44 21786.32
1717847896 3108427978 2695647752 25045086 422710 46758064 41855005 1215066 98288 64689.08 74977.03 30079.54 21769.94
1717847906 3108429576 2695649078 25045086 422710 46758089 41855162 1215066 98288 64690.37 74956.32 30076.25 21793.73
1717847916 3108432211 2695651252 25045086 422710 46758173 41855292 1215066 98288 64608.48 74907.00 30160.14 21839.57
1717847927 3108434044 2695652752 25045086 422710 46758200 41855450 1215066 98288 64591.62 74903.22 30177.00 21843.83
1717847937 3108435772 2695654170 25045086 422710 46758345 41855559 1215066 98288 64666.15 74924.93 30102.47 21822.75
1717847947 3108437649 2695655774 25045086 422710 46758451 41855642 1215066 98288 64664.81 74917.16 30102.94 21829.31
1717847958 3108439901 2695657716 25045086 422710 46758578 41855727 1215066 98288 64555.41 74898.29 30213.21 21848.26
1717847968 3108441765 2695659320 25045086 422710 46758736 41855816 1215066 98288 64508.68 74876.93 30260.58 21869.54
1717847978 3108443580 2695660728 25045086 422710 46759074 41855862 1215066 98288 64502.28 74237.09 30266.45 22508.88
1717847988 3108445669 2695662392 25045086 422710 46759201 41855990 1215066 98288 64522.75 74195.89 30245.88 22550.08
1717847999 3108447780 2695664054 25045086 422710 46759323 41856213 1215066 98288 64409.77 73944.82 30358.96 22801.64
1717848009 3108448448 2695664662 25045086 422710 46759489 41856234 1215066 98288 64399.14 73970.75 30368.54 22775.71
1717848019 3108450132 2695666014 25045086 422710 46759681 41856362 1215066 98288 64478.34 74100.07 30290.93 22646.39
1717848030 3108452202 2695667598 25045086 422710 46759848 41856382 1215066 98288 64447.55 74099.92 30321.66 22646.55
1717848040 3108454007 2695669090 25045086 422710 46759938 41856521 1215066 98288 64360.88 73936.99 30407.75 22810.04
1717848050 3108455669 2695670332 25045086 422710 46759977 41856670 1215066 98288 64339.18 73923.61 30429.44 22823.50
1717848061 3108456845 2695671222 25045086 422710 46760069 41856880 1215066 98288 64423.75 74049.91 30344.87 22696.10
1717848071 3108457627 2695671876 25045086 422710 46760144 41856994 1215066 98288 64414.89 74035.42 30353.73 22710.15
1717848081 3108459542 2695673486 25045086 422710 46760271 41857107 1215066 98288 64296.68 73906.57 30471.94 22841.00
1717848091 3108461005 2695674716 25045086 422710 46760332 41857231 1215066 98288 64290.84 73888.61 30477.79 22856.89
1717848102 3108462939 2695676436 25045086 422710 46760486 41857378 1215066 98288 64373.30 74023.61 30395.32 22723.41
1717848112 3108465552 2695678280 25045086 422710 46760516 41857539 1215066 98288 64360.77 74005.43 30407.85 22741.07
1717848122 3108467230 2695679548 25045086 422710 46760554 41857731 1215066 98288 64249.62 73873.12 30519.00 22873.92
1717848133 3108470254 2695681480 25045086 422710 46760666 41857804 1215066 98288 64233.30 73861.38 30532.86 22885.08
1717848143 3108473317 2695683962 25045086 422710 46760815 41857964 1215066 98288 64319.79 73969.50 30448.36 22776.18
1717848153 3108476275 2695686060 25045086 422710 46760909 41858054 1215066 98288 64312.00 73956.88 30456.67 22789.59
1717848163 3108477816 2695687168 25045086 422710 46761036 41858169 1215066 98288 64243.93 73767.52 30524.70 22978.55
1717848174 3108479443 2695688094 25045086 422710 46761137 41858271 1215066 98288 63756.09 73620.67 31012.54 23125.34
1717848184 3108482198 2695690572 25045086 422710 46761256 41858456 1215066 98288 63891.17 73687.13 30877.45 23059.47
1717848194 3108484971 2695693034 25045086 422710 46761312 41858609 1215066 98288 63901.49 75459.21 30867.13 21287.30
1717848205 3108487431 2695695118 25045086 422710 46761443 41858698 1215066 98288 63879.75 75241.59 30889.51 21504.88
1717848215 3108491226 2695698282 25045086 422710 46761531 41858869 1215066 98288 64189.05 75040.93 30579.57 21706.18
1717848225 3108492515 2695699180 25045086 422710 46761659 41859037 1215066 98288 65574.91 75825.04 29193.71 20921.94
1717848236 3108495711 2695702104 25045086 422710 46761786 41859232 1215066 98288 65173.88 75225.56 29595.36 21522.72
1717848246 3108500715 2695706546 25045086 422710 46762048 41860819 1215066 98288 64969.84 74794.63 29798.78 21889.00
1717848256 3108505855 2695711146 25045086 422710 46762303 41861156 1215066 98288 65104.91 75209.98 29663.25 21536.48
1717848266 3108508678 2695713160 25045086 422710 46764062 41861635 1215066 98288 64803.32 74569.25 29968.22 22177.79
1717848277 3108514574 2695718276 25045086 422710 46766751 41862052 1215066 98288 64247.89 74309.27 30520.85 22436.16
1717848287 3108518398 2695721586 25045086 422710 46767203 41862281 1215066 98288 64069.30 74184.41 30699.39 22562.05
1717848297 3108521795 2695724734 25045086 422710 46767497 41862423 1215066 98288 63983.80 74308.86 30786.00 22437.60
1717848308 3108524299 2695726624 25045086 422710 46768703 41862572 1215066 98288 63882.76 74608.34 30844.33 22138.68
1717848318 3108528512 2695730156 25045086 422710 46771743 41863060 1215066 98288 64123.12 74547.28 30646.11 22199.80
1717848328 3108532608 2695733332 25045086 422710 46772309 41863234 1215066 98288 63884.89 74176.02 30884.22 22570.51
1717848339 3108535065 2695735414 25045086 422710 46772377 41863435 1215066 98288 63882.89 74234.70 30885.73 22511.87
1717848349 3108536931 2695737014 25045086 422710 46772589 41863654 1215066 98288 64520.57 75331.88 30250.98 21414.83
1717848359 3108540427 2695740184 25045086 422710 46775408 41864336 1215066 98288 64340.27 75253.43 30429.02 21493.04
1717848370 3108544651 2695743268 25045086 422710 46776859 41864769 1215066 98288 63573.21 74561.28 31196.60 21913.73
1717848380 3108548739 2695746978 25045086 422710 46777319 41865456 1215066 98288 63694.35 74928.99 31074.27 21818.03
1717848390 3108550639 2695748538 25045086 422710 46777654 41865700 1215066 98288 63735.32 75065.05 31035.41 21679.32
1717848401 3108553181 2695750950 25045086 422710 46780833 41866253 1215066 98288 63898.07 75001.27 30870.64 21745.20
1717848411 3108558892 2695755708 25045086 422710 46781390 41866641 1215066 98288 63533.72 74824.16 31234.93 21921.88
1717848421 3108561588 2695757874 25045086 422710 46781566 41866995 1215066 98288 63512.91 74826.84 31255.71 21920.83
1717848432 3108564183 2695760324 25045086 422710 46781998 41867360 1215066 98288 63601.62 74947.35 31167.00 21798.66
1717848442 3108565565 2695761422 25045086 422710 46782103 41867573 1215066 98288 63605.48 74870.71 31163.14 21876.27
1717848452 3108567992 2695763580 25045086 422710 46782185 41867735 1215066 98288 63765.65 75158.13 31002.97 21589.40
1717848463 3108570646 2695766064 25045086 422710 46782323 41868023 1215066 98288 63891.65 74961.56 30877.53 21785.51
1717848473 3108572322 2695767566 25045086 422710 46782723 41868496 1215066 98288 64156.40 75187.98 30612.22 21559.59
1717848483 3108574940 2695769798 25045086 422710 46782841 41868738 1215066 98288 64095.52 75081.40 30673.10 21665.07
1717848494 3108576683 2695771384 25045086 422710 46782933 41868873 1215066 98288 64146.18 74822.53 30621.95 21924.43
1717848504 3108578625 2695773170 25045086 422710 46782963 41869071 1215066 98288 64146.10 74993.73 30622.52 21753.39
1717848514 3108580649 2695774880 25045086 422710 46783076 41869244 1215066 98288 64237.57 75121.01 30531.05 21625.54
1717848525 3108582242 2695776344 25045086 422710 46783220 41869401 1215066 98288 64340.66 75213.86 30427.96 21532.16
1717848535 3108585618 2695779188 25045086 422710 46783488 41869528 1215066 98288 64906.93 75080.55 29862.23 21665.91
1717848545 3108589083 2695782334 25045086 422710 46783627 41869618 1215066 98288 64919.16 75218.91 29849.04 21527.55
1717848555 3108591058 2695784112 25045086 422710 46783819 41869677 1215066 98288 64748.68 75376.85 30020.11 21369.61
1717848566 3108594201 2695786746 25045086 422710 46783909 41869784 1215066 98288 64707.85 75251.07 30060.77 21496.53
1717848576 3108595188 2695787634 25045086 422710 46783984 41869903 1215066 98288 64756.00 75126.11 30013.27 21620.36
1717848587 3108596754 2695789026 25045086 422710 46784144 41870034 1215066 98288 64646.40 75133.71 30122.75 21613.35
1717848597 3108598813 2695790602 25045086 422710 46784185 41870219 1215066 98288 64538.29 75392.15 30230.85 21354.46
1717848607 3108600577 2695792168 25045086 422710 46784309 41870311 1215066 98288 64587.55 75266.30 30181.62 21480.17
1717848618 3108602803 2695794098 25045086 422710 46784401 41870417 1215066 98288 64498.01 75127.99 30270.61 21618.50
1717848628 3108604492 2695795626 25045086 422710 46784496 41870566 1215066 98288 64477.36 75021.39 30291.34 21731.08
1717848638 3108607147 2695798010 25045086 422710 46784623 41870654 1215066 98288 64478.56 75389.67 30290.72 21357.40
1717848649 3108608302 2695798956 25045086 422710 46784710 41870762 1215066 98288 64474.35 75265.64 30294.27 21481.48
1717848659 3108610176 2695800722 25045086 422710 46784742 41870923 1215066 98288 64476.59 75126.29 30292.04 21620.41
1717848669 3108612008 2695802350 25045086 422710 46784863 41871064 1215066 98288 64292.35 74966.16 30476.27 21781.46
1717848680 3108614472 2695804664 25045086 422710 46784898 41871256 1215066 98288 64290.07 75389.23 30478.55 21357.86
1717848690 3108617198 2695807102 25045086 422710 46785074 41871352 1215066 98288 64220.26 75262.74 30547.91 21483.72
1717848700 3108618686 2695808372 25045086 422710 46785280 41871414 1215066 98288 64156.81 75129.93 30611.81 21615.15
1717848710 3108621301 2695810516 25045086 422710 46785349 41871619 1215066 98288 64182.94 74968.32 30590.77 21779.19
1717848721 3108623484 2695812376 25045086 422710 46785549 41871751 1215066 98288 64069.70 75393.66 30698.50 21352.81
1717848731 3108625307 2695814108 25045086 422710 46785703 41871786 1215066 98288 64098.58 75264.33 30670.13 21482.13
1717848741 3108626903 2695815458 25045086 422710 46785791 41871889 1215066 98288 64099.42 75131.34 30669.20 21615.74
1717848752 3108629460 2695817732 25045086 422710 46785869 41872037 1215066 98288 64104.23 75161.04 30665.58 21585.43
1717848762 3108630692 2695818840 25045086 422710 46786028 41872096 1215066 98288 64102.52 75386.46 30666.66 21360.01
1717848772 3108632494 2695820356 25045086 422710 46786114 41872201 1215066 98288 64101.04 75254.57 30667.59 21492.04
1717848782 3108634993 2695822646 25045086 422710 46786184 41872319 1215066 98288 64105.15 75121.09 30664.59 21624.95
1717848793 3108638190 2695825572 25045086 422710 46786217 41872513 1215066 98288 64100.13 75190.75 30668.49 21579.89
1717848803 3108639276 2695826510 25045086 422710 46786301 41872716 1215066 98288 64112.88 75723.97 30655.74 21022.58
1717848813 3108640647 2695827726 25045086 422710 46786406 41873015 1215066 98288 64297.60 75965.83 30471.15 20780.64
1717848824 3108642797 2695829608 25045086 422710 46786564 41873030 1215066 98288 64293.11 75962.96 30476.13 20783.51
1717848834 3108644517 2695831092 25045086 422710 46786728 41873091 1215066 98288 64286.39 76094.27 30481.82 20652.20
1717848844 3108647117 2695833416 25045086 422710 46786805 41873182 1215066 98288 64288.79 76088.86 30479.83 20656.75
1717848855 3108649567 2695835650 25045086 422710 46786837 41873339 1215066 98288 64292.77 75948.18 30475.86 20798.34
1717848865 3108653047 2695838826 25045086 422710 46786937 41873505 1215066 98288 63657.50 75780.20 31110.62 20968.00
1717848875 3108654211 2695839918 25045086 422710 46787014 41873652 1215066 98288 63674.12 75994.26 31094.10 20752.20
1717848886 3108655434 2695840916 25045086 422710 46787105 41873761 1215066 98288 63557.84 75958.03 31211.32 20789.02
1717848896 3108657795 2695843152 25045086 422710 46787198 41873870 1215066 98288 63545.24 75739.64 31224.54 21006.82
1717848906 3108659051 2695844294 25045086 422710 46787426 41873884 1215066 98288 63631.80 75738.33 31135.98 21008.14
1717848916 3108660698 2695845826 25045086 422710 46787612 41873950 1215066 98288 63110.64 75868.95 31658.04 20877.52
1717848927 3108663073 2695847970 25045086 422710 46787767 41873999 1215066 98288 62887.04 75745.96 31881.64 21000.50
1717848937 3108664268 2695849060 25045086 422710 46787875 41874130 1215066 98288 62956.53 75516.66 31812.66 21229.81
1717848947 3108665046 2695849768 25045086 422710 46788074 41874233 1215066 98288 63169.07 75551.66 31599.55 21195.37
1717848958 3108668043 2695852538 25045086 422710 46788168 41874368 1215066 98288 63205.93 75640.61 31563.32 21105.85
1717848968 3108670451 2695854796 25045086 422710 46788315 41874433 1215066 98288 62944.02 75666.54 31824.61 21079.96
1717848978 3108671665 2695855920 25045086 422710 46788411 41874527 1215066 98288 62938.99 75543.65 31830.20 21202.82
1717848988 3108674091 2695858266 25045086 422710 46788685 41874534 1215066 98288 63120.34 75541.40 31648.28 21205.72
1717848999 3108675943 2695859898 25045086 422710 46788736 41874730 1215066 98288 63517.10 75674.27 31251.52 21072.80
1717849009 3108677752 2695861534 25045086 422710 46788824 41875089 1215066 98288 63523.17 75979.59 31245.45 20767.51
1717849019 3108680387 2695863858 25045086 422710 46788938 41875192 1215066 98288 63467.87 75884.20 31300.82 20862.27
1717849030 3108682946 2695866180 25045086 422710 46789043 41875353 1215066 98288 64384.75 75311.18 30383.87 21436.03
1717849040 3108684468 2695867464 25045086 422710 46789164 41875493 1215066 98288 64300.81 75303.05 30467.32 21442.93
1717849050 3108687390 2695870160 25045086 422710 46789231 41875616 1215066 98288 64316.77 75191.74 30451.86 21554.77
1717849061 3108689390 2695871872 25045086 422710 46789416 41875708 1215066 98288 64032.63 75524.64 30735.50 21220.36
1717849071 3108692664 2695874864 25045086 422710 46789500 41875872 1215066 98288 63911.03 75621.20 30857.10 21125.93
1717849081 3108693941 2695876068 25045086 422710 46789622 41875944 1215066 98288 63871.28 75623.47 30897.34 21122.03
1717849092 3108695738 2695877680 25045086 422710 46789662 41876121 1215066 98288 63774.66 75518.43 30993.96 21228.68
1717849102 3108699348 2695880830 25045086 422710 46789764 41876243 1215066 98288 63858.74 75507.34 30910.01 21238.88
1717849112 3108700391 2695881784 25045086 422710 46789869 41876365 1215066 98288 63869.62 75596.81 30899.00 21149.75
1717849122 3108701813 2695883038 25045086 422710 46789992 41876427 1215066 98288 63786.21 75596.58 30981.54 21149.89
1717849133 3108702865 2695883932 25045086 422710 46790177 41876500 1215066 98288 63770.61 75528.98 30998.02 21217.60
1717849143 3108705058 2695885886 25045086 422710 46790226 41876645 1215066 98288 63791.57 75535.88 30977.05 21211.33
1717849153 3108707529 2695888064 25045086 422710 46790313 41876817 1215066 98288 63688.71 75598.46 31079.91 21148.59
1717849164 3108708640 2695889018 25045086 422710 46790408 41876892 1215066 98288 63684.51 75598.82 31084.69 21147.77
1717849174 3108709454 2695889742 25045086 422710 46790513 41877019 1215066 98288 64137.36 75131.84 30631.26 21614.18
1717849184 3108711017 2695891174 25045086 422710 46790610 41877110 1215066 98288 64097.68 74677.59 30670.53 22068.88
1717849195 3108712147 2695892194 25045086 422710 46790712 41877256 1215066 98288 63839.11 74950.91 30929.51 21796.11
1717849205 3108713320 2695893262 25045086 422710 46790837 41877351 1215066 98288 63624.82 74928.82 31160.07 21817.64
1717849216 3108714700 2695894560 25045086 422710 46791035 41877456 1215066 98288 63671.87 75101.33 31096.96 21645.14
1717849226 3108715508 2695895236 25045086 422710 46791317 41877503 1215066 98288 64134.00 75101.91 30633.25 21644.55
1717849236 3108718212 2695897730 25045086 422710 46791450 41877622 1215066 98288 64137.02 75052.21 30631.61 21694.40
1717849246 3108720684 2695900062 25045086 422710 46791504 41877775 1215066 98288 64215.96 75052.06 30552.66 21694.42
1717849257 3108721839 2695901076 25045086 422710 46791594 41877918 1215066 98288 64219.54 75039.77 30548.68 21706.70
1717849267 3108724909 2695903898 25045086 422710 46791705 41877991 1215066 98288 64143.93 75033.91 30624.69 21712.61
1717849277 3108727670 2695906580 25045086 422710 46791751 41878191 1215066 98288 64176.18 75016.80 30592.44 21729.70
1717849288 3108728470 2695907330 25045086 422710 46791896 41878271 1215066 98288 64229.31 74872.80 30538.82 21874.27
1717849298 3108730962 2695909640 25045086 422710 46792059 41878347 1215066 98288 63994.46 75027.20 30786.16 21721.35
1717849308 3108733263 2695911734 25045086 422710 46792295 41878468 1215066 98288 64656.63 74927.10 30112.01 21818.92
1717849319 3108735177 2695913476 25045086 422710 46792463 41878606 1215066 98288 64717.73 75042.17 30052.00 21704.29
1717849329 3108736311 2695914402 25045086 422710 46792612 41878671 1215066 98288 64725.77 75109.14 30043.93 21637.32
1717849339 3108737619 2695915582 25045086 422710 46792717 41878774 1215066 98288 64596.11 75057.13 30172.52 21689.38
1717849349 3108739372 2695917162 25045086 422710 46792762 41878910 1215066 98288 64597.62 74979.38 30171.00 21767.19
1717849360 3108740621 2695918312 25045086 422710 46792911 41879037 1215066 98288 64698.59 75061.09 30070.64 21685.38
1717849370 3108741503 2695919138 25045086 422710 46792989 41879166 1215066 98288 64703.87 75136.26 30064.75 21611.33
1717849380 3108744014 2695921508 25045086 422710 46793053 41879329 1215066 98288 64110.26 75031.01 30658.36 21716.06
1717849391 3108745063 2695922458 25045086 422710 46793159 41879445 1215066 98288 63358.14 74955.50 31410.48 21792.05
1717849401 3108748429 2695925602 25045086 422710 46793269 41879651 1215066 98288 64106.21 75114.38 30662.04 21632.09
1717849411 3108749356 2695926498 25045086 422710 46793451 41879652 1215066 98288 64007.76 75131.13 30760.87 21615.34
1717849421 3108751936 2695928908 25045086 422710 46793591 41879780 1215066 98288 64163.65 74933.06 30604.97 21813.56
1717849432 3108753643 2695930452 25045086 422710 46793671 41879909 1215066 98288 64244.21 74937.36 30524.41 21810.20
1717849442 3108756499 2695933158 25045086 422710 46793721 41880150 1215066 98288 64111.15 75112.71 30658.48 21633.76
1717849452 3108759068 2695935532 25045086 422710 46793863 41880233 1215066 98288 64101.45 75121.27 30667.17 21624.79
1717849463 3108760756 2695936994 25045086 422710 46793953 41880349 1215066 98288 64095.54 74949.65 30673.78 21796.82
1717849473 3108763389 2695939432 25045086 422710 46794106 41880422 1215066 98288 64092.98 74950.07 30675.64 21795.99
1717849483 3108764619 2695940558 25045086 422710 46794213 41880614 1215066 98288 64020.49 75118.08 30749.23 21628.39
1717849494 3108766833 2695942558 25045086 422710 46794406 41880648 1215066 98288 64098.01 75030.95 30670.61 21716.01
1717849504 3108768703 2695944300 25045086 422710 46794498 41880791 1215066 98288 64178.80 74936.34 30589.69 21809.64
1717849514 3108770162 2695945532 25045086 422710 46794668 41880854 1215066 98288 64117.82 74991.07 30651.93 21756.00
1717849524 3108771900 2695947084 25045086 422710 46794809 41881066 1215066 98288 63860.57 75129.29 30908.09 21617.17
1717849535 3108773013 2695948070 25045086 422710 46795008 41881149 1215066 98288 64049.86 75574.22 30718.76 21171.88
1717849545 3108775003 2695949918 25045086 422710 46795109 41881307 1215066 98288 64087.94 75439.10 30680.68 21308.01
1717849555 3108776132 2695950854 25045086 422710 46795193 41881429 1215066 98288 64106.18 75504.42 30663.11 21242.04
1717849566 3108778647 2695953172 25045086 422710 46795401 41881517 1215066 98288 64104.04 75601.73 30665.16 21145.34
1717849576 3108780140 2695954548 25045086 422710 46795548 41881591 1215066 98288 63353.68 75526.71 31414.94 21220.36
1717849586 3108781482 2695955780 25045086 422710 46795677 41881714 1215066 98288 64105.15 75507.05 30662.98 21241.11
1717849596 3108783195 2695957334 25045086 422710 46795801 41881781 1215066 98288 64005.78 75514.81 30764.49 21231.66
1717849607 3108785783 2695959756 25045086 422710 46795942 41881933 1215066 98288 64099.41 75511.24 30669.21 21235.45
1717849617 3108786653 2695960554 25045086 422710 46796019 41882115 1215066 98288 64167.11 75445.75 30601.51 21301.32
1717849627 3108789760 2695963352 25045086 422710 46796135 41882391 1215066 98288 64111.94 75960.96 30656.23 20785.50
1717849638 3108791021 2695964514 25045086 422710 46796284 41882479 1215066 98288 64090.06 75979.79 30679.89 20766.68
1717849648 3108792137 2695965488 25045086 422710 46796429 41882584 1215066 98288 64096.21 75990.83 30672.41 20757.29
1717849658 3108795116 2695968244 25045086 422710 46796627 41882686 1215066 98288 64267.21 75994.62 30501.93 20752.03
1717849669 3108797582 2695970538 25045086 422710 46796983 41882825 1215066 98288 64924.03 76065.41 29844.73 20681.05
1717849679 3108798988 2695971834 25045086 422710 46798293 41882902 1215066 98288 64202.00 75815.29 30567.34 20931.18
1717849689 3108801708 2695974392 25045086 422710 46798465 41882968 1215066 98288 64968.90 76046.87 29801.41 20699.59
1717849699 3108802249 2695974886 25045086 422710 46798654 41883184 1215066 98288 64871.32 75884.34 29895.82 20862.12
1717849710 3108803985 2695976306 25045086 422710 46798832 41883284 1215066 98288 65062.57 76343.97 29706.62 20402.49
1717849720 3108807058 2695979016 25045086 422710 46799029 41883347 1215066 98288 65077.21 76547.55 29691.97 20199.52
1717849730 3108808920 2695980720 25045086 422710 46799124 41883441 1215066 98288 64985.05 76552.01 29783.57 20194.54
1717849741 3108809901 2695981520 25045086 422710 46799211 41883566 1215066 98288 64990.33 76625.39 29778.30 20121.10
1717849751 3108811543 2695982928 25045086 422710 46799556 41883703 1215066 98288 65048.80 76649.82 29719.33 20097.73
1717849761 3108812934 2695984194 25045086 422710 46799934 41883987 1215066 98288 65012.79 76409.04 29755.34 20338.56
1717849771 3108815664 2695986588 25045086 422710 46800191 41884074 1215066 98288 68252.84 78002.59 26515.82 18669.64
1717849782 3108817218 2695987940 25045086 422710 46800300 41884162 1215066 98288 68236.65 78634.38 26531.14 18112.08
1717849792 3108818769 2695989262 25045086 422710 46800507 41884213 1215066 98288 68239.56 78483.26 26531.95 18263.21
1717849802 3108820646 2695990862 25045086 422710 46800811 41884238 1215066 98288 68795.58 78480.66 25973.46 18265.56
1717849813 3108821923 2695991866 25045086 422710 46800968 41884331 1215066 98288 68736.58 78536.12 26031.68 18210.34
1717849823 3108823685 2695993370 25045086 422710 46801114 41884380 1215066 98288 68134.05 78556.79 26634.57 18190.36
1717849833 3108825418 2695994734 25045086 422710 46801180 41884662 1215066 98288 68793.42 78259.70 25974.71 18489.89
1717849843 3108826911 2695995950 25045086 422710 46801248 41884868 1215066 98288 68623.30 78878.31 26144.83 17868.73
1717849854 3108828594 2695997400 25045086 422710 46801331 41885010 1215066 98288 68675.21 78906.52 26094.05 17839.95
1717849864 3108830308 2695998914 25045086 422710 46801534 41885033 1215066 98288 68662.32 78997.61 26106.84 17749.46
1717849874 3108832028 2696000270 25045086 422710 46801655 41885086 1215066 98288 68655.29 78923.41 26112.41 17823.05
1717849885 3108832418 2696000528 25045086 422710 46801826 41885131 1215066 98288 68566.05 79007.18 26202.10 17739.28
1717849895 3108833538 2696001534 25045086 422710 46801951 41885156 1215066 98288 68564.00 79008.46 26205.13 17738.71
1717849905 3108835272 2696003036 25045086 422710 46802094 41885238 1215066 98288 68663.80 78910.44 26104.50 17836.03
1717849915 3108837781 2696005174 25045086 422710 46802234 41885253 1215066 98288 68662.30 78911.11 26106.00 17835.36
1717849926 3108838546 2696005814 25045086 422710 46802330 41885374 1215066 98288 68569.94 79333.19 26198.68 17412.34
1717849936 3108839751 2696006808 25045086 422710 46802387 41885684 1215066 98288 68670.20 80076.75 26098.42 16670.39
1717849946 3108841982 2696008736 25045086 422710 46802429 41887075 1215066 98288 68793.30 79008.66 25976.41 17737.80
1717849957 3108844068 2696010564 25045086 422710 46802588 41887136 1215066 98288 68690.57 79257.38 26077.67 17489.08
1717849967 3108845916 2696012272 25045086 422710 46802729 41887145 1215066 98288 68669.15 79262.06 26100.60 17484.40
1717849977 3108847044 2696013246 25045086 422710 46802879 41887198 1215066 98288 68710.91 79287.32 26057.71 17459.30
1717849987 3108847722 2696013850 25045086 422710 46802982 41887268 1215066 98288 68743.57 79462.88 26025.75 17283.59
1717849998 3108847817 2696013922 25045086 422710 46803075 41887342 1215066 98288 68667.77 79448.03 26101.40 17299.53
1717850008 3108847987 2696014064 25045086 422710 46803150 41887418 1215066 98288 68659.74 79452.02 26109.90 17294.44
1717850018 3108850240 2696015916 25045086 422710 46803444 41887537 1215066 98288 68640.84 79506.95 26127.78 17239.66
1717850028 3108852207 2696017646 25045086 422710 46803717 41887884 1215066 98288 68586.19 79500.88 26182.43 17246.75
1717850039 3108853034 2696018384 25045086 422710 46803861 41888026 1215066 98288 71011.43 82436.30 23757.75 14310.16
1717850049 3108854119 2696019336 25045086 422710 46804039 41888036 1215066 98288 71071.39 82466.36 23697.77 14280.70
1717850059 3108855368 2696020462 25045086 422710 46804168 41888051 1215066 98288 71075.20 82457.27 23693.59 14289.19
1717850069 3108856176 2696021128 25045086 422710 46804313 41888059 1215066 98288 70992.98 82458.71 23774.65 14287.75
1717850080 3108857625 2696022288 25045086 422710 46804444 41888070 1215066 98288 70989.61 82454.84 23779.05 14291.13
1717850090 3108858621 2696023100 25045086 422710 46804616 41888116 1215066 98288 71077.62 81937.90 23689.64 14808.56
1717850100 3108858825 2696023284 25045086 422710 46804704 41888163 1215066 98288 71079.49 81933.47 23688.64 14813.11
1717850110 3108859830 2696024168 25045086 422710 46804790 41888251 1215066 98288 71006.68 81846.76 23762.95 14900.30
1717850121 3108860524 2696024762 25045086 422710 46804902 41888290 1215066 98288 70747.89 81852.95 24020.73 14894.18
1717850131 3108861843 2696025978 25045086 422710 46805055 41888442 1215066 98288 71248.30 81934.98 23520.81 14812.20
1717850141 3108862457 2696026564 25045086 422710 46805183 41889092 1215066 98288 72164.12 81441.27 22604.50 15309.04
1717850151 3108862851 2696026926 25045086 422710 46805312 41889886 1215066 98288 71755.29 81528.78 23014.00 15217.68
1717850162 3108864124 2696028122 25045086 422710 46805413 41889922 1215066 98288 71736.49 81529.27 23031.64 15217.27
1717850172 3108865370 2696029282 25045086 422710 46805458 41890083 1215066 98288 71737.19 81598.16 23031.43 15149.05
1717850182 3108865901 2696029768 25045086 422710 46805504 41890205 1215066 98288 71873.87 81638.59 22896.97 15106.88
1717850192 3108867239 2696031044 25045086 422710 46805567 41890296 1215066 98288 71839.52 81613.49 22929.84 15132.98
1717850203 3108867607 2696031408 25045086 422710 46805693 41890367 1215066 98288 71916.62 81612.41 22852.56 15133.68
1717850213 3108868918 2696032552 25045086 422710 46805861 41890405 1215066 98288 71879.52 81637.95 22889.68 15108.10
1717850223 3108870584 2696034014 25045086 422710 46806323 41890482 1215066 98288 71794.95 81567.49 22974.96 15178.97
1717850233 3108871878 2696035200 25045086 422710 46806745 41890523 1215066 98288 74303.92 82621.30 20465.25 14125.17
1717850243 3108873437 2696036622 25045086 422710 46806883 41890605 1215066 98288 75049.62 83912.40 19719.08 12834.18
1717850254 3108874190 2696037296 25045086 422710 46806979 41890639 1215066 98288 75039.17 83918.62 19728.96 12827.01
1717850264 3108874190 2696037296 25045086 422710 46807026 41890738 1215066 98288 74898.25 83988.86 19871.46 12757.11
1717850274 3108875218 2696038290 25045086 422710 46807135 41890761 1215066 98288 74917.99 83960.25 19852.29 12786.33
1717850284 3108876332 2696039226 25045086 422710 46807206 41890880 1215066 98288 75095.27 83863.57 19673.46 12883.46
1717850295 3108876664 2696039538 25045086 422710 46807246 41890991 1215066 98288 75013.12 83867.09 19755.61 12879.91
1717850305 3108877078 2696039926 25045086 422710 46807302 41891058 1215066 98288 74989.61 83888.21 19779.12 12858.77
1717850315 3108878428 2696041172 25045086 422710 46807401 41891151 1215066 98288 75094.57 83868.48 19675.16 12877.98
1717850325 3108879279 2696041920 25045086 422710 46807520 41891166 1215066 98288 75048.25 83914.77 19720.92 12833.27
1717850335 3108880339 2696042914 25045086 422710 46807600 41891230 1215066 98288 75008.82 83871.25 19759.82 12874.72
1717850346 3108880788 2696043352 25045086 422710 46807693 41891265 1215066 98288 74947.71 83929.79 19821.48 12816.86
1717850356 3108881018 2696043578 25045086 422710 46807779 41891369 1215066 98288 75083.90 83878.33 19684.32 12867.64
1717850366 3108882093 2696044554 25045086 422710 46807870 41891403 1215066 98288 75075.11 83885.95 19694.65 12860.02
1717850376 3108883199 2696045626 25045086 422710 46807959 41891459 1215066 98288 75035.80 83843.09 19732.44 12903.49
1717850386 3108883591 2696046004 25045086 422710 46808030 41891513 1215066 98288 75021.01 83856.82 19747.12 12889.22
1717850397 3108885162 2696047476 25045086 422710 46808062 41891671 1215066 98288 75063.86 83897.11 19704.27 12849.45
1717850407 3108885537 2696047778 25045086 422710 46808116 41891774 1215066 98288 75026.36 83856.24 19743.36 12890.23
1717850417 3108885813 2696048054 25045086 422710 46808223 41891790 1215066 98288 75023.75 83858.34 19744.60 12888.24
1717850427 3108885819 2696048058 25045086 422710 46808369 41891843 1215066 98288 74578.32 84382.79 20190.41 12363.71
1717850438 3108887325 2696049448 25045086 422710 46808528 41891914 1215066 98288 74466.04 84346.63 20303.80 12399.83
1717850448 3108888570 2696050600 25045086 422710 46808665 41891986 1215066 98288 75204.86 84184.53 19563.27 12563.04
1717850458 3108889065 2696051084 25045086 422710 46808727 41892053 1215066 98288 75150.06 84233.88 19619.60 12512.09
1717850468 3108890923 2696052834 25045086 422710 46808848 41892136 1215066 98288 75349.11 84116.52 19419.59 12629.55
1717850478 3108891503 2696053310 25045086 422710 46809117 41892173 1215066 98288 75803.39 84163.20 18964.25 12583.27
1717850489 3108892648 2696054412 25045086 422710 46809248 41892227 1215066 98288 75667.93 84203.25 19100.20 12543.31
1717850499 3108893205 2696054956 25045086 422710 46809293 41892306 1215066 98288 75679.66 84190.84 19089.06 12556.23
1717850509 3108895278 2696056910 25045086 422710 46809407 41892398 1215066 98288 75825.92 84129.62 18942.23 12616.36
1717850519 3108895969 2696057566 25045086 422710 46809485 41892463 1215066 98288 75737.46 83973.73 19031.88 12773.94
1717850529 3108897123 2696058656 25045086 422710 46809552 41892536 1215066 98288 75672.71 84200.98 19095.91 12545.59
1717850540 3108898305 2696059810 25045086 422710 46809612 41892671 1215066 98288 76053.40 83906.04 18714.72 12840.54
1717850550 3108899329 2696060726 25045086 422710 46809730 41892690 1215066 98288 75983.96 83974.88 18785.34 12771.10
1717850560 3108899508 2696060882 25045086 422710 46809840 41892728 1215066 98288 76014.96 83867.70 18754.31 12878.77
1717850570 3108900933 2696062274 25045086 422710 46809954 41892741 1215066 98288 75952.86 83925.99 18816.91 12820.47
1717850580 3108902975 2696064200 25045086 422710 46810057 41892841 1215066 98288 75985.01 83977.52 18784.71 12768.46
1717850591 3108903685 2696064832 25045086 422710 46810151 41892880 1215066 98288 75931.97 84031.08 18836.21 12715.39
1717850601 3108904841 2696065938 25045086 422710 46810274 41892905 1215066 98288 75995.18 84115.66 18773.98 12630.31
1717850611 3108904893 2696065986 25045086 422710 46810364 41892938 1215066 98288 76096.81 84118.16 18672.41 12628.30
1717850621 3108906495 2696067494 25045086 422710 46810456 41893034 1215066 98288 76250.03 84048.35 18519.74 12697.62
1717850631 3108906810 2696067786 25045086 422710 46810549 41893069 1215066 98288 76226.81 84071.09 18541.81 12675.98
1717850642 3108906872 2696067832 25045086 422710 46810592 41893168 1215066 98288 76227.47 83986.48 18541.26 12760.56
1717850652 3108907803 2696068736 25045086 422710 46810629 41893276 1215066 98288 76114.48 83803.04 18653.15 12963.54
1717850662 3108909821 2696070610 25045086 422710 46810732 41893354 1215066 98288 76231.52 84065.09 18537.22 12681.48
1717850672 3108911005 2696071736 25045086 422710 46810842 41893391 1215066 98288 76196.04 84552.68 18573.12 12193.78
1717850682 3108911738 2696072446 25045086 422710 46810952 41893404 1215066 98288 76153.14 84682.13 18614.50 12064.45
1717850693 3108912050 2696072744 25045086 422710 46811044 41893499 1215066 98288 76294.92 84626.11 18474.80 12120.35
1717850703 3108913108 2696073728 25045086 422710 46811129 41893539 1215066 98288 76256.41 84664.17 18512.25 12081.80
1717850713 3108913108 2696073728 25045086 422710 46811245 41893566 1215066 98288 76084.45 84756.52 18685.35 11989.95
1717850723 3108914230 2696074810 25045086 422710 46811340 41893593 1215066 98288 76136.48 84702.37 18633.29 12044.09
1717850734 3108914324 2696074902 25045086 422710 46811432 41893691 1215066 98288 76296.47 84628.60 18472.81 12117.98
1717850744 3108914797 2696075336 25045086 422710 46811521 41893724 1215066 98288 76296.22 84626.26 18471.53 12120.31
1717850754 3108916174 2696076662 25045086 422710 46811584 41893807 1215066 98288 76068.32 84770.69 18698.30 11978.34
1717850764 3108917005 2696077474 25045086 422710 46811613 41893902 1215066 98288 76045.19 84795.49 18723.55 11952.08
1717850774 3108917465 2696077920 25045086 422710 46811674 41894028 1215066 98288 76037.76 84885.38 18730.37 11862.22
1717850785 3108917603 2696078054 25045086 422710 46811713 41894127 1215066 98288 76016.59 84906.10 18753.54 11839.07
1717850795 3108918980 2696079364 25045086 422710 46811784 41894184 1215066 98288 76027.26 84812.81 18741.91 11933.16
1717850805 3108919446 2696079818 25045086 422710 46811929 41894228 1215066 98288 75787.00 85139.88 18980.75 11607.08
1717850815 3108920914 2696081162 25045086 422710 46812015 41894273 1215066 98288 75841.56 85085.80 18927.19 11660.17
1717850825 3108922061 2696082250 25045086 422710 46812099 41894336 1215066 98288 75961.25 84883.98 18806.88 11862.56
1717850836 3108923182 2696083344 25045086 422710 46812146 41894413 1215066 98288 75901.41 84943.62 18867.21 11803.89
1717850846 3108925139 2696085254 25045086 422710 46812249 41894492 1215066 98288 75869.24 85479.77 18899.48 11266.21
1717850856 3108926009 2696086024 25045086 422710 46812336 41894691 1215066 98288 76416.72 85613.68 18352.50 11133.39
1717850866 3108926249 2696086214 25045086 422710 46813037 41895365 1215066 98288 75981.71 85077.42 18786.57 11668.06
1717850876 3108926709 2696086636 25045086 422710 46813111 41895483 1215066 98288 76378.06 84918.68 18389.57 11826.42
1717850887 3108926816 2696086742 25045086 422710 46813191 41895524 1215066 98288 76331.27 84950.36 18438.45 11797.29
1717850897 3108926922 2696086848 25045086 422710 46813258 41895581 1215066 98288 76286.09 84980.66 18483.14 11765.30
1717850907 3108927244 2696087092 25045086 422710 46813362 41895629 1215066 98288 76413.06 85052.33 18354.16 11694.25
1717850917 3108927244 2696087092 25045086 422710 46813464 41895649 1215066 98288 76414.82 85048.22 18353.86 11697.75
1717850927 3108927311 2696087158 25045086 422710 46813562 41895670 1215066 98288 76415.62 85042.19 18353.52 11704.88
1717850938 3108927752 2696087434 25045086 422710 46813725 41895923 1215066 98288 76394.23 85032.96 18375.01 11713.01
1717850948 3108927910 2696087586 25045086 422710 46814067 41896118 1215066 98288 76217.09 85119.85 18553.95 11627.72
1717850958 3108927910 2696087586 25045086 422710 46814124 41896246 1215066 98288 78401.18 88378.64 16367.48 8368.45
1717850968 3108927910 2696087586 25045086 422710 46814172 41896302 1215066 98288 78401.98 88379.52 16367.17 8367.09
1717850978 3108927910 2696087586 25045086 422710 46814223 41896358 1215066 98288 78402.75 88378.60 16366.48 8366.88
1717850989 3108927910 2696087586 25045086 422710 46814283 41896403 1215066 98288 78412.18 88389.50 16356.46 8358.11
1717850999 3108927910 2696087586 25045086 422710 46814329 41896462 1215066 98288 78412.18 88388.64 16356.47 8357.95
1717851009 3108927910 2696087586 25045086 422710 46814381 41896519 1215066 98288 78412.29 88387.64 16356.83 8358.93
1717851019 3108927910 2696087586 25045086 422710 46814431 41896576 1215066 98288 78412.23 88389.49 16356.03 8357.57
1717851029 3108927910 2696087586 25045086 422710 46814492 41896621 1215066 98288 78412.18 88389.59 16356.94 8356.96
1717851040 3108927910 2696087586 25045086 422710 46814540 41896680 1215066 98288 78412.62 88388.94 16356.66 8358.12
1717851050 3108927910 2696087586 25045086 422710 46814600 41896725 1215066 98288 78411.64 88388.46 16356.49 8357.62
1717851060 3108927910 2696087586 25045086 422710 46814648 41896782 1215066 98288 78413.96 88390.14 16355.25 8356.44
1717851070 3108927910 2696087586 25045086 422710 46814696 41896840 1215066 98288 78413.78 88389.38 16355.82 8357.20
1717851080 3108927910 2696087586 25045086 422710 46814743 41896897 1215066 98288 78412.59 88388.88 16356.16 8358.19
1717851090 3108927910 2696087586 25045086 422710 46814804 41896943 1215066 98288 78413.29 88389.03 16355.36 8357.09
1717851101 3108927910 2696087586 25045086 422710 46814851 41896999 1215066 98288 78412.41 88388.68 16355.71 8356.88
1717851111 3108927910 2696087586 25045086 422710 46814897 41897059 1215066 98288 78413.25 88389.57 16354.88 8357.01
1717851121 3108927910 2696087586 25045086 422710 46814944 41897118 1215066 98288 78412.65 88390.52 16356.57 8357.06
1717851131 3108927910 2696087586 25045086 422710 46814995 41897171 1215066 98288 78412.35 88391.92 16356.29 8354.15
1717851141 3108927910 2696087586 25045086 422710 46815042 41897231 1215066 98288 78423.00 88392.36 16345.62 8353.19
1717851151 3108927910 2696087586 25045086 422710 46815089 41897288 1215066 98288 78422.49 88393.17 16346.25 8353.89
1717851162 3108927910 2696087586 25045086 422710 46815149 41897334 1215066 98288 78422.48 88392.41 16346.64 8353.67
1717851172 3108927910 2696087586 25045086 422710 46815194 41897393 1215066 98288 78422.18 88392.31 16345.95 8353.59
1717851182 3108927910 2696087586 25045086 422710 46815242 41897448 1215066 98288 78422.95 88394.10 16346.28 8352.46
1717851192 3108927910 2696087586 25045086 422710 46815289 41897506 1215066 98288 78422.79 88392.95 16346.98 8353.51
1717851202 3108927910 2696087586 25045086 422710 46815348 41897551 1215066 98288 78425.56 88393.36 16343.07 8352.67
1717851213 3108927910 2696087586 25045086 422710 46815394 41897608 1215066 98288 78426.76 88393.52 16342.38 8352.55
1717851223 3108927910 2696087586 25045086 422710 46815440 41897665 1215066 98288 78426.21 88392.97 16343.48 8352.50
1717851233 3108927910 2696087586 25045086 422710 46815496 41897713 1215066 98288 78425.70 88393.22 16342.53 8353.25
1717851243 3108927910 2696087586 25045086 422710 46815556 41897758 1215066 98288 78424.56 88392.39 16343.67 8352.71
1717851253 3108927910 2696087586 25045086 422710 46815601 41897814 1215066 98288 78424.59 88393.42 16343.62 8352.55
1717851263 3108927910 2696087586 25045086 422710 46815660 41897860 1215066 98288 78424.10 88394.95 16343.59 8352.01
1717851274 3108927910 2696087586 25045086 422710 46815718 41897906 1215066 98288 78426.01 88394.07 16342.62 8352.55
1717851284 3108927910 2696087586 25045086 422710 46815764 41897963 1215066 98288 78425.18 88392.42 16342.02 8353.16
1717851294 3108927910 2696087586 25045086 422710 46815809 41898022 1215066 98288 78425.67 88393.40 16342.46 8353.16
1717851304 3108927910 2696087586 25045086 422710 46815856 41898077 1215066 98288 78425.46 88392.67 16343.16 8353.38
1717851314 3108927910 2696087586 25045086 422710 46815903 41898135 1215066 98288 78426.05 88394.52 16342.63 8352.45
1717851325 3108927910 2696087586 25045086 422710 46815960 41898182 1215066 98288 78426.08 88393.77 16342.54 8352.82
1717851335 3108927910 2696087586 25045086 422710 46816005 41898239 1215066 98288 78426.93 88392.70 16342.77 8352.89
1717851345 3108927910 2696087586 25045086 422710 46816054 41898294 1215066 98288 78425.71 88393.54 16342.96 8353.03
1717851355 3108927910 2696087586 25045086 422710 46816146 41898377 1215066 98288 78424.82 88392.50 16342.89 8352.98
1717851365 3108927910 2696087586 25045086 422710 46816203 41898424 1215066 98288 78425.38 88393.79 16343.33 8351.77
1717851375 3108927910 2696087586 25045086 422710 46816248 41898482 1215066 98288 78426.84 88393.82 16341.78 8352.28
1717851386 3108927910 2696087586 25045086 422710 46816296 41898537 1215066 98288 78426.29 88393.08 16343.44 8353.00
1717851396 3108927910 2696087586 25045086 422710 46816355 41898582 1215066 98288 78425.61 88393.02 16343.51 8352.60
1717851406 3108927910 2696087586 25045086 422710 46816401 41898639 1215066 98288 78425.95 88393.63 16342.29 8352.91
1717851416 3108927910 2696087586 25045086 422710 46816447 41898698 1215066 98288 78426.33 88393.83 16342.79 8352.29
1717851426 3108927910 2696087586 25045086 422710 46816493 41898754 1215066 98288 78425.48 88393.08 16343.29 8352.89
1717851436 3108927910 2696087586 25045086 422710 46816543 41898808 1215066 98288 78426.57 88391.66 16342.05 8355.34
1717851447 3108927910 2696087586 25045086 422710 46816560 41898896 1215066 98288 78428.72 88392.43 16339.19 8353.12
1717851457 3108927910 2696087586 25045086 422710 46816614 41898944 1215066 98288 78428.11 88393.21 16339.53 8352.92
1717851467 3108927910 2696087586 25045086 422710 46816660 41898999 1215066 98288 78428.24 88393.02 16340.04 8353.46
1717851478 3108927910 2696087586 25045086 422710 46816719 41899042 1215066 98288 78428.71 88393.76 16339.91 8352.86
1717851488 3108927910 2696087586 25045086 422710 46816763 41899100 1215066 98288 78428.62 88392.38 16339.62 8353.70
1717851498 3108927910 2696087586 25045086 422710 46816807 41899157 1215066 98288 78430.05 88393.32 16339.70 8352.26
1717851508 3108927910 2696087586 25045086 422710 46816852 41899215 1215066 98288 78429.78 88393.35 16339.34 8352.70
1717851518 3108927910 2696087586 25045086 422710 46816898 41899273 1215066 98288 78429.05 88391.61 16339.08 8353.95
1717851528 3108927910 2696087586 25045086 422710 46816942 41899329 1215066 98288 78432.35 88392.88 16335.78 8354.24
1717851539 3108927910 2696087586 25045086 422710 46816989 41899384 1215066 98288 78432.50 88393.28 16335.63 8353.30
1717851549 3108927910 2696087586 25045086 422710 46817032 41899444 1215066 98288 78432.54 88392.27 16336.09 8353.29
1717851559 3108927910 2696087586 25045086 422710 46817075 41899501 1215066 98288 78432.31 88393.96 16335.91 8352.61
1717851569 3108927910 2696087586 25045086 422710 46817133 41899544 1215066 98288 78431.89 88394.50 16337.30 8352.62
1717851579 3108927910 2696087586 25045086 422710 46817177 41899602 1215066 98288 78432.40 88394.60 16336.36 8352.53
1717851589 3108927910 2696087586 25045086 422710 46817233 41899647 1215066 98288 78432.51 88393.79 16336.62 8352.85
1717851600 3108927910 2696087586 25045086 422710 46817278 41899703 1215066 98288 78433.83 88392.93 16335.80 8353.18
1717851610 3108927910 2696087586 25045086 422710 46817326 41899762 1215066 98288 78433.05 88394.01 16335.18 8353.62
1717851620 3108927910 2696087586 25045086 422710 46817382 41899807 1215066 98288 78434.48 88394.44 16335.25 8351.63
1717851630 3108927910 2696087586 25045086 422710 46817428 41899863 1215066 98288 78433.66 88393.84 16334.54 8352.14
1717851640 3108927910 2696087586 25045086 422710 46817485 41899907 1215066 98288 78433.20 88393.33 16335.43 8353.30
1717851651 3108927910 2696087586 25045086 422710 46817529 41899964 1215066 98288 78433.26 88393.67 16334.48 8352.30
1717851661 3108927910 2696087586 25045086 422710 46817588 41900009 1215066 98288 78433.16 88393.19 16335.48 8353.45
1717851671 3108927910 2696087586 25045086 422710 46817646 41900060 1215066 98288 78431.88 88394.92 16336.86 8351.14
1717851681 3108927910 2696087586 25045086 422710 46817694 41900114 1215066 98288 78431.71 88393.47 16336.93 8352.64
1717851691 3108927910 2696087586 25045086 422710 46817738 41900172 1215066 98288 78433.02 88393.93 16335.62 8351.72
1717851701 3108927910 2696087586 25045086 422710 46817782 41900229 1215066 98288 78432.41 88395.20 16336.80 8351.29
1717851712 3108927910 2696087586 25045086 422710 46817839 41900275 1215066 98288 78432.69 88394.93 16336.05 8352.13
1717851722 3108927910 2696087586 25045086 422710 46817894 41900320 1215066 98288 78432.04 88394.52 16336.58 8352.09
1717851732 3108927910 2696087586 25045086 422710 46817938 41900379 1215066 98288 78433.53 88394.47 16335.09 8351.65
1717851742 3108927910 2696087586 25045086 422710 46817983 41900437 1215066 98288 78433.30 88395.76 16336.38 8350.71
1717851752 3108927910 2696087586 25045086 422710 46818039 41900480 1215066 98288 78433.16 88395.02 16335.57 8351.06
1717851762 3108927910 2696087586 25045086 422710 46818084 41900537 1215066 98288 78434.51 88395.08 16334.63 8350.48
1717851773 3108927910 2696087586 25045086 422710 46818129 41900593 1215066 98288 78433.24 88393.77 16335.40 8351.81
1717851783 3108927910 2696087586 25045086 422710 46818176 41900646 1215066 98288 78432.46 88394.53 16336.16 8352.04
1717851793 3108927910 2696087586 25045086 422710 46818222 41900703 1215066 98288 78432.90 88642.90 16335.75 8103.20
1717851803 3108927910 2696087586 25045086 422710 46818269 41900757 1215066 98288 78433.41 88718.34 16334.72 8028.29
1717851813 3108927910 2696087586 25045086 422710 46818314 41900815 1215066 98288 78432.32 88718.19 16335.92 8027.78
1717851823 3108927910 2696087586 25045086 422710 46818369 41900859 1215066 98288 78433.88 88718.03 16334.75 8029.05
1717851834 3108927910 2696087586 25045086 422710 46818415 41900914 1215066 98288 78434.19 88730.23 16334.99 8016.32
1717851844 3108927910 2696087586 25045086 422710 46818459 41900972 1215066 98288 78433.68 88731.18 16335.43 8015.34
1717851854 3108927910 2696087586 25045086 422710 46818503 41901030 1215066 98288 78433.47 88730.72 16335.24 8015.35
1717851864 3108927910 2696087586 25045086 422710 46818547 41901087 1215066 98288 78434.45 88731.79 16334.22 8014.77
1717851874 3108927910 2696087586 25045086 422710 46818592 41901143 1215066 98288 78433.54 88731.11 16335.21 8015.35
1717851885 3108927910 2696087586 25045086 422710 46818649 41901188 1215066 98288 78434.45 88731.12 16334.67 8014.96
1717851895 3108927910 2696087586 25045086 422710 46818694 41901243 1215066 98288 78433.59 88730.85 16335.04 8015.24
1717851905 3108927910 2696087586 25045086 422710 46818740 41901298 1215066 98288 78433.56 88730.51 16334.76 8014.27
1717851915 3108927910 2696087586 25045086 422710 46818794 41901346 1215066 98288 78434.07 88732.16 16334.60 8013.44
1717851925 3108927910 2696087586 25045086 422710 46818837 41901405 1215066 98288 78433.87 88730.52 16334.75 8015.59
1717851935 3108927910 2696087586 25045086 422710 46818883 41901462 1215066 98288 78434.07 88731.88 16334.05 8014.25
1717851946 3108927910 2696087586 25045086 422710 46818928 41901519 1215066 98288 78434.10 88731.15 16335.10 8015.43
1717851956 3108927910 2696087586 25045086 422710 46818987 41901561 1215066 98288 78433.91 88731.66 16335.31 8014.80
1717851966 3108927910 2696087586 25045086 422710 46819043 41901608 1215066 98288 78433.72 88732.68 16336.00 8013.79
1717851976 3108927910 2696087586 25045086 422710 46819100 41901652 1215066 98288 78432.12 88732.87 16336.01 8014.70
1717851986 3108927910 2696087586 25045086 422710 46819144 41901708 1215066 98288 78432.95 88732.61 16335.68 8013.43
1717851996 3108927910 2696087586 25045086 422710 46819189 41901765 1215066 98288 78432.19 88732.63 16336.54 8014.37
1717852007 3108927910 2696087586 25045086 422710 46819248 41901808 1215066 98288 78433.62 88732.65 16334.51 8014.43
1717852017 3108927910 2696087586 25045086 422710 46819294 41901864 1215066 98288 78433.23 88733.84 16335.52 8012.73
1717852027 3108927910 2696087586 25045086 422710 46819350 41901909 1215066 98288 78432.67 88732.53 16336.55 8014.53
1717852037 3108927910 2696087586 25045086 422710 46819397 41901965 1215066 98288 78432.45 88731.74 16335.33 8015.84
1717852047 3108927910 2696087586 25045086 422710 46819453 41902008 1215066 98288 78432.66 88731.79 16335.47 8014.75
1717852057 3108927910 2696087586 25045086 422710 46819499 41902065 1215066 98288 78434.15 88731.88 16334.48 8014.69
1717852068 3108927910 2696087586 25045086 422710 46819544 41902122 1215066 98288 78434.11 88732.34 16334.71 8013.29
1717852078 3108927910 2696087586 25045086 422710 46819588 41902180 1215066 98288 78434.04 88732.61 16334.58 8014.05
1717852088 3108927910 2696087586 25045086 422710 46819632 41902238 1215066 98288 78434.66 88731.76 16334.48 8014.32
1717852098 3108927910 2696087586 25045086 422710 46819677 41902295 1215066 98288 78434.71 88732.25 16334.40 8014.38
1717852108 3108927910 2696087586 25045086 422710 46819723 41902349 1215066 98288 78434.46 88731.27 16334.27 8014.23
1717852118 3108927910 2696087586 25045086 422710 46819781 41902393 1215066 98288 78433.10 88732.77 16335.11 8013.25
1717852129 3108927910 2696087586 25045086 422710 46819838 41902436 1215066 98288 78432.73 88732.84 16335.55 8013.82
1717852139 3108927910 2696087586 25045086 422710 46819895 41902481 1215066 98288 78433.88 88734.03 16335.93 8013.50
1717852149 3108927910 2696087586 25045086 422710 46819954 41902525 1215066 98288 78434.69 88733.88 16334.49 8012.20
1717852159 3108927910 2696087586 25045086 422710 46819999 41902582 1215066 98288 78434.15 88732.71 16334.50 8013.36
1717852169 3108927910 2696087586 25045086 422710 46820043 41902639 1215066 98288 78434.34 88732.52 16334.79 8015.09
1717852180 3108927910 2696087586 25045086 422710 46820087 41902697 1215066 98288 78434.03 88732.83 16334.64 8013.24
1717852190 3108927910 2696087586 25045086 422710 46820133 41902753 1215066 98288 78435.18 88732.58 16334.50 8014.52
1717852200 3108927910 2696087586 25045086 422710 46820176 41902811 1215066 98288 78435.31 88732.38 16333.88 8014.75
1717852210 3108927910 2696087586 25045086 422710 46820225 41902869 1215066 98288 78434.05 88733.52 16334.58 8012.52
1717852220 3108927910 2696087586 25045086 422710 46820268 41902926 1215066 98288 78434.67 88732.59 16333.56 8013.99
1717852230 3108927910 2696087586 25045086 422710 46820313 41902983 1215066 98288 78435.20 88733.24 16332.93 8013.83
1717852241 3108927910 2696087586 25045086 422710 46820360 41903037 1215066 98288 78435.14 88732.99 16333.48 8013.06
1717852251 3108927910 2696087586 25045086 422710 46820402 41903097 1215066 98288 78434.81 88732.60 16334.30 8013.53
1717852261 3108927910 2696087586 25045086 422710 46820445 41903154 1215066 98288 78434.75 88732.79 16333.38 8013.27
1717852271 3108927910 2696087586 25045086 422710 46820491 41903210 1215066 98288 78435.19 88732.98 16334.06 8013.05
1717852281 3108927910 2696087586 25045086 422710 46820544 41903259 1215066 98288 78434.78 88731.87 16333.36 8013.66
1717852292 3108927910 2696087586 25045086 422710 46820589 41903315 1215066 98288 78435.40 88734.00 16333.82 8013.07
1717852302 3108927910 2696087586 25045086 422710 46820635 41903372 1215066 98288 78436.04 88731.95 16333.09 8014.10
1717852312 3108927910 2696087586 25045086 422710 46820679 41903431 1215066 98288 78434.66 88732.67 16334.57 8013.94
1717852322 3108927910 2696087586 25045086 422710 46820724 41903488 1215066 98288 78435.00 88733.75 16334.21 8013.32
1717852332 3108927910 2696087586 25045086 422710 46820781 41903533 1215066 98288 78433.90 88733.65 16334.23 8012.43
1717852342 3108927910 2696087586 25045086 422710 46820828 41903590 1215066 98288 78434.71 88733.86 16332.93 8013.28
1717852353 3108927910 2696087586 25045086 422710 46820873 41903645 1215066 98288 78433.91 88732.88 16335.81 8013.22
1717852363 3108927910 2696087586 25045086 422710 46820919 41903702 1215066 98288 78434.04 88732.24 16335.16 8012.88
1717852373 3108927910 2696087586 25045086 422710 46820964 41903759 1215066 98288 78436.20 88732.68 16333.62 8013.44
1717852383 3108927910 2696087586 25045086 422710 46821010 41903813 1215066 98288 78434.95 88733.31 16334.22 8012.79
1717852393 3108927910 2696087586 25045086 422710 46821055 41903871 1215066 98288 78435.96 88731.81 16332.66 8013.28
1717852403 3108927910 2696087586 25045086 422710 46821099 41903928 1215066 98288 78435.98 88733.89 16332.27 8012.59
1717852414 3108927910 2696087586 25045086 422710 46821157 41903974 1215066 98288 78435.07 88733.42 16333.06 8012.69
1717852424 3108927910 2696087586 25045086 422710 46821201 41904030 1215066 98288 78436.39 88733.94 16332.72 8012.61
1717852434 3108927910 2696087586 25045086 422710 46821247 41904087 1215066 98288 78434.53 88732.86 16334.17 8013.11
1717852444 3108927910 2696087586 25045086 422710 46821305 41904130 1215066 98288 78434.86 88733.44 16333.86 8013.03
1717852454 3108927910 2696087586 25045086 422710 46821363 41904175 1215066 98288 78433.84 88734.32 16333.86 8012.79
1717852464 3108927910 2696087586 25045086 422710 46821420 41904219 1215066 98288 78434.02 88733.75 16334.70 8012.72
1717852475 3108927910 2696087586 25045086 422710 46821475 41904265 1215066 98288 78434.71 88733.26 16334.41 8013.84
1717852485 3108927910 2696087586 25045086 422710 46821522 41904319 1215066 98288 78434.29 88733.31 16333.95 8013.76
1717852495 3108927910 2696087586 25045086 422710 46821580 41904362 1215066 98288 78434.98 88733.96 16334.74 8013.15
1717852505 3108927910 2696087586 25045086 422710 46821626 41904419 1215066 98288 78433.94 88733.37 16334.33 8012.11
1717852515 3108927910 2696087586 25045086 422710 46821683 41904463 1215066 98288 78434.41 88733.84 16334.73 8012.25
1717852526 3108927910 2696087586 25045086 422710 46821727 41904519 1215066 98288 78434.59 88733.16 16334.70 8013.31
1717852536 3108927910 2696087586 25045086 422710 46821784 41904565 1215066 98288 78435.00 88731.83 16334.12 8013.81
1717852546 3108927910 2696087586 25045086 422710 46821830 41904622 1215066 98288 78435.17 88732.68 16333.97 8013.94
1717852556 3108927910 2696087586 25045086 422710 46821876 41904677 1215066 98288 78435.28 88732.88 16333.45 8014.17
1717852566 3108927910 2696087586 25045086 422710 46821919 41904733 1215066 98288 78435.70 88732.25 16334.14 8014.34
1717852576 3108927910 2696087586 25045086 422710 46821966 41904790 1215066 98288 78435.25 88732.90 16333.98 8014.67
1717852587 3108927910 2696087586 25045086 422710 46822023 41904834 1215066 98288 78435.24 88731.98 16333.39 8014.59
1717852597 3108927910 2696087586 25045086 422710 46822066 41904892 1215066 98288 78438.58 88733.32 16330.65 8013.80
1717852607 3108927910 2696087586 25045086 422710 46822122 41904933 1215066 98288 78436.00 88734.26 16331.21 8012.32
1717852617 3108927910 2696087586 25045086 422710 46822171 41904987 1215066 98288 78437.90 88733.82 16331.38 8012.76
1717852627 3108927910 2696087586 25045086 422710 46822229 41905029 1215066 98288 78437.02 88733.00 16331.71 8014.07
1717852637 3108927910 2696087586 25045086 422710 46822286 41905074 1215066 98288 78436.62 88733.94 16332.00 8012.11
1717852648 3108927910 2696087586 25045086 422710 46822331 41905129 1215066 98288 78438.36 88732.38 16330.77 8013.18
1717852658 3108927910 2696087586 25045086 422710 46822376 41905186 1215066 98288 78438.68 88732.54 16330.43 8013.55
1717852668 3108927910 2696087586 25045086 422710 46822421 41905240 1215066 98288 78437.62 88734.33 16331.11 8013.30
1717852679 3108927910 2696087586 25045086 422710 46822478 41905284 1215066 98288 78438.61 88733.34 16330.01 8012.74
1717852689 3108927910 2696087586 25045086 422710 46822523 41905340 1215066 98288 78438.83 88733.24 16330.41 8013.27
1717852699 3108927910 2696087586 25045086 422710 46822580 41905383 1215066 98288 78438.10 88733.07 16331.03 8013.02
1717852709 3108927910 2696087586 25045086 422710 46822623 41905442 1215066 98288 78438.66 88734.27 16330.04 8011.80
1717852719 3108927910 2696087586 25045086 422710 46822665 41905499 1215066 98288 78438.30 88733.04 16330.89 8013.56
1717852729 3108927910 2696087586 25045086 422710 46822710 41905556 1215066 98288 78439.23 88734.45 16330.52 8012.01
1717852740 3108927910 2696087586 25045086 422710 46822766 41905601 1215066 98288 78437.32 88734.59 16330.43 8012.55
1717852750 3108927910 2696087586 25045086 422710 46822824 41905644 1215066 98288 78439.48 88733.77 16330.22 8011.84
1717852760 3108927910 2696087586 25045086 422710 46822869 41905700 1215066 98288 78440.36 88734.48 16328.84 8011.55
1717852770 3108927910 2696087586 25045086 422710 46822909 41905759 1215066 98288 78439.59 88733.96 16329.03 8013.11
1717852780 3108927910 2696087586 25045086 422710 46822954 41905816 1215066 98288 78439.79 88733.72 16329.32 8012.89
1717852790 3108927910 2696087586 25045086 422710 46822996 41905874 1215066 98288 78440.30 88732.89 16328.32 8013.20
1717852801 3108927910 2696087586 25045086 422710 46823052 41905921 1215066 98288 78440.51 88734.54 16327.62 8011.55
1717852811 3108927910 2696087586 25045086 422710 46823099 41905978 1215066 98288 78440.04 88734.49 16328.19 8012.54
1717852821 3108927910 2696087586 25045086 422710 46823157 41906020 1215066 98288 78439.85 88734.23 16328.93 8011.75
1717852831 3108927910 2696087586 25045086 422710 46823215 41906063 1215066 98288 78438.50 88733.84 16330.65 8012.73
1717852841 3108927910 2696087586 25045086 422710 46823258 41906121 1215066 98288 78440.25 88735.59 16328.37 8010.50
1717852851 3108927910 2696087586 25045086 422710 46823303 41906176 1215066 98288 78440.43 88734.22 16327.71 8011.38
1717852862 3108927910 2696087586 25045086 422710 46823346 41906234 1215066 98288 78441.46 88734.73 16328.35 8011.84
1717852872 3108927910 2696087586 25045086 422710 46823391 41906290 1215066 98288 78442.23 88734.32 16325.90 8012.79
1717852882 3108927910 2696087586 25045086 422710 46823436 41906345 1215066 98288 78441.91 88734.78 16327.74 8011.80
1717852892 3108927910 2696087586 25045086 422710 46823480 41906400 1215066 98288 78442.15 88734.10 16327.00 8012.04
1717852902 3108927910 2696087586 25045086 422710 46823523 41906457 1215066 98288 78441.93 88734.44 16326.20 8011.68
1717852913 3108927910 2696087586 25045086 422710 46823569 41906513 1215066 98288 78441.61 88734.94 16327.50 8011.13
1717852923 3108927910 2696087586 25045086 422710 46823612 41906569 1215066 98288 78442.35 88733.61 16326.90 8013.01
1717852933 3108927910 2696087586 25045086 422710 46823656 41906625 1215066 98288 78442.09 88733.54 16326.54 8012.02
1717852943 3108927910 2696087586 25045086 422710 46823702 41906682 1215066 98288 78442.54 88734.68 16326.09 8010.87
1717852953 3108927910 2696087586 25045086 422710 46823745 41906740 1215066 98288 78443.19 88734.95 16326.57 8011.10
1717852963 3108927910 2696087586 25045086 422710 46823788 41906797 1215066 98288 78442.80 88735.67 16326.43 8010.93
1717852974 3108927910 2696087586 25045086 422710 46823830 41906855 1215066 98288 78441.80 88733.85 16326.38 8011.78
1717852984 3108927910 2696087586 25045086 422710 46823875 41906909 1215066 98288 78441.89 88735.09 16326.89 8011.98
1717852994 3108927910 2696087586 25045086 422710 46823933 41906952 1215066 98288 78442.37 88735.59 16326.81 8010.99
1717853004 3108927910 2696087586 25045086 422710 46823979 41907008 1215066 98288 78441.97 88734.35 16326.20 8011.21
1717853015 3108927910 2696087586 25045086 422710 46824022 41907063 1215066 98288 78441.00 88733.64 16327.13 8011.92
1717853025 3108927910 2696087586 25045086 422710 46824066 41907120 1215066 98288 78442.94 88734.68 16326.28 8011.91
1717853035 3108927910 2696087586 25045086 422710 46824111 41907175 1215066 98288 78442.98 88734.89 16326.57 8011.84
1717853045 3108927910 2696087586 25045086 422710 46824164 41907222 1215066 98288 78441.93 88734.45 16326.69 8010.67
1717853055 3108927910 2696087586 25045086 422710 46824206 41907281 1215066 98288 78442.31 88734.24 16325.88 8011.88
1717853065 3108927910 2696087586 25045086 422710 46824250 41907339 1215066 98288 78442.61 88735.50 16326.55 8011.58
1717853076 3108927910 2696087586 25045086 422710 46824306 41907382 1215066 98288 78441.30 88735.93 16325.84 8010.61
1717853086 3108927910 2696087586 25045086 422710 46824348 41907441 1215066 98288 78442.38 88735.10 16326.24 8010.00
1717853096 3108927910 2696087586 25045086 422710 46824393 41907498 1215066 98288 78441.76 88735.57 16326.39 8010.00
1717853106 3108927910 2696087586 25045086 422710 46824436 41907555 1215066 98288 78441.84 88735.98 16326.91 8010.48
1717853116 3108927910 2696087586 25045086 422710 46824492 41907600 1215066 98288 78441.67 88736.46 16326.96 8010.11
1717853126 3108927910 2696087586 25045086 422710 46824533 41907657 1215066 98288 78442.51 88736.19 16326.11 8010.43
1717853137 3108927910 2696087586 25045086 422710 46824579 41907713 1215066 98288 78442.09 88736.70 16326.09 8010.47
1717853147 3108927910 2696087586 25045086 422710 46824623 41907769 1215066 98288 78442.73 88735.50 16325.89 8010.55
1717853157 3108927910 2696087586 25045086 422710 46824666 41907827 1215066 98288 78442.16 88734.87 16325.99 8011.74
1717853167 3108927910 2696087586 25045086 422710 46824708 41907884 1215066 98288 78443.10 88735.79 16326.50 8011.32
1717853177 3108927911 2696087586 25045086 422710 46824752 41907940 1215066 98288 78441.56 88736.19 16327.06 8009.86
1717853187 3108927911 2696087586 25045086 422710 46824795 41907998 1215066 98288 78441.96 88737.03 16327.33 8010.55
1717853198 3108927911 2696087586 25045086 422710 46824854 41908041 1215066 98288 78442.45 88735.85 16326.20 8010.76
1717853208 3108927911 2696087586 25045086 422710 46824897 41908098 1215066 98288 78442.00 88734.87 16327.65 8011.21
1717853218 3108927911 2696087586 25045086 422710 46824941 41908154 1215066 98288 78442.78 88735.63 16326.37 8010.93
1717853228 3108927911 2696087586 25045086 422710 46824985 41908209 1215066 98288 78442.09 88735.75 16327.07 8010.84
1717853238 3108927911 2696087586 25045086 422710 46825032 41908265 1215066 98288 78442.66 88735.70 16326.46 8010.91
1717853248 3108927911 2696087586 25045086 422710 46825077 41908319 1215066 98288 78441.13 88735.73 16327.64 8010.24
1717853259 3108927911 2696087586 25045086 422710 46825132 41908364 1215066 98288 78441.67 88735.50 16326.95 8010.06
1717853269 3108927911 2696087586 25045086 422710 46825178 41908421 1215066 98288 78441.14 88737.16 16327.54 8010.32
1717853279 3108927911 2696087586 25045086 422710 46825235 41908464 1215066 98288 78442.45 88735.07 16326.18 8011.50
1717853289 3108927911 2696087586 25045086 422710 46825279 41908519 1215066 98288 78441.77 88735.22 16327.38 8010.89
1717853299 3108927911 2696087586 25045086 422710 46825324 41908575 1215066 98288 78442.52 88734.91 16326.71 8011.05
1717853310 3108927911 2696087586 25045086 422710 46825382 41908618 1215066 98288 78442.77 88735.96 16325.85 8010.16
1717853321 3108927911 2696087586 25045086 422710 46825424 41908674 1215066 98288 78441.73 88735.61 16326.40 8010.46
1717853331 3108927911 2696087586 25045086 422710 46825468 41908733 1215066 98288 78442.25 88735.12 16325.89 8012.00
1717853341 3108927911 2696087586 25045086 422710 46825512 41908786 1215066 98288 78441.66 88735.71 16325.98 8010.89
1717853351 3108927911 2696087586 25045086 422710 46825556 41908842 1215066 98288 78443.02 88735.04 16326.20 8010.53
1717853361 3108927911 2696087586 25045086 422710 46825602 41908899 1215066 98288 78443.10 88733.71 16325.58 8012.36
1717853372 3108927911 2696087586 25045086 422710 46825645 41908954 1215066 98288 78443.27 88735.59 16325.36 8011.47
1717853382 3108927911 2696087586 25045086 422710 46825687 41909010 1215066 98288 78442.92 88736.15 16325.21 8009.90
1717853392 3108927911 2696087586 25045086 422710 46825733 41909066 1215066 98288 78442.34 88737.51 16325.91 8009.46
1717853402 3108927911 2696087586 25045086 422710 46825792 41909110 1215066 98288 78443.07 88735.65 16325.64 8010.47
1717853412 3108927911 2696087586 25045086 422710 46825838 41909166 1215066 98288 78444.56 88735.70 16324.06 8009.87
1717853422 3108927911 2696087586 25045086 422710 46825880 41909224 1215066 98288 78443.04 88737.52 16326.18 8010.14
1717853433 3108927911 2696087586 25045086 422710 46825936 41909268 1215066 98288 78443.26 88736.30 16324.88 8009.77
1717853443 3108927911 2696087586 25045086 422710 46825979 41909326 1215066 98288 78443.55 88735.45 16325.59 8010.65
1717853453 3108927911 2696087586 25045086 422710 46826026 41909380 1215066 98288 78443.18 88737.16 16325.05 8009.31
1717853463 3108927911 2696087586 25045086 422710 46826083 41909423 1215066 98288 78443.03 88736.36 16325.70 8010.10
1717853473 3108927911 2696087586 25045086 422710 46826139 41909468 1215066 98288 78442.39 88736.26 16326.45 8008.83
1717853483 3108927911 2696087586 25045086 422710 46826184 41909523 1215066 98288 78441.54 88737.72 16326.59 8009.36
1717853494 3108927911 2696087586 25045086 422710 46826226 41909580 1215066 98288 78443.39 88737.06 16325.23 8009.00
1717853504 3108927911 2696087586 25045086 422710 46826271 41909637 1215066 98288 78444.63 88736.50 16325.00 8009.08
1717853514 3108927911 2696087586 25045086 422710 46826315 41909694 1215066 98288 78442.04 88736.74 16325.21 8009.73
1717853524 3108927911 2696087586 25045086 422710 46826440 41909837 1215066 98288 78440.97 88697.69 16327.24 8048.77
